batch_id,batch_number,season_id,season_name,season_year,candidate_season_key,candidate_name,research_task_type,research_priority_score,external_research_priority,fields_to_complete,external_research_request,search_query_1,search_query_2,search_query_3,research_status,review_status
EXT_BATCH_001,1,KL03,Koh-Lanta : Bocas del Toro,,KL03::alexandra denikine,Alexandra Denikine,MULTI_FIELD_RESEARCH,9,HIGH,"Rechercher: profession exacte, pratique sportive, intensité, musculature pour Alexandra Denikine (Koh-Lanta : Bocas del Toro, 2003)","Rechercher: profession exacte, pratique sportive, intensité, musculature pour Alexandra Denikine (Koh-Lanta : Bocas del Toro, 2003)","""Alexandra Denikine"" ""Koh-Lanta"" Koh-Lanta : Bocas del Toro","""Alexandra Denikine"" Koh-Lanta  portrait métier sport","""Alexandra Denikine"" Koh-Lanta candidat candidature interview",NOT_STARTED,A_REVOIR
EXT_BATCH_001,1,KL03,Koh-Lanta : Bocas del Toro,,KL03::candice cohen,Candice Cohen,MULTI_FIELD_RESEARCH,9,HIGH,"Rechercher: profession exacte, pratique sportive, intensité, musculature pour Candice Cohen (Koh-Lanta : Bocas del Toro, 2003)","Rechercher: profession exacte, pratique sportive, intensité, musculature pour Candice Cohen (Koh-Lanta : Bocas del Toro, 2003)","""Candice Cohen"" ""Koh-Lanta"" Koh-Lanta : Bocas del Toro","""Candice Cohen"" Koh-Lanta  portrait métier sport","""Candice Cohen"" Koh-Lanta candidat candidature interview",NOT_STARTED,A_REVOIR
EXT_BATCH_001,1,KL03,Koh-Lanta : Bocas del Toro,,KL03::michel jeandel,Michel Jeandel,MULTI_FIELD_RESEARCH,9,HIGH,"Rechercher: profession exacte, pratique sportive, intensité, musculature pour Michel Jeandel (Koh-Lanta : Bocas del Toro, 2003)","Rechercher: profession exacte, pratique sportive, intensité, musculature pour Michel Jeandel (Koh-Lanta : Bocas del Toro, 2003)","""Michel Jeandel"" ""Koh-Lanta"" Koh-Lanta : Bocas del Toro","""Michel Jeandel"" Koh-Lanta  portrait métier sport","""Michel Jeandel"" Koh-Lanta candidat candidature interview",NOT_STARTED,A_REVOIR
EXT_BATCH_001,1,KL03,Koh-Lanta : Bocas del Toro,,KL03::sophie guilloix,Sophie Guilloix,MULTI_FIELD_RESEARCH,9,HIGH,"Rechercher: profession exacte, pratique sportive, intensité, musculature pour Sophie Guilloix (Koh-Lanta : Bocas del Toro, 2003)","Rechercher: profession exacte, pratique sportive, intensité, musculature pour Sophie Guilloix (Koh-Lanta : Bocas del Toro, 2003)","""Sophie Guilloix"" ""Koh-Lanta"" Koh-Lanta : Bocas del Toro","""Sophie Guilloix"" Koh-Lanta  portrait métier sport","""Sophie Guilloix"" Koh-Lanta candidat candidature interview",NOT_STARTED,A_REVOIR
EXT_BATCH_001,1,KL03,Koh-Lanta : Bocas del Toro,,KL03::julie bourdon,Julie Bourdon,MULTI_FIELD_RESEARCH,9,HIGH,"Rechercher: profession exacte, pratique sportive, intensité, musculature pour Julie Bourdon (Koh-Lanta : Bocas del Toro, 2003)","Rechercher: profession exacte, pratique sportive, intensité, musculature pour Julie Bourdon (Koh-Lanta : Bocas del Toro, 2003)","""Julie Bourdon"" ""Koh-Lanta"" Koh-Lanta : Bocas del Toro","""Julie Bourdon"" Koh-Lanta  portrait métier sport","""Julie Bourdon"" Koh-Lanta candidat candidature interview",NOT_STARTED,A_REVOIR
EXT_BATCH_001,1,KL03,Koh-Lanta : Bocas del Toro,,KL03::linda delamarre,Linda Delamarre,MULTI_FIELD_RESEARCH,9,HIGH,"Rechercher: profession exacte, pratique sportive, intensité, musculature pour Linda Delamarre (Koh-Lanta : Bocas del Toro, 2003)","Rechercher: profession exacte, pratique sportive, intensité, musculature pour Linda Delamarre (Koh-Lanta : Bocas del Toro, 2003)","""Linda Delamarre"" ""Koh-Lanta"" Koh-Lanta : Bocas del Toro","""Linda Delamarre"" Koh-Lanta  portrait métier sport","""Linda Delamarre"" Koh-Lanta candidat candidature interview",NOT_STARTED,A_REVOIR
EXT_BATCH_001,1,KL03,Koh-Lanta : Bocas del Toro,,KL03::philippe huquet,Philippe Huquet,MULTI_FIELD_RESEARCH,9,HIGH,"Rechercher: profession exacte, pratique sportive, intensité, musculature pour Philippe Huquet (Koh-Lanta : Bocas del Toro, 2003)","Rechercher: profession exacte, pratique sportive, intensité, musculature pour Philippe Huquet (Koh-Lanta : Bocas del Toro, 2003)","""Philippe Huquet"" ""Koh-Lanta"" Koh-Lanta : Bocas del Toro","""Philippe Huquet"" Koh-Lanta  portrait métier sport","""Philippe Huquet"" Koh-Lanta candidat candidature interview",NOT_STARTED,A_REVOIR
EXT_BATCH_001,1,KL03,Koh-Lanta : Bocas del Toro,,KL03::alexandre bérard,Alexandre Bérard,MULTI_FIELD_RESEARCH,9,HIGH,"Rechercher: profession exacte, pratique sportive, intensité, musculature pour Alexandre Bérard (Koh-Lanta : Bocas del Toro, 2003)","Rechercher: profession exacte, pratique sportive, intensité, musculature pour Alexandre Bérard (Koh-Lanta : Bocas del Toro, 2003)","""Alexandre Bérard"" ""Koh-Lanta"" Koh-Lanta : Bocas del Toro","""Alexandre Bérard"" Koh-Lanta  portrait métier sport","""Alexandre Bérard"" Koh-Lanta candidat candidature interview",NOT_STARTED,A_REVOIR
EXT_BATCH_001,1,KL03,Koh-Lanta : Bocas del Toro,,KL03::richard lecourt,Richard Lecourt,MULTI_FIELD_RESEARCH,9,HIGH,"Rechercher: profession exacte, pratique sportive, intensité, musculature pour Richard Lecourt (Koh-Lanta : Bocas del Toro, 2003)","Rechercher: profession exacte, pratique sportive, intensité, musculature pour Richard Lecourt (Koh-Lanta : Bocas del Toro, 2003)","""Richard Lecourt"" ""Koh-Lanta"" Koh-Lanta : Bocas del Toro","""Richard Lecourt"" Koh-Lanta  portrait métier sport","""Richard Lecourt"" Koh-Lanta candidat candidature interview",NOT_STARTED,A_REVOIR
EXT_BATCH_001,1,KL03,Koh-Lanta : Bocas del Toro,,KL03::sylvie rivoal,Sylvie Rivoal,MULTI_FIELD_RESEARCH,9,HIGH,"Rechercher: profession exacte, pratique sportive, intensité, musculature pour Sylvie Rivoal (Koh-Lanta : Bocas del Toro, 2003)","Rechercher: profession exacte, pratique sportive, intensité, musculature pour Sylvie Rivoal (Koh-Lanta : Bocas del Toro, 2003)","""Sylvie Rivoal"" ""Koh-Lanta"" Koh-Lanta : Bocas del Toro","""Sylvie Rivoal"" Koh-Lanta  portrait métier sport","""Sylvie Rivoal"" Koh-Lanta candidat candidature interview",NOT_STARTED,A_REVOIR
EXT_BATCH_001,1,KL03,Koh-Lanta : Bocas del Toro,,KL03::sébastien loew,Sébastien Loew,MULTI_FIELD_RESEARCH,9,HIGH,"Rechercher: profession exacte, pratique sportive, intensité, musculature pour Sébastien Loew (Koh-Lanta : Bocas del Toro, 2003)","Rechercher: profession exacte, pratique sportive, intensité, musculature pour Sébastien Loew (Koh-Lanta : Bocas del Toro, 2003)","""Sébastien Loew"" ""Koh-Lanta"" Koh-Lanta : Bocas del Toro","""Sébastien Loew"" Koh-Lanta  portrait métier sport","""Sébastien Loew"" Koh-Lanta candidat candidature interview",NOT_STARTED,A_REVOIR
EXT_BATCH_001,1,KL03,Koh-Lanta : Bocas del Toro,,KL03::valérie dot,Valérie Dot,MULTI_FIELD_RESEARCH,9,HIGH,"Rechercher: profession exacte, pratique sportive, intensité, musculature pour Valérie Dot (Koh-Lanta : Bocas del Toro, 2003)","Rechercher: profession exacte, pratique sportive, intensité, musculature pour Valérie Dot (Koh-Lanta : Bocas del Toro, 2003)","""Valérie Dot"" ""Koh-Lanta"" Koh-Lanta : Bocas del Toro","""Valérie Dot"" Koh-Lanta  portrait métier sport","""Valérie Dot"" Koh-Lanta candidat candidature interview",NOT_STARTED,A_REVOIR
EXT_BATCH_001,1,KL03,Koh-Lanta : Bocas del Toro,,KL03::hélène patry,Hélène Patry,MULTI_FIELD_RESEARCH,9,HIGH,"Rechercher: profession exacte, pratique sportive, intensité, musculature pour Hélène Patry (Koh-Lanta : Bocas del Toro, 2003)","Rechercher: profession exacte, pratique sportive, intensité, musculature pour Hélène Patry (Koh-Lanta : Bocas del Toro, 2003)","""Hélène Patry"" ""Koh-Lanta"" Koh-Lanta : Bocas del Toro","""Hélène Patry"" Koh-Lanta  portrait métier sport","""Hélène Patry"" Koh-Lanta candidat candidature interview",NOT_STARTED,A_REVOIR
EXT_BATCH_001,1,KL03,Koh-Lanta : Bocas del Toro,,KL03::moundir zoughari,Moundir Zoughari,MULTI_FIELD_RESEARCH,9,HIGH,"Rechercher: profession exacte, pratique sportive, intensité, musculature pour Moundir Zoughari (Koh-Lanta : Bocas del Toro, 2003)","Rechercher: profession exacte, pratique sportive, intensité, musculature pour Moundir Zoughari (Koh-Lanta : Bocas del Toro, 2003)","""Moundir Zoughari"" ""Koh-Lanta"" Koh-Lanta : Bocas del Toro","""Moundir Zoughari"" Koh-Lanta  portrait métier sport","""Moundir Zoughari"" Koh-Lanta candidat candidature interview",NOT_STARTED,A_REVOIR
EXT_BATCH_001,1,KL03,Koh-Lanta : Bocas del Toro,,KL03::antoine sanchez,Antoine Sanchez,MULTI_FIELD_RESEARCH,9,HIGH,"Rechercher: profession exacte, pratique sportive, intensité, musculature pour Antoine Sanchez (Koh-Lanta : Bocas del Toro, 2003)","Rechercher: profession exacte, pratique sportive, intensité, musculature pour Antoine Sanchez (Koh-Lanta : Bocas del Toro, 2003)","""Antoine Sanchez"" ""Koh-Lanta"" Koh-Lanta : Bocas del Toro","""Antoine Sanchez"" Koh-Lanta  portrait métier sport","""Antoine Sanchez"" Koh-Lanta candidat candidature interview",NOT_STARTED,A_REVOIR
EXT_BATCH_001,1,KL03,Koh-Lanta : Bocas del Toro,,KL03::moussa niangane,Moussa Niangane,MULTI_FIELD_RESEARCH,9,HIGH,"Rechercher: profession exacte, pratique sportive, intensité, musculature pour Moussa Niangane (Koh-Lanta : Bocas del Toro, 2003)","Rechercher: profession exacte, pratique sportive, intensité, musculature pour Moussa Niangane (Koh-Lanta : Bocas del Toro, 2003)","""Moussa Niangane"" ""Koh-Lanta"" Koh-Lanta : Bocas del Toro","""Moussa Niangane"" Koh-Lanta  portrait métier sport","""Moussa Niangane"" Koh-Lanta candidat candidature interview",NOT_STARTED,A_REVOIR
EXT_BATCH_001,1,KL03,Koh-Lanta : Bocas del Toro,,KL03::delphine bano,Delphine Bano,MULTI_FIELD_RESEARCH,9,HIGH,"Rechercher: profession exacte, pratique sportive, intensité, musculature pour Delphine Bano (Koh-Lanta : Bocas del Toro, 2003)","Rechercher: profession exacte, pratique sportive, intensité, musculature pour Delphine Bano (Koh-Lanta : Bocas del Toro, 2003)","""Delphine Bano"" ""Koh-Lanta"" Koh-Lanta : Bocas del Toro","""Delphine Bano"" Koh-Lanta  portrait métier sport","""Delphine Bano"" Koh-Lanta candidat candidature interview",NOT_STARTED,A_REVOIR
EXT_BATCH_001,1,KL03,Koh-Lanta : Bocas del Toro,,KL03::isabelle seguin,Isabelle Seguin,MULTI_FIELD_RESEARCH,9,HIGH,"Rechercher: profession exacte, pratique sportive, intensité, musculature pour Isabelle Seguin (Koh-Lanta : Bocas del Toro, 2003)","Rechercher: profession exacte, pratique sportive, intensité, musculature pour Isabelle Seguin (Koh-Lanta : Bocas del Toro, 2003)","""Isabelle Seguin"" ""Koh-Lanta"" Koh-Lanta : Bocas del Toro","""Isabelle Seguin"" Koh-Lanta  portrait métier sport","""Isabelle Seguin"" Koh-Lanta candidat candidature interview",NOT_STARTED,A_REVOIR
EXT_BATCH_001,1,KL13,Koh-Lanta : Raja Ampat,,KL13::lisa legouverneur,Lisa Legouverneur,MULTI_FIELD_RESEARCH,8,HIGH,"Rechercher: profession exacte, pratique sportive, intensité, musculature pour Lisa Legouverneur (Koh-Lanta : Raja Ampat, 2011)","Rechercher: profession exacte, pratique sportive, intensité, musculature pour Lisa Legouverneur (Koh-Lanta : Raja Ampat, 2011)","""Lisa Legouverneur"" ""Koh-Lanta"" Koh-Lanta : Raja Ampat","""Lisa Legouverneur"" Koh-Lanta  portrait métier sport","""Lisa Legouverneur"" Koh-Lanta candidat candidature interview",NOT_STARTED,A_REVOIR
EXT_BATCH_001,1,KL13,Koh-Lanta : Raja Ampat,,KL13::catherine diard,Catherine Diard,MULTI_FIELD_RESEARCH,8,HIGH,"Rechercher: profession exacte, pratique sportive, intensité, musculature pour Catherine Diard (Koh-Lanta : Raja Ampat, 2011)","Rechercher: profession exacte, pratique sportive, intensité, musculature pour Catherine Diard (Koh-Lanta : Raja Ampat, 2011)","""Catherine Diard"" ""Koh-Lanta"" Koh-Lanta : Raja Ampat","""Catherine Diard"" Koh-Lanta  portrait métier sport","""Catherine Diard"" Koh-Lanta candidat candidature interview",NOT_STARTED,A_REVOIR
EXT_BATCH_002,2,KL13,Koh-Lanta : Raja Ampat,,KL13::steve lemercier,Steve Lemercier,MULTI_FIELD_RESEARCH,8,HIGH,"Rechercher: profession exacte, pratique sportive, intensité, musculature pour Steve Lemercier (Koh-Lanta : Raja Ampat, 2011)","Rechercher: profession exacte, pratique sportive, intensité, musculature pour Steve Lemercier (Koh-Lanta : Raja Ampat, 2011)","""Steve Lemercier"" ""Koh-Lanta"" Koh-Lanta : Raja Ampat","""Steve Lemercier"" Koh-Lanta  portrait métier sport","""Steve Lemercier"" Koh-Lanta candidat candidature interview",NOT_STARTED,A_REVOIR
EXT_BATCH_002,2,KL13,Koh-Lanta : Raja Ampat,,"KL13::gérard ""gégé"" icardi","Gérard ""Gégé"" Icardi",MULTI_FIELD_RESEARCH,7,HIGH,"Rechercher: profession exacte, pratique sportive, intensité, musculature pour Gérard ""Gégé"" Icardi (Koh-Lanta : Raja Ampat, 2011)","Rechercher: profession exacte, pratique sportive, intensité, musculature pour Gérard ""Gégé"" Icardi (Koh-Lanta : Raja Ampat, 2011)","""Gérard ""Gégé"" Icardi"" ""Koh-Lanta"" Koh-Lanta : Raja Ampat","""Gérard ""Gégé"" Icardi"" Koh-Lanta  portrait métier sport","""Gérard ""Gégé"" Icardi"" Koh-Lanta candidat candidature interview",NOT_STARTED,A_REVOIR
EXT_BATCH_002,2,KL13,Koh-Lanta : Raja Ampat,,"KL13::nawal ""naouel"" hadjaf","Nawal ""Naouel"" Hadjaf",MULTI_FIELD_RESEARCH,7,HIGH,"Rechercher: profession exacte, pratique sportive, intensité, musculature pour Nawal ""Naouel"" Hadjaf (Koh-Lanta : Raja Ampat, 2011)","Rechercher: profession exacte, pratique sportive, intensité, musculature pour Nawal ""Naouel"" Hadjaf (Koh-Lanta : Raja Ampat, 2011)","""Nawal ""Naouel"" Hadjaf"" ""Koh-Lanta"" Koh-Lanta : Raja Ampat","""Nawal ""Naouel"" Hadjaf"" Koh-Lanta  portrait métier sport","""Nawal ""Naouel"" Hadjaf"" Koh-Lanta candidat candidature interview",NOT_STARTED,A_REVOIR
EXT_BATCH_002,2,KL13,Koh-Lanta : Raja Ampat,,KL13::benoît mahieux,Benoît Mahieux,MULTI_FIELD_RESEARCH,8,HIGH,"Rechercher: profession exacte, pratique sportive, intensité, musculature pour Benoît Mahieux (Koh-Lanta : Raja Ampat, 2011)","Rechercher: profession exacte, pratique sportive, intensité, musculature pour Benoît Mahieux (Koh-Lanta : Raja Ampat, 2011)","""Benoît Mahieux"" ""Koh-Lanta"" Koh-Lanta : Raja Ampat","""Benoît Mahieux"" Koh-Lanta  portrait métier sport","""Benoît Mahieux"" Koh-Lanta candidat candidature interview",NOT_STARTED,A_REVOIR
EXT_BATCH_002,2,KL13,Koh-Lanta : Raja Ampat,,KL13::délisia fettache,Délisia Fettache,MULTI_FIELD_RESEARCH,8,HIGH,"Rechercher: profession exacte, pratique sportive, intensité, musculature pour Délisia Fettache (Koh-Lanta : Raja Ampat, 2011)","Rechercher: profession exacte, pratique sportive, intensité, musculature pour Délisia Fettache (Koh-Lanta : Raja Ampat, 2011)","""Délisia Fettache"" ""Koh-Lanta"" Koh-Lanta : Raja Ampat","""Délisia Fettache"" Koh-Lanta  portrait métier sport","""Délisia Fettache"" Koh-Lanta candidat candidature interview",NOT_STARTED,A_REVOIR
EXT_BATCH_002,2,KL13,Koh-Lanta : Raja Ampat,,KL13::caroline matteucci,Caroline Matteucci,MULTI_FIELD_RESEARCH,8,HIGH,"Rechercher: profession exacte, pratique sportive, intensité, musculature pour Caroline Matteucci (Koh-Lanta : Raja Ampat, 2011)","Rechercher: profession exacte, pratique sportive, intensité, musculature pour Caroline Matteucci (Koh-Lanta : Raja Ampat, 2011)","""Caroline Matteucci"" ""Koh-Lanta"" Koh-Lanta : Raja Ampat","""Caroline Matteucci"" Koh-Lanta  portrait métier sport","""Caroline Matteucci"" Koh-Lanta candidat candidature interview",NOT_STARTED,A_REVOIR
EXT_BATCH_002,2,KL13,Koh-Lanta : Raja Ampat,,KL13::maxime boulet,Maxime Boulet,MULTI_FIELD_RESEARCH,8,HIGH,"Rechercher: profession exacte, pratique sportive, intensité, musculature pour Maxime Boulet (Koh-Lanta : Raja Ampat, 2011)","Rechercher: profession exacte, pratique sportive, intensité, musculature pour Maxime Boulet (Koh-Lanta : Raja Ampat, 2011)","""Maxime Boulet"" ""Koh-Lanta"" Koh-Lanta : Raja Ampat","""Maxime Boulet"" Koh-Lanta  portrait métier sport","""Maxime Boulet"" Koh-Lanta candidat candidature interview",NOT_STARTED,A_REVOIR
EXT_BATCH_002,2,KL13,Koh-Lanta : Raja Ampat,,KL13::anthony amar,Anthony Amar,MULTI_FIELD_RESEARCH,8,HIGH,"Rechercher: profession exacte, pratique sportive, intensité, musculature pour Anthony Amar (Koh-Lanta : Raja Ampat, 2011)","Rechercher: profession exacte, pratique sportive, intensité, musculature pour Anthony Amar (Koh-Lanta : Raja Ampat, 2011)","""Anthony Amar"" ""Koh-Lanta"" Koh-Lanta : Raja Ampat","""Anthony Amar"" Koh-Lanta  portrait métier sport","""Anthony Amar"" Koh-Lanta candidat candidature interview",NOT_STARTED,A_REVOIR
EXT_BATCH_002,2,KL13,Koh-Lanta : Raja Ampat,,KL13::olivier moenaert,Olivier Moenaert,MULTI_FIELD_RESEARCH,8,HIGH,"Rechercher: profession exacte, pratique sportive, intensité, musculature pour Olivier Moenaert (Koh-Lanta : Raja Ampat, 2011)","Rechercher: profession exacte, pratique sportive, intensité, musculature pour Olivier Moenaert (Koh-Lanta : Raja Ampat, 2011)","""Olivier Moenaert"" ""Koh-Lanta"" Koh-Lanta : Raja Ampat","""Olivier Moenaert"" Koh-Lanta  portrait métier sport","""Olivier Moenaert"" Koh-Lanta candidat candidature interview",NOT_STARTED,A_REVOIR
EXT_BATCH_002,2,KL13,Koh-Lanta : Raja Ampat,,KL13::florence delbarre reuter,Florence Delbarre Reuter,MULTI_FIELD_RESEARCH,7,HIGH,"Rechercher: profession exacte, pratique sportive, intensité, musculature pour Florence Delbarre Reuter (Koh-Lanta : Raja Ampat, 2011)","Rechercher: profession exacte, pratique sportive, intensité, musculature pour Florence Delbarre Reuter (Koh-Lanta : Raja Ampat, 2011)","""Florence Delbarre Reuter"" ""Koh-Lanta"" Koh-Lanta : Raja Ampat","""Florence Delbarre Reuter"" Koh-Lanta  portrait métier sport","""Florence Delbarre Reuter"" Koh-Lanta candidat candidature interview",NOT_STARTED,A_REVOIR
EXT_BATCH_002,2,KL13,Koh-Lanta : Raja Ampat,,KL13::virginie jarry,Virginie Jarry,MULTI_FIELD_RESEARCH,8,HIGH,"Rechercher: profession exacte, pratique sportive, intensité, musculature pour Virginie Jarry (Koh-Lanta : Raja Ampat, 2011)","Rechercher: profession exacte, pratique sportive, intensité, musculature pour Virginie Jarry (Koh-Lanta : Raja Ampat, 2011)","""Virginie Jarry"" ""Koh-Lanta"" Koh-Lanta : Raja Ampat","""Virginie Jarry"" Koh-Lanta  portrait métier sport","""Virginie Jarry"" Koh-Lanta candidat candidature interview",NOT_STARTED,A_REVOIR
EXT_BATCH_002,2,KL13,Koh-Lanta : Raja Ampat,,KL13::patricia morel,Patricia Morel,MULTI_FIELD_RESEARCH,8,HIGH,"Rechercher: profession exacte, pratique sportive, intensité, musculature pour Patricia Morel (Koh-Lanta : Raja Ampat, 2011)","Rechercher: profession exacte, pratique sportive, intensité, musculature pour Patricia Morel (Koh-Lanta : Raja Ampat, 2011)","""Patricia Morel"" ""Koh-Lanta"" Koh-Lanta : Raja Ampat","""Patricia Morel"" Koh-Lanta  portrait métier sport","""Patricia Morel"" Koh-Lanta candidat candidature interview",NOT_STARTED,A_REVOIR
EXT_BATCH_002,2,KL13,Koh-Lanta : Raja Ampat,,KL13::alexandra pouillon,Alexandra Pouillon,MULTI_FIELD_RESEARCH,8,HIGH,"Rechercher: profession exacte, pratique sportive, intensité, musculature pour Alexandra Pouillon (Koh-Lanta : Raja Ampat, 2011)","Rechercher: profession exacte, pratique sportive, intensité, musculature pour Alexandra Pouillon (Koh-Lanta : Raja Ampat, 2011)","""Alexandra Pouillon"" ""Koh-Lanta"" Koh-Lanta : Raja Ampat","""Alexandra Pouillon"" Koh-Lanta  portrait métier sport","""Alexandra Pouillon"" Koh-Lanta candidat candidature interview",NOT_STARTED,A_REVOIR
EXT_BATCH_002,2,KL13,Koh-Lanta : Raja Ampat,,KL13::martin bazin,Martin Bazin,MULTI_FIELD_RESEARCH,8,HIGH,"Rechercher: profession exacte, pratique sportive, intensité, musculature pour Martin Bazin (Koh-Lanta : Raja Ampat, 2011)","Rechercher: profession exacte, pratique sportive, intensité, musculature pour Martin Bazin (Koh-Lanta : Raja Ampat, 2011)","""Martin Bazin"" ""Koh-Lanta"" Koh-Lanta : Raja Ampat","""Martin Bazin"" Koh-Lanta  portrait métier sport","""Martin Bazin"" Koh-Lanta candidat candidature interview",NOT_STARTED,A_REVOIR
EXT_BATCH_002,2,KL13,Koh-Lanta : Raja Ampat,,KL13::ella gbezan,Ella Gbezan,MULTI_FIELD_RESEARCH,8,HIGH,"Rechercher: profession exacte, pratique sportive, intensité, musculature pour Ella Gbezan (Koh-Lanta : Raja Ampat, 2011)","Rechercher: profession exacte, pratique sportive, intensité, musculature pour Ella Gbezan (Koh-Lanta : Raja Ampat, 2011)","""Ella Gbezan"" ""Koh-Lanta"" Koh-Lanta : Raja Ampat","""Ella Gbezan"" Koh-Lanta  portrait métier sport","""Ella Gbezan"" Koh-Lanta candidat candidature interview",NOT_STARTED,A_REVOIR
EXT_BATCH_002,2,KL13,Koh-Lanta : Raja Ampat,,KL13::laurent maistret,Laurent Maistret,MULTI_FIELD_RESEARCH,8,HIGH,"Rechercher: profession exacte, pratique sportive, intensité, musculature pour Laurent Maistret (Koh-Lanta : Raja Ampat, 2011)","Rechercher: profession exacte, pratique sportive, intensité, musculature pour Laurent Maistret (Koh-Lanta : Raja Ampat, 2011)","""Laurent Maistret"" ""Koh-Lanta"" Koh-Lanta : Raja Ampat","""Laurent Maistret"" Koh-Lanta  portrait métier sport","""Laurent Maistret"" Koh-Lanta candidat candidature interview",NOT_STARTED,A_REVOIR
EXT_BATCH_002,2,KL13,Koh-Lanta : Raja Ampat,,KL13::teheiura teahui,Teheiura Teahui,MULTI_FIELD_RESEARCH,8,HIGH,"Rechercher: profession exacte, pratique sportive, intensité, musculature pour Teheiura Teahui (Koh-Lanta : Raja Ampat, 2011)","Rechercher: profession exacte, pratique sportive, intensité, musculature pour Teheiura Teahui (Koh-Lanta : Raja Ampat, 2011)","""Teheiura Teahui"" ""Koh-Lanta"" Koh-Lanta : Raja Ampat","""Teheiura Teahui"" Koh-Lanta  portrait métier sport","""Teheiura Teahui"" Koh-Lanta candidat candidature interview",NOT_STARTED,A_REVOIR
EXT_BATCH_002,2,KL13,Koh-Lanta : Raja Ampat,,KL13::gérard urdampilleta,Gérard Urdampilleta,MULTI_FIELD_RESEARCH,8,HIGH,"Rechercher: profession exacte, pratique sportive, intensité, musculature pour Gérard Urdampilleta (Koh-Lanta : Raja Ampat, 2011)","Rechercher: profession exacte, pratique sportive, intensité, musculature pour Gérard Urdampilleta (Koh-Lanta : Raja Ampat, 2011)","""Gérard Urdampilleta"" ""Koh-Lanta"" Koh-Lanta : Raja Ampat","""Gérard Urdampilleta"" Koh-Lanta  portrait métier sport","""Gérard Urdampilleta"" Koh-Lanta candidat candidature interview",NOT_STARTED,A_REVOIR
EXT_BATCH_002,2,KL15,Koh-Lanta : Malaisie,,KL15::mélanie,Mélanie,MULTI_FIELD_RESEARCH,8,HIGH,"Rechercher: profession exacte, pratique sportive, intensité, musculature pour Mélanie (Koh-Lanta : Malaisie, 2012)","Rechercher: profession exacte, pratique sportive, intensité, musculature pour Mélanie (Koh-Lanta : Malaisie, 2012)","""Mélanie"" ""Koh-Lanta"" Koh-Lanta : Malaisie","""Mélanie"" Koh-Lanta  portrait métier sport","""Mélanie"" Koh-Lanta candidat candidature interview",NOT_STARTED,A_REVOIR
EXT_BATCH_002,2,KL15,Koh-Lanta : Malaisie,,KL15::mickaël,Mickaël,MULTI_FIELD_RESEARCH,8,HIGH,"Rechercher: profession exacte, pratique sportive, intensité, musculature pour Mickaël (Koh-Lanta : Malaisie, 2012)","Rechercher: profession exacte, pratique sportive, intensité, musculature pour Mickaël (Koh-Lanta : Malaisie, 2012)","""Mickaël"" ""Koh-Lanta"" Koh-Lanta : Malaisie","""Mickaël"" Koh-Lanta  portrait métier sport","""Mickaël"" Koh-Lanta candidat candidature interview",NOT_STARTED,A_REVOIR
EXT_BATCH_003,3,KL15,Koh-Lanta : Malaisie,,KL15::sara [ n 1 ],Sara [ N 1 ],MULTI_FIELD_RESEARCH,7,HIGH,"Rechercher: profession exacte, pratique sportive, intensité, musculature pour Sara [ N 1 ] (Koh-Lanta : Malaisie, 2012)","Rechercher: profession exacte, pratique sportive, intensité, musculature pour Sara [ N 1 ] (Koh-Lanta : Malaisie, 2012)","""Sara [ N 1 ]"" ""Koh-Lanta"" Koh-Lanta : Malaisie","""Sara [ N 1 ]"" Koh-Lanta  portrait métier sport","""Sara [ N 1 ]"" Koh-Lanta candidat candidature interview",NOT_STARTED,A_REVOIR
EXT_BATCH_003,3,KL15,Koh-Lanta : Malaisie,,KL15::nadine,Nadine,MULTI_FIELD_RESEARCH,8,HIGH,"Rechercher: profession exacte, pratique sportive, intensité, musculature pour Nadine (Koh-Lanta : Malaisie, 2012)","Rechercher: profession exacte, pratique sportive, intensité, musculature pour Nadine (Koh-Lanta : Malaisie, 2012)","""Nadine"" ""Koh-Lanta"" Koh-Lanta : Malaisie","""Nadine"" Koh-Lanta  portrait métier sport","""Nadine"" Koh-Lanta candidat candidature interview",NOT_STARTED,A_REVOIR
EXT_BATCH_003,3,KL15,Koh-Lanta : Malaisie,,KL15::élodie,Élodie,MULTI_FIELD_RESEARCH,8,HIGH,"Rechercher: profession exacte, pratique sportive, intensité, musculature pour Élodie (Koh-Lanta : Malaisie, 2012)","Rechercher: profession exacte, pratique sportive, intensité, musculature pour Élodie (Koh-Lanta : Malaisie, 2012)","""Élodie"" ""Koh-Lanta"" Koh-Lanta : Malaisie","""Élodie"" Koh-Lanta  portrait métier sport","""Élodie"" Koh-Lanta candidat candidature interview",NOT_STARTED,A_REVOIR
EXT_BATCH_003,3,KL15,Koh-Lanta : Malaisie,,KL15::marie [ n 2 ],Marie [ N 2 ],MULTI_FIELD_RESEARCH,7,HIGH,"Rechercher: profession exacte, pratique sportive, intensité, musculature pour Marie [ N 2 ] (Koh-Lanta : Malaisie, 2012)","Rechercher: profession exacte, pratique sportive, intensité, musculature pour Marie [ N 2 ] (Koh-Lanta : Malaisie, 2012)","""Marie [ N 2 ]"" ""Koh-Lanta"" Koh-Lanta : Malaisie","""Marie [ N 2 ]"" Koh-Lanta  portrait métier sport","""Marie [ N 2 ]"" Koh-Lanta candidat candidature interview",NOT_STARTED,A_REVOIR
EXT_BATCH_003,3,KL15,Koh-Lanta : Malaisie,,KL15::anthony,Anthony,MULTI_FIELD_RESEARCH,8,HIGH,"Rechercher: profession exacte, pratique sportive, intensité, musculature pour Anthony (Koh-Lanta : Malaisie, 2012)","Rechercher: profession exacte, pratique sportive, intensité, musculature pour Anthony (Koh-Lanta : Malaisie, 2012)","""Anthony"" ""Koh-Lanta"" Koh-Lanta : Malaisie","""Anthony"" Koh-Lanta  portrait métier sport","""Anthony"" Koh-Lanta candidat candidature interview",NOT_STARTED,A_REVOIR
EXT_BATCH_003,3,KL15,Koh-Lanta : Malaisie,,KL15::javier [ n 3 ],Javier [ N 3 ],MULTI_FIELD_RESEARCH,7,HIGH,"Rechercher: profession exacte, pratique sportive, intensité, musculature pour Javier [ N 3 ] (Koh-Lanta : Malaisie, 2012)","Rechercher: profession exacte, pratique sportive, intensité, musculature pour Javier [ N 3 ] (Koh-Lanta : Malaisie, 2012)","""Javier [ N 3 ]"" ""Koh-Lanta"" Koh-Lanta : Malaisie","""Javier [ N 3 ]"" Koh-Lanta  portrait métier sport","""Javier [ N 3 ]"" Koh-Lanta candidat candidature interview",NOT_STARTED,A_REVOIR
EXT_BATCH_003,3,KL15,Koh-Lanta : Malaisie,,KL15::namadia [ n 4 ],Namadia [ N 4 ],MULTI_FIELD_RESEARCH,7,HIGH,"Rechercher: profession exacte, pratique sportive, intensité, musculature pour Namadia [ N 4 ] (Koh-Lanta : Malaisie, 2012)","Rechercher: profession exacte, pratique sportive, intensité, musculature pour Namadia [ N 4 ] (Koh-Lanta : Malaisie, 2012)","""Namadia [ N 4 ]"" ""Koh-Lanta"" Koh-Lanta : Malaisie","""Namadia [ N 4 ]"" Koh-Lanta  portrait métier sport","""Namadia [ N 4 ]"" Koh-Lanta candidat candidature interview",NOT_STARTED,A_REVOIR
EXT_BATCH_003,3,KL15,Koh-Lanta : Malaisie,,KL15::marylou,Marylou,MULTI_FIELD_RESEARCH,8,HIGH,"Rechercher: profession exacte, pratique sportive, intensité, musculature pour Marylou (Koh-Lanta : Malaisie, 2012)","Rechercher: profession exacte, pratique sportive, intensité, musculature pour Marylou (Koh-Lanta : Malaisie, 2012)","""Marylou"" ""Koh-Lanta"" Koh-Lanta : Malaisie","""Marylou"" Koh-Lanta  portrait métier sport","""Marylou"" Koh-Lanta candidat candidature interview",NOT_STARTED,A_REVOIR
EXT_BATCH_003,3,KL15,Koh-Lanta : Malaisie,,KL15::catherine,Catherine,MULTI_FIELD_RESEARCH,8,HIGH,"Rechercher: profession exacte, pratique sportive, intensité, musculature pour Catherine (Koh-Lanta : Malaisie, 2012)","Rechercher: profession exacte, pratique sportive, intensité, musculature pour Catherine (Koh-Lanta : Malaisie, 2012)","""Catherine"" ""Koh-Lanta"" Koh-Lanta : Malaisie","""Catherine"" Koh-Lanta  portrait métier sport","""Catherine"" Koh-Lanta candidat candidature interview",NOT_STARTED,A_REVOIR
EXT_BATCH_003,3,KL15,Koh-Lanta : Malaisie,,KL15::camille,Camille,MULTI_FIELD_RESEARCH,8,HIGH,"Rechercher: profession exacte, pratique sportive, intensité, musculature pour Camille (Koh-Lanta : Malaisie, 2012)","Rechercher: profession exacte, pratique sportive, intensité, musculature pour Camille (Koh-Lanta : Malaisie, 2012)","""Camille"" ""Koh-Lanta"" Koh-Lanta : Malaisie","""Camille"" Koh-Lanta  portrait métier sport","""Camille"" Koh-Lanta candidat candidature interview",NOT_STARTED,A_REVOIR
EXT_BATCH_003,3,KL15,Koh-Lanta : Malaisie,,KL15::charles,Charles,MULTI_FIELD_RESEARCH,8,HIGH,"Rechercher: profession exacte, pratique sportive, intensité, musculature pour Charles (Koh-Lanta : Malaisie, 2012)","Rechercher: profession exacte, pratique sportive, intensité, musculature pour Charles (Koh-Lanta : Malaisie, 2012)","""Charles"" ""Koh-Lanta"" Koh-Lanta : Malaisie","""Charles"" Koh-Lanta  portrait métier sport","""Charles"" Koh-Lanta candidat candidature interview",NOT_STARTED,A_REVOIR
EXT_BATCH_003,3,KL15,Koh-Lanta : Malaisie,,KL15::thierry,Thierry,MULTI_FIELD_RESEARCH,8,HIGH,"Rechercher: profession exacte, pratique sportive, intensité, musculature pour Thierry (Koh-Lanta : Malaisie, 2012)","Rechercher: profession exacte, pratique sportive, intensité, musculature pour Thierry (Koh-Lanta : Malaisie, 2012)","""Thierry"" ""Koh-Lanta"" Koh-Lanta : Malaisie","""Thierry"" Koh-Lanta  portrait métier sport","""Thierry"" Koh-Lanta candidat candidature interview",NOT_STARTED,A_REVOIR
EXT_BATCH_003,3,KL15,Koh-Lanta : Malaisie,,KL15::myriam,Myriam,MULTI_FIELD_RESEARCH,8,HIGH,"Rechercher: profession exacte, pratique sportive, intensité, musculature pour Myriam (Koh-Lanta : Malaisie, 2012)","Rechercher: profession exacte, pratique sportive, intensité, musculature pour Myriam (Koh-Lanta : Malaisie, 2012)","""Myriam"" ""Koh-Lanta"" Koh-Lanta : Malaisie","""Myriam"" Koh-Lanta  portrait métier sport","""Myriam"" Koh-Lanta candidat candidature interview",NOT_STARTED,A_REVOIR
EXT_BATCH_003,3,KL15,Koh-Lanta : Malaisie,,KL15::bernard,Bernard,MULTI_FIELD_RESEARCH,8,HIGH,"Rechercher: profession exacte, pratique sportive, intensité, musculature pour Bernard (Koh-Lanta : Malaisie, 2012)","Rechercher: profession exacte, pratique sportive, intensité, musculature pour Bernard (Koh-Lanta : Malaisie, 2012)","""Bernard"" ""Koh-Lanta"" Koh-Lanta : Malaisie","""Bernard"" Koh-Lanta  portrait métier sport","""Bernard"" Koh-Lanta candidat candidature interview",NOT_STARTED,A_REVOIR
EXT_BATCH_003,3,KL15,Koh-Lanta : Malaisie,,KL15::philippe [ n 5 ],Philippe [ N 5 ],MULTI_FIELD_RESEARCH,7,HIGH,"Rechercher: profession exacte, pratique sportive, intensité, musculature pour Philippe [ N 5 ] (Koh-Lanta : Malaisie, 2012)","Rechercher: profession exacte, pratique sportive, intensité, musculature pour Philippe [ N 5 ] (Koh-Lanta : Malaisie, 2012)","""Philippe [ N 5 ]"" ""Koh-Lanta"" Koh-Lanta : Malaisie","""Philippe [ N 5 ]"" Koh-Lanta  portrait métier sport","""Philippe [ N 5 ]"" Koh-Lanta candidat candidature interview",NOT_STARTED,A_REVOIR
EXT_BATCH_003,3,KL15,Koh-Lanta : Malaisie,,KL15::vanessa,Vanessa,MULTI_FIELD_RESEARCH,8,HIGH,"Rechercher: profession exacte, pratique sportive, intensité, musculature pour Vanessa (Koh-Lanta : Malaisie, 2012)","Rechercher: profession exacte, pratique sportive, intensité, musculature pour Vanessa (Koh-Lanta : Malaisie, 2012)","""Vanessa"" ""Koh-Lanta"" Koh-Lanta : Malaisie","""Vanessa"" Koh-Lanta  portrait métier sport","""Vanessa"" Koh-Lanta candidat candidature interview",NOT_STARTED,A_REVOIR
EXT_BATCH_003,3,KL15,Koh-Lanta : Malaisie,,KL15::brice [ n 6 ],Brice [ N 6 ],MULTI_FIELD_RESEARCH,7,HIGH,"Rechercher: profession exacte, pratique sportive, intensité, musculature pour Brice [ N 6 ] (Koh-Lanta : Malaisie, 2012)","Rechercher: profession exacte, pratique sportive, intensité, musculature pour Brice [ N 6 ] (Koh-Lanta : Malaisie, 2012)","""Brice [ N 6 ]"" ""Koh-Lanta"" Koh-Lanta : Malaisie","""Brice [ N 6 ]"" Koh-Lanta  portrait métier sport","""Brice [ N 6 ]"" Koh-Lanta candidat candidature interview",NOT_STARTED,A_REVOIR
EXT_BATCH_003,3,KL15,Koh-Lanta : Malaisie,,KL15::ugo [ n 7 ],Ugo [ N 7 ],MULTI_FIELD_RESEARCH,7,HIGH,"Rechercher: profession exacte, pratique sportive, intensité, musculature pour Ugo [ N 7 ] (Koh-Lanta : Malaisie, 2012)","Rechercher: profession exacte, pratique sportive, intensité, musculature pour Ugo [ N 7 ] (Koh-Lanta : Malaisie, 2012)","""Ugo [ N 7 ]"" ""Koh-Lanta"" Koh-Lanta : Malaisie","""Ugo [ N 7 ]"" Koh-Lanta  portrait métier sport","""Ugo [ N 7 ]"" Koh-Lanta candidat candidature interview",NOT_STARTED,A_REVOIR
EXT_BATCH_003,3,KL17,Koh-Lanta : Johor,,KL17::babeth delettre,Babeth Delettre,MULTI_FIELD_RESEARCH,8,HIGH,"Rechercher: profession exacte, pratique sportive, intensité, musculature pour Babeth Delettre (Koh-Lanta : Johor, 2015)","Rechercher: profession exacte, pratique sportive, intensité, musculature pour Babeth Delettre (Koh-Lanta : Johor, 2015)","""Babeth Delettre"" ""Koh-Lanta"" Koh-Lanta : Johor","""Babeth Delettre"" Koh-Lanta  portrait métier sport","""Babeth Delettre"" Koh-Lanta candidat candidature interview",NOT_STARTED,A_REVOIR
EXT_BATCH_003,3,KL17,Koh-Lanta : Johor,,KL17::marie-anne queniart,Marie-Anne Queniart,MULTI_FIELD_RESEARCH,8,HIGH,"Rechercher: profession exacte, pratique sportive, intensité, musculature pour Marie-Anne Queniart (Koh-Lanta : Johor, 2015)","Rechercher: profession exacte, pratique sportive, intensité, musculature pour Marie-Anne Queniart (Koh-Lanta : Johor, 2015)","""Marie-Anne Queniart"" ""Koh-Lanta"" Koh-Lanta : Johor","""Marie-Anne Queniart"" Koh-Lanta  portrait métier sport","""Marie-Anne Queniart"" Koh-Lanta candidat candidature interview",NOT_STARTED,A_REVOIR
EXT_BATCH_004,4,KL17,Koh-Lanta : Johor,,KL17::benoît jorion-fahy,Benoît Jorion-Fahy,MULTI_FIELD_RESEARCH,8,HIGH,"Rechercher: profession exacte, pratique sportive, intensité, musculature pour Benoît Jorion-Fahy (Koh-Lanta : Johor, 2015)","Rechercher: profession exacte, pratique sportive, intensité, musculature pour Benoît Jorion-Fahy (Koh-Lanta : Johor, 2015)","""Benoît Jorion-Fahy"" ""Koh-Lanta"" Koh-Lanta : Johor","""Benoît Jorion-Fahy"" Koh-Lanta  portrait métier sport","""Benoît Jorion-Fahy"" Koh-Lanta candidat candidature interview",NOT_STARTED,A_REVOIR
EXT_BATCH_004,4,KL17,Koh-Lanta : Johor,,KL17::manon allender,Manon Allender,MULTI_FIELD_RESEARCH,8,HIGH,"Rechercher: profession exacte, pratique sportive, intensité, musculature pour Manon Allender (Koh-Lanta : Johor, 2015)","Rechercher: profession exacte, pratique sportive, intensité, musculature pour Manon Allender (Koh-Lanta : Johor, 2015)","""Manon Allender"" ""Koh-Lanta"" Koh-Lanta : Johor","""Manon Allender"" Koh-Lanta  portrait métier sport","""Manon Allender"" Koh-Lanta candidat candidature interview",NOT_STARTED,A_REVOIR
EXT_BATCH_004,4,KL17,Koh-Lanta : Johor,,KL17::loïc crespin,Loïc Crespin,MULTI_FIELD_RESEARCH,8,HIGH,"Rechercher: profession exacte, pratique sportive, intensité, musculature pour Loïc Crespin (Koh-Lanta : Johor, 2015)","Rechercher: profession exacte, pratique sportive, intensité, musculature pour Loïc Crespin (Koh-Lanta : Johor, 2015)","""Loïc Crespin"" ""Koh-Lanta"" Koh-Lanta : Johor","""Loïc Crespin"" Koh-Lanta  portrait métier sport","""Loïc Crespin"" Koh-Lanta candidat candidature interview",NOT_STARTED,A_REVOIR
EXT_BATCH_004,4,KL17,Koh-Lanta : Johor,,KL17::isabelle haouzi,Isabelle Haouzi,MULTI_FIELD_RESEARCH,8,HIGH,"Rechercher: profession exacte, pratique sportive, intensité, musculature pour Isabelle Haouzi (Koh-Lanta : Johor, 2015)","Rechercher: profession exacte, pratique sportive, intensité, musculature pour Isabelle Haouzi (Koh-Lanta : Johor, 2015)","""Isabelle Haouzi"" ""Koh-Lanta"" Koh-Lanta : Johor","""Isabelle Haouzi"" Koh-Lanta  portrait métier sport","""Isabelle Haouzi"" Koh-Lanta candidat candidature interview",NOT_STARTED,A_REVOIR
EXT_BATCH_004,4,KL17,Koh-Lanta : Johor,,KL17::margot perrot houwaer,Margot Perrot Houwaer,MULTI_FIELD_RESEARCH,7,HIGH,"Rechercher: profession exacte, pratique sportive, intensité, musculature pour Margot Perrot Houwaer (Koh-Lanta : Johor, 2015)","Rechercher: profession exacte, pratique sportive, intensité, musculature pour Margot Perrot Houwaer (Koh-Lanta : Johor, 2015)","""Margot Perrot Houwaer"" ""Koh-Lanta"" Koh-Lanta : Johor","""Margot Perrot Houwaer"" Koh-Lanta  portrait métier sport","""Margot Perrot Houwaer"" Koh-Lanta candidat candidature interview",NOT_STARTED,A_REVOIR
EXT_BATCH_004,4,KL17,Koh-Lanta : Johor,,KL17::alban pellegrin,Alban Pellegrin,MULTI_FIELD_RESEARCH,8,HIGH,"Rechercher: profession exacte, pratique sportive, intensité, musculature pour Alban Pellegrin (Koh-Lanta : Johor, 2015)","Rechercher: profession exacte, pratique sportive, intensité, musculature pour Alban Pellegrin (Koh-Lanta : Johor, 2015)","""Alban Pellegrin"" ""Koh-Lanta"" Koh-Lanta : Johor","""Alban Pellegrin"" Koh-Lanta  portrait métier sport","""Alban Pellegrin"" Koh-Lanta candidat candidature interview",NOT_STARTED,A_REVOIR
EXT_BATCH_004,4,KL17,Koh-Lanta : Johor,,KL17::corinne bargoin samuelian,Corinne Bargoin Samuelian,MULTI_FIELD_RESEARCH,7,HIGH,"Rechercher: profession exacte, pratique sportive, intensité, musculature pour Corinne Bargoin Samuelian (Koh-Lanta : Johor, 2015)","Rechercher: profession exacte, pratique sportive, intensité, musculature pour Corinne Bargoin Samuelian (Koh-Lanta : Johor, 2015)","""Corinne Bargoin Samuelian"" ""Koh-Lanta"" Koh-Lanta : Johor","""Corinne Bargoin Samuelian"" Koh-Lanta  portrait métier sport","""Corinne Bargoin Samuelian"" Koh-Lanta candidat candidature interview",NOT_STARTED,A_REVOIR
EXT_BATCH_004,4,KL17,Koh-Lanta : Johor,,KL17::cédric giosserand-lucas,Cédric Giosserand-Lucas,MULTI_FIELD_RESEARCH,8,HIGH,"Rechercher: profession exacte, pratique sportive, intensité, musculature pour Cédric Giosserand-Lucas (Koh-Lanta : Johor, 2015)","Rechercher: profession exacte, pratique sportive, intensité, musculature pour Cédric Giosserand-Lucas (Koh-Lanta : Johor, 2015)","""Cédric Giosserand-Lucas"" ""Koh-Lanta"" Koh-Lanta : Johor","""Cédric Giosserand-Lucas"" Koh-Lanta  portrait métier sport","""Cédric Giosserand-Lucas"" Koh-Lanta candidat candidature interview",NOT_STARTED,A_REVOIR
EXT_BATCH_004,4,KL17,Koh-Lanta : Johor,,KL17::charlaine cuny,Charlaine Cuny,MULTI_FIELD_RESEARCH,8,HIGH,"Rechercher: profession exacte, pratique sportive, intensité, musculature pour Charlaine Cuny (Koh-Lanta : Johor, 2015)","Rechercher: profession exacte, pratique sportive, intensité, musculature pour Charlaine Cuny (Koh-Lanta : Johor, 2015)","""Charlaine Cuny"" ""Koh-Lanta"" Koh-Lanta : Johor","""Charlaine Cuny"" Koh-Lanta  portrait métier sport","""Charlaine Cuny"" Koh-Lanta candidat candidature interview",NOT_STARTED,A_REVOIR
EXT_BATCH_004,4,KL17,Koh-Lanta : Johor,,KL17::nessim kouachi,Nessim Kouachi,MULTI_FIELD_RESEARCH,8,HIGH,"Rechercher: profession exacte, pratique sportive, intensité, musculature pour Nessim Kouachi (Koh-Lanta : Johor, 2015)","Rechercher: profession exacte, pratique sportive, intensité, musculature pour Nessim Kouachi (Koh-Lanta : Johor, 2015)","""Nessim Kouachi"" ""Koh-Lanta"" Koh-Lanta : Johor","""Nessim Kouachi"" Koh-Lanta  portrait métier sport","""Nessim Kouachi"" Koh-Lanta candidat candidature interview",NOT_STARTED,A_REVOIR
EXT_BATCH_004,4,KL17,Koh-Lanta : Johor,,KL17::jeff santiago,Jeff Santiago,MULTI_FIELD_RESEARCH,8,HIGH,"Rechercher: profession exacte, pratique sportive, intensité, musculature pour Jeff Santiago (Koh-Lanta : Johor, 2015)","Rechercher: profession exacte, pratique sportive, intensité, musculature pour Jeff Santiago (Koh-Lanta : Johor, 2015)","""Jeff Santiago"" ""Koh-Lanta"" Koh-Lanta : Johor","""Jeff Santiago"" Koh-Lanta  portrait métier sport","""Jeff Santiago"" Koh-Lanta candidat candidature interview",NOT_STARTED,A_REVOIR
EXT_BATCH_004,4,KL17,Koh-Lanta : Johor,,KL17::christophe pendon,Christophe Pendon,MULTI_FIELD_RESEARCH,8,HIGH,"Rechercher: profession exacte, pratique sportive, intensité, musculature pour Christophe Pendon (Koh-Lanta : Johor, 2015)","Rechercher: profession exacte, pratique sportive, intensité, musculature pour Christophe Pendon (Koh-Lanta : Johor, 2015)","""Christophe Pendon"" ""Koh-Lanta"" Koh-Lanta : Johor","""Christophe Pendon"" Koh-Lanta  portrait métier sport","""Christophe Pendon"" Koh-Lanta candidat candidature interview",NOT_STARTED,A_REVOIR
EXT_BATCH_004,4,KL17,Koh-Lanta : Johor,,KL17::jessica potel,Jessica Potel,MULTI_FIELD_RESEARCH,8,HIGH,"Rechercher: profession exacte, pratique sportive, intensité, musculature pour Jessica Potel (Koh-Lanta : Johor, 2015)","Rechercher: profession exacte, pratique sportive, intensité, musculature pour Jessica Potel (Koh-Lanta : Johor, 2015)","""Jessica Potel"" ""Koh-Lanta"" Koh-Lanta : Johor","""Jessica Potel"" Koh-Lanta  portrait métier sport","""Jessica Potel"" Koh-Lanta candidat candidature interview",NOT_STARTED,A_REVOIR
EXT_BATCH_004,4,KL17,Koh-Lanta : Johor,,KL17::sébastien ballesteros,Sébastien Ballesteros,MULTI_FIELD_RESEARCH,8,HIGH,"Rechercher: profession exacte, pratique sportive, intensité, musculature pour Sébastien Ballesteros (Koh-Lanta : Johor, 2015)","Rechercher: profession exacte, pratique sportive, intensité, musculature pour Sébastien Ballesteros (Koh-Lanta : Johor, 2015)","""Sébastien Ballesteros"" ""Koh-Lanta"" Koh-Lanta : Johor","""Sébastien Ballesteros"" Koh-Lanta  portrait métier sport","""Sébastien Ballesteros"" Koh-Lanta candidat candidature interview",NOT_STARTED,A_REVOIR
EXT_BATCH_004,4,KL17,Koh-Lanta : Johor,,KL17::bruno peisey,Bruno Peisey,MULTI_FIELD_RESEARCH,8,HIGH,"Rechercher: profession exacte, pratique sportive, intensité, musculature pour Bruno Peisey (Koh-Lanta : Johor, 2015)","Rechercher: profession exacte, pratique sportive, intensité, musculature pour Bruno Peisey (Koh-Lanta : Johor, 2015)","""Bruno Peisey"" ""Koh-Lanta"" Koh-Lanta : Johor","""Bruno Peisey"" Koh-Lanta  portrait métier sport","""Bruno Peisey"" Koh-Lanta candidat candidature interview",NOT_STARTED,A_REVOIR
EXT_BATCH_004,4,KL17,Koh-Lanta : Johor,,KL17::mélissa bastin,Mélissa Bastin,MULTI_FIELD_RESEARCH,8,HIGH,"Rechercher: profession exacte, pratique sportive, intensité, musculature pour Mélissa Bastin (Koh-Lanta : Johor, 2015)","Rechercher: profession exacte, pratique sportive, intensité, musculature pour Mélissa Bastin (Koh-Lanta : Johor, 2015)","""Mélissa Bastin"" ""Koh-Lanta"" Koh-Lanta : Johor","""Mélissa Bastin"" Koh-Lanta  portrait métier sport","""Mélissa Bastin"" Koh-Lanta candidat candidature interview",NOT_STARTED,A_REVOIR
EXT_BATCH_004,4,KL17,Koh-Lanta : Johor,,KL17::chantel ménard,Chantel Ménard,MULTI_FIELD_RESEARCH,8,HIGH,"Rechercher: profession exacte, pratique sportive, intensité, musculature pour Chantel Ménard (Koh-Lanta : Johor, 2015)","Rechercher: profession exacte, pratique sportive, intensité, musculature pour Chantel Ménard (Koh-Lanta : Johor, 2015)","""Chantel Ménard"" ""Koh-Lanta"" Koh-Lanta : Johor","""Chantel Ménard"" Koh-Lanta  portrait métier sport","""Chantel Ménard"" Koh-Lanta candidat candidature interview",NOT_STARTED,A_REVOIR
EXT_BATCH_004,4,KL17,Koh-Lanta : Johor,,KL17::marc rambaud,Marc Rambaud,MULTI_FIELD_RESEARCH,8,HIGH,"Rechercher: profession exacte, pratique sportive, intensité, musculature pour Marc Rambaud (Koh-Lanta : Johor, 2015)","Rechercher: profession exacte, pratique sportive, intensité, musculature pour Marc Rambaud (Koh-Lanta : Johor, 2015)","""Marc Rambaud"" ""Koh-Lanta"" Koh-Lanta : Johor","""Marc Rambaud"" Koh-Lanta  portrait métier sport","""Marc Rambaud"" Koh-Lanta candidat candidature interview",NOT_STARTED,A_REVOIR
EXT_BATCH_004,4,KL22,Koh-Lanta : La Guerre des Chefs,,KL22::aliséa,Aliséa,MULTI_FIELD_RESEARCH,8,HIGH,"Rechercher: profession exacte, pratique sportive, intensité, musculature pour Aliséa (Koh-Lanta : La Guerre des Chefs, 2019)","Rechercher: profession exacte, pratique sportive, intensité, musculature pour Aliséa (Koh-Lanta : La Guerre des Chefs, 2019)","""Aliséa"" ""Koh-Lanta"" Koh-Lanta : La Guerre des Chefs","""Aliséa"" Koh-Lanta  portrait métier sport","""Aliséa"" Koh-Lanta candidat candidature interview",NOT_STARTED,A_REVOIR
EXT_BATCH_004,4,KL22,Koh-Lanta : La Guerre des Chefs,,KL22::carinne,Carinne,MULTI_FIELD_RESEARCH,8,HIGH,"Rechercher: profession exacte, pratique sportive, intensité, musculature pour Carinne (Koh-Lanta : La Guerre des Chefs, 2019)","Rechercher: profession exacte, pratique sportive, intensité, musculature pour Carinne (Koh-Lanta : La Guerre des Chefs, 2019)","""Carinne"" ""Koh-Lanta"" Koh-Lanta : La Guerre des Chefs","""Carinne"" Koh-Lanta  portrait métier sport","""Carinne"" Koh-Lanta candidat candidature interview",NOT_STARTED,A_REVOIR
EXT_BATCH_005,5,KL22,Koh-Lanta : La Guerre des Chefs,,KL22::émilie,Émilie,MULTI_FIELD_RESEARCH,8,HIGH,"Rechercher: profession exacte, pratique sportive, intensité, musculature pour Émilie (Koh-Lanta : La Guerre des Chefs, 2019)","Rechercher: profession exacte, pratique sportive, intensité, musculature pour Émilie (Koh-Lanta : La Guerre des Chefs, 2019)","""Émilie"" ""Koh-Lanta"" Koh-Lanta : La Guerre des Chefs","""Émilie"" Koh-Lanta  portrait métier sport","""Émilie"" Koh-Lanta candidat candidature interview",NOT_STARTED,A_REVOIR
EXT_BATCH_005,5,KL22,Koh-Lanta : La Guerre des Chefs,,KL22::victor,Victor,MULTI_FIELD_RESEARCH,8,HIGH,"Rechercher: profession exacte, pratique sportive, intensité, musculature pour Victor (Koh-Lanta : La Guerre des Chefs, 2019)","Rechercher: profession exacte, pratique sportive, intensité, musculature pour Victor (Koh-Lanta : La Guerre des Chefs, 2019)","""Victor"" ""Koh-Lanta"" Koh-Lanta : La Guerre des Chefs","""Victor"" Koh-Lanta  portrait métier sport","""Victor"" Koh-Lanta candidat candidature interview",NOT_STARTED,A_REVOIR
EXT_BATCH_005,5,KL22,Koh-Lanta : La Guerre des Chefs,,KL22::chloé,Chloé,MULTI_FIELD_RESEARCH,8,HIGH,"Rechercher: profession exacte, pratique sportive, intensité, musculature pour Chloé (Koh-Lanta : La Guerre des Chefs, 2019)","Rechercher: profession exacte, pratique sportive, intensité, musculature pour Chloé (Koh-Lanta : La Guerre des Chefs, 2019)","""Chloé"" ""Koh-Lanta"" Koh-Lanta : La Guerre des Chefs","""Chloé"" Koh-Lanta  portrait métier sport","""Chloé"" Koh-Lanta candidat candidature interview",NOT_STARTED,A_REVOIR
EXT_BATCH_005,5,KL22,Koh-Lanta : La Guerre des Chefs,,KL22::xavier,Xavier,MULTI_FIELD_RESEARCH,8,HIGH,"Rechercher: profession exacte, pratique sportive, intensité, musculature pour Xavier (Koh-Lanta : La Guerre des Chefs, 2019)","Rechercher: profession exacte, pratique sportive, intensité, musculature pour Xavier (Koh-Lanta : La Guerre des Chefs, 2019)","""Xavier"" ""Koh-Lanta"" Koh-Lanta : La Guerre des Chefs","""Xavier"" Koh-Lanta  portrait métier sport","""Xavier"" Koh-Lanta candidat candidature interview",NOT_STARTED,A_REVOIR
EXT_BATCH_005,5,KL22,Koh-Lanta : La Guerre des Chefs,,KL22::frédéric,Frédéric,MULTI_FIELD_RESEARCH,8,HIGH,"Rechercher: profession exacte, pratique sportive, intensité, musculature pour Frédéric (Koh-Lanta : La Guerre des Chefs, 2019)","Rechercher: profession exacte, pratique sportive, intensité, musculature pour Frédéric (Koh-Lanta : La Guerre des Chefs, 2019)","""Frédéric"" ""Koh-Lanta"" Koh-Lanta : La Guerre des Chefs","""Frédéric"" Koh-Lanta  portrait métier sport","""Frédéric"" Koh-Lanta candidat candidature interview",NOT_STARTED,A_REVOIR
EXT_BATCH_005,5,KL22,Koh-Lanta : La Guerre des Chefs,,KL22::alexandre,Alexandre,MULTI_FIELD_RESEARCH,8,HIGH,"Rechercher: profession exacte, pratique sportive, intensité, musculature pour Alexandre (Koh-Lanta : La Guerre des Chefs, 2019)","Rechercher: profession exacte, pratique sportive, intensité, musculature pour Alexandre (Koh-Lanta : La Guerre des Chefs, 2019)","""Alexandre"" ""Koh-Lanta"" Koh-Lanta : La Guerre des Chefs","""Alexandre"" Koh-Lanta  portrait métier sport","""Alexandre"" Koh-Lanta candidat candidature interview",NOT_STARTED,A_REVOIR
EXT_BATCH_005,5,KL22,Koh-Lanta : La Guerre des Chefs,,KL22::béatrice,Béatrice,MULTI_FIELD_RESEARCH,8,HIGH,"Rechercher: profession exacte, pratique sportive, intensité, musculature pour Béatrice (Koh-Lanta : La Guerre des Chefs, 2019)","Rechercher: profession exacte, pratique sportive, intensité, musculature pour Béatrice (Koh-Lanta : La Guerre des Chefs, 2019)","""Béatrice"" ""Koh-Lanta"" Koh-Lanta : La Guerre des Chefs","""Béatrice"" Koh-Lanta  portrait métier sport","""Béatrice"" Koh-Lanta candidat candidature interview",NOT_STARTED,A_REVOIR
EXT_BATCH_005,5,KL22,Koh-Lanta : La Guerre des Chefs,,KL22::brice,Brice,MULTI_FIELD_RESEARCH,8,HIGH,"Rechercher: profession exacte, pratique sportive, intensité, musculature pour Brice (Koh-Lanta : La Guerre des Chefs, 2019)","Rechercher: profession exacte, pratique sportive, intensité, musculature pour Brice (Koh-Lanta : La Guerre des Chefs, 2019)","""Brice"" ""Koh-Lanta"" Koh-Lanta : La Guerre des Chefs","""Brice"" Koh-Lanta  portrait métier sport","""Brice"" Koh-Lanta candidat candidature interview",NOT_STARTED,A_REVOIR
EXT_BATCH_005,5,KL22,Koh-Lanta : La Guerre des Chefs,,KL22::sophie,Sophie,MULTI_FIELD_RESEARCH,8,HIGH,"Rechercher: profession exacte, pratique sportive, intensité, musculature pour Sophie (Koh-Lanta : La Guerre des Chefs, 2019)","Rechercher: profession exacte, pratique sportive, intensité, musculature pour Sophie (Koh-Lanta : La Guerre des Chefs, 2019)","""Sophie"" ""Koh-Lanta"" Koh-Lanta : La Guerre des Chefs","""Sophie"" Koh-Lanta  portrait métier sport","""Sophie"" Koh-Lanta candidat candidature interview",NOT_STARTED,A_REVOIR
EXT_BATCH_005,5,KL22,Koh-Lanta : La Guerre des Chefs,,KL22::angélique,Angélique,MULTI_FIELD_RESEARCH,8,HIGH,"Rechercher: profession exacte, pratique sportive, intensité, musculature pour Angélique (Koh-Lanta : La Guerre des Chefs, 2019)","Rechercher: profession exacte, pratique sportive, intensité, musculature pour Angélique (Koh-Lanta : La Guerre des Chefs, 2019)","""Angélique"" ""Koh-Lanta"" Koh-Lanta : La Guerre des Chefs","""Angélique"" Koh-Lanta  portrait métier sport","""Angélique"" Koh-Lanta candidat candidature interview",NOT_STARTED,A_REVOIR
EXT_BATCH_005,5,KL22,Koh-Lanta : La Guerre des Chefs,,KL22::mohamed,Mohamed,MULTI_FIELD_RESEARCH,8,HIGH,"Rechercher: profession exacte, pratique sportive, intensité, musculature pour Mohamed (Koh-Lanta : La Guerre des Chefs, 2019)","Rechercher: profession exacte, pratique sportive, intensité, musculature pour Mohamed (Koh-Lanta : La Guerre des Chefs, 2019)","""Mohamed"" ""Koh-Lanta"" Koh-Lanta : La Guerre des Chefs","""Mohamed"" Koh-Lanta  portrait métier sport","""Mohamed"" Koh-Lanta candidat candidature interview",NOT_STARTED,A_REVOIR
EXT_BATCH_005,5,KL22,Koh-Lanta : La Guerre des Chefs,,KL22::nicolas,Nicolas,MULTI_FIELD_RESEARCH,8,HIGH,"Rechercher: profession exacte, pratique sportive, intensité, musculature pour Nicolas (Koh-Lanta : La Guerre des Chefs, 2019)","Rechercher: profession exacte, pratique sportive, intensité, musculature pour Nicolas (Koh-Lanta : La Guerre des Chefs, 2019)","""Nicolas"" ""Koh-Lanta"" Koh-Lanta : La Guerre des Chefs","""Nicolas"" Koh-Lanta  portrait métier sport","""Nicolas"" Koh-Lanta candidat candidature interview",NOT_STARTED,A_REVOIR
EXT_BATCH_005,5,KL22,Koh-Lanta : La Guerre des Chefs,,KL22::maxime,Maxime,MULTI_FIELD_RESEARCH,8,HIGH,"Rechercher: profession exacte, pratique sportive, intensité, musculature pour Maxime (Koh-Lanta : La Guerre des Chefs, 2019)","Rechercher: profession exacte, pratique sportive, intensité, musculature pour Maxime (Koh-Lanta : La Guerre des Chefs, 2019)","""Maxime"" ""Koh-Lanta"" Koh-Lanta : La Guerre des Chefs","""Maxime"" Koh-Lanta  portrait métier sport","""Maxime"" Koh-Lanta candidat candidature interview",NOT_STARTED,A_REVOIR
EXT_BATCH_005,5,KL22,Koh-Lanta : La Guerre des Chefs,,KL22::cyril,Cyril,MULTI_FIELD_RESEARCH,8,HIGH,"Rechercher: profession exacte, pratique sportive, intensité, musculature pour Cyril (Koh-Lanta : La Guerre des Chefs, 2019)","Rechercher: profession exacte, pratique sportive, intensité, musculature pour Cyril (Koh-Lanta : La Guerre des Chefs, 2019)","""Cyril"" ""Koh-Lanta"" Koh-Lanta : La Guerre des Chefs","""Cyril"" Koh-Lanta  portrait métier sport","""Cyril"" Koh-Lanta candidat candidature interview",NOT_STARTED,A_REVOIR
EXT_BATCH_005,5,KL22,Koh-Lanta : La Guerre des Chefs,,KL22::clo,Clo,MULTI_FIELD_RESEARCH,8,HIGH,"Rechercher: profession exacte, pratique sportive, intensité, musculature pour Clo (Koh-Lanta : La Guerre des Chefs, 2019)","Rechercher: profession exacte, pratique sportive, intensité, musculature pour Clo (Koh-Lanta : La Guerre des Chefs, 2019)","""Clo"" ""Koh-Lanta"" Koh-Lanta : La Guerre des Chefs","""Clo"" Koh-Lanta  portrait métier sport","""Clo"" Koh-Lanta candidat candidature interview",NOT_STARTED,A_REVOIR
EXT_BATCH_005,5,KL22,Koh-Lanta : La Guerre des Chefs,,KL22::aurélien,Aurélien,MULTI_FIELD_RESEARCH,8,HIGH,"Rechercher: profession exacte, pratique sportive, intensité, musculature pour Aurélien (Koh-Lanta : La Guerre des Chefs, 2019)","Rechercher: profession exacte, pratique sportive, intensité, musculature pour Aurélien (Koh-Lanta : La Guerre des Chefs, 2019)","""Aurélien"" ""Koh-Lanta"" Koh-Lanta : La Guerre des Chefs","""Aurélien"" Koh-Lanta  portrait métier sport","""Aurélien"" Koh-Lanta candidat candidature interview",NOT_STARTED,A_REVOIR
EXT_BATCH_005,5,KL22,Koh-Lanta : La Guerre des Chefs,,KL22::steeve,Steeve,MULTI_FIELD_RESEARCH,8,HIGH,"Rechercher: profession exacte, pratique sportive, intensité, musculature pour Steeve (Koh-Lanta : La Guerre des Chefs, 2019)","Rechercher: profession exacte, pratique sportive, intensité, musculature pour Steeve (Koh-Lanta : La Guerre des Chefs, 2019)","""Steeve"" ""Koh-Lanta"" Koh-Lanta : La Guerre des Chefs","""Steeve"" Koh-Lanta  portrait métier sport","""Steeve"" Koh-Lanta candidat candidature interview",NOT_STARTED,A_REVOIR
EXT_BATCH_005,5,KL22,Koh-Lanta : La Guerre des Chefs,,KL22::cindy,Cindy,MULTI_FIELD_RESEARCH,8,HIGH,"Rechercher: profession exacte, pratique sportive, intensité, musculature pour Cindy (Koh-Lanta : La Guerre des Chefs, 2019)","Rechercher: profession exacte, pratique sportive, intensité, musculature pour Cindy (Koh-Lanta : La Guerre des Chefs, 2019)","""Cindy"" ""Koh-Lanta"" Koh-Lanta : La Guerre des Chefs","""Cindy"" Koh-Lanta  portrait métier sport","""Cindy"" Koh-Lanta candidat candidature interview",NOT_STARTED,A_REVOIR
EXT_BATCH_005,5,KL22,Koh-Lanta : La Guerre des Chefs,,KL22::maud,Maud,MULTI_FIELD_RESEARCH,8,HIGH,"Rechercher: profession exacte, pratique sportive, intensité, musculature pour Maud (Koh-Lanta : La Guerre des Chefs, 2019)","Rechercher: profession exacte, pratique sportive, intensité, musculature pour Maud (Koh-Lanta : La Guerre des Chefs, 2019)","""Maud"" ""Koh-Lanta"" Koh-Lanta : La Guerre des Chefs","""Maud"" Koh-Lanta  portrait métier sport","""Maud"" Koh-Lanta candidat candidature interview",NOT_STARTED,A_REVOIR
EXT_BATCH_005,5,KL25,Koh-Lanta : Le Totem Maudit,,"KL25::céline ""lili"" gasnier","Céline ""Lili"" Gasnier",MULTI_FIELD_RESEARCH,7,HIGH,"Rechercher: profession exacte, pratique sportive, intensité, musculature pour Céline ""Lili"" Gasnier (Koh-Lanta : Le Totem Maudit, 2022)","Rechercher: profession exacte, pratique sportive, intensité, musculature pour Céline ""Lili"" Gasnier (Koh-Lanta : Le Totem Maudit, 2022)","""Céline ""Lili"" Gasnier"" ""Koh-Lanta"" Koh-Lanta : Le Totem Maudit","""Céline ""Lili"" Gasnier"" Koh-Lanta  portrait métier sport","""Céline ""Lili"" Gasnier"" Koh-Lanta candidat candidature interview",NOT_STARTED,A_REVOIR
EXT_BATCH_006,6,KL25,Koh-Lanta : Le Totem Maudit,,KL25::céline dufrenoy,Céline Dufrenoy,MULTI_FIELD_RESEARCH,8,HIGH,"Rechercher: profession exacte, pratique sportive, intensité, musculature pour Céline Dufrenoy (Koh-Lanta : Le Totem Maudit, 2022)","Rechercher: profession exacte, pratique sportive, intensité, musculature pour Céline Dufrenoy (Koh-Lanta : Le Totem Maudit, 2022)","""Céline Dufrenoy"" ""Koh-Lanta"" Koh-Lanta : Le Totem Maudit","""Céline Dufrenoy"" Koh-Lanta  portrait métier sport","""Céline Dufrenoy"" Koh-Lanta candidat candidature interview",NOT_STARTED,A_REVOIR
EXT_BATCH_006,6,KL25,Koh-Lanta : Le Totem Maudit,,KL25::franck macia,Franck Macia,MULTI_FIELD_RESEARCH,8,HIGH,"Rechercher: profession exacte, pratique sportive, intensité, musculature pour Franck Macia (Koh-Lanta : Le Totem Maudit, 2022)","Rechercher: profession exacte, pratique sportive, intensité, musculature pour Franck Macia (Koh-Lanta : Le Totem Maudit, 2022)","""Franck Macia"" ""Koh-Lanta"" Koh-Lanta : Le Totem Maudit","""Franck Macia"" Koh-Lanta  portrait métier sport","""Franck Macia"" Koh-Lanta candidat candidature interview",NOT_STARTED,A_REVOIR
EXT_BATCH_006,6,KL25,Koh-Lanta : Le Totem Maudit,,KL25::mattéo real,Mattéo Real,MULTI_FIELD_RESEARCH,8,HIGH,"Rechercher: profession exacte, pratique sportive, intensité, musculature pour Mattéo Real (Koh-Lanta : Le Totem Maudit, 2022)","Rechercher: profession exacte, pratique sportive, intensité, musculature pour Mattéo Real (Koh-Lanta : Le Totem Maudit, 2022)","""Mattéo Real"" ""Koh-Lanta"" Koh-Lanta : Le Totem Maudit","""Mattéo Real"" Koh-Lanta  portrait métier sport","""Mattéo Real"" Koh-Lanta candidat candidature interview",NOT_STARTED,A_REVOIR
EXT_BATCH_006,6,KL25,Koh-Lanta : Le Totem Maudit,,KL25::samira aït-brahim,Samira Aït-Brahim,MULTI_FIELD_RESEARCH,8,HIGH,"Rechercher: profession exacte, pratique sportive, intensité, musculature pour Samira Aït-Brahim (Koh-Lanta : Le Totem Maudit, 2022)","Rechercher: profession exacte, pratique sportive, intensité, musculature pour Samira Aït-Brahim (Koh-Lanta : Le Totem Maudit, 2022)","""Samira Aït-Brahim"" ""Koh-Lanta"" Koh-Lanta : Le Totem Maudit","""Samira Aït-Brahim"" Koh-Lanta  portrait métier sport","""Samira Aït-Brahim"" Koh-Lanta candidat candidature interview",NOT_STARTED,A_REVOIR
EXT_BATCH_006,6,KL25,Koh-Lanta : Le Totem Maudit,,KL25::benjamin breerette,Benjamin Breerette,MULTI_FIELD_RESEARCH,8,HIGH,"Rechercher: profession exacte, pratique sportive, intensité, musculature pour Benjamin Breerette (Koh-Lanta : Le Totem Maudit, 2022)","Rechercher: profession exacte, pratique sportive, intensité, musculature pour Benjamin Breerette (Koh-Lanta : Le Totem Maudit, 2022)","""Benjamin Breerette"" ""Koh-Lanta"" Koh-Lanta : Le Totem Maudit","""Benjamin Breerette"" Koh-Lanta  portrait métier sport","""Benjamin Breerette"" Koh-Lanta candidat candidature interview",NOT_STARTED,A_REVOIR
EXT_BATCH_006,6,KL25,Koh-Lanta : Le Totem Maudit,,KL25::stéphanie tribot,Stéphanie Tribot,MULTI_FIELD_RESEARCH,8,HIGH,"Rechercher: profession exacte, pratique sportive, intensité, musculature pour Stéphanie Tribot (Koh-Lanta : Le Totem Maudit, 2022)","Rechercher: profession exacte, pratique sportive, intensité, musculature pour Stéphanie Tribot (Koh-Lanta : Le Totem Maudit, 2022)","""Stéphanie Tribot"" ""Koh-Lanta"" Koh-Lanta : Le Totem Maudit","""Stéphanie Tribot"" Koh-Lanta  portrait métier sport","""Stéphanie Tribot"" Koh-Lanta candidat candidature interview",NOT_STARTED,A_REVOIR
EXT_BATCH_006,6,KL25,Koh-Lanta : Le Totem Maudit,,KL25::jean-philippe masy,Jean-Philippe Masy,MULTI_FIELD_RESEARCH,8,HIGH,"Rechercher: profession exacte, pratique sportive, intensité, musculature pour Jean-Philippe Masy (Koh-Lanta : Le Totem Maudit, 2022)","Rechercher: profession exacte, pratique sportive, intensité, musculature pour Jean-Philippe Masy (Koh-Lanta : Le Totem Maudit, 2022)","""Jean-Philippe Masy"" ""Koh-Lanta"" Koh-Lanta : Le Totem Maudit","""Jean-Philippe Masy"" Koh-Lanta  portrait métier sport","""Jean-Philippe Masy"" Koh-Lanta candidat candidature interview",NOT_STARTED,A_REVOIR
EXT_BATCH_006,6,KL25,Koh-Lanta : Le Totem Maudit,,KL25::alexandra élizé,Alexandra Élizé,MULTI_FIELD_RESEARCH,8,HIGH,"Rechercher: profession exacte, pratique sportive, intensité, musculature pour Alexandra Élizé (Koh-Lanta : Le Totem Maudit, 2022)","Rechercher: profession exacte, pratique sportive, intensité, musculature pour Alexandra Élizé (Koh-Lanta : Le Totem Maudit, 2022)","""Alexandra Élizé"" ""Koh-Lanta"" Koh-Lanta : Le Totem Maudit","""Alexandra Élizé"" Koh-Lanta  portrait métier sport","""Alexandra Élizé"" Koh-Lanta candidat candidature interview",NOT_STARTED,A_REVOIR
EXT_BATCH_006,6,KL25,Koh-Lanta : Le Totem Maudit,,KL25::setha el hajjami,Setha El Hajjami,MULTI_FIELD_RESEARCH,7,HIGH,"Rechercher: profession exacte, pratique sportive, intensité, musculature pour Setha El Hajjami (Koh-Lanta : Le Totem Maudit, 2022)","Rechercher: profession exacte, pratique sportive, intensité, musculature pour Setha El Hajjami (Koh-Lanta : Le Totem Maudit, 2022)","""Setha El Hajjami"" ""Koh-Lanta"" Koh-Lanta : Le Totem Maudit","""Setha El Hajjami"" Koh-Lanta  portrait métier sport","""Setha El Hajjami"" Koh-Lanta candidat candidature interview",NOT_STARTED,A_REVOIR
EXT_BATCH_006,6,KL25,Koh-Lanta : Le Totem Maudit,,KL25::colin mottas,Colin Mottas,MULTI_FIELD_RESEARCH,8,HIGH,"Rechercher: profession exacte, pratique sportive, intensité, musculature pour Colin Mottas (Koh-Lanta : Le Totem Maudit, 2022)","Rechercher: profession exacte, pratique sportive, intensité, musculature pour Colin Mottas (Koh-Lanta : Le Totem Maudit, 2022)","""Colin Mottas"" ""Koh-Lanta"" Koh-Lanta : Le Totem Maudit","""Colin Mottas"" Koh-Lanta  portrait métier sport","""Colin Mottas"" Koh-Lanta candidat candidature interview",NOT_STARTED,A_REVOIR
EXT_BATCH_006,6,KL25,Koh-Lanta : Le Totem Maudit,,KL25::pauline pourchaire,Pauline Pourchaire,MULTI_FIELD_RESEARCH,8,HIGH,"Rechercher: profession exacte, pratique sportive, intensité, musculature pour Pauline Pourchaire (Koh-Lanta : Le Totem Maudit, 2022)","Rechercher: profession exacte, pratique sportive, intensité, musculature pour Pauline Pourchaire (Koh-Lanta : Le Totem Maudit, 2022)","""Pauline Pourchaire"" ""Koh-Lanta"" Koh-Lanta : Le Totem Maudit","""Pauline Pourchaire"" Koh-Lanta  portrait métier sport","""Pauline Pourchaire"" Koh-Lanta candidat candidature interview",NOT_STARTED,A_REVOIR
EXT_BATCH_006,6,KL25,Koh-Lanta : Le Totem Maudit,,KL25::yannick zachée,Yannick Zachée,MULTI_FIELD_RESEARCH,8,HIGH,"Rechercher: profession exacte, pratique sportive, intensité, musculature pour Yannick Zachée (Koh-Lanta : Le Totem Maudit, 2022)","Rechercher: profession exacte, pratique sportive, intensité, musculature pour Yannick Zachée (Koh-Lanta : Le Totem Maudit, 2022)","""Yannick Zachée"" ""Koh-Lanta"" Koh-Lanta : Le Totem Maudit","""Yannick Zachée"" Koh-Lanta  portrait métier sport","""Yannick Zachée"" Koh-Lanta candidat candidature interview",NOT_STARTED,A_REVOIR
EXT_BATCH_006,6,KL25,Koh-Lanta : Le Totem Maudit,,KL25::anne-sophie mounier,Anne-Sophie Mounier,MULTI_FIELD_RESEARCH,8,HIGH,"Rechercher: profession exacte, pratique sportive, intensité, musculature pour Anne-Sophie Mounier (Koh-Lanta : Le Totem Maudit, 2022)","Rechercher: profession exacte, pratique sportive, intensité, musculature pour Anne-Sophie Mounier (Koh-Lanta : Le Totem Maudit, 2022)","""Anne-Sophie Mounier"" ""Koh-Lanta"" Koh-Lanta : Le Totem Maudit","""Anne-Sophie Mounier"" Koh-Lanta  portrait métier sport","""Anne-Sophie Mounier"" Koh-Lanta candidat candidature interview",NOT_STARTED,A_REVOIR
EXT_BATCH_006,6,KL25,Koh-Lanta : Le Totem Maudit,,KL25::maxime tournoux,Maxime Tournoux,MULTI_FIELD_RESEARCH,8,HIGH,"Rechercher: profession exacte, pratique sportive, intensité, musculature pour Maxime Tournoux (Koh-Lanta : Le Totem Maudit, 2022)","Rechercher: profession exacte, pratique sportive, intensité, musculature pour Maxime Tournoux (Koh-Lanta : Le Totem Maudit, 2022)","""Maxime Tournoux"" ""Koh-Lanta"" Koh-Lanta : Le Totem Maudit","""Maxime Tournoux"" Koh-Lanta  portrait métier sport","""Maxime Tournoux"" Koh-Lanta candidat candidature interview",NOT_STARTED,A_REVOIR
EXT_BATCH_006,6,KL25,Koh-Lanta : Le Totem Maudit,,KL25::louana roy,Louana Roy,MULTI_FIELD_RESEARCH,8,HIGH,"Rechercher: profession exacte, pratique sportive, intensité, musculature pour Louana Roy (Koh-Lanta : Le Totem Maudit, 2022)","Rechercher: profession exacte, pratique sportive, intensité, musculature pour Louana Roy (Koh-Lanta : Le Totem Maudit, 2022)","""Louana Roy"" ""Koh-Lanta"" Koh-Lanta : Le Totem Maudit","""Louana Roy"" Koh-Lanta  portrait métier sport","""Louana Roy"" Koh-Lanta candidat candidature interview",NOT_STARTED,A_REVOIR
EXT_BATCH_006,6,KL25,Koh-Lanta : Le Totem Maudit,,KL25::fouzi ould bouamama,Fouzi Ould Bouamama,MULTI_FIELD_RESEARCH,7,HIGH,"Rechercher: profession exacte, pratique sportive, intensité, musculature pour Fouzi Ould Bouamama (Koh-Lanta : Le Totem Maudit, 2022)","Rechercher: profession exacte, pratique sportive, intensité, musculature pour Fouzi Ould Bouamama (Koh-Lanta : Le Totem Maudit, 2022)","""Fouzi Ould Bouamama"" ""Koh-Lanta"" Koh-Lanta : Le Totem Maudit","""Fouzi Ould Bouamama"" Koh-Lanta  portrait métier sport","""Fouzi Ould Bouamama"" Koh-Lanta candidat candidature interview",NOT_STARTED,A_REVOIR
EXT_BATCH_006,6,KL25,Koh-Lanta : Le Totem Maudit,,KL25::nicolas bellon,Nicolas Bellon,MULTI_FIELD_RESEARCH,8,HIGH,"Rechercher: profession exacte, pratique sportive, intensité, musculature pour Nicolas Bellon (Koh-Lanta : Le Totem Maudit, 2022)","Rechercher: profession exacte, pratique sportive, intensité, musculature pour Nicolas Bellon (Koh-Lanta : Le Totem Maudit, 2022)","""Nicolas Bellon"" ""Koh-Lanta"" Koh-Lanta : Le Totem Maudit","""Nicolas Bellon"" Koh-Lanta  portrait métier sport","""Nicolas Bellon"" Koh-Lanta candidat candidature interview",NOT_STARTED,A_REVOIR
EXT_BATCH_006,6,KL25,Koh-Lanta : Le Totem Maudit,,KL25::olga khokhlova,Olga Khokhlova,MULTI_FIELD_RESEARCH,8,HIGH,"Rechercher: profession exacte, pratique sportive, intensité, musculature pour Olga Khokhlova (Koh-Lanta : Le Totem Maudit, 2022)","Rechercher: profession exacte, pratique sportive, intensité, musculature pour Olga Khokhlova (Koh-Lanta : Le Totem Maudit, 2022)","""Olga Khokhlova"" ""Koh-Lanta"" Koh-Lanta : Le Totem Maudit","""Olga Khokhlova"" Koh-Lanta  portrait métier sport","""Olga Khokhlova"" Koh-Lanta candidat candidature interview",NOT_STARTED,A_REVOIR
EXT_BATCH_006,6,KL25,Koh-Lanta : Le Totem Maudit,,KL25::ambre daudet,Ambre Daudet,MULTI_FIELD_RESEARCH,8,HIGH,"Rechercher: profession exacte, pratique sportive, intensité, musculature pour Ambre Daudet (Koh-Lanta : Le Totem Maudit, 2022)","Rechercher: profession exacte, pratique sportive, intensité, musculature pour Ambre Daudet (Koh-Lanta : Le Totem Maudit, 2022)","""Ambre Daudet"" ""Koh-Lanta"" Koh-Lanta : Le Totem Maudit","""Ambre Daudet"" Koh-Lanta  portrait métier sport","""Ambre Daudet"" Koh-Lanta candidat candidature interview",NOT_STARTED,A_REVOIR
EXT_BATCH_006,6,KL25,Koh-Lanta : Le Totem Maudit,,KL25::jean-charles chatelus,Jean-Charles Chatelus,MULTI_FIELD_RESEARCH,8,HIGH,"Rechercher: profession exacte, pratique sportive, intensité, musculature pour Jean-Charles Chatelus (Koh-Lanta : Le Totem Maudit, 2022)","Rechercher: profession exacte, pratique sportive, intensité, musculature pour Jean-Charles Chatelus (Koh-Lanta : Le Totem Maudit, 2022)","""Jean-Charles Chatelus"" ""Koh-Lanta"" Koh-Lanta : Le Totem Maudit","""Jean-Charles Chatelus"" Koh-Lanta  portrait métier sport","""Jean-Charles Chatelus"" Koh-Lanta candidat candidature interview",NOT_STARTED,A_REVOIR
EXT_BATCH_007,7,KL25,Koh-Lanta : Le Totem Maudit,,KL25::géraldine nicolle,Géraldine Nicolle,MULTI_FIELD_RESEARCH,8,HIGH,"Rechercher: profession exacte, pratique sportive, intensité, musculature pour Géraldine Nicolle (Koh-Lanta : Le Totem Maudit, 2022)","Rechercher: profession exacte, pratique sportive, intensité, musculature pour Géraldine Nicolle (Koh-Lanta : Le Totem Maudit, 2022)","""Géraldine Nicolle"" ""Koh-Lanta"" Koh-Lanta : Le Totem Maudit","""Géraldine Nicolle"" Koh-Lanta  portrait métier sport","""Géraldine Nicolle"" Koh-Lanta candidat candidature interview",NOT_STARTED,A_REVOIR
EXT_BATCH_007,7,KL25,Koh-Lanta : Le Totem Maudit,,KL25::bastien san pedro,Bastien San Pedro,MULTI_FIELD_RESEARCH,7,HIGH,"Rechercher: profession exacte, pratique sportive, intensité, musculature pour Bastien San Pedro (Koh-Lanta : Le Totem Maudit, 2022)","Rechercher: profession exacte, pratique sportive, intensité, musculature pour Bastien San Pedro (Koh-Lanta : Le Totem Maudit, 2022)","""Bastien San Pedro"" ""Koh-Lanta"" Koh-Lanta : Le Totem Maudit","""Bastien San Pedro"" Koh-Lanta  portrait métier sport","""Bastien San Pedro"" Koh-Lanta candidat candidature interview",NOT_STARTED,A_REVOIR
EXT_BATCH_007,7,KL25,Koh-Lanta : Le Totem Maudit,,KL25::françois descamp,François Descamp,MULTI_FIELD_RESEARCH,8,HIGH,"Rechercher: profession exacte, pratique sportive, intensité, musculature pour François Descamp (Koh-Lanta : Le Totem Maudit, 2022)","Rechercher: profession exacte, pratique sportive, intensité, musculature pour François Descamp (Koh-Lanta : Le Totem Maudit, 2022)","""François Descamp"" ""Koh-Lanta"" Koh-Lanta : Le Totem Maudit","""François Descamp"" Koh-Lanta  portrait métier sport","""François Descamp"" Koh-Lanta candidat candidature interview",NOT_STARTED,A_REVOIR
EXT_BATCH_007,7,KL27,Koh-Lanta : Les Chasseurs d'Immunité,,KL27::steve grenier,Steve Grenier,MULTI_FIELD_RESEARCH,8,HIGH,"Rechercher: profession exacte, pratique sportive, intensité, musculature pour Steve Grenier (Koh-Lanta : Les Chasseurs d'Immunité, 2024)","Rechercher: profession exacte, pratique sportive, intensité, musculature pour Steve Grenier (Koh-Lanta : Les Chasseurs d'Immunité, 2024)","""Steve Grenier"" ""Koh-Lanta"" Koh-Lanta : Les Chasseurs d'Immunité","""Steve Grenier"" Koh-Lanta  portrait métier sport","""Steve Grenier"" Koh-Lanta candidat candidature interview",NOT_STARTED,A_REVOIR
EXT_BATCH_007,7,KL27,Koh-Lanta : Les Chasseurs d'Immunité,,KL27::alicia bouly,Alicia Bouly,MULTI_FIELD_RESEARCH,8,HIGH,"Rechercher: profession exacte, pratique sportive, intensité, musculature pour Alicia Bouly (Koh-Lanta : Les Chasseurs d'Immunité, 2024)","Rechercher: profession exacte, pratique sportive, intensité, musculature pour Alicia Bouly (Koh-Lanta : Les Chasseurs d'Immunité, 2024)","""Alicia Bouly"" ""Koh-Lanta"" Koh-Lanta : Les Chasseurs d'Immunité","""Alicia Bouly"" Koh-Lanta  portrait métier sport","""Alicia Bouly"" Koh-Lanta candidat candidature interview",NOT_STARTED,A_REVOIR
EXT_BATCH_007,7,KL27,Koh-Lanta : Les Chasseurs d'Immunité,,KL27::nathalie suhard,Nathalie Suhard,MULTI_FIELD_RESEARCH,8,HIGH,"Rechercher: profession exacte, pratique sportive, intensité, musculature pour Nathalie Suhard (Koh-Lanta : Les Chasseurs d'Immunité, 2024)","Rechercher: profession exacte, pratique sportive, intensité, musculature pour Nathalie Suhard (Koh-Lanta : Les Chasseurs d'Immunité, 2024)","""Nathalie Suhard"" ""Koh-Lanta"" Koh-Lanta : Les Chasseurs d'Immunité","""Nathalie Suhard"" Koh-Lanta  portrait métier sport","""Nathalie Suhard"" Koh-Lanta candidat candidature interview",NOT_STARTED,A_REVOIR
EXT_BATCH_007,7,KL27,Koh-Lanta : Les Chasseurs d'Immunité,,KL27::william plancq,William Plancq,MULTI_FIELD_RESEARCH,8,HIGH,"Rechercher: profession exacte, pratique sportive, intensité, musculature pour William Plancq (Koh-Lanta : Les Chasseurs d'Immunité, 2024)","Rechercher: profession exacte, pratique sportive, intensité, musculature pour William Plancq (Koh-Lanta : Les Chasseurs d'Immunité, 2024)","""William Plancq"" ""Koh-Lanta"" Koh-Lanta : Les Chasseurs d'Immunité","""William Plancq"" Koh-Lanta  portrait métier sport","""William Plancq"" Koh-Lanta candidat candidature interview",NOT_STARTED,A_REVOIR
EXT_BATCH_007,7,KL27,Koh-Lanta : Les Chasseurs d'Immunité,,KL27::alexis tchernychev,Alexis Tchernychev,MULTI_FIELD_RESEARCH,8,HIGH,"Rechercher: profession exacte, pratique sportive, intensité, musculature pour Alexis Tchernychev (Koh-Lanta : Les Chasseurs d'Immunité, 2024)","Rechercher: profession exacte, pratique sportive, intensité, musculature pour Alexis Tchernychev (Koh-Lanta : Les Chasseurs d'Immunité, 2024)","""Alexis Tchernychev"" ""Koh-Lanta"" Koh-Lanta : Les Chasseurs d'Immunité","""Alexis Tchernychev"" Koh-Lanta  portrait métier sport","""Alexis Tchernychev"" Koh-Lanta candidat candidature interview",NOT_STARTED,A_REVOIR
EXT_BATCH_007,7,KL27,Koh-Lanta : Les Chasseurs d'Immunité,,KL27::émilie clavis,Émilie Clavis,MULTI_FIELD_RESEARCH,8,HIGH,"Rechercher: profession exacte, pratique sportive, intensité, musculature pour Émilie Clavis (Koh-Lanta : Les Chasseurs d'Immunité, 2024)","Rechercher: profession exacte, pratique sportive, intensité, musculature pour Émilie Clavis (Koh-Lanta : Les Chasseurs d'Immunité, 2024)","""Émilie Clavis"" ""Koh-Lanta"" Koh-Lanta : Les Chasseurs d'Immunité","""Émilie Clavis"" Koh-Lanta  portrait métier sport","""Émilie Clavis"" Koh-Lanta candidat candidature interview",NOT_STARTED,A_REVOIR
EXT_BATCH_007,7,KL27,Koh-Lanta : Les Chasseurs d'Immunité,,KL27::sarah diawara,Sarah Diawara,MULTI_FIELD_RESEARCH,8,HIGH,"Rechercher: profession exacte, pratique sportive, intensité, musculature pour Sarah Diawara (Koh-Lanta : Les Chasseurs d'Immunité, 2024)","Rechercher: profession exacte, pratique sportive, intensité, musculature pour Sarah Diawara (Koh-Lanta : Les Chasseurs d'Immunité, 2024)","""Sarah Diawara"" ""Koh-Lanta"" Koh-Lanta : Les Chasseurs d'Immunité","""Sarah Diawara"" Koh-Lanta  portrait métier sport","""Sarah Diawara"" Koh-Lanta candidat candidature interview",NOT_STARTED,A_REVOIR
EXT_BATCH_007,7,KL27,Koh-Lanta : Les Chasseurs d'Immunité,,KL27::maxime barbet,Maxime Barbet,MULTI_FIELD_RESEARCH,8,HIGH,"Rechercher: profession exacte, pratique sportive, intensité, musculature pour Maxime Barbet (Koh-Lanta : Les Chasseurs d'Immunité, 2024)","Rechercher: profession exacte, pratique sportive, intensité, musculature pour Maxime Barbet (Koh-Lanta : Les Chasseurs d'Immunité, 2024)","""Maxime Barbet"" ""Koh-Lanta"" Koh-Lanta : Les Chasseurs d'Immunité","""Maxime Barbet"" Koh-Lanta  portrait métier sport","""Maxime Barbet"" Koh-Lanta candidat candidature interview",NOT_STARTED,A_REVOIR
EXT_BATCH_007,7,KL27,Koh-Lanta : Les Chasseurs d'Immunité,,KL27::ricky poyet,Ricky Poyet,MULTI_FIELD_RESEARCH,8,HIGH,"Rechercher: profession exacte, pratique sportive, intensité, musculature pour Ricky Poyet (Koh-Lanta : Les Chasseurs d'Immunité, 2024)","Rechercher: profession exacte, pratique sportive, intensité, musculature pour Ricky Poyet (Koh-Lanta : Les Chasseurs d'Immunité, 2024)","""Ricky Poyet"" ""Koh-Lanta"" Koh-Lanta : Les Chasseurs d'Immunité","""Ricky Poyet"" Koh-Lanta  portrait métier sport","""Ricky Poyet"" Koh-Lanta candidat candidature interview",NOT_STARTED,A_REVOIR
EXT_BATCH_007,7,KL27,Koh-Lanta : Les Chasseurs d'Immunité,,KL27::léa notardonato,Léa Notardonato,MULTI_FIELD_RESEARCH,8,HIGH,"Rechercher: profession exacte, pratique sportive, intensité, musculature pour Léa Notardonato (Koh-Lanta : Les Chasseurs d'Immunité, 2024)","Rechercher: profession exacte, pratique sportive, intensité, musculature pour Léa Notardonato (Koh-Lanta : Les Chasseurs d'Immunité, 2024)","""Léa Notardonato"" ""Koh-Lanta"" Koh-Lanta : Les Chasseurs d'Immunité","""Léa Notardonato"" Koh-Lanta  portrait métier sport","""Léa Notardonato"" Koh-Lanta candidat candidature interview",NOT_STARTED,A_REVOIR
EXT_BATCH_007,7,KL27,Koh-Lanta : Les Chasseurs d'Immunité,,KL27::océane montenegro,Océane Montenegro,MULTI_FIELD_RESEARCH,8,HIGH,"Rechercher: profession exacte, pratique sportive, intensité, musculature pour Océane Montenegro (Koh-Lanta : Les Chasseurs d'Immunité, 2024)","Rechercher: profession exacte, pratique sportive, intensité, musculature pour Océane Montenegro (Koh-Lanta : Les Chasseurs d'Immunité, 2024)","""Océane Montenegro"" ""Koh-Lanta"" Koh-Lanta : Les Chasseurs d'Immunité","""Océane Montenegro"" Koh-Lanta  portrait métier sport","""Océane Montenegro"" Koh-Lanta candidat candidature interview",NOT_STARTED,A_REVOIR
EXT_BATCH_007,7,KL27,Koh-Lanta : Les Chasseurs d'Immunité,,KL27::cécile poprawa,Cécile Poprawa,MULTI_FIELD_RESEARCH,8,HIGH,"Rechercher: profession exacte, pratique sportive, intensité, musculature pour Cécile Poprawa (Koh-Lanta : Les Chasseurs d'Immunité, 2024)","Rechercher: profession exacte, pratique sportive, intensité, musculature pour Cécile Poprawa (Koh-Lanta : Les Chasseurs d'Immunité, 2024)","""Cécile Poprawa"" ""Koh-Lanta"" Koh-Lanta : Les Chasseurs d'Immunité","""Cécile Poprawa"" Koh-Lanta  portrait métier sport","""Cécile Poprawa"" Koh-Lanta candidat candidature interview",NOT_STARTED,A_REVOIR
EXT_BATCH_007,7,KL27,Koh-Lanta : Les Chasseurs d'Immunité,,KL27::sébastien cazaux returned to game,Sébastien Cazaux Returned to Game,MULTI_FIELD_RESEARCH,7,HIGH,"Rechercher: profession exacte, pratique sportive, intensité, musculature pour Sébastien Cazaux Returned to Game (Koh-Lanta : Les Chasseurs d'Immunité, 2024)","Rechercher: profession exacte, pratique sportive, intensité, musculature pour Sébastien Cazaux Returned to Game (Koh-Lanta : Les Chasseurs d'Immunité, 2024)","""Sébastien Cazaux Returned to Game"" ""Koh-Lanta"" Koh-Lanta : Les Chasseurs d'Immunité","""Sébastien Cazaux Returned to Game"" Koh-Lanta  portrait métier sport","""Sébastien Cazaux Returned to Game"" Koh-Lanta candidat candidature interview",NOT_STARTED,A_REVOIR
EXT_BATCH_007,7,KL27,Koh-Lanta : Les Chasseurs d'Immunité,,KL27::aurélien dulau,Aurélien Dulau,MULTI_FIELD_RESEARCH,8,HIGH,"Rechercher: profession exacte, pratique sportive, intensité, musculature pour Aurélien Dulau (Koh-Lanta : Les Chasseurs d'Immunité, 2024)","Rechercher: profession exacte, pratique sportive, intensité, musculature pour Aurélien Dulau (Koh-Lanta : Les Chasseurs d'Immunité, 2024)","""Aurélien Dulau"" ""Koh-Lanta"" Koh-Lanta : Les Chasseurs d'Immunité","""Aurélien Dulau"" Koh-Lanta  portrait métier sport","""Aurélien Dulau"" Koh-Lanta candidat candidature interview",NOT_STARTED,A_REVOIR
EXT_BATCH_007,7,KL27,Koh-Lanta : Les Chasseurs d'Immunité,,KL27::jean belmonte,Jean Belmonte,MULTI_FIELD_RESEARCH,8,HIGH,"Rechercher: profession exacte, pratique sportive, intensité, musculature pour Jean Belmonte (Koh-Lanta : Les Chasseurs d'Immunité, 2024)","Rechercher: profession exacte, pratique sportive, intensité, musculature pour Jean Belmonte (Koh-Lanta : Les Chasseurs d'Immunité, 2024)","""Jean Belmonte"" ""Koh-Lanta"" Koh-Lanta : Les Chasseurs d'Immunité","""Jean Belmonte"" Koh-Lanta  portrait métier sport","""Jean Belmonte"" Koh-Lanta candidat candidature interview",NOT_STARTED,A_REVOIR
EXT_BATCH_007,7,KL27,Koh-Lanta : Les Chasseurs d'Immunité,,KL27::mégane rouland,Mégane Rouland,MULTI_FIELD_RESEARCH,8,HIGH,"Rechercher: profession exacte, pratique sportive, intensité, musculature pour Mégane Rouland (Koh-Lanta : Les Chasseurs d'Immunité, 2024)","Rechercher: profession exacte, pratique sportive, intensité, musculature pour Mégane Rouland (Koh-Lanta : Les Chasseurs d'Immunité, 2024)","""Mégane Rouland"" ""Koh-Lanta"" Koh-Lanta : Les Chasseurs d'Immunité","""Mégane Rouland"" Koh-Lanta  portrait métier sport","""Mégane Rouland"" Koh-Lanta candidat candidature interview",NOT_STARTED,A_REVOIR
EXT_BATCH_007,7,KL27,Koh-Lanta : Les Chasseurs d'Immunité,,KL27::david murail,David Murail,MULTI_FIELD_RESEARCH,8,HIGH,"Rechercher: profession exacte, pratique sportive, intensité, musculature pour David Murail (Koh-Lanta : Les Chasseurs d'Immunité, 2024)","Rechercher: profession exacte, pratique sportive, intensité, musculature pour David Murail (Koh-Lanta : Les Chasseurs d'Immunité, 2024)","""David Murail"" ""Koh-Lanta"" Koh-Lanta : Les Chasseurs d'Immunité","""David Murail"" Koh-Lanta  portrait métier sport","""David Murail"" Koh-Lanta candidat candidature interview",NOT_STARTED,A_REVOIR
EXT_BATCH_008,8,KL27,Koh-Lanta : Les Chasseurs d'Immunité,,KL27::sébastien cazaux,Sébastien Cazaux,MULTI_FIELD_RESEARCH,8,HIGH,"Rechercher: profession exacte, pratique sportive, intensité, musculature pour Sébastien Cazaux (Koh-Lanta : Les Chasseurs d'Immunité, 2024)","Rechercher: profession exacte, pratique sportive, intensité, musculature pour Sébastien Cazaux (Koh-Lanta : Les Chasseurs d'Immunité, 2024)","""Sébastien Cazaux"" ""Koh-Lanta"" Koh-Lanta : Les Chasseurs d'Immunité","""Sébastien Cazaux"" Koh-Lanta  portrait métier sport","""Sébastien Cazaux"" Koh-Lanta candidat candidature interview",NOT_STARTED,A_REVOIR
EXT_BATCH_008,8,KL27,Koh-Lanta : Les Chasseurs d'Immunité,,KL27::amri madani,Amri Madani,MULTI_FIELD_RESEARCH,8,HIGH,"Rechercher: profession exacte, pratique sportive, intensité, musculature pour Amri Madani (Koh-Lanta : Les Chasseurs d'Immunité, 2024)","Rechercher: profession exacte, pratique sportive, intensité, musculature pour Amri Madani (Koh-Lanta : Les Chasseurs d'Immunité, 2024)","""Amri Madani"" ""Koh-Lanta"" Koh-Lanta : Les Chasseurs d'Immunité","""Amri Madani"" Koh-Lanta  portrait métier sport","""Amri Madani"" Koh-Lanta candidat candidature interview",NOT_STARTED,A_REVOIR
EXT_BATCH_008,8,KL27,Koh-Lanta : Les Chasseurs d'Immunité,,KL27::pauline bonneil,Pauline Bonneil,MULTI_FIELD_RESEARCH,8,HIGH,"Rechercher: profession exacte, pratique sportive, intensité, musculature pour Pauline Bonneil (Koh-Lanta : Les Chasseurs d'Immunité, 2024)","Rechercher: profession exacte, pratique sportive, intensité, musculature pour Pauline Bonneil (Koh-Lanta : Les Chasseurs d'Immunité, 2024)","""Pauline Bonneil"" ""Koh-Lanta"" Koh-Lanta : Les Chasseurs d'Immunité","""Pauline Bonneil"" Koh-Lanta  portrait métier sport","""Pauline Bonneil"" Koh-Lanta candidat candidature interview",NOT_STARTED,A_REVOIR
EXT_BATCH_008,8,KL27,Koh-Lanta : Les Chasseurs d'Immunité,,KL27::julie rignault,Julie Rignault,MULTI_FIELD_RESEARCH,8,HIGH,"Rechercher: profession exacte, pratique sportive, intensité, musculature pour Julie Rignault (Koh-Lanta : Les Chasseurs d'Immunité, 2024)","Rechercher: profession exacte, pratique sportive, intensité, musculature pour Julie Rignault (Koh-Lanta : Les Chasseurs d'Immunité, 2024)","""Julie Rignault"" ""Koh-Lanta"" Koh-Lanta : Les Chasseurs d'Immunité","""Julie Rignault"" Koh-Lanta  portrait métier sport","""Julie Rignault"" Koh-Lanta candidat candidature interview",NOT_STARTED,A_REVOIR
EXT_BATCH_008,8,KL27,Koh-Lanta : Les Chasseurs d'Immunité,,KL27::meïssa seck,Meïssa Seck,MULTI_FIELD_RESEARCH,8,HIGH,"Rechercher: profession exacte, pratique sportive, intensité, musculature pour Meïssa Seck (Koh-Lanta : Les Chasseurs d'Immunité, 2024)","Rechercher: profession exacte, pratique sportive, intensité, musculature pour Meïssa Seck (Koh-Lanta : Les Chasseurs d'Immunité, 2024)","""Meïssa Seck"" ""Koh-Lanta"" Koh-Lanta : Les Chasseurs d'Immunité","""Meïssa Seck"" Koh-Lanta  portrait métier sport","""Meïssa Seck"" Koh-Lanta candidat candidature interview",NOT_STARTED,A_REVOIR
EXT_BATCH_008,8,KL27,Koh-Lanta : Les Chasseurs d'Immunité,,KL27::léa sahin,Léa Sahin,MULTI_FIELD_RESEARCH,8,HIGH,"Rechercher: profession exacte, pratique sportive, intensité, musculature pour Léa Sahin (Koh-Lanta : Les Chasseurs d'Immunité, 2024)","Rechercher: profession exacte, pratique sportive, intensité, musculature pour Léa Sahin (Koh-Lanta : Les Chasseurs d'Immunité, 2024)","""Léa Sahin"" ""Koh-Lanta"" Koh-Lanta : Les Chasseurs d'Immunité","""Léa Sahin"" Koh-Lanta  portrait métier sport","""Léa Sahin"" Koh-Lanta candidat candidature interview",NOT_STARTED,A_REVOIR
EXT_BATCH_008,8,KL31,Koh-Lanta : L'Île au trésor,,KL31::myriam zenasni,Myriam Zenasni,MULTI_FIELD_RESEARCH,8,HIGH,"Rechercher: profession exacte, pratique sportive, intensité, musculature pour Myriam Zenasni (Koh-Lanta : L'Île au trésor, 2016)","Rechercher: profession exacte, pratique sportive, intensité, musculature pour Myriam Zenasni (Koh-Lanta : L'Île au trésor, 2016)","""Myriam Zenasni"" ""Koh-Lanta"" Koh-Lanta : L'Île au trésor","""Myriam Zenasni"" Koh-Lanta  portrait métier sport","""Myriam Zenasni"" Koh-Lanta candidat candidature interview",NOT_STARTED,A_REVOIR
EXT_BATCH_008,8,KL31,Koh-Lanta : L'Île au trésor,,KL31::amandine schmitt,Amandine Schmitt,MULTI_FIELD_RESEARCH,8,HIGH,"Rechercher: profession exacte, pratique sportive, intensité, musculature pour Amandine Schmitt (Koh-Lanta : L'Île au trésor, 2016)","Rechercher: profession exacte, pratique sportive, intensité, musculature pour Amandine Schmitt (Koh-Lanta : L'Île au trésor, 2016)","""Amandine Schmitt"" ""Koh-Lanta"" Koh-Lanta : L'Île au trésor","""Amandine Schmitt"" Koh-Lanta  portrait métier sport","""Amandine Schmitt"" Koh-Lanta candidat candidature interview",NOT_STARTED,A_REVOIR
EXT_BATCH_008,8,KL31,Koh-Lanta : L'Île au trésor,,KL31::sophie le nestic sabattier,Sophie Le Nestic Sabattier,MULTI_FIELD_RESEARCH,7,HIGH,"Rechercher: profession exacte, pratique sportive, intensité, musculature pour Sophie Le Nestic Sabattier (Koh-Lanta : L'Île au trésor, 2016)","Rechercher: profession exacte, pratique sportive, intensité, musculature pour Sophie Le Nestic Sabattier (Koh-Lanta : L'Île au trésor, 2016)","""Sophie Le Nestic Sabattier"" ""Koh-Lanta"" Koh-Lanta : L'Île au trésor","""Sophie Le Nestic Sabattier"" Koh-Lanta  portrait métier sport","""Sophie Le Nestic Sabattier"" Koh-Lanta candidat candidature interview",NOT_STARTED,A_REVOIR
EXT_BATCH_008,8,KL31,Koh-Lanta : L'Île au trésor,,KL31::sandrine bouzekri,Sandrine Bouzekri,MULTI_FIELD_RESEARCH,8,HIGH,"Rechercher: profession exacte, pratique sportive, intensité, musculature pour Sandrine Bouzekri (Koh-Lanta : L'Île au trésor, 2016)","Rechercher: profession exacte, pratique sportive, intensité, musculature pour Sandrine Bouzekri (Koh-Lanta : L'Île au trésor, 2016)","""Sandrine Bouzekri"" ""Koh-Lanta"" Koh-Lanta : L'Île au trésor","""Sandrine Bouzekri"" Koh-Lanta  portrait métier sport","""Sandrine Bouzekri"" Koh-Lanta candidat candidature interview",NOT_STARTED,A_REVOIR
EXT_BATCH_008,8,KL31,Koh-Lanta : L'Île au trésor,,KL31::laurent mischkind,Laurent Mischkind,MULTI_FIELD_RESEARCH,8,HIGH,"Rechercher: profession exacte, pratique sportive, intensité, musculature pour Laurent Mischkind (Koh-Lanta : L'Île au trésor, 2016)","Rechercher: profession exacte, pratique sportive, intensité, musculature pour Laurent Mischkind (Koh-Lanta : L'Île au trésor, 2016)","""Laurent Mischkind"" ""Koh-Lanta"" Koh-Lanta : L'Île au trésor","""Laurent Mischkind"" Koh-Lanta  portrait métier sport","""Laurent Mischkind"" Koh-Lanta candidat candidature interview",NOT_STARTED,A_REVOIR
EXT_BATCH_008,8,KL31,Koh-Lanta : L'Île au trésor,,KL31::jean-luc duboscq,Jean-Luc Duboscq,MULTI_FIELD_RESEARCH,8,HIGH,"Rechercher: profession exacte, pratique sportive, intensité, musculature pour Jean-Luc Duboscq (Koh-Lanta : L'Île au trésor, 2016)","Rechercher: profession exacte, pratique sportive, intensité, musculature pour Jean-Luc Duboscq (Koh-Lanta : L'Île au trésor, 2016)","""Jean-Luc Duboscq"" ""Koh-Lanta"" Koh-Lanta : L'Île au trésor","""Jean-Luc Duboscq"" Koh-Lanta  portrait métier sport","""Jean-Luc Duboscq"" Koh-Lanta candidat candidature interview",NOT_STARTED,A_REVOIR
EXT_BATCH_008,8,KL31,Koh-Lanta : L'Île au trésor,,KL31::jérôme merlier,Jérôme Merlier,MULTI_FIELD_RESEARCH,8,HIGH,"Rechercher: profession exacte, pratique sportive, intensité, musculature pour Jérôme Merlier (Koh-Lanta : L'Île au trésor, 2016)","Rechercher: profession exacte, pratique sportive, intensité, musculature pour Jérôme Merlier (Koh-Lanta : L'Île au trésor, 2016)","""Jérôme Merlier"" ""Koh-Lanta"" Koh-Lanta : L'Île au trésor","""Jérôme Merlier"" Koh-Lanta  portrait métier sport","""Jérôme Merlier"" Koh-Lanta candidat candidature interview",NOT_STARTED,A_REVOIR
EXT_BATCH_008,8,KL31,Koh-Lanta : L'Île au trésor,,"KL31::laurent ""lau"" émilien","Laurent ""Lau"" Émilien",MULTI_FIELD_RESEARCH,7,HIGH,"Rechercher: profession exacte, pratique sportive, intensité, musculature pour Laurent ""Lau"" Émilien (Koh-Lanta : L'Île au trésor, 2016)","Rechercher: profession exacte, pratique sportive, intensité, musculature pour Laurent ""Lau"" Émilien (Koh-Lanta : L'Île au trésor, 2016)","""Laurent ""Lau"" Émilien"" ""Koh-Lanta"" Koh-Lanta : L'Île au trésor","""Laurent ""Lau"" Émilien"" Koh-Lanta  portrait métier sport","""Laurent ""Lau"" Émilien"" Koh-Lanta candidat candidature interview",NOT_STARTED,A_REVOIR
EXT_BATCH_008,8,KL31,Koh-Lanta : L'Île au trésor,,KL31::béryl libault de la chevasnerie,Béryl Libault de la Chevasnerie,MULTI_FIELD_RESEARCH,7,HIGH,"Rechercher: profession exacte, pratique sportive, intensité, musculature pour Béryl Libault de la Chevasnerie (Koh-Lanta : L'Île au trésor, 2016)","Rechercher: profession exacte, pratique sportive, intensité, musculature pour Béryl Libault de la Chevasnerie (Koh-Lanta : L'Île au trésor, 2016)","""Béryl Libault de la Chevasnerie"" ""Koh-Lanta"" Koh-Lanta : L'Île au trésor","""Béryl Libault de la Chevasnerie"" Koh-Lanta  portrait métier sport","""Béryl Libault de la Chevasnerie"" Koh-Lanta candidat candidature interview",NOT_STARTED,A_REVOIR
EXT_BATCH_008,8,KL31,Koh-Lanta : L'Île au trésor,,KL31::alexandra pharisien,Alexandra Pharisien,MULTI_FIELD_RESEARCH,8,HIGH,"Rechercher: profession exacte, pratique sportive, intensité, musculature pour Alexandra Pharisien (Koh-Lanta : L'Île au trésor, 2016)","Rechercher: profession exacte, pratique sportive, intensité, musculature pour Alexandra Pharisien (Koh-Lanta : L'Île au trésor, 2016)","""Alexandra Pharisien"" ""Koh-Lanta"" Koh-Lanta : L'Île au trésor","""Alexandra Pharisien"" Koh-Lanta  portrait métier sport","""Alexandra Pharisien"" Koh-Lanta candidat candidature interview",NOT_STARTED,A_REVOIR
EXT_BATCH_008,8,KL31,Koh-Lanta : L'Île au trésor,,KL31::yannick delalleau,Yannick Delalleau,MULTI_FIELD_RESEARCH,8,HIGH,"Rechercher: profession exacte, pratique sportive, intensité, musculature pour Yannick Delalleau (Koh-Lanta : L'Île au trésor, 2016)","Rechercher: profession exacte, pratique sportive, intensité, musculature pour Yannick Delalleau (Koh-Lanta : L'Île au trésor, 2016)","""Yannick Delalleau"" ""Koh-Lanta"" Koh-Lanta : L'Île au trésor","""Yannick Delalleau"" Koh-Lanta  portrait métier sport","""Yannick Delalleau"" Koh-Lanta candidat candidature interview",NOT_STARTED,A_REVOIR
EXT_BATCH_008,8,KL31,Koh-Lanta : L'Île au trésor,,KL31::julie navarro-camilleri,Julie Navarro-Camilleri,MULTI_FIELD_RESEARCH,8,HIGH,"Rechercher: profession exacte, pratique sportive, intensité, musculature pour Julie Navarro-Camilleri (Koh-Lanta : L'Île au trésor, 2016)","Rechercher: profession exacte, pratique sportive, intensité, musculature pour Julie Navarro-Camilleri (Koh-Lanta : L'Île au trésor, 2016)","""Julie Navarro-Camilleri"" ""Koh-Lanta"" Koh-Lanta : L'Île au trésor","""Julie Navarro-Camilleri"" Koh-Lanta  portrait métier sport","""Julie Navarro-Camilleri"" Koh-Lanta candidat candidature interview",NOT_STARTED,A_REVOIR
EXT_BATCH_008,8,KL31,Koh-Lanta : L'Île au trésor,,KL31::jérémy raffin,Jérémy Raffin,MULTI_FIELD_RESEARCH,8,HIGH,"Rechercher: profession exacte, pratique sportive, intensité, musculature pour Jérémy Raffin (Koh-Lanta : L'Île au trésor, 2016)","Rechercher: profession exacte, pratique sportive, intensité, musculature pour Jérémy Raffin (Koh-Lanta : L'Île au trésor, 2016)","""Jérémy Raffin"" ""Koh-Lanta"" Koh-Lanta : L'Île au trésor","""Jérémy Raffin"" Koh-Lanta  portrait métier sport","""Jérémy Raffin"" Koh-Lanta candidat candidature interview",NOT_STARTED,A_REVOIR
EXT_BATCH_008,8,KL31,Koh-Lanta : L'Île au trésor,,KL31::stéphane cipolla,Stéphane Cipolla,MULTI_FIELD_RESEARCH,8,HIGH,"Rechercher: profession exacte, pratique sportive, intensité, musculature pour Stéphane Cipolla (Koh-Lanta : L'Île au trésor, 2016)","Rechercher: profession exacte, pratique sportive, intensité, musculature pour Stéphane Cipolla (Koh-Lanta : L'Île au trésor, 2016)","""Stéphane Cipolla"" ""Koh-Lanta"" Koh-Lanta : L'Île au trésor","""Stéphane Cipolla"" Koh-Lanta  portrait métier sport","""Stéphane Cipolla"" Koh-Lanta candidat candidature interview",NOT_STARTED,A_REVOIR
EXT_BATCH_009,9,KL31,Koh-Lanta : L'Île au trésor,,KL31::ludivine wiart,Ludivine Wiart,MULTI_FIELD_RESEARCH,8,HIGH,"Rechercher: profession exacte, pratique sportive, intensité, musculature pour Ludivine Wiart (Koh-Lanta : L'Île au trésor, 2016)","Rechercher: profession exacte, pratique sportive, intensité, musculature pour Ludivine Wiart (Koh-Lanta : L'Île au trésor, 2016)","""Ludivine Wiart"" ""Koh-Lanta"" Koh-Lanta : L'Île au trésor","""Ludivine Wiart"" Koh-Lanta  portrait métier sport","""Ludivine Wiart"" Koh-Lanta candidat candidature interview",NOT_STARTED,A_REVOIR
EXT_BATCH_009,9,KL31,Koh-Lanta : L'Île au trésor,,KL31::candice boisson,Candice Boisson,MULTI_FIELD_RESEARCH,8,HIGH,"Rechercher: profession exacte, pratique sportive, intensité, musculature pour Candice Boisson (Koh-Lanta : L'Île au trésor, 2016)","Rechercher: profession exacte, pratique sportive, intensité, musculature pour Candice Boisson (Koh-Lanta : L'Île au trésor, 2016)","""Candice Boisson"" ""Koh-Lanta"" Koh-Lanta : L'Île au trésor","""Candice Boisson"" Koh-Lanta  portrait métier sport","""Candice Boisson"" Koh-Lanta candidat candidature interview",NOT_STARTED,A_REVOIR
EXT_BATCH_009,9,KL31,Koh-Lanta : L'Île au trésor,,KL31::bruno troester,Bruno Troester,MULTI_FIELD_RESEARCH,8,HIGH,"Rechercher: profession exacte, pratique sportive, intensité, musculature pour Bruno Troester (Koh-Lanta : L'Île au trésor, 2016)","Rechercher: profession exacte, pratique sportive, intensité, musculature pour Bruno Troester (Koh-Lanta : L'Île au trésor, 2016)","""Bruno Troester"" ""Koh-Lanta"" Koh-Lanta : L'Île au trésor","""Bruno Troester"" Koh-Lanta  portrait métier sport","""Bruno Troester"" Koh-Lanta candidat candidature interview",NOT_STARTED,A_REVOIR
EXT_BATCH_009,9,KL31,Koh-Lanta : L'Île au trésor,,KL31::freddy bolzer,Freddy Bolzer,MULTI_FIELD_RESEARCH,8,HIGH,"Rechercher: profession exacte, pratique sportive, intensité, musculature pour Freddy Bolzer (Koh-Lanta : L'Île au trésor, 2016)","Rechercher: profession exacte, pratique sportive, intensité, musculature pour Freddy Bolzer (Koh-Lanta : L'Île au trésor, 2016)","""Freddy Bolzer"" ""Koh-Lanta"" Koh-Lanta : L'Île au trésor","""Freddy Bolzer"" Koh-Lanta  portrait métier sport","""Freddy Bolzer"" Koh-Lanta candidat candidature interview",NOT_STARTED,A_REVOIR
EXT_BATCH_009,9,KL31,Koh-Lanta : L'Île au trésor,,KL31::jesta hillmann,Jesta Hillmann,MULTI_FIELD_RESEARCH,8,HIGH,"Rechercher: profession exacte, pratique sportive, intensité, musculature pour Jesta Hillmann (Koh-Lanta : L'Île au trésor, 2016)","Rechercher: profession exacte, pratique sportive, intensité, musculature pour Jesta Hillmann (Koh-Lanta : L'Île au trésor, 2016)","""Jesta Hillmann"" ""Koh-Lanta"" Koh-Lanta : L'Île au trésor","""Jesta Hillmann"" Koh-Lanta  portrait métier sport","""Jesta Hillmann"" Koh-Lanta candidat candidature interview",NOT_STARTED,A_REVOIR
EXT_BATCH_009,9,KL31,Koh-Lanta : L'Île au trésor,,KL31::benoît assadi,Benoît Assadi,MULTI_FIELD_RESEARCH,8,HIGH,"Rechercher: profession exacte, pratique sportive, intensité, musculature pour Benoît Assadi (Koh-Lanta : L'Île au trésor, 2016)","Rechercher: profession exacte, pratique sportive, intensité, musculature pour Benoît Assadi (Koh-Lanta : L'Île au trésor, 2016)","""Benoît Assadi"" ""Koh-Lanta"" Koh-Lanta : L'Île au trésor","""Benoît Assadi"" Koh-Lanta  portrait métier sport","""Benoît Assadi"" Koh-Lanta candidat candidature interview",NOT_STARTED,A_REVOIR
EXT_BATCH_009,9,KL32,Koh-Lanta : Les 4 Terres,,KL32::françois,François,MULTI_FIELD_RESEARCH,8,HIGH,"Rechercher: profession exacte, pratique sportive, intensité, musculature pour François (Koh-Lanta : Les 4 Terres, 2020)","Rechercher: profession exacte, pratique sportive, intensité, musculature pour François (Koh-Lanta : Les 4 Terres, 2020)","""François"" ""Koh-Lanta"" Koh-Lanta : Les 4 Terres","""François"" Koh-Lanta  portrait métier sport","""François"" Koh-Lanta candidat candidature interview",NOT_STARTED,A_REVOIR
EXT_BATCH_009,9,KL32,Koh-Lanta : Les 4 Terres,,KL32::carole,Carole,MULTI_FIELD_RESEARCH,8,HIGH,"Rechercher: profession exacte, pratique sportive, intensité, musculature pour Carole (Koh-Lanta : Les 4 Terres, 2020)","Rechercher: profession exacte, pratique sportive, intensité, musculature pour Carole (Koh-Lanta : Les 4 Terres, 2020)","""Carole"" ""Koh-Lanta"" Koh-Lanta : Les 4 Terres","""Carole"" Koh-Lanta  portrait métier sport","""Carole"" Koh-Lanta candidat candidature interview",NOT_STARTED,A_REVOIR
EXT_BATCH_009,9,KL32,Koh-Lanta : Les 4 Terres,,KL32::samuel,Samuel,MULTI_FIELD_RESEARCH,8,HIGH,"Rechercher: profession exacte, pratique sportive, intensité, musculature pour Samuel (Koh-Lanta : Les 4 Terres, 2020)","Rechercher: profession exacte, pratique sportive, intensité, musculature pour Samuel (Koh-Lanta : Les 4 Terres, 2020)","""Samuel"" ""Koh-Lanta"" Koh-Lanta : Les 4 Terres","""Samuel"" Koh-Lanta  portrait métier sport","""Samuel"" Koh-Lanta candidat candidature interview",NOT_STARTED,A_REVOIR
EXT_BATCH_009,9,KL32,Koh-Lanta : Les 4 Terres,,KL32::diane,Diane,MULTI_FIELD_RESEARCH,8,HIGH,"Rechercher: profession exacte, pratique sportive, intensité, musculature pour Diane (Koh-Lanta : Les 4 Terres, 2020)","Rechercher: profession exacte, pratique sportive, intensité, musculature pour Diane (Koh-Lanta : Les 4 Terres, 2020)","""Diane"" ""Koh-Lanta"" Koh-Lanta : Les 4 Terres","""Diane"" Koh-Lanta  portrait métier sport","""Diane"" Koh-Lanta candidat candidature interview",NOT_STARTED,A_REVOIR
EXT_BATCH_009,9,KL32,Koh-Lanta : Les 4 Terres,,KL32::estelle,Estelle,MULTI_FIELD_RESEARCH,8,HIGH,"Rechercher: profession exacte, pratique sportive, intensité, musculature pour Estelle (Koh-Lanta : Les 4 Terres, 2020)","Rechercher: profession exacte, pratique sportive, intensité, musculature pour Estelle (Koh-Lanta : Les 4 Terres, 2020)","""Estelle"" ""Koh-Lanta"" Koh-Lanta : Les 4 Terres","""Estelle"" Koh-Lanta  portrait métier sport","""Estelle"" Koh-Lanta candidat candidature interview",NOT_STARTED,A_REVOIR
EXT_BATCH_009,9,KL32,Koh-Lanta : Les 4 Terres,,KL32::mathieu,Mathieu,MULTI_FIELD_RESEARCH,8,HIGH,"Rechercher: profession exacte, pratique sportive, intensité, musculature pour Mathieu (Koh-Lanta : Les 4 Terres, 2020)","Rechercher: profession exacte, pratique sportive, intensité, musculature pour Mathieu (Koh-Lanta : Les 4 Terres, 2020)","""Mathieu"" ""Koh-Lanta"" Koh-Lanta : Les 4 Terres","""Mathieu"" Koh-Lanta  portrait métier sport","""Mathieu"" Koh-Lanta candidat candidature interview",NOT_STARTED,A_REVOIR
EXT_BATCH_009,9,KL32,Koh-Lanta : Les 4 Terres,,KL32::adrien,Adrien,MULTI_FIELD_RESEARCH,8,HIGH,"Rechercher: profession exacte, pratique sportive, intensité, musculature pour Adrien (Koh-Lanta : Les 4 Terres, 2020)","Rechercher: profession exacte, pratique sportive, intensité, musculature pour Adrien (Koh-Lanta : Les 4 Terres, 2020)","""Adrien"" ""Koh-Lanta"" Koh-Lanta : Les 4 Terres","""Adrien"" Koh-Lanta  portrait métier sport","""Adrien"" Koh-Lanta candidat candidature interview",NOT_STARTED,A_REVOIR
EXT_BATCH_009,9,KL32,Koh-Lanta : Les 4 Terres,,KL32::aubin,Aubin,MULTI_FIELD_RESEARCH,8,HIGH,"Rechercher: profession exacte, pratique sportive, intensité, musculature pour Aubin (Koh-Lanta : Les 4 Terres, 2020)","Rechercher: profession exacte, pratique sportive, intensité, musculature pour Aubin (Koh-Lanta : Les 4 Terres, 2020)","""Aubin"" ""Koh-Lanta"" Koh-Lanta : Les 4 Terres","""Aubin"" Koh-Lanta  portrait métier sport","""Aubin"" Koh-Lanta candidat candidature interview",NOT_STARTED,A_REVOIR
EXT_BATCH_009,9,KL32,Koh-Lanta : Les 4 Terres,,KL32::sébastien,Sébastien,MULTI_FIELD_RESEARCH,8,HIGH,"Rechercher: profession exacte, pratique sportive, intensité, musculature pour Sébastien (Koh-Lanta : Les 4 Terres, 2020)","Rechercher: profession exacte, pratique sportive, intensité, musculature pour Sébastien (Koh-Lanta : Les 4 Terres, 2020)","""Sébastien"" ""Koh-Lanta"" Koh-Lanta : Les 4 Terres","""Sébastien"" Koh-Lanta  portrait métier sport","""Sébastien"" Koh-Lanta candidat candidature interview",NOT_STARTED,A_REVOIR
EXT_BATCH_009,9,KL32,Koh-Lanta : Les 4 Terres,,KL32::marie-france,Marie-France,MULTI_FIELD_RESEARCH,8,HIGH,"Rechercher: profession exacte, pratique sportive, intensité, musculature pour Marie-France (Koh-Lanta : Les 4 Terres, 2020)","Rechercher: profession exacte, pratique sportive, intensité, musculature pour Marie-France (Koh-Lanta : Les 4 Terres, 2020)","""Marie-France"" ""Koh-Lanta"" Koh-Lanta : Les 4 Terres","""Marie-France"" Koh-Lanta  portrait métier sport","""Marie-France"" Koh-Lanta candidat candidature interview",NOT_STARTED,A_REVOIR
EXT_BATCH_009,9,KL32,Koh-Lanta : Les 4 Terres,,KL32::hadja,Hadja,MULTI_FIELD_RESEARCH,8,HIGH,"Rechercher: profession exacte, pratique sportive, intensité, musculature pour Hadja (Koh-Lanta : Les 4 Terres, 2020)","Rechercher: profession exacte, pratique sportive, intensité, musculature pour Hadja (Koh-Lanta : Les 4 Terres, 2020)","""Hadja"" ""Koh-Lanta"" Koh-Lanta : Les 4 Terres","""Hadja"" Koh-Lanta  portrait métier sport","""Hadja"" Koh-Lanta candidat candidature interview",NOT_STARTED,A_REVOIR
EXT_BATCH_009,9,KL32,Koh-Lanta : Les 4 Terres,,KL32::bertrand-kamal († décédé avant la finale),Bertrand-Kamal († décédé avant la finale),MULTI_FIELD_RESEARCH,7,HIGH,"Rechercher: profession exacte, pratique sportive, intensité, musculature pour Bertrand-Kamal († décédé avant la finale) (Koh-Lanta : Les 4 Terres, 2020)","Rechercher: profession exacte, pratique sportive, intensité, musculature pour Bertrand-Kamal († décédé avant la finale) (Koh-Lanta : Les 4 Terres, 2020)","""Bertrand-Kamal († décédé avant la finale)"" ""Koh-Lanta"" Koh-Lanta : Les 4 Terres","""Bertrand-Kamal († décédé avant la finale)"" Koh-Lanta  portrait métier sport","""Bertrand-Kamal († décédé avant la finale)"" Koh-Lanta candidat candidature interview",NOT_STARTED,A_REVOIR
EXT_BATCH_009,9,KL32,Koh-Lanta : Les 4 Terres,,KL32::joaquina,Joaquina,MULTI_FIELD_RESEARCH,8,HIGH,"Rechercher: profession exacte, pratique sportive, intensité, musculature pour Joaquina (Koh-Lanta : Les 4 Terres, 2020)","Rechercher: profession exacte, pratique sportive, intensité, musculature pour Joaquina (Koh-Lanta : Les 4 Terres, 2020)","""Joaquina"" ""Koh-Lanta"" Koh-Lanta : Les 4 Terres","""Joaquina"" Koh-Lanta  portrait métier sport","""Joaquina"" Koh-Lanta candidat candidature interview",NOT_STARTED,A_REVOIR
EXT_BATCH_009,9,KL32,Koh-Lanta : Les 4 Terres,,KL32::jody,Jody,MULTI_FIELD_RESEARCH,8,HIGH,"Rechercher: profession exacte, pratique sportive, intensité, musculature pour Jody (Koh-Lanta : Les 4 Terres, 2020)","Rechercher: profession exacte, pratique sportive, intensité, musculature pour Jody (Koh-Lanta : Les 4 Terres, 2020)","""Jody"" ""Koh-Lanta"" Koh-Lanta : Les 4 Terres","""Jody"" Koh-Lanta  portrait métier sport","""Jody"" Koh-Lanta candidat candidature interview",NOT_STARTED,A_REVOIR
EXT_BATCH_010,10,KL32,Koh-Lanta : Les 4 Terres,,KL32::laurent,Laurent,MULTI_FIELD_RESEARCH,8,HIGH,"Rechercher: profession exacte, pratique sportive, intensité, musculature pour Laurent (Koh-Lanta : Les 4 Terres, 2020)","Rechercher: profession exacte, pratique sportive, intensité, musculature pour Laurent (Koh-Lanta : Les 4 Terres, 2020)","""Laurent"" ""Koh-Lanta"" Koh-Lanta : Les 4 Terres","""Laurent"" Koh-Lanta  portrait métier sport","""Laurent"" Koh-Lanta candidat candidature interview",NOT_STARTED,A_REVOIR
EXT_BATCH_010,10,KL32,Koh-Lanta : Les 4 Terres,,KL32::alix,Alix,MULTI_FIELD_RESEARCH,8,HIGH,"Rechercher: profession exacte, pratique sportive, intensité, musculature pour Alix (Koh-Lanta : Les 4 Terres, 2020)","Rechercher: profession exacte, pratique sportive, intensité, musculature pour Alix (Koh-Lanta : Les 4 Terres, 2020)","""Alix"" ""Koh-Lanta"" Koh-Lanta : Les 4 Terres","""Alix"" Koh-Lanta  portrait métier sport","""Alix"" Koh-Lanta candidat candidature interview",NOT_STARTED,A_REVOIR
EXT_BATCH_010,10,KL32,Koh-Lanta : Les 4 Terres,,KL32::fabrice,Fabrice,MULTI_FIELD_RESEARCH,8,HIGH,"Rechercher: profession exacte, pratique sportive, intensité, musculature pour Fabrice (Koh-Lanta : Les 4 Terres, 2020)","Rechercher: profession exacte, pratique sportive, intensité, musculature pour Fabrice (Koh-Lanta : Les 4 Terres, 2020)","""Fabrice"" ""Koh-Lanta"" Koh-Lanta : Les 4 Terres","""Fabrice"" Koh-Lanta  portrait métier sport","""Fabrice"" Koh-Lanta candidat candidature interview",NOT_STARTED,A_REVOIR
EXT_BATCH_010,10,KL32,Koh-Lanta : Les 4 Terres,,KL32::ava,Ava,MULTI_FIELD_RESEARCH,8,HIGH,"Rechercher: profession exacte, pratique sportive, intensité, musculature pour Ava (Koh-Lanta : Les 4 Terres, 2020)","Rechercher: profession exacte, pratique sportive, intensité, musculature pour Ava (Koh-Lanta : Les 4 Terres, 2020)","""Ava"" ""Koh-Lanta"" Koh-Lanta : Les 4 Terres","""Ava"" Koh-Lanta  portrait métier sport","""Ava"" Koh-Lanta candidat candidature interview",NOT_STARTED,A_REVOIR
EXT_BATCH_010,10,KL32,Koh-Lanta : Les 4 Terres,,KL32::angélique,Angélique,MULTI_FIELD_RESEARCH,8,HIGH,"Rechercher: profession exacte, pratique sportive, intensité, musculature pour Angélique (Koh-Lanta : Les 4 Terres, 2020)","Rechercher: profession exacte, pratique sportive, intensité, musculature pour Angélique (Koh-Lanta : Les 4 Terres, 2020)","""Angélique"" ""Koh-Lanta"" Koh-Lanta : Les 4 Terres","""Angélique"" Koh-Lanta  portrait métier sport","""Angélique"" Koh-Lanta candidat candidature interview",NOT_STARTED,A_REVOIR
EXT_BATCH_010,10,KL32,Koh-Lanta : Les 4 Terres,,KL32::dorian,Dorian,MULTI_FIELD_RESEARCH,8,HIGH,"Rechercher: profession exacte, pratique sportive, intensité, musculature pour Dorian (Koh-Lanta : Les 4 Terres, 2020)","Rechercher: profession exacte, pratique sportive, intensité, musculature pour Dorian (Koh-Lanta : Les 4 Terres, 2020)","""Dorian"" ""Koh-Lanta"" Koh-Lanta : Les 4 Terres","""Dorian"" Koh-Lanta  portrait métier sport","""Dorian"" Koh-Lanta candidat candidature interview",NOT_STARTED,A_REVOIR
EXT_BATCH_010,10,KL32,Koh-Lanta : Les 4 Terres,,KL32::lola,Lola,MULTI_FIELD_RESEARCH,8,HIGH,"Rechercher: profession exacte, pratique sportive, intensité, musculature pour Lola (Koh-Lanta : Les 4 Terres, 2020)","Rechercher: profession exacte, pratique sportive, intensité, musculature pour Lola (Koh-Lanta : Les 4 Terres, 2020)","""Lola"" ""Koh-Lanta"" Koh-Lanta : Les 4 Terres","""Lola"" Koh-Lanta  portrait métier sport","""Lola"" Koh-Lanta candidat candidature interview",NOT_STARTED,A_REVOIR
EXT_BATCH_010,10,KL32,Koh-Lanta : Les 4 Terres,,KL32::loïc,Loïc,MULTI_FIELD_RESEARCH,8,HIGH,"Rechercher: profession exacte, pratique sportive, intensité, musculature pour Loïc (Koh-Lanta : Les 4 Terres, 2020)","Rechercher: profession exacte, pratique sportive, intensité, musculature pour Loïc (Koh-Lanta : Les 4 Terres, 2020)","""Loïc"" ""Koh-Lanta"" Koh-Lanta : Les 4 Terres","""Loïc"" Koh-Lanta  portrait métier sport","""Loïc"" Koh-Lanta candidat candidature interview",NOT_STARTED,A_REVOIR
EXT_BATCH_010,10,KL32,Koh-Lanta : Les 4 Terres,,KL32::brice,Brice,MULTI_FIELD_RESEARCH,8,HIGH,"Rechercher: profession exacte, pratique sportive, intensité, musculature pour Brice (Koh-Lanta : Les 4 Terres, 2020)","Rechercher: profession exacte, pratique sportive, intensité, musculature pour Brice (Koh-Lanta : Les 4 Terres, 2020)","""Brice"" ""Koh-Lanta"" Koh-Lanta : Les 4 Terres","""Brice"" Koh-Lanta  portrait métier sport","""Brice"" Koh-Lanta candidat candidature interview",NOT_STARTED,A_REVOIR
EXT_BATCH_010,10,KL32,Koh-Lanta : Les 4 Terres,,KL32::alexandra,Alexandra,MULTI_FIELD_RESEARCH,8,HIGH,"Rechercher: profession exacte, pratique sportive, intensité, musculature pour Alexandra (Koh-Lanta : Les 4 Terres, 2020)","Rechercher: profession exacte, pratique sportive, intensité, musculature pour Alexandra (Koh-Lanta : Les 4 Terres, 2020)","""Alexandra"" ""Koh-Lanta"" Koh-Lanta : Les 4 Terres","""Alexandra"" Koh-Lanta  portrait métier sport","""Alexandra"" Koh-Lanta candidat candidature interview",NOT_STARTED,A_REVOIR
