season_id,season_name,season_year,season_url,candidate_name,gender_raw,age_raw,profession_raw,final_position_raw,final_exit_order,final_exit_order_normalized,departure_day_raw,departure_description_raw,departure_type_normalized,departure_category,departure_model_category,departure_classification_reason,needs_departure_enrichment,departure_is_definitive,returned_to_game,first_exit_order,second_exit_order,returned_after_medical_replacement,same_day_exit_group,exit_order_ambiguity,exit_order_review_required,analysis_exit_order,analysis_exit_rule,all_cause_exit_event,censored_at_end,source_row_number,scraped_at,candidate_name_normalized,candidate_season_key,had_temporary_elimination,first_exit_type,first_exit_model_category,first_exit_description,final_exit_type,final_exit_model_category,final_exit_description,model_exit_order,model_exit_type,model_exit_category,physical_score_previous,physical_score_justification,physical_score_sources,local_enrichment_performed,external_research_performed,age,age_source_type,age_review_status,gender_normalized,gender_local_evidence,gender_confidence,gender_review_status,profession_normalized,profession_local_evidence,profession_confidence,profession_review_status,profile_documentation_sufficient,local_evidence_fields_reviewed,physical_score_confidence,physical_score_reviewer_status,external_research_required,enrichment_status,enrichment_notes,physical_zero_reason,age_confidence,physical_positive_reason,physical_score_based_on_profession_only,manual_physical_score,physical_score,physical_score_source
KL03,Koh-Lanta : Bocas del Toro,2003,https://en.wikipedia.org/wiki/Koh-Lanta:_Bocas_del_Toro,Alexandra Denikine,,,,ABANDON_MEDICAL,1,0.0,,CO_VAINQUEUR,CO_VAINQUEUR,FIN_DE_JEU,AUTRE_SORTIE,Données vérifiées manuellement (source secondaire),False,True,False,1,,False,,False,False,1.0,FIRST_DEFINITIVE_EXIT,1,False,1,2026-07-21T01:58:33.811195,alexandra denikine,KL03::alexandra denikine,,,,,,,,,,,0.0,"Profession commerciale documentée, sans pratique sportive intensive, musculature ou métier directement physique. Le score proposé est donc 0.","https://kohlanta.fandom.com/fr/wiki/Koh-Lanta_%3A_Bocas_del_Toro | Profession commerciale documentée, sans pratique sportive intensive, musculature ou métier directement physique.",True,True,27.0,https://kohlanta.fandom.com/fr/wiki/Koh-Lanta_%3A_Bocas_del_Toro,EXTERNAL_RESEARCH_VALIDATED,FEMALE,Le tableau de saison présente Alexandra Denikine dans la distribution des candidats.,HIGH,EXTERNAL_RESEARCH_VALIDATED,Négociante en vin,Alexandra Denikine — profession : Négociante en vin.,HIGH,EXTERNAL_RESEARCH_VALIDATED,False,"age_raw, gender_raw, profession_raw",MANUAL_FINAL,USER_VALIDATED,True,EXTERNAL_RESEARCH_COMPLETE,Batch final de rattrapage. Les âges et professions déjà validés localement ont été conservés ; les entrées corrompues KL02/KL07/KL08 ont été remplacées par les valeurs des tableaux de saison. Les performances réalisées pendant l’émission ne sont pas utilisées comme preuve physique.,COMPLETE_PROFILE_NO_QUALIFYING_INDICATOR,HIGH,,,0,0,MANUAL_USER_VALIDATION
KL03,Koh-Lanta : Bocas del Toro,2003,https://en.wikipedia.org/wiki/Koh-Lanta:_Bocas_del_Toro,Candice Cohen,,,,ABANDON_VOLONTAIRE,2,0.058824,,CO_VAINQUEUR,CO_VAINQUEUR,FIN_DE_JEU,AUTRE_SORTIE,Données vérifiées manuellement (source secondaire),False,True,False,2,,False,,False,False,2.0,FIRST_DEFINITIVE_EXIT,1,False,2,2026-07-21T01:58:33.811195,candice cohen,KL03::candice cohen,,,,,,,,,,,0.0,"Profil étudiant documenté, sans indicateur sportif ou musculaire qualifiant. Le score proposé est donc 0.","https://kohlanta.fandom.com/fr/wiki/Koh-Lanta_%3A_Bocas_del_Toro | Profil étudiant documenté, sans indicateur sportif ou musculaire qualifiant.",True,True,23.0,https://kohlanta.fandom.com/fr/wiki/Koh-Lanta_%3A_Bocas_del_Toro,EXTERNAL_RESEARCH_VALIDATED,FEMALE,Le tableau de saison présente Candice Cohen dans la distribution des candidats.,HIGH,EXTERNAL_RESEARCH_VALIDATED,Étudiante en communication,Candice Cohen — profession : Étudiante en communication.,HIGH,EXTERNAL_RESEARCH_VALIDATED,False,"age_raw, gender_raw, profession_raw",MANUAL_FINAL,USER_VALIDATED,True,EXTERNAL_RESEARCH_COMPLETE,Batch final de rattrapage. Les âges et professions déjà validés localement ont été conservés ; les entrées corrompues KL02/KL07/KL08 ont été remplacées par les valeurs des tableaux de saison. Les performances réalisées pendant l’émission ne sont pas utilisées comme preuve physique.,COMPLETE_PROFILE_NO_QUALIFYING_INDICATOR,HIGH,,,0,0,MANUAL_USER_VALIDATION
KL03,Koh-Lanta : Bocas del Toro,2003,https://en.wikipedia.org/wiki/Koh-Lanta:_Bocas_del_Toro,Michel Jeandel,,,,INDETERMINE,3,0.117647,,INDETERMINE,INDETERMINE,INDETERMINE,INDETERMINE,Données vérifiées manuellement (source secondaire),True,True,False,3,,False,,False,False,3.0,STANDARD,1,False,3,2026-07-21T01:58:33.811195,michel jeandel,KL03::michel jeandel,,,,,,,,,,,1.0,"La pratique déclarée de la boxe, complétée par le VTT, constitue un indicateur d’un profil physiquement entraîné au-dessus d’un profil ordinaire.","https://survivor.fandom.com/wiki/Michel_Jeandel | Passion : VTT, boxe et nature.",True,True,41.0,https://survivor.fandom.com/wiki/Koh-Lanta%3A_Bocas_del_Toro,EXTERNAL_RESEARCH_VALIDATED,MALE,Le profil présente Michel Jeandel comme candidat / il de la saison.,HIGH,EXTERNAL_RESEARCH_VALIDATED,Artisan couvreur,Michel Jeandel — profession : Artisan couvreur-zingueur.,HIGH,EXTERNAL_RESEARCH_VALIDATED,False,"age_raw, gender_raw, profession_raw",MANUAL_FINAL,USER_VALIDATED,True,EXTERNAL_RESEARCH_COMPLETE,"Recherche documentaire effectuée sur des tableaux de saison structurés et des profils de candidats reproduisant, lorsqu’indiqué, les anciens portraits TF1. Les performances pendant Koh-Lanta n’ont pas servi au score.",,HIGH,STRENGTH_OR_COMBAT_SPORT,,0,0,MANUAL_USER_VALIDATION
KL03,Koh-Lanta : Bocas del Toro,2003,https://en.wikipedia.org/wiki/Koh-Lanta:_Bocas_del_Toro,Sophie Guilloix,,,,INDETERMINE,4,0.176471,,INDETERMINE,INDETERMINE,INDETERMINE,INDETERMINE,Données vérifiées manuellement (source secondaire),True,True,False,4,,False,,False,False,4.0,STANDARD,1,False,4,2026-07-21T01:58:33.811195,sophie guilloix,KL03::sophie guilloix,,,,,,,,,,,0.0,"Profession documentée, sans pratique sportive intensive ni musculature explicitement signalée. Le score proposé est donc 0.","https://kohlanta.fandom.com/fr/wiki/Koh-Lanta_%3A_Bocas_del_Toro | Profession documentée, sans pratique sportive intensive ni musculature explicitement signalée.",True,True,40.0,https://kohlanta.fandom.com/fr/wiki/Koh-Lanta_%3A_Bocas_del_Toro,EXTERNAL_RESEARCH_VALIDATED,FEMALE,Le tableau de saison présente Sophie Guilloix dans la distribution des candidats.,HIGH,EXTERNAL_RESEARCH_VALIDATED,Disc-jockey,Sophie Guilloix — profession : Disc-jockey.,HIGH,EXTERNAL_RESEARCH_VALIDATED,False,"age_raw, gender_raw, profession_raw",MANUAL_FINAL,USER_VALIDATED,True,EXTERNAL_RESEARCH_COMPLETE,Batch final de rattrapage. Les âges et professions déjà validés localement ont été conservés ; les entrées corrompues KL02/KL07/KL08 ont été remplacées par les valeurs des tableaux de saison. Les performances réalisées pendant l’émission ne sont pas utilisées comme preuve physique.,COMPLETE_PROFILE_NO_QUALIFYING_INDICATOR,HIGH,,,0,0,MANUAL_USER_VALIDATION
KL03,Koh-Lanta : Bocas del Toro,2003,https://en.wikipedia.org/wiki/Koh-Lanta:_Bocas_del_Toro,Julie Bourdon,,,,INDETERMINE,5,0.235294,,INDETERMINE,INDETERMINE,INDETERMINE,INDETERMINE,Données vérifiées manuellement (source secondaire),True,True,False,5,,False,,False,False,5.0,STANDARD,1,False,5,2026-07-21T01:58:33.811195,julie bourdon,KL03::julie bourdon,,,,,,,,,,,0.0,"Le métier implique de l’activité, mais aucun indicateur suffisamment fort d’un profil physique supérieur n’est documenté. Le score proposé est donc 0.","https://kohlanta.fandom.com/fr/wiki/Koh-Lanta_%3A_Bocas_del_Toro | Le métier implique de l’activité, mais aucun indicateur suffisamment fort d’un profil physique supérieur n’est documenté.",True,True,22.0,https://kohlanta.fandom.com/fr/wiki/Koh-Lanta_%3A_Bocas_del_Toro,EXTERNAL_RESEARCH_VALIDATED,FEMALE,Le tableau de saison présente Julie Bourdon dans la distribution des candidats.,HIGH,EXTERNAL_RESEARCH_VALIDATED,Serveuse,Julie Bourdon — profession : Serveuse.,HIGH,EXTERNAL_RESEARCH_VALIDATED,False,"age_raw, gender_raw, profession_raw",MANUAL_FINAL,USER_VALIDATED,True,EXTERNAL_RESEARCH_COMPLETE,Batch final de rattrapage. Les âges et professions déjà validés localement ont été conservés ; les entrées corrompues KL02/KL07/KL08 ont été remplacées par les valeurs des tableaux de saison. Les performances réalisées pendant l’émission ne sont pas utilisées comme preuve physique.,NO_QUALIFYING_PHYSICAL_INDICATOR,HIGH,,,0,0,MANUAL_USER_VALIDATION
KL03,Koh-Lanta : Bocas del Toro,2003,https://en.wikipedia.org/wiki/Koh-Lanta:_Bocas_del_Toro,Linda Delamarre,,,,INDETERMINE,6,0.294118,,INDETERMINE,INDETERMINE,INDETERMINE,INDETERMINE,Données vérifiées manuellement (source secondaire),True,True,False,6,,False,,False,False,6.0,STANDARD,1,False,6,2026-07-21T01:58:33.811195,linda delamarre,KL03::linda delamarre,,,,,,,,,,,0.0,"Profession documentée, sans sport intensif, musculature ou profession directement physique selon les critères retenus. Le score proposé est donc 0.","https://kohlanta.fandom.com/fr/wiki/Koh-Lanta_%3A_Bocas_del_Toro | Profession documentée, sans sport intensif, musculature ou profession directement physique selon les critères retenus.",True,True,25.0,https://kohlanta.fandom.com/fr/wiki/Koh-Lanta_%3A_Bocas_del_Toro,EXTERNAL_RESEARCH_VALIDATED,FEMALE,Le tableau de saison présente Linda Delamarre dans la distribution des candidats.,HIGH,EXTERNAL_RESEARCH_VALIDATED,Coiffeuse,Linda Delamarre — profession : Coiffeuse.,HIGH,EXTERNAL_RESEARCH_VALIDATED,False,"age_raw, gender_raw, profession_raw",MANUAL_FINAL,USER_VALIDATED,True,EXTERNAL_RESEARCH_COMPLETE,Batch final de rattrapage. Les âges et professions déjà validés localement ont été conservés ; les entrées corrompues KL02/KL07/KL08 ont été remplacées par les valeurs des tableaux de saison. Les performances réalisées pendant l’émission ne sont pas utilisées comme preuve physique.,COMPLETE_PROFILE_NO_QUALIFYING_INDICATOR,HIGH,,,0,0,MANUAL_USER_VALIDATION
KL03,Koh-Lanta : Bocas del Toro,2003,https://en.wikipedia.org/wiki/Koh-Lanta:_Bocas_del_Toro,Philippe Huquet,,,,INDETERMINE,7,0.352941,,INDETERMINE,INDETERMINE,INDETERMINE,INDETERMINE,Données vérifiées manuellement (source secondaire),True,True,False,7,,False,,False,False,7.0,STANDARD,1,False,7,2026-07-21T01:58:33.811195,philippe huquet,KL03::philippe huquet,,,,,,,,,,,0.0,"Profil professionnel documenté, sans indicateur physique ou sportif qualifiant. Le score proposé est donc 0.","https://kohlanta.fandom.com/fr/wiki/Koh-Lanta_%3A_Bocas_del_Toro | Profil professionnel documenté, sans indicateur physique ou sportif qualifiant.",True,True,43.0,https://kohlanta.fandom.com/fr/wiki/Koh-Lanta_%3A_Bocas_del_Toro,EXTERNAL_RESEARCH_VALIDATED,MALE,Le tableau de saison présente Philippe Huquet dans la distribution des candidats.,HIGH,EXTERNAL_RESEARCH_VALIDATED,Ancien chef d’entreprise,Philippe Huquet — profession : Ancien chef d’entreprise.,HIGH,EXTERNAL_RESEARCH_VALIDATED,False,"age_raw, gender_raw, profession_raw",MANUAL_FINAL,USER_VALIDATED,True,EXTERNAL_RESEARCH_COMPLETE,Batch final de rattrapage. Les âges et professions déjà validés localement ont été conservés ; les entrées corrompues KL02/KL07/KL08 ont été remplacées par les valeurs des tableaux de saison. Les performances réalisées pendant l’émission ne sont pas utilisées comme preuve physique.,COMPLETE_PROFILE_NO_QUALIFYING_INDICATOR,HIGH,,,0,0,MANUAL_USER_VALIDATION
KL03,Koh-Lanta : Bocas del Toro,2003,https://en.wikipedia.org/wiki/Koh-Lanta:_Bocas_del_Toro,Alexandre Bérard,,,,INDETERMINE,8,0.411765,,INDETERMINE,INDETERMINE,INDETERMINE,INDETERMINE,Données vérifiées manuellement (source secondaire),True,True,False,8,,False,,False,False,8.0,STANDARD,1,False,8,2026-07-21T01:58:33.811195,alexandre bérard,KL03::alexandre bérard,,,,,,,,,,,0.0,"Profil étudiant documenté, sans activité sportive intensive ou musculature qualifiante. Le score proposé est donc 0.","https://kohlanta.fandom.com/fr/wiki/Koh-Lanta_%3A_Bocas_del_Toro | Profil étudiant documenté, sans activité sportive intensive ou musculature qualifiante.",True,True,22.0,https://kohlanta.fandom.com/fr/wiki/Koh-Lanta_%3A_Bocas_del_Toro,EXTERNAL_RESEARCH_VALIDATED,MALE,Le tableau de saison présente Alexandre Bérard dans la distribution des candidats.,HIGH,EXTERNAL_RESEARCH_VALIDATED,Étudiant en école de commerce,Alexandre Bérard — profession : Étudiant en école de commerce.,HIGH,EXTERNAL_RESEARCH_VALIDATED,False,"age_raw, gender_raw, profession_raw",MANUAL_FINAL,USER_VALIDATED,True,EXTERNAL_RESEARCH_COMPLETE,Batch final de rattrapage. Les âges et professions déjà validés localement ont été conservés ; les entrées corrompues KL02/KL07/KL08 ont été remplacées par les valeurs des tableaux de saison. Les performances réalisées pendant l’émission ne sont pas utilisées comme preuve physique.,COMPLETE_PROFILE_NO_QUALIFYING_INDICATOR,HIGH,,,0,0,MANUAL_USER_VALIDATION
KL03,Koh-Lanta : Bocas del Toro,2003,https://en.wikipedia.org/wiki/Koh-Lanta:_Bocas_del_Toro,Richard Lecourt,,,,INDETERMINE,9,0.470588,,INDETERMINE,INDETERMINE,INDETERMINE,INDETERMINE,Données vérifiées manuellement (source secondaire),True,True,False,9,,False,,False,False,9.0,FIRST_EXIT_ONLY_RETURN_IGNORED,1,False,9,2026-07-21T01:58:33.811195,richard lecourt,KL03::richard lecourt,,,,,,,,,,,0.0,"Le profil documente son métier et ses centres d’intérêt sans sport intensif, compétition, musculature ni profession directement qualifiante.","https://survivor.fandom.com/wiki/Richard_Lecourt | Passion : moments entre amis, bricolage.",True,True,32.0,https://survivor.fandom.com/wiki/Koh-Lanta%3A_Bocas_del_Toro,EXTERNAL_RESEARCH_VALIDATED,MALE,Le profil présente Richard Lecourt comme candidat / il de la saison.,HIGH,EXTERNAL_RESEARCH_VALIDATED,Agriculteur,Richard Lecourt — profession : Agriculteur.,HIGH,EXTERNAL_RESEARCH_VALIDATED,False,"age_raw, gender_raw, profession_raw",MANUAL_FINAL,USER_VALIDATED,True,EXTERNAL_RESEARCH_COMPLETE,"Recherche documentaire effectuée sur des tableaux de saison structurés et des profils de candidats reproduisant, lorsqu’indiqué, les anciens portraits TF1. Les performances pendant Koh-Lanta n’ont pas servi au score.",COMPLETE_PROFILE_NO_QUALIFYING_INDICATOR,HIGH,,,0,0,MANUAL_USER_VALIDATION
KL03,Koh-Lanta : Bocas del Toro,2003,https://en.wikipedia.org/wiki/Koh-Lanta:_Bocas_del_Toro,Sylvie Rivoal,,,,INDETERMINE,10,0.529412,,INDETERMINE,INDETERMINE,INDETERMINE,INDETERMINE,Données vérifiées manuellement (source secondaire),True,True,False,10,,False,,False,False,10.0,STANDARD,1,False,10,2026-07-21T01:58:33.811195,sylvie rivoal,KL03::sylvie rivoal,,,,,,,,,,,0.0,"Profession administrative documentée, sans indicateur physique ou sportif qualifiant. Le score proposé est donc 0.","https://kohlanta.fandom.com/fr/wiki/Koh-Lanta_%3A_Bocas_del_Toro | Profession administrative documentée, sans indicateur physique ou sportif qualifiant.",True,True,26.0,https://kohlanta.fandom.com/fr/wiki/Koh-Lanta_%3A_Bocas_del_Toro,EXTERNAL_RESEARCH_VALIDATED,FEMALE,Le tableau de saison présente Sylvie Rivoal dans la distribution des candidats.,HIGH,EXTERNAL_RESEARCH_VALIDATED,Secrétaire,Sylvie Rivoal — profession : Secrétaire.,HIGH,EXTERNAL_RESEARCH_VALIDATED,False,"age_raw, gender_raw, profession_raw",MANUAL_FINAL,USER_VALIDATED,True,EXTERNAL_RESEARCH_COMPLETE,Batch final de rattrapage. Les âges et professions déjà validés localement ont été conservés ; les entrées corrompues KL02/KL07/KL08 ont été remplacées par les valeurs des tableaux de saison. Les performances réalisées pendant l’émission ne sont pas utilisées comme preuve physique.,COMPLETE_PROFILE_NO_QUALIFYING_INDICATOR,HIGH,,,0,0,MANUAL_USER_VALIDATION
KL03,Koh-Lanta : Bocas del Toro,2003,https://en.wikipedia.org/wiki/Koh-Lanta:_Bocas_del_Toro,Sébastien Loew,,,,INDETERMINE,11,0.588235,,INDETERMINE,INDETERMINE,INDETERMINE,INDETERMINE,Données vérifiées manuellement (source secondaire),True,True,False,11,,False,,False,False,11.0,FIRST_EXIT_ONLY_RETURN_IGNORED,1,False,11,2026-07-21T01:58:33.811195,sébastien loew,KL03::sébastien loew,,,,,,,,,,,0.0,"Profession documentée, sans sport intensif, musculature ou métier directement physique. Le score proposé est donc 0.","https://kohlanta.fandom.com/fr/wiki/Koh-Lanta_%3A_Bocas_del_Toro | Profession documentée, sans sport intensif, musculature ou métier directement physique.",True,True,29.0,https://kohlanta.fandom.com/fr/wiki/Koh-Lanta_%3A_Bocas_del_Toro,EXTERNAL_RESEARCH_VALIDATED,MALE,Le tableau de saison présente Sébastien Loew dans la distribution des candidats.,HIGH,EXTERNAL_RESEARCH_VALIDATED,Libraire,Sébastien Loew — profession : Libraire.,HIGH,EXTERNAL_RESEARCH_VALIDATED,False,"age_raw, gender_raw, profession_raw",MANUAL_FINAL,USER_VALIDATED,True,EXTERNAL_RESEARCH_COMPLETE,Batch final de rattrapage. Les âges et professions déjà validés localement ont été conservés ; les entrées corrompues KL02/KL07/KL08 ont été remplacées par les valeurs des tableaux de saison. Les performances réalisées pendant l’émission ne sont pas utilisées comme preuve physique.,COMPLETE_PROFILE_NO_QUALIFYING_INDICATOR,HIGH,,,0,0,MANUAL_USER_VALIDATION
KL03,Koh-Lanta : Bocas del Toro,2003,https://en.wikipedia.org/wiki/Koh-Lanta:_Bocas_del_Toro,Valérie Dot,,,,INDETERMINE,12,0.647059,,INDETERMINE,INDETERMINE,INDETERMINE,INDETERMINE,Données vérifiées manuellement (source secondaire),True,True,False,12,,False,,False,False,12.0,STANDARD,1,False,12,2026-07-21T01:58:33.811195,valérie dot,KL03::valérie dot,,,,,,,,,,,0.0,"Le portrait est suffisamment documenté et ne mentionne aucune pratique sportive intensive, compétition, musculature ou profession physique directe.",https://survivor.fandom.com/wiki/Val%C3%A9rie_Dot | Passion : voyages et Sénégal.,True,True,31.0,https://survivor.fandom.com/wiki/Koh-Lanta%3A_Bocas_del_Toro,EXTERNAL_RESEARCH_VALIDATED,FEMALE,Le profil présente Valérie Dot comme candidate / elle de la saison.,HIGH,EXTERNAL_RESEARCH_VALIDATED,Hôtesse de l’air,Valérie Dot — profession : Hôtesse de l’air.,HIGH,EXTERNAL_RESEARCH_VALIDATED,False,"age_raw, gender_raw, profession_raw",MANUAL_FINAL,USER_VALIDATED,True,EXTERNAL_RESEARCH_COMPLETE,"Recherche documentaire effectuée sur des tableaux de saison structurés et des profils de candidats reproduisant, lorsqu’indiqué, les anciens portraits TF1. Les performances pendant Koh-Lanta n’ont pas servi au score.",COMPLETE_PROFILE_NO_QUALIFYING_INDICATOR,HIGH,,,0,0,MANUAL_USER_VALIDATION
KL03,Koh-Lanta : Bocas del Toro,2003,https://en.wikipedia.org/wiki/Koh-Lanta:_Bocas_del_Toro,Hélène Patry,,,,INDETERMINE,13,0.705882,,INDETERMINE,INDETERMINE,INDETERMINE,INDETERMINE,Données vérifiées manuellement (source secondaire),True,True,False,13,,False,,False,False,13.0,STANDARD,1,False,13,2026-07-21T01:58:33.811195,hélène patry,KL03::hélène patry,,,,,,,,,,,0.0,"Le profil pré-saison documente son âge et sa profession, sans indicateur qualifiant de musculature, d’entraînement intensif ou de profession physique directe.","https://survivor.fandom.com/wiki/H%C3%A9l%C3%A8ne_Patry | Profil : 27 ans, professeure de lettres ; aucune pratique sportive pré-saison qualifiante n’est documentée.",True,True,27.0,https://survivor.fandom.com/wiki/Koh-Lanta%3A_Bocas_del_Toro,EXTERNAL_RESEARCH_VALIDATED,FEMALE,Le profil présente Hélène Patry comme candidate / elle de la saison.,HIGH,EXTERNAL_RESEARCH_VALIDATED,Professeure de lettres,Hélène Patry — profession : Professeure de lettres.,HIGH,EXTERNAL_RESEARCH_VALIDATED,False,"age_raw, gender_raw, profession_raw",MANUAL_FINAL,USER_VALIDATED,True,EXTERNAL_RESEARCH_COMPLETE,"Recherche documentaire effectuée sur des tableaux de saison structurés et des profils de candidats reproduisant, lorsqu’indiqué, les anciens portraits TF1. Les performances pendant Koh-Lanta n’ont pas servi au score.",NO_QUALIFYING_PHYSICAL_INDICATOR,HIGH,,,0,0,MANUAL_USER_VALIDATION
KL03,Koh-Lanta : Bocas del Toro,2003,https://en.wikipedia.org/wiki/Koh-Lanta:_Bocas_del_Toro,Moundir Zoughari,,,,INDETERMINE,14,0.764706,,INDETERMINE,INDETERMINE,INDETERMINE,INDETERMINE,Données vérifiées manuellement (source secondaire),True,True,False,14,,False,,False,False,14.0,STANDARD,1,False,14,2026-07-21T01:58:33.811195,moundir zoughari,KL03::moundir zoughari,,,,,,,,,,,1.0,La profession de moniteur sportif actif constitue une preuve directe d’un entraînement physique régulier et supérieur à un profil ordinaire.,https://survivor.fandom.com/wiki/Moundir_Zoughari | Profession : moniteur sportif ; passion : sports et musique.,True,True,29.0,https://survivor.fandom.com/wiki/Koh-Lanta%3A_Bocas_del_Toro,EXTERNAL_RESEARCH_VALIDATED,MALE,Le profil présente Moundir Zoughari comme candidat / il de la saison.,HIGH,EXTERNAL_RESEARCH_VALIDATED,Moniteur sportif,Moundir Zoughari — profession : Moniteur sportif.,HIGH,EXTERNAL_RESEARCH_VALIDATED,False,"age_raw, gender_raw, profession_raw",MANUAL_FINAL,USER_VALIDATED,True,EXTERNAL_RESEARCH_COMPLETE,"Recherche documentaire effectuée sur des tableaux de saison structurés et des profils de candidats reproduisant, lorsqu’indiqué, les anciens portraits TF1. Les performances pendant Koh-Lanta n’ont pas servi au score.",,HIGH,DIRECT_PHYSICAL_PROFESSION,,1,1,MANUAL_USER_VALIDATION
KL03,Koh-Lanta : Bocas del Toro,2003,https://en.wikipedia.org/wiki/Koh-Lanta:_Bocas_del_Toro,Antoine Sanchez,,,,INDETERMINE,15,0.823529,,INDETERMINE,INDETERMINE,INDETERMINE,INDETERMINE,Données vérifiées manuellement (source secondaire),True,True,False,15,,False,,False,False,15.0,STANDARD,1,False,15,2026-07-21T01:58:33.811195,antoine sanchez,KL03::antoine sanchez,,,,,,,,,,,1.0,Passion documentée pour le cyclisme.,https://survivor.fandom.com/wiki/Tony_Sanchez,True,True,58.0,https://kohlanta.fandom.com/fr/wiki/Koh-Lanta_%3A_Bocas_del_Toro,EXTERNAL_RESEARCH_VALIDATED,MALE,Le tableau de saison présente Antoine Sanchez dans la distribution des candidats.,HIGH,EXTERNAL_RESEARCH_VALIDATED,Gendarme retraité,Antoine Sanchez — profession : Gendarme retraité.,HIGH,EXTERNAL_RESEARCH_VALIDATED,False,"age_raw, gender_raw, profession_raw",MANUAL_FINAL,USER_VALIDATED,True,EXTERNAL_RESEARCH_PARTIAL,Batch final de rattrapage. Les âges et professions déjà validés localement ont été conservés ; les entrées corrompues KL02/KL07/KL08 ont été remplacées par les valeurs des tableaux de saison. Les performances réalisées pendant l’émission ne sont pas utilisées comme preuve physique.,,HIGH,STRICT_MANUAL_VALIDATED_POSITIVE,,0,0,MANUAL_USER_VALIDATION
KL03,Koh-Lanta : Bocas del Toro,2003,https://en.wikipedia.org/wiki/Koh-Lanta:_Bocas_del_Toro,Moussa Niangane,,,,INDETERMINE,16,0.882353,,INDETERMINE,INDETERMINE,INDETERMINE,INDETERMINE,Données vérifiées manuellement (source secondaire),True,True,False,16,,False,,False,False,16.0,STANDARD,1,False,16,2026-07-21T01:58:33.811195,moussa niangane,KL03::moussa niangane,,,,,,,,,,,1.0,"Les sources documentent le kung-fu et le kick-boxing, ainsi qu’un niveau de champion et un profil d’athlète accompli.",https://survivor.fandom.com/wiki/Moussa_Niangane | Passion : kung-fu et hip-hop ; une présentation ultérieure le décrit comme champion du monde de kung-fu et de kick-boxing et comme athlète accompli.,True,True,22.0,https://survivor.fandom.com/wiki/Koh-Lanta%3A_Bocas_del_Toro,EXTERNAL_RESEARCH_VALIDATED,MALE,Le profil présente Moussa Niangane comme candidat / il de la saison.,HIGH,EXTERNAL_RESEARCH_VALIDATED,Gérant de vidéo-club,Moussa Niangane — profession : Gérant de vidéo-club.,HIGH,EXTERNAL_RESEARCH_VALIDATED,False,"age_raw, gender_raw, profession_raw",MANUAL_FINAL,USER_VALIDATED,True,EXTERNAL_RESEARCH_COMPLETE,"Recherche documentaire effectuée sur des tableaux de saison structurés et des profils de candidats reproduisant, lorsqu’indiqué, les anciens portraits TF1. Les performances pendant Koh-Lanta n’ont pas servi au score.",,HIGH,STRENGTH_OR_COMBAT_SPORT,,1,1,MANUAL_USER_VALIDATION
KL03,Koh-Lanta : Bocas del Toro,2003,https://en.wikipedia.org/wiki/Koh-Lanta:_Bocas_del_Toro,Delphine Bano,,,,CO_VAINQUEUR,17,0.941176,,INDETERMINE,INDETERMINE,INDETERMINE,INDETERMINE,Données vérifiées manuellement (source secondaire),True,True,False,17,,False,,False,False,18.0,CENSORED_AT_SEASON_END,0,True,17,2026-07-21T01:58:33.811195,delphine bano,KL03::delphine bano,,,,,,,,,,,0.0,"Le métier implique de l’activité, mais aucun sport intensif ou indicateur physique supérieur n’est documenté. Le score proposé est donc 0.","https://kohlanta.fandom.com/fr/wiki/Koh-Lanta_%3A_Bocas_del_Toro | Le métier implique de l’activité, mais aucun sport intensif ou indicateur physique supérieur n’est documenté.",True,True,32.0,https://kohlanta.fandom.com/fr/wiki/Koh-Lanta_%3A_Bocas_del_Toro,EXTERNAL_RESEARCH_VALIDATED,FEMALE,Le tableau de saison présente Delphine Bano dans la distribution des candidats.,HIGH,EXTERNAL_RESEARCH_VALIDATED,Serveuse en restauration,Delphine Bano — profession : Serveuse en restauration.,HIGH,EXTERNAL_RESEARCH_VALIDATED,False,"age_raw, gender_raw, profession_raw",MANUAL_FINAL,USER_VALIDATED,True,EXTERNAL_RESEARCH_COMPLETE,Batch final de rattrapage. Les âges et professions déjà validés localement ont été conservés ; les entrées corrompues KL02/KL07/KL08 ont été remplacées par les valeurs des tableaux de saison. Les performances réalisées pendant l’émission ne sont pas utilisées comme preuve physique.,NO_QUALIFYING_PHYSICAL_INDICATOR,HIGH,,,0,0,MANUAL_USER_VALIDATION
KL03,Koh-Lanta : Bocas del Toro,2003,https://en.wikipedia.org/wiki/Koh-Lanta:_Bocas_del_Toro,Isabelle Seguin,,,,CO_VAINQUEUR,18,1.0,,INDETERMINE,INDETERMINE,INDETERMINE,INDETERMINE,Données vérifiées manuellement (source secondaire),True,True,False,18,,False,,False,False,18.0,CENSORED_AT_SEASON_END,0,True,18,2026-07-21T01:58:33.811195,isabelle seguin,KL03::isabelle seguin,,,,,,,,,,,0.0,"Le portrait documente sa profession et ses passions sans indicateur de sport intensif, musculature ou profession physique directe.",https://survivor.fandom.com/wiki/Isabelle_Seguin | Passion : élevage de poules et aviation.,True,True,40.0,https://survivor.fandom.com/wiki/Koh-Lanta%3A_Bocas_del_Toro,EXTERNAL_RESEARCH_VALIDATED,FEMALE,Le profil présente Isabelle Seguin comme candidate / elle de la saison.,HIGH,EXTERNAL_RESEARCH_VALIDATED,Brocanteuse,Isabelle Seguin — profession : Brocanteuse.,HIGH,EXTERNAL_RESEARCH_VALIDATED,False,"age_raw, gender_raw, profession_raw",MANUAL_FINAL,USER_VALIDATED,True,EXTERNAL_RESEARCH_COMPLETE,"Recherche documentaire effectuée sur des tableaux de saison structurés et des profils de candidats reproduisant, lorsqu’indiqué, les anciens portraits TF1. Les performances pendant Koh-Lanta n’ont pas servi au score.",COMPLETE_PROFILE_NO_QUALIFYING_INDICATOR,HIGH,,,0,0,MANUAL_USER_VALIDATION
KL08,KL KL08,2008,https://en.wikipedia.org/wiki/Koh-Lanta:_Caramoan,Valérie,,,Mingao,INDETERMINE,1,0.0,,INDETERMINE,INDETERMINE,INDETERMINE,INDETERMINE,Extrait du tableau des votes Wikipedia,True,True,False,1,,False,,False,False,1.0,STANDARD,1,False,1,2026-07-21T01:58:33.757677,valérie,KL08::valérie,,,,,,,,,,,0.0,"Le tableau de Caramoan documente 41 ans et la profession de géomètre-expert, sans indicateur sportif ou musculaire qualifiant. Le score proposé est donc 0.","https://kohlanta.fandom.com/fr/wiki/Koh-Lanta_%3A_Caramoan | Le tableau de Caramoan documente 41 ans et la profession de géomètre-expert, sans indicateur sportif ou musculaire qualifiant.",True,True,41.0,https://kohlanta.fandom.com/fr/wiki/Koh-Lanta_%3A_Caramoan,EXTERNAL_RESEARCH_VALIDATED,FEMALE,Le tableau de saison présente Valérie dans la distribution des candidats.,HIGH,EXTERNAL_RESEARCH_VALIDATED,Géomètre-expert,Valérie — profession : Géomètre-expert.,HIGH,EXTERNAL_RESEARCH_VALIDATED,True,"age_raw, gender_raw, profession_raw",MANUAL_FINAL,USER_VALIDATED,False,EXTERNAL_RESEARCH_COMPLETE,Batch final de rattrapage. Les âges et professions déjà validés localement ont été conservés ; les entrées corrompues KL02/KL07/KL08 ont été remplacées par les valeurs des tableaux de saison. Les performances réalisées pendant l’émission ne sont pas utilisées comme preuve physique.,COMPLETE_PROFILE_NO_QUALIFYING_INDICATOR,HIGH,,,0,0,MANUAL_USER_VALIDATION
KL08,KL KL08,2008,https://en.wikipedia.org/wiki/Koh-Lanta:_Caramoan,Céga,,43.0,Paris,INDETERMINE,2,0.0625,,INDETERMINE,INDETERMINE,INDETERMINE,INDETERMINE,Extrait du tableau des votes Wikipedia,True,True,False,2,,False,,False,False,2.0,STANDARD,1,False,2,2026-07-21T01:58:33.757677,céga,KL08::céga,,,,,,,,,,,0.0,"Profil documenté, aucun indicateur physique qualifiant",,True,False,43.0,RAW_SEASON_TABLE,VALIDATED,MALE,,HIGH,VALIDATED,Paris,Source: https://en.wikipedia.org/wiki/Koh-Lanta:_Caramoan,MEDIUM,VALIDATED,True,"age_raw, gender_raw, profession_raw",MANUAL_FINAL,USER_VALIDATED,False,LOCALLY_PARTIAL,Données locales suffisantes,COMPLETE_PROFILE_NO_QUALIFYING_INDICATOR,HIGH,,,0,0,MANUAL_USER_VALIDATION
KL08,KL KL08,2008,https://en.wikipedia.org/wiki/Koh-Lanta:_Caramoan,Irya,,24.0,La Courneuve,INDETERMINE,3,0.125,,INDETERMINE,INDETERMINE,INDETERMINE,INDETERMINE,Extrait du tableau des votes Wikipedia,True,True,False,3,,False,,False,False,3.0,STANDARD,1,False,3,2026-07-21T01:58:33.757677,irya,KL08::irya,,,,,,,,,,,0.0,"Profil documenté, aucun indicateur physique qualifiant",,True,False,24.0,RAW_SEASON_TABLE,VALIDATED,FEMALE,,HIGH,VALIDATED,La Courneuve,Source: https://en.wikipedia.org/wiki/Koh-Lanta:_Caramoan,MEDIUM,VALIDATED,True,"age_raw, gender_raw, profession_raw",MANUAL_FINAL,USER_VALIDATED,False,LOCALLY_PARTIAL,Données locales suffisantes,COMPLETE_PROFILE_NO_QUALIFYING_INDICATOR,HIGH,,,0,0,MANUAL_USER_VALIDATION
KL08,KL KL08,2008,https://en.wikipedia.org/wiki/Koh-Lanta:_Caramoan,Morgane,,23.0,Créteil,INDETERMINE,4,0.1875,,INDETERMINE,INDETERMINE,INDETERMINE,INDETERMINE,Extrait du tableau des votes Wikipedia,True,True,False,4,,False,,False,False,4.0,STANDARD,1,False,4,2026-07-21T01:58:33.757677,morgane,KL08::morgane,,,,,,,,,,,0.0,"Profil documenté, aucun indicateur physique qualifiant",,True,False,23.0,RAW_SEASON_TABLE,VALIDATED,FEMALE,,HIGH,VALIDATED,Créteil,Source: https://en.wikipedia.org/wiki/Koh-Lanta:_Caramoan,MEDIUM,VALIDATED,True,"age_raw, gender_raw, profession_raw",MANUAL_FINAL,USER_VALIDATED,False,LOCALLY_PARTIAL,Données locales suffisantes,COMPLETE_PROFILE_NO_QUALIFYING_INDICATOR,HIGH,,,0,0,MANUAL_USER_VALIDATION
KL08,KL KL08,2008,https://en.wikipedia.org/wiki/Koh-Lanta:_Caramoan,Jessica,,33.0,Landivisiau,INDETERMINE,5,0.25,,INDETERMINE,INDETERMINE,INDETERMINE,INDETERMINE,Extrait du tableau des votes Wikipedia,True,True,False,5,,False,,False,False,5.0,STANDARD,1,False,5,2026-07-21T01:58:33.757677,jessica,KL08::jessica,,,,,,,,,,,0.0,"Profil documenté, aucun indicateur physique qualifiant",,True,False,33.0,RAW_SEASON_TABLE,VALIDATED,FEMALE,,HIGH,VALIDATED,Landivisiau,Source: https://en.wikipedia.org/wiki/Koh-Lanta:_Caramoan,MEDIUM,VALIDATED,True,"age_raw, gender_raw, profession_raw",MANUAL_FINAL,USER_VALIDATED,False,LOCALLY_PARTIAL,Données locales suffisantes,COMPLETE_PROFILE_NO_QUALIFYING_INDICATOR,HIGH,,,0,0,MANUAL_USER_VALIDATION
KL08,KL KL08,2008,https://en.wikipedia.org/wiki/Koh-Lanta:_Caramoan,Alain,,21.0,Bouzigues,INDETERMINE,6,0.3125,,INDETERMINE,INDETERMINE,INDETERMINE,INDETERMINE,Extrait du tableau des votes Wikipedia,True,True,False,6,,False,,False,False,6.0,STANDARD,1,False,6,2026-07-21T01:58:33.757677,alain,KL08::alain,,,,,,,,,,,0.0,"Profil documenté, aucun indicateur physique qualifiant",,True,False,21.0,RAW_SEASON_TABLE,VALIDATED,MALE,,HIGH,VALIDATED,Bouzigues,Source: https://en.wikipedia.org/wiki/Koh-Lanta:_Caramoan,MEDIUM,VALIDATED,True,"age_raw, gender_raw, profession_raw",MANUAL_FINAL,USER_VALIDATED,False,LOCALLY_PARTIAL,Données locales suffisantes,COMPLETE_PROFILE_NO_QUALIFYING_INDICATOR,HIGH,,,1,1,MANUAL_USER_VALIDATION
KL08,KL KL08,2008,https://en.wikipedia.org/wiki/Koh-Lanta:_Caramoan,Jean-Bernard,,41.0,Grenoble,INDETERMINE,7,0.375,,INDETERMINE,INDETERMINE,INDETERMINE,INDETERMINE,Extrait du tableau des votes Wikipedia,True,True,False,7,,False,,False,False,7.0,STANDARD,1,False,7,2026-07-21T01:58:33.757677,jean-bernard,KL08::jean-bernard,,,,,,,,,,,0.0,"Profil documenté, aucun indicateur physique qualifiant",,True,False,41.0,RAW_SEASON_TABLE,VALIDATED,MALE,,HIGH,VALIDATED,Grenoble,Source: https://en.wikipedia.org/wiki/Koh-Lanta:_Caramoan,MEDIUM,VALIDATED,True,"age_raw, gender_raw, profession_raw",MANUAL_FINAL,USER_VALIDATED,False,LOCALLY_PARTIAL,Données locales suffisantes,COMPLETE_PROFILE_NO_QUALIFYING_INDICATOR,HIGH,,,0,0,MANUAL_USER_VALIDATION
KL08,KL KL08,2008,https://en.wikipedia.org/wiki/Koh-Lanta:_Caramoan,Christopher,,40.0,Marseille,INDETERMINE,8,0.4375,,INDETERMINE,INDETERMINE,INDETERMINE,INDETERMINE,Extrait du tableau des votes Wikipedia,True,True,False,8,,False,,False,False,8.0,STANDARD,1,False,8,2026-07-21T01:58:33.757677,christopher,KL08::christopher,,,,,,,,,,,0.0,"Profil documenté, aucun indicateur physique qualifiant",,True,False,40.0,RAW_SEASON_TABLE,VALIDATED,MALE,,HIGH,VALIDATED,Marseille,Source: https://en.wikipedia.org/wiki/Koh-Lanta:_Caramoan,MEDIUM,VALIDATED,True,"age_raw, gender_raw, profession_raw",MANUAL_FINAL,USER_VALIDATED,False,LOCALLY_PARTIAL,Données locales suffisantes,COMPLETE_PROFILE_NO_QUALIFYING_INDICATOR,HIGH,,,1,1,MANUAL_USER_VALIDATION
KL08,KL KL08,2008,https://en.wikipedia.org/wiki/Koh-Lanta:_Caramoan,Christophe,,,Day 21,INDETERMINE,9,0.5,,INDETERMINE,INDETERMINE,INDETERMINE,INDETERMINE,Extrait du tableau des votes Wikipedia,True,True,False,9,,False,,False,False,9.0,STANDARD,1,False,9,2026-07-21T01:58:33.757677,christophe,KL08::christophe,,,,,,,,,,,1.0,Boxeur professionnel : activité sportive exercée au niveau professionnel. Cet élément satisfait le critère positif.,https://kohlanta.fandom.com/fr/wiki/Koh-Lanta_%3A_Caramoan | Boxeur professionnel : activité sportive exercée au niveau professionnel.,True,True,39.0,https://kohlanta.fandom.com/fr/wiki/Koh-Lanta_%3A_Caramoan,EXTERNAL_RESEARCH_VALIDATED,MALE,Le tableau de saison présente Christophe dans la distribution des candidats.,HIGH,EXTERNAL_RESEARCH_VALIDATED,Boxeur professionnel et patron de pizzerias,Christophe — profession : Boxeur professionnel et patron de pizzerias.,HIGH,EXTERNAL_RESEARCH_VALIDATED,True,"age_raw, gender_raw, profession_raw",MANUAL_FINAL,USER_VALIDATED,False,EXTERNAL_RESEARCH_COMPLETE,Batch final de rattrapage. Les âges et professions déjà validés localement ont été conservés ; les entrées corrompues KL02/KL07/KL08 ont été remplacées par les valeurs des tableaux de saison. Les performances réalisées pendant l’émission ne sont pas utilisées comme preuve physique.,COMPLETE_PROFILE_NO_QUALIFYING_INDICATOR,HIGH,ELITE_COMPETITIVE_SPORT,,1,1,MANUAL_USER_VALIDATION
KL08,KL KL08,2008,https://en.wikipedia.org/wiki/Koh-Lanta:_Caramoan,Charlène,,25.0,Nogent-sur-Marne,INDETERMINE,10,0.5625,,INDETERMINE,INDETERMINE,INDETERMINE,INDETERMINE,Extrait du tableau des votes Wikipedia,True,True,False,10,,False,,False,False,10.0,STANDARD,1,False,10,2026-07-21T01:58:33.757677,charlène,KL08::charlène,,,,,,,,,,,0.0,"Profil documenté, aucun indicateur physique qualifiant",,True,False,25.0,RAW_SEASON_TABLE,VALIDATED,FEMALE,,HIGH,VALIDATED,Nogent-sur-Marne,Source: https://en.wikipedia.org/wiki/Koh-Lanta:_Caramoan,MEDIUM,VALIDATED,True,"age_raw, gender_raw, profession_raw",MANUAL_FINAL,USER_VALIDATED,False,LOCALLY_PARTIAL,Données locales suffisantes,COMPLETE_PROFILE_NO_QUALIFYING_INDICATOR,HIGH,,,0,0,MANUAL_USER_VALIDATION
KL08,KL KL08,2008,https://en.wikipedia.org/wiki/Koh-Lanta:_Caramoan,Hakim,,39.0,Neuville-en-Avesnois,INDETERMINE,11,0.625,,INDETERMINE,INDETERMINE,INDETERMINE,INDETERMINE,Extrait du tableau des votes Wikipedia,True,True,False,11,,False,,False,False,11.0,STANDARD,1,False,11,2026-07-21T01:58:33.757677,hakim,KL08::hakim,,,,,,,,,,,0.0,"Profil documenté, aucun indicateur physique qualifiant",,True,False,39.0,RAW_SEASON_TABLE,VALIDATED,MALE,,HIGH,VALIDATED,Neuville-en-Avesnois,Source: https://en.wikipedia.org/wiki/Koh-Lanta:_Caramoan,MEDIUM,VALIDATED,True,"age_raw, gender_raw, profession_raw",MANUAL_FINAL,USER_VALIDATED,False,LOCALLY_PARTIAL,Données locales suffisantes,COMPLETE_PROFILE_NO_QUALIFYING_INDICATOR,HIGH,,,0,0,MANUAL_USER_VALIDATION
KL08,KL KL08,2008,https://en.wikipedia.org/wiki/Koh-Lanta:_Caramoan,Régis,,20.0,Strasbourg,INDETERMINE,12,0.6875,,INDETERMINE,INDETERMINE,INDETERMINE,INDETERMINE,Extrait du tableau des votes Wikipedia,True,True,False,12,,False,,False,False,12.0,STANDARD,1,False,12,2026-07-21T01:58:33.757677,régis,KL08::régis,,,,,,,,,,,0.0,"Profil documenté, aucun indicateur physique qualifiant",,True,False,20.0,RAW_SEASON_TABLE,VALIDATED,MALE,,HIGH,VALIDATED,Strasbourg,Source: https://en.wikipedia.org/wiki/Koh-Lanta:_Caramoan,MEDIUM,VALIDATED,True,"age_raw, gender_raw, profession_raw",MANUAL_FINAL,USER_VALIDATED,False,LOCALLY_PARTIAL,Données locales suffisantes,COMPLETE_PROFILE_NO_QUALIFYING_INDICATOR,HIGH,,,0,0,MANUAL_USER_VALIDATION
KL08,KL KL08,2008,https://en.wikipedia.org/wiki/Koh-Lanta:_Caramoan,Carole,,38.0,Nantes,INDETERMINE,13,0.75,,INDETERMINE,INDETERMINE,INDETERMINE,INDETERMINE,Extrait du tableau des votes Wikipedia,True,True,False,13,,False,,False,False,13.0,STANDARD,1,False,13,2026-07-21T01:58:33.757677,carole,KL08::carole,,,,,,,,,,,0.0,"Profil documenté, aucun indicateur physique qualifiant",,True,False,38.0,RAW_SEASON_TABLE,VALIDATED,FEMALE,,HIGH,VALIDATED,Nantes,Source: https://en.wikipedia.org/wiki/Koh-Lanta:_Caramoan,MEDIUM,VALIDATED,True,"age_raw, gender_raw, profession_raw",MANUAL_FINAL,USER_VALIDATED,False,LOCALLY_PARTIAL,Données locales suffisantes,COMPLETE_PROFILE_NO_QUALIFYING_INDICATOR,HIGH,,,0,0,MANUAL_USER_VALIDATION
KL08,KL KL08,2008,https://en.wikipedia.org/wiki/Koh-Lanta:_Caramoan,Nathalie,,56.0,Pézenas,INDETERMINE,14,0.8125,,INDETERMINE,INDETERMINE,INDETERMINE,INDETERMINE,Extrait du tableau des votes Wikipedia,True,True,False,14,,False,,False,False,14.0,STANDARD,1,False,14,2026-07-21T01:58:33.757677,nathalie,KL08::nathalie,,,,,,,,,,,0.0,"Profil documenté, aucun indicateur physique qualifiant",,True,False,56.0,RAW_SEASON_TABLE,VALIDATED,FEMALE,,HIGH,VALIDATED,Pézenas,Source: https://en.wikipedia.org/wiki/Koh-Lanta:_Caramoan,MEDIUM,VALIDATED,True,"age_raw, gender_raw, profession_raw",MANUAL_FINAL,USER_VALIDATED,False,LOCALLY_PARTIAL,Données locales suffisantes,COMPLETE_PROFILE_NO_QUALIFYING_INDICATOR,HIGH,,,0,0,MANUAL_USER_VALIDATION
KL08,KL KL08,2008,https://en.wikipedia.org/wiki/Koh-Lanta:_Caramoan,Bertrand,,41.0,La Limouzinière,INDETERMINE,15,0.875,,INDETERMINE,INDETERMINE,INDETERMINE,INDETERMINE,Extrait du tableau des votes Wikipedia,True,True,False,15,,False,,False,False,15.0,STANDARD,1,False,15,2026-07-21T01:58:33.757677,bertrand,KL08::bertrand,,,,,,,,,,,0.0,"Profil documenté, aucun indicateur physique qualifiant",,True,False,41.0,RAW_SEASON_TABLE,VALIDATED,MALE,,HIGH,VALIDATED,La Limouzinière,Source: https://en.wikipedia.org/wiki/Koh-Lanta:_Caramoan,MEDIUM,VALIDATED,True,"age_raw, gender_raw, profession_raw",MANUAL_FINAL,USER_VALIDATED,False,LOCALLY_PARTIAL,Données locales suffisantes,COMPLETE_PROFILE_NO_QUALIFYING_INDICATOR,HIGH,,,1,1,MANUAL_USER_VALIDATION
KL08,KL KL08,2008,https://en.wikipedia.org/wiki/Koh-Lanta:_Caramoan,Frédéric Favier,,29.0,Montfermeil,FINALISTE,16,0.9375,,FINALISTE,FINALISTE,FIN_DE_JEU,AUTRE_SORTIE,Extrait du tableau des votes Wikipedia,False,True,False,16,,False,,False,False,16.0,STANDARD,1,False,16,2026-07-21T01:58:33.757677,frédéric favier,KL08::frédéric favier,,,,,,,,,,,0.0,"Profil documenté, aucun indicateur physique qualifiant",,True,False,29.0,RAW_SEASON_TABLE,VALIDATED,MALE,,HIGH,VALIDATED,Montfermeil,Source: https://en.wikipedia.org/wiki/Koh-Lanta:_Caramoan,MEDIUM,VALIDATED,True,"age_raw, gender_raw, profession_raw",MANUAL_FINAL,USER_VALIDATED,False,LOCALLY_PARTIAL,Données locales suffisantes,COMPLETE_PROFILE_NO_QUALIFYING_INDICATOR,HIGH,,,0,0,MANUAL_USER_VALIDATION
KL08,KL KL08,2008,https://en.wikipedia.org/wiki/Koh-Lanta:_Caramoan,Christelle Gauzet,,32.0,Perpignan,VAINQUEUR,17,1.0,,VAINQUEUR,VAINQUEUR,FIN_DE_JEU,AUTRE_SORTIE,Extrait du tableau des votes Wikipedia,False,True,False,17,,False,,False,False,17.0,STANDARD,0,True,17,2026-07-21T01:58:33.757677,christelle gauzet,KL08::christelle gauzet,,,,,,,,,,,0.0,"Profil documenté, aucun indicateur physique qualifiant",,True,False,32.0,RAW_SEASON_TABLE,VALIDATED,FEMALE,,HIGH,VALIDATED,Perpignan,Source: https://en.wikipedia.org/wiki/Koh-Lanta:_Caramoan,MEDIUM,VALIDATED,True,"age_raw, gender_raw, profession_raw",MANUAL_FINAL,USER_VALIDATED,False,LOCALLY_PARTIAL,Données locales suffisantes,COMPLETE_PROFILE_NO_QUALIFYING_INDICATOR,HIGH,,,1,1,MANUAL_USER_VALIDATION
KL17,Koh-Lanta : Johor,2015,https://en.wikipedia.org/wiki/Koh-Lanta:_Johor,Babeth Delettre,,52,,1st Voted Out Day 3,1,0.0,,1st Voted Out Day 3,CONSEIL,INDETERMINE,DECISION_AVENTURIERS,Source: https://en.wikipedia.org/wiki/Koh-Lanta:_Johor,False,True,False,1,,False,,False,False,1.0,STANDARD,1,False,1,2026-07-21T02:14:09.071230,babeth delettre,KL17::babeth delettre,,,,,,,,,,,0.0,"Réaudit strict : le score antérieur reposait principalement sur un métier manuel, actif ou une preuve sportive trop vague. Aucune preuve suffisante de sport intensif, compétitif, d’entraînement soutenu ou de musculature athlétique.","https://survivor.fandom.com/wiki/Babeth_Delettre | Agricultrice : métier manuel de terrain directement physique selon la règle méthodologique retenue. || https://survivor.fandom.com/wiki/Koh-Lanta%3A_Johor | Tableau de saison : 52 ans, profession Agricultrice.",True,True,52.0,https://survivor.fandom.com/wiki/Koh-Lanta%3A_Johor,EXTERNAL_RESEARCH_VALIDATED,FEMALE,Le profil de Babeth Delettre emploie une présentation correspondant au genre FEMALE.,HIGH,EXTERNAL_RESEARCH_VALIDATED,Agricultrice,Babeth Delettre — profession : Agricultrice.,HIGH,EXTERNAL_RESEARCH_VALIDATED,False,"age_raw, gender_raw, profession_raw",MANUAL_FINAL,USER_VALIDATED,True,EXTERNAL_RESEARCH_COMPLETE,Recherche fondée sur le tableau structuré de la saison et les portraits de candidats reproduisant les anciennes fiches TF1. Les performances réalisées pendant l’émission ne sont pas utilisées comme preuve physique.,STRICT_REAUDIT_NO_SUFFICIENT_ATHLETIC_EVIDENCE,HIGH,,,0,0,MANUAL_USER_VALIDATION
KL17,Koh-Lanta : Johor,2015,https://en.wikipedia.org/wiki/Koh-Lanta:_Johor,Marie-Anne Queniart,,38,,2nd Voted Out Day 6,2,0.052632,,2nd Voted Out Day 6,CONSEIL,INDETERMINE,DECISION_AVENTURIERS,Source: https://en.wikipedia.org/wiki/Koh-Lanta:_Johor,False,True,False,2,,False,,False,False,2.0,STANDARD,1,False,2,2026-07-21T02:14:09.071230,marie-anne queniart,KL17::marie-anne queniart,,,,,,,,,,,0.0,"Le profil disponible ne documente aucun sport intensif, aucune musculature ni profession physique directe. Le score proposé est donc 0.","https://survivor.fandom.com/wiki/Marie-Anne_Queniart | Le profil disponible ne documente aucun sport intensif, aucune musculature ni profession physique directe. || https://survivor.fandom.com/wiki/Koh-Lanta%3A_Johor | Tableau de saison : 38 ans, profession Mère au foyer.",True,True,38.0,https://survivor.fandom.com/wiki/Koh-Lanta%3A_Johor,EXTERNAL_RESEARCH_VALIDATED,FEMALE,Le profil de Marie-Anne Queniart emploie une présentation correspondant au genre FEMALE.,HIGH,EXTERNAL_RESEARCH_VALIDATED,Mère au foyer,Marie-Anne Queniart — profession : Mère au foyer.,HIGH,EXTERNAL_RESEARCH_VALIDATED,False,"age_raw, gender_raw, profession_raw",MANUAL_FINAL,USER_VALIDATED,True,EXTERNAL_RESEARCH_COMPLETE,Recherche fondée sur le tableau structuré de la saison et les portraits de candidats reproduisant les anciennes fiches TF1. Les performances réalisées pendant l’émission ne sont pas utilisées comme preuve physique.,COMPLETE_PROFILE_NO_QUALIFYING_INDICATOR,HIGH,,,0,0,MANUAL_USER_VALIDATION
KL17,Koh-Lanta : Johor,2015,https://en.wikipedia.org/wiki/Koh-Lanta:_Johor,Benoît Jorion-Fahy,,27,,3rd Voted Out Day 9,3,0.105263,,3rd Voted Out Day 9,CONSEIL,INDETERMINE,DECISION_AVENTURIERS,Source: https://en.wikipedia.org/wiki/Koh-Lanta:_Johor,False,True,False,3,,False,,False,False,3.0,STANDARD,1,False,3,2026-07-21T02:14:09.071230,benoît jorion-fahy,KL17::benoît jorion-fahy,,,,,,,,,,,0.0,Le profil documente une profession de recrutement sans indicateur sportif ou musculaire qualifiant. Le score proposé est donc 0.,"https://survivor.fandom.com/wiki/Beno%C3%AEt_Jorion-Fahy | Le profil documente une profession de recrutement sans indicateur sportif ou musculaire qualifiant. || https://survivor.fandom.com/wiki/Koh-Lanta%3A_Johor | Tableau de saison : 27 ans, profession Chasseur de têtes.",True,True,27.0,https://survivor.fandom.com/wiki/Koh-Lanta%3A_Johor,EXTERNAL_RESEARCH_VALIDATED,MALE,Le profil de Benoît Jorion-Fahy emploie une présentation correspondant au genre MALE.,HIGH,EXTERNAL_RESEARCH_VALIDATED,Chasseur de têtes,Benoît Jorion-Fahy — profession : Chasseur de têtes.,HIGH,EXTERNAL_RESEARCH_VALIDATED,False,"age_raw, gender_raw, profession_raw",MANUAL_FINAL,USER_VALIDATED,True,EXTERNAL_RESEARCH_COMPLETE,Recherche fondée sur le tableau structuré de la saison et les portraits de candidats reproduisant les anciennes fiches TF1. Les performances réalisées pendant l’émission ne sont pas utilisées comme preuve physique.,COMPLETE_PROFILE_NO_QUALIFYING_INDICATOR,HIGH,,,0,0,MANUAL_USER_VALIDATION
KL17,Koh-Lanta : Johor,2015,https://en.wikipedia.org/wiki/Koh-Lanta:_Johor,Manon Allender,,24,,Left Competition Day 12,4,0.157895,,Left Competition Day 12,INDETERMINE,INDETERMINE,AUTRE_SORTIE,Source: https://en.wikipedia.org/wiki/Koh-Lanta:_Johor,True,True,False,4,,False,,False,False,4.0,STANDARD,1,False,4,2026-07-21T02:14:09.071230,manon allender,KL17::manon allender,,,,,,,,,,,0.0,Le profil disponible ne documente aucune activité sportive intensive ou musculature qualifiante. Le score proposé est donc 0.,"https://survivor.fandom.com/wiki/Manon_Allender | Le profil disponible ne documente aucune activité sportive intensive ou musculature qualifiante. || https://survivor.fandom.com/wiki/Koh-Lanta%3A_Johor | Tableau de saison : 24 ans, profession Étudiante.",True,True,24.0,https://survivor.fandom.com/wiki/Koh-Lanta%3A_Johor,EXTERNAL_RESEARCH_VALIDATED,FEMALE,Le profil de Manon Allender emploie une présentation correspondant au genre FEMALE.,HIGH,EXTERNAL_RESEARCH_VALIDATED,Étudiante,Manon Allender — profession : Étudiante.,HIGH,EXTERNAL_RESEARCH_VALIDATED,False,"age_raw, gender_raw, profession_raw",MANUAL_FINAL,USER_VALIDATED,True,EXTERNAL_RESEARCH_COMPLETE,Recherche fondée sur le tableau structuré de la saison et les portraits de candidats reproduisant les anciennes fiches TF1. Les performances réalisées pendant l’émission ne sont pas utilisées comme preuve physique.,COMPLETE_PROFILE_NO_QUALIFYING_INDICATOR,HIGH,,,0,0,MANUAL_USER_VALIDATION
KL17,Koh-Lanta : Johor,2015,https://en.wikipedia.org/wiki/Koh-Lanta:_Johor,Loïc Crespin,,20,,Medically evacuated Day 13,5,0.210526,,Medically evacuated Day 13,ABANDON_MEDICAL,INDETERMINE,AUTRE_SORTIE,Source: https://en.wikipedia.org/wiki/Koh-Lanta:_Johor,False,True,False,5,,False,,False,False,5.0,STANDARD,1,False,5,2026-07-21T02:14:09.071230,loïc crespin,KL17::loïc crespin,,,,,,,,,,,0.0,Le profil disponible ne documente aucune activité sportive intensive ou musculature qualifiante. Le score proposé est donc 0.,"https://survivor.fandom.com/wiki/Lo%C3%AFc_Crespin | Le profil disponible ne documente aucune activité sportive intensive ou musculature qualifiante. || https://survivor.fandom.com/wiki/Koh-Lanta%3A_Johor | Tableau de saison : 20 ans, profession Étudiant.",True,True,20.0,https://survivor.fandom.com/wiki/Koh-Lanta%3A_Johor,EXTERNAL_RESEARCH_VALIDATED,MALE,Le profil de Loïc Crespin emploie une présentation correspondant au genre MALE.,HIGH,EXTERNAL_RESEARCH_VALIDATED,Étudiant,Loïc Crespin — profession : Étudiant.,HIGH,EXTERNAL_RESEARCH_VALIDATED,False,"age_raw, gender_raw, profession_raw",MANUAL_FINAL,USER_VALIDATED,True,EXTERNAL_RESEARCH_COMPLETE,Recherche fondée sur le tableau structuré de la saison et les portraits de candidats reproduisant les anciennes fiches TF1. Les performances réalisées pendant l’émission ne sont pas utilisées comme preuve physique.,COMPLETE_PROFILE_NO_QUALIFYING_INDICATOR,HIGH,,,0,0,MANUAL_USER_VALIDATION
KL17,Koh-Lanta : Johor,2015,https://en.wikipedia.org/wiki/Koh-Lanta:_Johor,Isabelle Haouzi,,54,,5th Voted Out Day 15,6,0.263158,,5th Voted Out Day 15,CONSEIL,INDETERMINE,DECISION_AVENTURIERS,Source: https://en.wikipedia.org/wiki/Koh-Lanta:_Johor,False,True,False,6,,False,,False,False,6.0,STANDARD,1,False,6,2026-07-21T02:14:09.071230,isabelle haouzi,KL17::isabelle haouzi,,,,,,,,,,,1.0,Professeure de danse : activité professionnelle directement physique et sportive. Cet élément satisfait le critère binaire positif.,"https://survivor.fandom.com/wiki/Isabelle_Haouzi | Professeure de danse : activité professionnelle directement physique et sportive. || https://survivor.fandom.com/wiki/Koh-Lanta%3A_Johor | Tableau de saison : 54 ans, profession Professeure de danse.",True,True,54.0,https://survivor.fandom.com/wiki/Koh-Lanta%3A_Johor,EXTERNAL_RESEARCH_VALIDATED,FEMALE,Le profil de Isabelle Haouzi emploie une présentation correspondant au genre FEMALE.,HIGH,EXTERNAL_RESEARCH_VALIDATED,Professeure de danse,Isabelle Haouzi — profession : Professeure de danse.,HIGH,EXTERNAL_RESEARCH_VALIDATED,False,"age_raw, gender_raw, profession_raw",MANUAL_FINAL,USER_VALIDATED,True,EXTERNAL_RESEARCH_COMPLETE,Recherche fondée sur le tableau structuré de la saison et les portraits de candidats reproduisant les anciennes fiches TF1. Les performances réalisées pendant l’émission ne sont pas utilisées comme preuve physique.,,HIGH,DIRECT_PHYSICAL_PROFESSION,,0,0,MANUAL_USER_VALIDATION
KL17,Koh-Lanta : Johor,2015,https://en.wikipedia.org/wiki/Koh-Lanta:_Johor,Margot Perrot Houwaer,,22,,Medically evacuated Day 19,7,0.315789,,Medically evacuated Day 19,ABANDON_MEDICAL,INDETERMINE,AUTRE_SORTIE,Source: https://en.wikipedia.org/wiki/Koh-Lanta:_Johor,False,True,False,7,,False,,False,False,7.0,STANDARD,1,False,7,2026-07-21T02:14:09.071230,margot perrot houwaer,KL17::margot perrot houwaer,,,,,,,,,,,0.0,Le profil disponible ne documente aucune activité sportive intensive ou musculature qualifiante. Le score proposé est donc 0.,"https://survivor.fandom.com/wiki/Margot_Perrot_Houwaer | Le profil disponible ne documente aucune activité sportive intensive ou musculature qualifiante. || https://survivor.fandom.com/wiki/Koh-Lanta%3A_Johor | Tableau de saison : 22 ans, profession Étudiante.",True,True,22.0,https://survivor.fandom.com/wiki/Koh-Lanta%3A_Johor,EXTERNAL_RESEARCH_VALIDATED,FEMALE,Le profil de Margot Perrot Houwaer emploie une présentation correspondant au genre FEMALE.,HIGH,EXTERNAL_RESEARCH_VALIDATED,Étudiante,Margot Perrot Houwaer — profession : Étudiante.,HIGH,EXTERNAL_RESEARCH_VALIDATED,False,"age_raw, gender_raw, profession_raw",MANUAL_FINAL,USER_VALIDATED,True,EXTERNAL_RESEARCH_COMPLETE,Recherche fondée sur le tableau structuré de la saison et les portraits de candidats reproduisant les anciennes fiches TF1. Les performances réalisées pendant l’émission ne sont pas utilisées comme preuve physique.,COMPLETE_PROFILE_NO_QUALIFYING_INDICATOR,HIGH,,,0,0,MANUAL_USER_VALIDATION
KL17,Koh-Lanta : Johor,2015,https://en.wikipedia.org/wiki/Koh-Lanta:_Johor,Alban Pellegrin,,28,,7th Voted Out 1st jury member Day 19,8,0.368421,,7th Voted Out 1st jury member Day 19,CONSEIL,INDETERMINE,DECISION_AVENTURIERS,Source: https://en.wikipedia.org/wiki/Koh-Lanta:_Johor,False,True,False,8,,False,,False,False,8.0,STANDARD,1,False,8,2026-07-21T02:14:09.071230,alban pellegrin,KL17::alban pellegrin,,,,,,,,,,,0.0,Le profil documente une activité d’agent immobilier sans indicateur sportif ou musculaire qualifiant. Le score proposé est donc 0.,"https://survivor.fandom.com/wiki/Alban_Pellegrin | Le profil documente une activité d’agent immobilier sans indicateur sportif ou musculaire qualifiant. || https://survivor.fandom.com/wiki/Koh-Lanta%3A_Johor | Tableau de saison : 28 ans, profession Agent immobilier.",True,True,28.0,https://survivor.fandom.com/wiki/Koh-Lanta%3A_Johor,EXTERNAL_RESEARCH_VALIDATED,MALE,Le profil de Alban Pellegrin emploie une présentation correspondant au genre MALE.,HIGH,EXTERNAL_RESEARCH_VALIDATED,Agent immobilier,Alban Pellegrin — profession : Agent immobilier.,HIGH,EXTERNAL_RESEARCH_VALIDATED,False,"age_raw, gender_raw, profession_raw",MANUAL_FINAL,USER_VALIDATED,True,EXTERNAL_RESEARCH_COMPLETE,Recherche fondée sur le tableau structuré de la saison et les portraits de candidats reproduisant les anciennes fiches TF1. Les performances réalisées pendant l’émission ne sont pas utilisées comme preuve physique.,COMPLETE_PROFILE_NO_QUALIFYING_INDICATOR,HIGH,,,0,0,MANUAL_USER_VALIDATION
KL17,Koh-Lanta : Johor,2015,https://en.wikipedia.org/wiki/Koh-Lanta:_Johor,Corinne Bargoin Samuelian,,45,,Medically evacuated 2nd jury member Day 21,9,0.421053,,Medically evacuated 2nd jury member Day 21,ABANDON_MEDICAL,INDETERMINE,AUTRE_SORTIE,Source: https://en.wikipedia.org/wiki/Koh-Lanta:_Johor,False,True,False,9,,False,,False,False,9.0,STANDARD,1,False,9,2026-07-21T02:14:09.071230,corinne bargoin samuelian,KL17::corinne bargoin samuelian,,,,,,,,,,,0.0,"Le profil disponible ne documente aucun sport intensif, aucune musculature ni profession physique directe. Le score proposé est donc 0.","https://survivor.fandom.com/wiki/Corinne_Bargoin_Samuelian | Le profil disponible ne documente aucun sport intensif, aucune musculature ni profession physique directe. || https://survivor.fandom.com/wiki/Koh-Lanta%3A_Johor | Tableau de saison : 45 ans, profession Commerçante.",True,True,45.0,https://survivor.fandom.com/wiki/Koh-Lanta%3A_Johor,EXTERNAL_RESEARCH_VALIDATED,FEMALE,Le profil de Corinne Bargoin Samuelian emploie une présentation correspondant au genre FEMALE.,HIGH,EXTERNAL_RESEARCH_VALIDATED,Commerçante,Corinne Bargoin Samuelian — profession : Commerçante.,HIGH,EXTERNAL_RESEARCH_VALIDATED,False,"age_raw, gender_raw, profession_raw",MANUAL_FINAL,USER_VALIDATED,True,EXTERNAL_RESEARCH_COMPLETE,Recherche fondée sur le tableau structuré de la saison et les portraits de candidats reproduisant les anciennes fiches TF1. Les performances réalisées pendant l’émission ne sont pas utilisées comme preuve physique.,COMPLETE_PROFILE_NO_QUALIFYING_INDICATOR,HIGH,,,0,0,MANUAL_USER_VALIDATION
KL17,Koh-Lanta : Johor,2015,https://en.wikipedia.org/wiki/Koh-Lanta:_Johor,Cédric Giosserand-Lucas,,36,,9th Voted Out 3rd jury member Day 23,10,0.473684,,9th Voted Out 3rd jury member Day 23,CONSEIL,INDETERMINE,DECISION_AVENTURIERS,Source: https://en.wikipedia.org/wiki/Koh-Lanta:_Johor,False,True,False,10,,False,,False,False,10.0,STANDARD,1,False,10,2026-07-21T02:14:09.071230,cédric giosserand-lucas,KL17::cédric giosserand-lucas,,,,,,,,,,,0.0,Le profil documente une profession de consultant sans indicateur sportif ou musculaire qualifiant. Le score proposé est donc 0.,"https://survivor.fandom.com/wiki/C%C3%A9dric_Giosserand-Lucas | Le profil documente une profession de consultant sans indicateur sportif ou musculaire qualifiant. || https://survivor.fandom.com/wiki/Koh-Lanta%3A_Johor | Tableau de saison : 36 ans, profession Consultant.",True,True,36.0,https://survivor.fandom.com/wiki/Koh-Lanta%3A_Johor,EXTERNAL_RESEARCH_VALIDATED,MALE,Le profil de Cédric Giosserand-Lucas emploie une présentation correspondant au genre MALE.,HIGH,EXTERNAL_RESEARCH_VALIDATED,Consultant,Cédric Giosserand-Lucas — profession : Consultant.,HIGH,EXTERNAL_RESEARCH_VALIDATED,False,"age_raw, gender_raw, profession_raw",MANUAL_FINAL,USER_VALIDATED,True,EXTERNAL_RESEARCH_COMPLETE,Recherche fondée sur le tableau structuré de la saison et les portraits de candidats reproduisant les anciennes fiches TF1. Les performances réalisées pendant l’émission ne sont pas utilisées comme preuve physique.,COMPLETE_PROFILE_NO_QUALIFYING_INDICATOR,HIGH,,,0,0,MANUAL_USER_VALIDATION
KL17,Koh-Lanta : Johor,2015,https://en.wikipedia.org/wiki/Koh-Lanta:_Johor,Charlaine Cuny,,21,,10th Voted Out 4th jury member Day 26,11,0.526316,,10th Voted Out 4th jury member Day 26,CONSEIL,INDETERMINE,DECISION_AVENTURIERS,Source: https://en.wikipedia.org/wiki/Koh-Lanta:_Johor,False,True,False,11,,False,,False,False,11.0,STANDARD,1,False,11,2026-07-21T02:14:09.071230,charlaine cuny,KL17::charlaine cuny,,,,,,,,,,,0.0,Le profil disponible ne documente aucune activité sportive intensive ou musculature qualifiante. Le score proposé est donc 0.,"https://survivor.fandom.com/wiki/Charlaine_Cuny | Le profil disponible ne documente aucune activité sportive intensive ou musculature qualifiante. || https://survivor.fandom.com/wiki/Koh-Lanta%3A_Johor | Tableau de saison : 21 ans, profession Étudiante.",True,True,21.0,https://survivor.fandom.com/wiki/Koh-Lanta%3A_Johor,EXTERNAL_RESEARCH_VALIDATED,FEMALE,Le profil de Charlaine Cuny emploie une présentation correspondant au genre FEMALE.,HIGH,EXTERNAL_RESEARCH_VALIDATED,Étudiante,Charlaine Cuny — profession : Étudiante.,HIGH,EXTERNAL_RESEARCH_VALIDATED,False,"age_raw, gender_raw, profession_raw",MANUAL_FINAL,USER_VALIDATED,True,EXTERNAL_RESEARCH_COMPLETE,Recherche fondée sur le tableau structuré de la saison et les portraits de candidats reproduisant les anciennes fiches TF1. Les performances réalisées pendant l’émission ne sont pas utilisées comme preuve physique.,COMPLETE_PROFILE_NO_QUALIFYING_INDICATOR,HIGH,,,0,0,MANUAL_USER_VALIDATION
KL17,Koh-Lanta : Johor,2015,https://en.wikipedia.org/wiki/Koh-Lanta:_Johor,Nessim Kouachi,,26,,11th Voted Out 5th jury member Day 26,12,0.578947,,11th Voted Out 5th jury member Day 26,CONSEIL,INDETERMINE,DECISION_AVENTURIERS,Source: https://en.wikipedia.org/wiki/Koh-Lanta:_Johor,False,True,False,12,,False,,False,False,12.0,STANDARD,1,False,12,2026-07-21T02:14:09.071230,nessim kouachi,KL17::nessim kouachi,,,,,,,,,,,0.0,Le profil documente un métier de chauffeur de bus sans pratique sportive intensive ni musculature signalée. Le score proposé est donc 0.,"https://survivor.fandom.com/wiki/Nessim_Kouachi | Le profil documente un métier de chauffeur de bus sans pratique sportive intensive ni musculature signalée. || https://survivor.fandom.com/wiki/Koh-Lanta%3A_Johor | Tableau de saison : 26 ans, profession Chauffeur de bus.",True,True,26.0,https://survivor.fandom.com/wiki/Koh-Lanta%3A_Johor,EXTERNAL_RESEARCH_VALIDATED,MALE,Le profil de Nessim Kouachi emploie une présentation correspondant au genre MALE.,HIGH,EXTERNAL_RESEARCH_VALIDATED,Chauffeur de bus,Nessim Kouachi — profession : Chauffeur de bus.,HIGH,EXTERNAL_RESEARCH_VALIDATED,False,"age_raw, gender_raw, profession_raw",MANUAL_FINAL,USER_VALIDATED,True,EXTERNAL_RESEARCH_COMPLETE,Recherche fondée sur le tableau structuré de la saison et les portraits de candidats reproduisant les anciennes fiches TF1. Les performances réalisées pendant l’émission ne sont pas utilisées comme preuve physique.,COMPLETE_PROFILE_NO_QUALIFYING_INDICATOR,HIGH,,,0,0,MANUAL_USER_VALIDATION
KL17,Koh-Lanta : Johor,2015,https://en.wikipedia.org/wiki/Koh-Lanta:_Johor,Jeff Santiago,,32,,12th Voted Out 6th jury member Day 29,13,0.631579,,12th Voted Out 6th jury member Day 29,CONSEIL,INDETERMINE,DECISION_AVENTURIERS,Source: https://en.wikipedia.org/wiki/Koh-Lanta:_Johor,False,True,False,13,,False,,False,False,13.0,STANDARD,1,False,13,2026-07-21T02:14:09.071230,jeff santiago,KL17::jeff santiago,,,,,,,,,,,0.0,"Le profil disponible ne documente aucun sport intensif, aucune musculature ni profession physique directe. Le score proposé est donc 0.","https://survivor.fandom.com/wiki/Jeff_Santiago | Le profil disponible ne documente aucun sport intensif, aucune musculature ni profession physique directe. || https://survivor.fandom.com/wiki/Koh-Lanta%3A_Johor | Tableau de saison : 32 ans, profession Serveur.",True,True,32.0,https://survivor.fandom.com/wiki/Koh-Lanta%3A_Johor,EXTERNAL_RESEARCH_VALIDATED,MALE,Le profil de Jeff Santiago emploie une présentation correspondant au genre MALE.,HIGH,EXTERNAL_RESEARCH_VALIDATED,Serveur,Jeff Santiago — profession : Serveur.,HIGH,EXTERNAL_RESEARCH_VALIDATED,False,"age_raw, gender_raw, profession_raw",MANUAL_FINAL,USER_VALIDATED,True,EXTERNAL_RESEARCH_COMPLETE,Recherche fondée sur le tableau structuré de la saison et les portraits de candidats reproduisant les anciennes fiches TF1. Les performances réalisées pendant l’émission ne sont pas utilisées comme preuve physique.,COMPLETE_PROFILE_NO_QUALIFYING_INDICATOR,HIGH,,,0,0,MANUAL_USER_VALIDATION
KL17,Koh-Lanta : Johor,2015,https://en.wikipedia.org/wiki/Koh-Lanta:_Johor,Christophe Pendon,,30,,13th Voted Out 7th jury member Day 32,14,0.684211,,13th Voted Out 7th jury member Day 32,CONSEIL,INDETERMINE,DECISION_AVENTURIERS,Source: https://en.wikipedia.org/wiki/Koh-Lanta:_Johor,False,True,False,14,,False,,False,False,14.0,STANDARD,1,False,14,2026-07-21T02:14:09.071230,christophe pendon,KL17::christophe pendon,,,,,,,,,,,0.0,"Réaudit strict : le score antérieur reposait principalement sur un métier manuel, actif ou une preuve sportive trop vague. Aucune preuve suffisante de sport intensif, compétitif, d’entraînement soutenu ou de musculature athlétique.","https://survivor.fandom.com/wiki/Christophe_Pendon | Le portrait le décrit comme passionné de sports de combat et habitué à dépasser ses limites. || https://survivor.fandom.com/wiki/Koh-Lanta%3A_Johor | Tableau de saison : 30 ans, profession Entrepreneur dans l’événementiel.",True,True,30.0,https://survivor.fandom.com/wiki/Koh-Lanta%3A_Johor,EXTERNAL_RESEARCH_VALIDATED,MALE,Le profil de Christophe Pendon emploie une présentation correspondant au genre MALE.,HIGH,EXTERNAL_RESEARCH_VALIDATED,Entrepreneur dans l’événementiel,Christophe Pendon — profession : Entrepreneur dans l’événementiel.,HIGH,EXTERNAL_RESEARCH_VALIDATED,False,"age_raw, gender_raw, profession_raw",MANUAL_FINAL,USER_VALIDATED,True,EXTERNAL_RESEARCH_COMPLETE,Recherche fondée sur le tableau structuré de la saison et les portraits de candidats reproduisant les anciennes fiches TF1. Les performances réalisées pendant l’émission ne sont pas utilisées comme preuve physique.,STRICT_REAUDIT_NO_SUFFICIENT_ATHLETIC_EVIDENCE,HIGH,,,0,0,MANUAL_USER_VALIDATION
KL17,Koh-Lanta : Johor,2015,https://en.wikipedia.org/wiki/Koh-Lanta:_Johor,Jessica Potel,,31,,14th Voted Out 8th jury member Day 34,15,0.736842,,14th Voted Out 8th jury member Day 34,CONSEIL,INDETERMINE,DECISION_AVENTURIERS,Source: https://en.wikipedia.org/wiki/Koh-Lanta:_Johor,False,True,False,15,,False,,False,False,15.0,STANDARD,1,False,15,2026-07-21T02:14:09.071230,jessica potel,KL17::jessica potel,,,,,,,,,,,0.0,Le portrait de Johor ne documente pas de pratique sportive intensive antérieure à la saison. Le score proposé est donc 0.,"https://survivor.fandom.com/wiki/Jessica_Potel | Le portrait de Johor ne documente pas de pratique sportive intensive antérieure à la saison. || https://survivor.fandom.com/wiki/Koh-Lanta%3A_Johor | Tableau de saison : 31 ans, profession Animatrice pour enfants.",True,True,31.0,https://survivor.fandom.com/wiki/Koh-Lanta%3A_Johor,EXTERNAL_RESEARCH_VALIDATED,FEMALE,Le profil de Jessica Potel emploie une présentation correspondant au genre FEMALE.,HIGH,EXTERNAL_RESEARCH_VALIDATED,Animatrice pour enfants,Jessica Potel — profession : Animatrice pour enfants.,HIGH,EXTERNAL_RESEARCH_VALIDATED,False,"age_raw, gender_raw, profession_raw",MANUAL_FINAL,USER_VALIDATED,True,EXTERNAL_RESEARCH_COMPLETE,Recherche fondée sur le tableau structuré de la saison et les portraits de candidats reproduisant les anciennes fiches TF1. Les performances réalisées pendant l’émission ne sont pas utilisées comme preuve physique.,COMPLETE_PROFILE_NO_QUALIFYING_INDICATOR,HIGH,,,0,0,MANUAL_USER_VALIDATION
KL17,Koh-Lanta : Johor,2015,https://en.wikipedia.org/wiki/Koh-Lanta:_Johor,Sébastien Ballesteros,,25,,15th Voted Out 9th jury member Day 37,16,0.789474,,15th Voted Out 9th jury member Day 37,CONSEIL,INDETERMINE,DECISION_AVENTURIERS,Source: https://en.wikipedia.org/wiki/Koh-Lanta:_Johor,False,True,False,16,,False,,False,False,16.0,STANDARD,1,False,16,2026-07-21T02:14:09.071230,sébastien ballesteros,KL17::sébastien ballesteros,,,,,,,,,,,1.0,Le portrait officiel le décrit explicitement comme un « sportif aguerri ». Cet élément satisfait le critère binaire positif.,"https://survivor.fandom.com/wiki/S%C3%A9bastien_Ballesteros | Le portrait officiel le décrit explicitement comme un « sportif aguerri ». || https://survivor.fandom.com/wiki/Koh-Lanta%3A_Johor | Tableau de saison : 25 ans, profession Diplômé en agroalimentaire.",True,True,25.0,https://survivor.fandom.com/wiki/Koh-Lanta%3A_Johor,EXTERNAL_RESEARCH_VALIDATED,MALE,Le profil de Sébastien Ballesteros emploie une présentation correspondant au genre MALE.,HIGH,EXTERNAL_RESEARCH_VALIDATED,Diplômé en agroalimentaire,Sébastien Ballesteros — profession : Diplômé en agroalimentaire.,HIGH,EXTERNAL_RESEARCH_VALIDATED,False,"age_raw, gender_raw, profession_raw",MANUAL_FINAL,USER_VALIDATED,True,EXTERNAL_RESEARCH_COMPLETE,Recherche fondée sur le tableau structuré de la saison et les portraits de candidats reproduisant les anciennes fiches TF1. Les performances réalisées pendant l’émission ne sont pas utilisées comme preuve physique.,,HIGH,HIGH_PHYSICAL_TRAINING,,0,0,MANUAL_USER_VALIDATION
KL17,Koh-Lanta : Johor,2015,https://en.wikipedia.org/wiki/Koh-Lanta:_Johor,Bruno Peisey,,52,,Lost Challenge 10th jury member Day 38,17,0.842105,,Lost Challenge 10th jury member Day 38,EPREUVE_ELIMINATOIRE,INDETERMINE,EPREUVE,Source: https://en.wikipedia.org/wiki/Koh-Lanta:_Johor,False,True,False,17,,False,,False,False,17.0,STANDARD,1,False,17,2026-07-21T02:14:09.071230,bruno peisey,KL17::bruno peisey,,,,,,,,,,,0.0,Aucune preuve suffisamment concrète d’une pratique sportive intensive ou compétitive.,https://actu.fr/loisirs-culture/interview-finaliste-de-koh-lanta-bruno-peisey-du-havre-revient-sur-son-experience_569459.html,True,True,52.0,https://kohlanta.fandom.com/fr/wiki/Koh-Lanta_%3A_Johor,EXTERNAL_RESEARCH_VALIDATED,MALE,Le tableau de saison présente Bruno Peisey dans la distribution des candidats.,HIGH,EXTERNAL_RESEARCH_VALIDATED,Agent maritime,Bruno Peisey — profession : Agent maritime.,HIGH,EXTERNAL_RESEARCH_VALIDATED,False,"age_raw, gender_raw, profession_raw",MANUAL_FINAL,USER_VALIDATED,True,EXTERNAL_RESEARCH_PARTIAL,Batch final de rattrapage. Les âges et professions déjà validés localement ont été conservés ; les entrées corrompues KL02/KL07/KL08 ont été remplacées par les valeurs des tableaux de saison. Les performances réalisées pendant l’émission ne sont pas utilisées comme preuve physique.,STRICT_MANUAL_NO_SUFFICIENT_POSITIVE_EVIDENCE,HIGH,,,0,0,MANUAL_USER_VALIDATION
KL17,Koh-Lanta : Johor,2015,https://en.wikipedia.org/wiki/Koh-Lanta:_Johor,Mélissa Bastin,,28,,15th Voted Out 11th jury member Day 39,18,0.894737,,15th Voted Out 11th jury member Day 39,CONSEIL,INDETERMINE,DECISION_AVENTURIERS,Source: https://en.wikipedia.org/wiki/Koh-Lanta:_Johor,False,True,False,18,,False,,False,False,18.0,STANDARD,1,False,18,2026-07-21T02:14:09.071230,mélissa bastin,KL17::mélissa bastin,,,,,,,,,,,1.0,"Elle dispense des cours de danse après son travail, ce qui documente une pratique physique régulière d’enseignement. Cet élément satisfait le critère binaire positif.","https://survivor.fandom.com/wiki/M%C3%A9lissa_Bastin | Elle dispense des cours de danse après son travail, ce qui documente une pratique physique régulière d’enseignement. || https://survivor.fandom.com/wiki/Koh-Lanta%3A_Johor | Tableau de saison : 28 ans, profession Assistante administrative et professeure de danse.",True,True,28.0,https://survivor.fandom.com/wiki/Koh-Lanta%3A_Johor,EXTERNAL_RESEARCH_VALIDATED,FEMALE,Le profil de Mélissa Bastin emploie une présentation correspondant au genre FEMALE.,HIGH,EXTERNAL_RESEARCH_VALIDATED,Assistante administrative et professeure de danse,Mélissa Bastin — profession : Assistante administrative et professeure de danse.,HIGH,EXTERNAL_RESEARCH_VALIDATED,False,"age_raw, gender_raw, profession_raw",MANUAL_FINAL,USER_VALIDATED,True,EXTERNAL_RESEARCH_COMPLETE,Recherche fondée sur le tableau structuré de la saison et les portraits de candidats reproduisant les anciennes fiches TF1. Les performances réalisées pendant l’émission ne sont pas utilisées comme preuve physique.,,HIGH,DIRECT_PHYSICAL_PROFESSION,,0,0,MANUAL_USER_VALIDATION
KL17,Koh-Lanta : Johor,2015,https://en.wikipedia.org/wiki/Koh-Lanta:_Johor,Chantel Ménard,,45,,Runner-up Day 40,19,0.947368,,Runner-up Day 40,FINALISTE,FIN_DE_JEU,AUTRE_SORTIE,Source: https://en.wikipedia.org/wiki/Koh-Lanta:_Johor,False,True,False,19,,False,,False,False,19.0,STANDARD,1,False,19,2026-07-21T02:14:09.071230,chantel ménard,KL17::chantel ménard,,,,,,,,,,,1.0,"Triple championne du monde de kickboxing, selon son portrait officiel. Cet élément satisfait le critère binaire positif.","https://survivor.fandom.com/wiki/Chantal_M%C3%A9nard | Triple championne du monde de kickboxing, selon son portrait officiel. || https://survivor.fandom.com/wiki/Koh-Lanta%3A_Johor | Tableau de saison : 45 ans, profession Styliste.",True,True,45.0,https://survivor.fandom.com/wiki/Koh-Lanta%3A_Johor,EXTERNAL_RESEARCH_VALIDATED,FEMALE,Le profil de Chantel Ménard emploie une présentation correspondant au genre FEMALE.,HIGH,EXTERNAL_RESEARCH_VALIDATED,Styliste,Chantel Ménard — profession : Styliste.,HIGH,EXTERNAL_RESEARCH_VALIDATED,False,"age_raw, gender_raw, profession_raw",MANUAL_FINAL,USER_VALIDATED,True,EXTERNAL_RESEARCH_COMPLETE,Recherche fondée sur le tableau structuré de la saison et les portraits de candidats reproduisant les anciennes fiches TF1. Les performances réalisées pendant l’émission ne sont pas utilisées comme preuve physique.,,HIGH,ELITE_COMPETITIVE_SPORT,,1,1,MANUAL_USER_VALIDATION
KL17,Koh-Lanta : Johor,2015,https://en.wikipedia.org/wiki/Koh-Lanta:_Johor,Marc Rambaud,,43,,Sole Survivor Day 40,20,1.0,,Sole Survivor Day 40,VAINQUEUR,FIN_DE_JEU,AUTRE_SORTIE,Source: https://en.wikipedia.org/wiki/Koh-Lanta:_Johor,False,True,False,20,,False,,False,False,20.0,STANDARD,0,True,20,2026-07-21T02:14:09.071230,marc rambaud,KL17::marc rambaud,,,,,,,,,,,0.0,Le portrait disponible documente son activité d’entrepreneur sans sport intensif ou musculature explicite avant la saison. Le score proposé est donc 0.,"https://survivor.fandom.com/wiki/Marc_Rambaud | Le portrait disponible documente son activité d’entrepreneur sans sport intensif ou musculature explicite avant la saison. || https://survivor.fandom.com/wiki/Koh-Lanta%3A_Johor | Tableau de saison : 43 ans, profession Chef d’entreprise.",True,True,43.0,https://survivor.fandom.com/wiki/Koh-Lanta%3A_Johor,EXTERNAL_RESEARCH_VALIDATED,MALE,Le profil de Marc Rambaud emploie une présentation correspondant au genre MALE.,HIGH,EXTERNAL_RESEARCH_VALIDATED,Chef d’entreprise,Marc Rambaud — profession : Chef d’entreprise.,HIGH,EXTERNAL_RESEARCH_VALIDATED,False,"age_raw, gender_raw, profession_raw",MANUAL_FINAL,USER_VALIDATED,True,EXTERNAL_RESEARCH_COMPLETE,Recherche fondée sur le tableau structuré de la saison et les portraits de candidats reproduisant les anciennes fiches TF1. Les performances réalisées pendant l’émission ne sont pas utilisées comme preuve physique.,COMPLETE_PROFILE_NO_QUALIFYING_INDICATOR,HIGH,,,0,0,MANUAL_USER_VALIDATION
KL31,Koh-Lanta : L'Île au trésor,2016,https://en.wikipedia.org/wiki/Koh-Lanta:_L%27%C3%8Ele_au_Tr%C3%A9sor,Myriam Zenasni,,36,,1st Voted Out Day 3,1,0.0,Day 3,1st Voted Out Day 3,CONSEIL,DECISION_AVENTURIERS,DECISION_AVENTURIERS,Voted Out: élimination par conseil,False,True,False,1,,False,,False,False,1.0,STANDARD,1,False,1,2026-07-20T16:48:50.641302+00:00,myriam zenasni,KL31::myriam zenasni,,,,,,,,,,,0.0,"Le tableau documente une profession de serveuse, sans sport intensif ou musculature qualifiante. Le score proposé est donc 0.","https://kohlanta.fandom.com/fr/wiki/Koh-Lanta_%3A_L%27%C3%AEle_au_tr%C3%A9sor | Le tableau documente une profession de serveuse, sans sport intensif ou musculature qualifiante.",True,True,36.0,https://kohlanta.fandom.com/fr/wiki/Koh-Lanta_%3A_L%27%C3%AEle_au_tr%C3%A9sor,EXTERNAL_RESEARCH_VALIDATED,FEMALE,Le tableau de saison présente Myriam Zenasni dans la distribution des candidats.,HIGH,EXTERNAL_RESEARCH_VALIDATED,Serveuse,Myriam Zenasni — profession : Serveuse.,HIGH,EXTERNAL_RESEARCH_VALIDATED,False,"age_raw, gender_raw, profession_raw",MANUAL_FINAL,USER_VALIDATED,True,EXTERNAL_RESEARCH_COMPLETE,Recherche fondée sur les tableaux de saison et les portraits individuels disponibles. Les performances réalisées pendant l’émission ne sont pas utilisées comme preuve physique.,COMPLETE_PROFILE_NO_QUALIFYING_INDICATOR,HIGH,,,0,0,MANUAL_USER_VALIDATION
KL31,Koh-Lanta : L'Île au trésor,2016,https://en.wikipedia.org/wiki/Koh-Lanta:_L%27%C3%8Ele_au_Tr%C3%A9sor,Amandine Schmitt,,33,,2nd Voted Out Day 6,2,0.052632,Day 6,2nd Voted Out Day 6,CONSEIL,DECISION_AVENTURIERS,DECISION_AVENTURIERS,Voted Out: élimination par conseil,False,True,False,2,,False,,False,False,2.0,STANDARD,1,False,2,2026-07-20T16:48:50.641302+00:00,amandine schmitt,KL31::amandine schmitt,,,,,,,,,,,0.0,Profession commerciale sans sport intensif ou musculature qualifiante documentée. Le score proposé est donc 0.,https://kohlanta.fandom.com/fr/wiki/Koh-Lanta_%3A_L%27%C3%AEle_au_tr%C3%A9sor | Profession commerciale sans sport intensif ou musculature qualifiante documentée.,True,True,33.0,https://kohlanta.fandom.com/fr/wiki/Koh-Lanta_%3A_L%27%C3%AEle_au_tr%C3%A9sor,EXTERNAL_RESEARCH_VALIDATED,FEMALE,Le tableau de saison présente Amandine Schmitt dans la distribution des candidats.,HIGH,EXTERNAL_RESEARCH_VALIDATED,Commerciale,Amandine Schmitt — profession : Commerciale.,HIGH,EXTERNAL_RESEARCH_VALIDATED,False,"age_raw, gender_raw, profession_raw",MANUAL_FINAL,USER_VALIDATED,True,EXTERNAL_RESEARCH_COMPLETE,Recherche fondée sur les tableaux de saison et les portraits individuels disponibles. Les performances réalisées pendant l’émission ne sont pas utilisées comme preuve physique.,COMPLETE_PROFILE_NO_QUALIFYING_INDICATOR,HIGH,,,0,0,MANUAL_USER_VALIDATION
KL31,Koh-Lanta : L'Île au trésor,2016,https://en.wikipedia.org/wiki/Koh-Lanta:_L%27%C3%8Ele_au_Tr%C3%A9sor,Sophie Le Nestic Sabattier,,48,,3rd Voted Out Day 9,3,0.105263,Day 9,3rd Voted Out Day 9,CONSEIL,DECISION_AVENTURIERS,DECISION_AVENTURIERS,Voted Out: élimination par conseil,False,True,False,3,,False,,False,False,3.0,STANDARD,1,False,3,2026-07-20T16:48:50.641302+00:00,sophie le nestic sabattier,KL31::sophie le nestic sabattier,,,,,,,,,,,0.0,Profession commerciale sans sport intensif ou musculature qualifiante documentée. Le score proposé est donc 0.,https://kohlanta.fandom.com/fr/wiki/Koh-Lanta_%3A_L%27%C3%AEle_au_tr%C3%A9sor | Profession commerciale sans sport intensif ou musculature qualifiante documentée.,True,True,48.0,https://kohlanta.fandom.com/fr/wiki/Koh-Lanta_%3A_L%27%C3%AEle_au_tr%C3%A9sor,EXTERNAL_RESEARCH_VALIDATED,FEMALE,Le tableau de saison présente Sophie Le Nestic Sabattier dans la distribution des candidats.,HIGH,EXTERNAL_RESEARCH_VALIDATED,Commerciale,Sophie Le Nestic Sabattier — profession : Commerciale.,HIGH,EXTERNAL_RESEARCH_VALIDATED,False,"age_raw, gender_raw, profession_raw",MANUAL_FINAL,USER_VALIDATED,True,EXTERNAL_RESEARCH_COMPLETE,Recherche fondée sur les tableaux de saison et les portraits individuels disponibles. Les performances réalisées pendant l’émission ne sont pas utilisées comme preuve physique.,COMPLETE_PROFILE_NO_QUALIFYING_INDICATOR,HIGH,,,0,0,MANUAL_USER_VALIDATION
KL31,Koh-Lanta : L'Île au trésor,2016,https://en.wikipedia.org/wiki/Koh-Lanta:_L%27%C3%8Ele_au_Tr%C3%A9sor,Sandrine Bouzekri,,33,,4th Voted Out Day 12,4,0.157895,Day 12,4th Voted Out Day 12,CONSEIL,DECISION_AVENTURIERS,DECISION_AVENTURIERS,Voted Out: élimination par conseil,False,True,False,4,,False,,False,False,4.0,STANDARD,1,False,4,2026-07-20T16:48:50.641302+00:00,sandrine bouzekri,KL31::sandrine bouzekri,,,,,,,,,,,0.0,"Le tableau documente une profession infirmière, sans preuve suffisante d’un profil physique supérieur à la moyenne. Le score proposé est donc 0.","https://kohlanta.fandom.com/fr/wiki/Koh-Lanta_%3A_L%27%C3%AEle_au_tr%C3%A9sor | Le tableau documente une profession infirmière, sans preuve suffisante d’un profil physique supérieur à la moyenne.",True,True,33.0,https://kohlanta.fandom.com/fr/wiki/Koh-Lanta_%3A_L%27%C3%AEle_au_tr%C3%A9sor,EXTERNAL_RESEARCH_VALIDATED,FEMALE,Le tableau de saison présente Sandrine Bouzekri dans la distribution des candidats.,HIGH,EXTERNAL_RESEARCH_VALIDATED,Infirmière,Sandrine Bouzekri — profession : Infirmière.,HIGH,EXTERNAL_RESEARCH_VALIDATED,False,"age_raw, gender_raw, profession_raw",MANUAL_FINAL,USER_VALIDATED,True,EXTERNAL_RESEARCH_COMPLETE,Recherche fondée sur les tableaux de saison et les portraits individuels disponibles. Les performances réalisées pendant l’émission ne sont pas utilisées comme preuve physique.,COMPLETE_PROFILE_NO_QUALIFYING_INDICATOR,HIGH,,,0,0,MANUAL_USER_VALIDATION
KL31,Koh-Lanta : L'Île au trésor,2016,https://en.wikipedia.org/wiki/Koh-Lanta:_L%27%C3%8Ele_au_Tr%C3%A9sor,Laurent Mischkind,,36,,5th Voted Out Day 15,5,0.210526,Day 15,5th Voted Out Day 15,CONSEIL,DECISION_AVENTURIERS,DECISION_AVENTURIERS,Voted Out: élimination par conseil,False,True,False,5,,False,,False,False,5.0,STANDARD,1,False,5,2026-07-20T16:48:50.641302+00:00,laurent mischkind,KL31::laurent mischkind,,,,,,,,,,,0.0,Fonction de direction sans sport intensif ou musculature qualifiante documentée. Le score proposé est donc 0.,https://kohlanta.fandom.com/fr/wiki/Koh-Lanta_%3A_L%27%C3%AEle_au_tr%C3%A9sor | Fonction de direction sans sport intensif ou musculature qualifiante documentée.,True,True,36.0,https://kohlanta.fandom.com/fr/wiki/Koh-Lanta_%3A_L%27%C3%AEle_au_tr%C3%A9sor,EXTERNAL_RESEARCH_VALIDATED,MALE,Le tableau de saison présente Laurent Mischkind dans la distribution des candidats.,HIGH,EXTERNAL_RESEARCH_VALIDATED,Chef d’entreprise,Laurent Mischkind — profession : Chef d’entreprise.,HIGH,EXTERNAL_RESEARCH_VALIDATED,False,"age_raw, gender_raw, profession_raw",MANUAL_FINAL,USER_VALIDATED,True,EXTERNAL_RESEARCH_COMPLETE,Recherche fondée sur les tableaux de saison et les portraits individuels disponibles. Les performances réalisées pendant l’émission ne sont pas utilisées comme preuve physique.,COMPLETE_PROFILE_NO_QUALIFYING_INDICATOR,HIGH,,,0,0,MANUAL_USER_VALIDATION
KL31,Koh-Lanta : L'Île au trésor,2016,https://en.wikipedia.org/wiki/Koh-Lanta:_L%27%C3%8Ele_au_Tr%C3%A9sor,Jean-Luc Duboscq,,50,,6th Voted Out Day 18,6,0.263158,Day 18,6th Voted Out Day 18,CONSEIL,DECISION_AVENTURIERS,DECISION_AVENTURIERS,Voted Out: élimination par conseil,False,True,False,6,,False,,False,False,6.0,STANDARD,1,False,6,2026-07-20T16:48:50.641302+00:00,jean-luc duboscq,KL31::jean-luc duboscq,,,,,,,,,,,0.0,"Réaudit strict : le score antérieur reposait principalement sur un métier manuel, actif ou une preuve sportive trop vague. Aucune preuve suffisante de sport intensif, compétitif, d’entraînement soutenu ou de musculature athlétique.",https://kohlanta.fandom.com/fr/wiki/Koh-Lanta_%3A_L%27%C3%AEle_au_tr%C3%A9sor | Préparateur de motos : métier manuel impliquant interventions mécaniques et efforts physiques réguliers.,True,True,50.0,https://kohlanta.fandom.com/fr/wiki/Koh-Lanta_%3A_L%27%C3%AEle_au_tr%C3%A9sor,EXTERNAL_RESEARCH_VALIDATED,MALE,Le tableau de saison présente Jean-Luc Duboscq dans la distribution des candidats.,HIGH,EXTERNAL_RESEARCH_VALIDATED,Préparateur de motos,Jean-Luc Duboscq — profession : Préparateur de motos.,HIGH,EXTERNAL_RESEARCH_VALIDATED,False,"age_raw, gender_raw, profession_raw",MANUAL_FINAL,USER_VALIDATED,True,EXTERNAL_RESEARCH_COMPLETE,Batch final de rattrapage. Les âges et professions déjà validés localement ont été conservés ; les entrées corrompues KL02/KL07/KL08 ont été remplacées par les valeurs des tableaux de saison. Les performances réalisées pendant l’émission ne sont pas utilisées comme preuve physique.,STRICT_REAUDIT_NO_SUFFICIENT_ATHLETIC_EVIDENCE,HIGH,,,0,0,MANUAL_USER_VALIDATION
KL31,Koh-Lanta : L'Île au trésor,2016,https://en.wikipedia.org/wiki/Koh-Lanta:_L%27%C3%8Ele_au_Tr%C3%A9sor,Jérôme Merlier,,44,,Lost Duel Day 20,7,0.315789,Day 20,Lost Duel Day 20,EPREUVE_ELIMINATOIRE,EPREUVE,EPREUVE,Lost Duel: épreuve éliminatoire en duel,False,True,False,7,,False,,False,False,7.0,STANDARD,1,False,7,2026-07-20T16:48:50.641302+00:00,jérôme merlier,KL31::jérôme merlier,,,,,,,,,,,0.0,"Profession trop générale mais aucun sport intensif, musculature ou travail physique direct n’est documenté. Le score proposé est donc 0.","https://kohlanta.fandom.com/fr/wiki/Koh-Lanta_%3A_L%27%C3%AEle_au_tr%C3%A9sor | Profession trop générale mais aucun sport intensif, musculature ou travail physique direct n’est documenté.",True,True,44.0,https://kohlanta.fandom.com/fr/wiki/Koh-Lanta_%3A_L%27%C3%AEle_au_tr%C3%A9sor,EXTERNAL_RESEARCH_VALIDATED,MALE,Le tableau de saison présente Jérôme Merlier dans la distribution des candidats.,HIGH,EXTERNAL_RESEARCH_VALIDATED,Entrepreneur,Jérôme Merlier — profession : Entrepreneur.,HIGH,EXTERNAL_RESEARCH_VALIDATED,False,"age_raw, gender_raw, profession_raw",MANUAL_FINAL,USER_VALIDATED,True,EXTERNAL_RESEARCH_COMPLETE,Recherche fondée sur les tableaux de saison et les portraits individuels disponibles. Les performances réalisées pendant l’émission ne sont pas utilisées comme preuve physique.,COMPLETE_PROFILE_NO_QUALIFYING_INDICATOR,HIGH,,,1,1,MANUAL_USER_VALIDATION
KL31,Koh-Lanta : L'Île au trésor,2016,https://en.wikipedia.org/wiki/Koh-Lanta:_L%27%C3%8Ele_au_Tr%C3%A9sor,"Laurent ""Lau"" Émilien",,30,,7th Voted Out 1st jury member Day 21,8,0.368421,Day 21,7th Voted Out 1st jury member Day 21,CONSEIL,DECISION_AVENTURIERS,DECISION_AVENTURIERS,Voted Out: élimination par conseil,False,True,False,8,,False,,False,False,8.0,STANDARD,1,False,8,2026-07-20T16:48:50.641302+00:00,"laurent ""lau"" émilien","KL31::laurent ""lau"" émilien",,,,,,,,,,,0.0,Profession commerciale sans indicateur sportif ou physique qualifiant documenté. Le score proposé est donc 0.,https://kohlanta.fandom.com/fr/wiki/Koh-Lanta_%3A_L%27%C3%AEle_au_tr%C3%A9sor | Profession commerciale sans indicateur sportif ou physique qualifiant documenté.,True,True,30.0,https://kohlanta.fandom.com/fr/wiki/Koh-Lanta_%3A_L%27%C3%AEle_au_tr%C3%A9sor,EXTERNAL_RESEARCH_VALIDATED,MALE,"Le tableau de saison présente Laurent ""Lau"" Émilien dans la distribution des candidats.",HIGH,EXTERNAL_RESEARCH_VALIDATED,Responsable commercial,"Laurent ""Lau"" Émilien — profession : Responsable commercial.",HIGH,EXTERNAL_RESEARCH_VALIDATED,False,"age_raw, gender_raw, profession_raw",MANUAL_FINAL,USER_VALIDATED,True,EXTERNAL_RESEARCH_COMPLETE,Recherche fondée sur les tableaux de saison et les portraits individuels disponibles. Les performances réalisées pendant l’émission ne sont pas utilisées comme preuve physique.,COMPLETE_PROFILE_NO_QUALIFYING_INDICATOR,HIGH,,,1,1,MANUAL_USER_VALIDATION
KL31,Koh-Lanta : L'Île au trésor,2016,https://en.wikipedia.org/wiki/Koh-Lanta:_L%27%C3%8Ele_au_Tr%C3%A9sor,Béryl Libault de la Chevasnerie,,30,,8th Voted Out 2nd jury member Day 24,9,0.421053,Day 24,8th Voted Out 2nd jury member Day 24,CONSEIL,DECISION_AVENTURIERS,DECISION_AVENTURIERS,Voted Out: élimination par conseil,False,True,False,9,,False,,False,False,9.0,STANDARD,1,False,9,2026-07-20T16:48:50.641302+00:00,béryl libault de la chevasnerie,KL31::béryl libault de la chevasnerie,,,,,,,,,,,0.0,Profession de photographe sans sport intensif ou musculature qualifiante documentée. Le score proposé est donc 0.,https://kohlanta.fandom.com/fr/wiki/Koh-Lanta_%3A_L%27%C3%AEle_au_tr%C3%A9sor | Profession de photographe sans sport intensif ou musculature qualifiante documentée.,True,True,30.0,https://kohlanta.fandom.com/fr/wiki/Koh-Lanta_%3A_L%27%C3%AEle_au_tr%C3%A9sor,EXTERNAL_RESEARCH_VALIDATED,FEMALE,Le tableau de saison présente Béryl Libault de la Chevasnerie dans la distribution des candidats.,HIGH,EXTERNAL_RESEARCH_VALIDATED,Photographe,Béryl Libault de la Chevasnerie — profession : Photographe.,HIGH,EXTERNAL_RESEARCH_VALIDATED,False,"age_raw, gender_raw, profession_raw",MANUAL_FINAL,USER_VALIDATED,True,EXTERNAL_RESEARCH_COMPLETE,Recherche fondée sur les tableaux de saison et les portraits individuels disponibles. Les performances réalisées pendant l’émission ne sont pas utilisées comme preuve physique.,COMPLETE_PROFILE_NO_QUALIFYING_INDICATOR,HIGH,,,0,0,MANUAL_USER_VALIDATION
KL31,Koh-Lanta : L'Île au trésor,2016,https://en.wikipedia.org/wiki/Koh-Lanta:_L%27%C3%8Ele_au_Tr%C3%A9sor,Alexandra Pharisien,,40,,9th Voted Out 3rd jury member Day 27,10,0.473684,Day 27,9th Voted Out 3rd jury member Day 27,CONSEIL,DECISION_AVENTURIERS,DECISION_AVENTURIERS,Voted Out: élimination par conseil,False,True,False,10,,False,,False,False,10.0,STANDARD,1,False,10,2026-07-20T16:48:50.641302+00:00,alexandra pharisien,KL31::alexandra pharisien,,,,,,,,,,,0.0,Fonction de recrutement sans sport intensif ou activité physique directe documentée. Le score proposé est donc 0.,https://kohlanta.fandom.com/fr/wiki/Koh-Lanta_%3A_L%27%C3%AEle_au_tr%C3%A9sor | Fonction de recrutement sans sport intensif ou activité physique directe documentée.,True,True,40.0,https://kohlanta.fandom.com/fr/wiki/Koh-Lanta_%3A_L%27%C3%AEle_au_tr%C3%A9sor,EXTERNAL_RESEARCH_VALIDATED,FEMALE,Le tableau de saison présente Alexandra Pharisien dans la distribution des candidats.,HIGH,EXTERNAL_RESEARCH_VALIDATED,Responsable d’une agence de recrutement,Alexandra Pharisien — profession : Responsable d’une agence de recrutement.,HIGH,EXTERNAL_RESEARCH_VALIDATED,False,"age_raw, gender_raw, profession_raw",MANUAL_FINAL,USER_VALIDATED,True,EXTERNAL_RESEARCH_COMPLETE,Recherche fondée sur les tableaux de saison et les portraits individuels disponibles. Les performances réalisées pendant l’émission ne sont pas utilisées comme preuve physique.,COMPLETE_PROFILE_NO_QUALIFYING_INDICATOR,HIGH,,,0,0,MANUAL_USER_VALIDATION
KL31,Koh-Lanta : L'Île au trésor,2016,https://en.wikipedia.org/wiki/Koh-Lanta:_L%27%C3%8Ele_au_Tr%C3%A9sor,Yannick Delalleau,,41,,10th Voted Out Evacuated from jury Day 30 [ a ],11,0.526316,Day 30,10th Voted Out Evacuated from jury Day 30 [ a ],CONSEIL,DECISION_AVENTURIERS,DECISION_AVENTURIERS,Voted Out: élimination par conseil,False,True,False,11,,False,,False,False,11.0,STANDARD,1,False,11,2026-07-20T16:48:50.641302+00:00,yannick delalleau,KL31::yannick delalleau,,,,,,,,,,,1.0,Professeur de judo et de ju-jitsu avec une longue pratique martiale documentée.,https://www.nordlittoral.fr/art/bethune/vendin-les-bethune-yannick-se-lance-dans-l-aventure-ia694b0n180610,True,True,41.0,https://kohlanta.fandom.com/fr/wiki/Koh-Lanta_%3A_L%27%C3%AEle_au_tr%C3%A9sor,EXTERNAL_RESEARCH_VALIDATED,MALE,Le tableau de saison présente Yannick Delalleau dans la distribution des candidats.,HIGH,EXTERNAL_RESEARCH_VALIDATED,Garde-champêtre,Yannick Delalleau — profession : Garde-champêtre.,HIGH,EXTERNAL_RESEARCH_VALIDATED,False,"age_raw, gender_raw, profession_raw",MANUAL_FINAL,USER_VALIDATED,True,EXTERNAL_RESEARCH_PARTIAL,Batch final de rattrapage. Les âges et professions déjà validés localement ont été conservés ; les entrées corrompues KL02/KL07/KL08 ont été remplacées par les valeurs des tableaux de saison. Les performances réalisées pendant l’émission ne sont pas utilisées comme preuve physique.,,HIGH,STRICT_MANUAL_VALIDATED_POSITIVE,,0,0,MANUAL_USER_VALIDATION
KL31,Koh-Lanta : L'Île au trésor,2016,https://en.wikipedia.org/wiki/Koh-Lanta:_L%27%C3%8Ele_au_Tr%C3%A9sor,Julie Navarro-Camilleri,,38,,Lost Challenge 4th jury member Day 32,12,0.578947,Day 32,Lost Challenge 4th jury member Day 32,EPREUVE_ELIMINATOIRE,EPREUVE,EPREUVE,Lost Challenge: épreuve éliminatoire,False,True,False,12,,False,,False,False,12.0,STANDARD,1,False,12,2026-07-20T16:48:50.641302+00:00,julie navarro-camilleri,KL31::julie navarro-camilleri,,,,,,,,,,,0.0,Profession d’assistante dentaire sans indicateur sportif ou physique qualifiant documenté. Le score proposé est donc 0.,https://kohlanta.fandom.com/fr/wiki/Koh-Lanta_%3A_L%27%C3%AEle_au_tr%C3%A9sor | Profession d’assistante dentaire sans indicateur sportif ou physique qualifiant documenté.,True,True,38.0,https://kohlanta.fandom.com/fr/wiki/Koh-Lanta_%3A_L%27%C3%AEle_au_tr%C3%A9sor,EXTERNAL_RESEARCH_VALIDATED,FEMALE,Le tableau de saison présente Julie Navarro-Camilleri dans la distribution des candidats.,HIGH,EXTERNAL_RESEARCH_VALIDATED,Assistante dentaire,Julie Navarro-Camilleri — profession : Assistante dentaire.,HIGH,EXTERNAL_RESEARCH_VALIDATED,False,"age_raw, gender_raw, profession_raw",MANUAL_FINAL,USER_VALIDATED,True,EXTERNAL_RESEARCH_COMPLETE,Recherche fondée sur les tableaux de saison et les portraits individuels disponibles. Les performances réalisées pendant l’émission ne sont pas utilisées comme preuve physique.,COMPLETE_PROFILE_NO_QUALIFYING_INDICATOR,HIGH,,,0,0,MANUAL_USER_VALIDATION
KL31,Koh-Lanta : L'Île au trésor,2016,https://en.wikipedia.org/wiki/Koh-Lanta:_L%27%C3%8Ele_au_Tr%C3%A9sor,Jérémy Raffin,,26,,11th Voted Out 5th jury member Day 33,13,0.631579,Day 33,11th Voted Out 5th jury member Day 33,CONSEIL,DECISION_AVENTURIERS,DECISION_AVENTURIERS,Voted Out: élimination par conseil,False,True,False,13,,False,,False,False,13.0,STANDARD,1,False,13,2026-07-20T16:48:50.641302+00:00,jérémy raffin,KL31::jérémy raffin,,,,,,,,,,,0.0,"Formation en marketing sans sport intensif, musculature ou profession physique directe documentée. Le score proposé est donc 0.","https://kohlanta.fandom.com/fr/wiki/Koh-Lanta_%3A_L%27%C3%AEle_au_tr%C3%A9sor | Formation en marketing sans sport intensif, musculature ou profession physique directe documentée.",True,True,26.0,https://kohlanta.fandom.com/fr/wiki/Koh-Lanta_%3A_L%27%C3%AEle_au_tr%C3%A9sor,EXTERNAL_RESEARCH_VALIDATED,MALE,Le tableau de saison présente Jérémy Raffin dans la distribution des candidats.,HIGH,EXTERNAL_RESEARCH_VALIDATED,Diplômé en marketing,Jérémy Raffin — profession : Diplômé en marketing.,HIGH,EXTERNAL_RESEARCH_VALIDATED,False,"age_raw, gender_raw, profession_raw",MANUAL_FINAL,USER_VALIDATED,True,EXTERNAL_RESEARCH_COMPLETE,Recherche fondée sur les tableaux de saison et les portraits individuels disponibles. Les performances réalisées pendant l’émission ne sont pas utilisées comme preuve physique.,COMPLETE_PROFILE_NO_QUALIFYING_INDICATOR,HIGH,,,0,0,MANUAL_USER_VALIDATION
KL31,Koh-Lanta : L'Île au trésor,2016,https://en.wikipedia.org/wiki/Koh-Lanta:_L%27%C3%8Ele_au_Tr%C3%A9sor,Stéphane Cipolla,,45,,12th Voted Out 6th jury member Day 36,14,0.684211,Day 36,12th Voted Out 6th jury member Day 36,CONSEIL,DECISION_AVENTURIERS,DECISION_AVENTURIERS,Voted Out: élimination par conseil,False,True,False,14,,False,,False,False,14.0,STANDARD,1,False,14,2026-07-20T16:48:50.641302+00:00,stéphane cipolla,KL31::stéphane cipolla,,,,,,,,,,,0.0,"Réaudit strict : le score antérieur reposait principalement sur un métier manuel, actif ou une preuve sportive trop vague. Aucune preuve suffisante de sport intensif, compétitif, d’entraînement soutenu ou de musculature athlétique.","https://kohlanta.fandom.com/fr/wiki/Koh-Lanta_%3A_L%27%C3%AEle_au_tr%C3%A9sor | Facteur : métier de tournée impliquant marche, port et déplacements physiques réguliers.",True,True,45.0,https://kohlanta.fandom.com/fr/wiki/Koh-Lanta_%3A_L%27%C3%AEle_au_tr%C3%A9sor,EXTERNAL_RESEARCH_VALIDATED,MALE,Le tableau de saison présente Stéphane Cipolla dans la distribution des candidats.,HIGH,EXTERNAL_RESEARCH_VALIDATED,Facteur,Stéphane Cipolla — profession : Facteur.,HIGH,EXTERNAL_RESEARCH_VALIDATED,False,"age_raw, gender_raw, profession_raw",MANUAL_FINAL,USER_VALIDATED,True,EXTERNAL_RESEARCH_COMPLETE,Recherche fondée sur les tableaux de saison et les portraits individuels disponibles. Les performances réalisées pendant l’émission ne sont pas utilisées comme preuve physique.,STRICT_REAUDIT_NO_SUFFICIENT_ATHLETIC_EVIDENCE,HIGH,,,0,0,MANUAL_USER_VALIDATION
KL31,Koh-Lanta : L'Île au trésor,2016,https://en.wikipedia.org/wiki/Koh-Lanta:_L%27%C3%8Ele_au_Tr%C3%A9sor,Ludivine Wiart,,31,,13th Voted Out 7th jury member Day 39,15,0.736842,Day 39,13th Voted Out 7th jury member Day 39,CONSEIL,DECISION_AVENTURIERS,DECISION_AVENTURIERS,Voted Out: élimination par conseil,False,True,False,15,,False,,False,False,15.0,STANDARD,1,False,15,2026-07-20T16:48:50.641302+00:00,ludivine wiart,KL31::ludivine wiart,,,,,,,,,,,1.0,Son portrait la décrit explicitement comme joueuse de football. Cet élément satisfait le critère positif.,https://kohlanta.fandom.com/fr/wiki/Koh-Lanta_%3A_L%27%C3%AEle_au_tr%C3%A9sor | Son portrait la décrit explicitement comme joueuse de football.,True,True,31.0,https://kohlanta.fandom.com/fr/wiki/Koh-Lanta_%3A_L%27%C3%AEle_au_tr%C3%A9sor,EXTERNAL_RESEARCH_VALIDATED,FEMALE,Le tableau de saison présente Ludivine Wiart dans la distribution des candidats.,HIGH,EXTERNAL_RESEARCH_VALIDATED,En recherche d’emploi (esthéticienne de formation),Ludivine Wiart — profession : En recherche d’emploi (esthéticienne de formation).,HIGH,EXTERNAL_RESEARCH_VALIDATED,False,"age_raw, gender_raw, profession_raw",MANUAL_FINAL,USER_VALIDATED,True,EXTERNAL_RESEARCH_COMPLETE,Recherche fondée sur les tableaux de saison et les portraits individuels disponibles. Les performances réalisées pendant l’émission ne sont pas utilisées comme preuve physique.,,HIGH,EXPLICIT_SPORT_ACTIVITY,,0,0,MANUAL_USER_VALIDATION
KL31,Koh-Lanta : L'Île au trésor,2016,https://en.wikipedia.org/wiki/Koh-Lanta:_L%27%C3%8Ele_au_Tr%C3%A9sor,Candice Boisson,,19,,Lost Challenge 8th jury member Day 40,16,0.789474,Day 40,Lost Challenge 8th jury member Day 40,EPREUVE_ELIMINATOIRE,EPREUVE,EPREUVE,Lost Challenge: épreuve éliminatoire,False,True,False,16,,False,Day 40,True,True,16.0,STANDARD,1,False,16,2026-07-20T16:48:50.641302+00:00,candice boisson,KL31::candice boisson,,,,,,,,,,,1.0,"Quintuple championne de France et vice-championne d’Europe de wakeboard, pratiquant au plus haut niveau. Cet élément satisfait le critère positif.","https://kohlanta.fandom.com/fr/wiki/Candice_Boisson | Quintuple championne de France et vice-championne d’Europe de wakeboard, pratiquant au plus haut niveau. || https://kohlanta.fandom.com/fr/wiki/Koh-Lanta_%3A_L%27%C3%AEle_au_tr%C3%A9sor | Tableau de saison : 19 ans, profession Championne de wakeboard.",True,True,19.0,https://kohlanta.fandom.com/fr/wiki/Koh-Lanta_%3A_L%27%C3%AEle_au_tr%C3%A9sor,EXTERNAL_RESEARCH_VALIDATED,FEMALE,Le profil de Candice Boisson présente le candidat dans la catégorie FEMALE.,HIGH,EXTERNAL_RESEARCH_VALIDATED,Championne de wakeboard,Candice Boisson — profession : Championne de wakeboard.,HIGH,EXTERNAL_RESEARCH_VALIDATED,False,"age_raw, gender_raw, profession_raw",MANUAL_FINAL,USER_VALIDATED,True,EXTERNAL_RESEARCH_COMPLETE,Recherche fondée sur les tableaux de saison et les profils individuels disponibles. Les performances réalisées pendant l’émission ne sont pas utilisées comme preuve physique.,,HIGH,ELITE_COMPETITIVE_SPORT,,0,0,MANUAL_USER_VALIDATION
KL31,Koh-Lanta : L'Île au trésor,2016,https://en.wikipedia.org/wiki/Koh-Lanta:_L%27%C3%8Ele_au_Tr%C3%A9sor,Bruno Troester,,56,,Lost Challenge 9th jury member Day 40,17,0.842105,Day 40,Lost Challenge 9th jury member Day 40,EPREUVE_ELIMINATOIRE,EPREUVE,EPREUVE,Lost Challenge: épreuve éliminatoire,False,True,False,17,,False,Day 40,True,True,17.0,STANDARD,1,False,17,2026-07-20T16:48:50.641302+00:00,bruno troester,KL31::bruno troester,,,,,,,,,,,0.0,"Le portrait le décrit comme dynamique, mais ne documente ni sport intensif, ni musculature, ni profession directement physique selon les critères retenus. Le score proposé est donc 0.","https://kohlanta.fandom.com/fr/wiki/Bruno_Troester | Le portrait le décrit comme dynamique, mais ne documente ni sport intensif, ni musculature, ni profession directement physique selon les critères retenus. || https://kohlanta.fandom.com/fr/wiki/Koh-Lanta_%3A_L%27%C3%AEle_au_tr%C3%A9sor | Tableau de saison : 56 ans, profession Artisan décorateur.",True,True,56.0,https://kohlanta.fandom.com/fr/wiki/Koh-Lanta_%3A_L%27%C3%AEle_au_tr%C3%A9sor,EXTERNAL_RESEARCH_VALIDATED,MALE,Le profil de Bruno Troester présente le candidat dans la catégorie MALE.,HIGH,EXTERNAL_RESEARCH_VALIDATED,Artisan décorateur,Bruno Troester — profession : Artisan décorateur.,HIGH,EXTERNAL_RESEARCH_VALIDATED,False,"age_raw, gender_raw, profession_raw",MANUAL_FINAL,USER_VALIDATED,True,EXTERNAL_RESEARCH_COMPLETE,Recherche fondée sur les tableaux de saison et les profils individuels disponibles. Les performances réalisées pendant l’émission ne sont pas utilisées comme preuve physique.,COMPLETE_PROFILE_NO_QUALIFYING_INDICATOR,HIGH,,,0,0,MANUAL_USER_VALIDATION
KL31,Koh-Lanta : L'Île au trésor,2016,https://en.wikipedia.org/wiki/Koh-Lanta:_L%27%C3%8Ele_au_Tr%C3%A9sor,Freddy Bolzer,,28,,14th Voted Out 10th jury member Day 41,18,0.894737,Day 41,14th Voted Out 10th jury member Day 41,CONSEIL,DECISION_AVENTURIERS,DECISION_AVENTURIERS,Voted Out: élimination par conseil,False,True,False,18,,False,,False,False,18.0,STANDARD,1,False,18,2026-07-20T16:48:50.641302+00:00,freddy bolzer,KL31::freddy bolzer,,,,,,,,,,,0.0,Le profil documente son métier de chauffeur de bus sans pratique sportive intensive ni musculature explicite avant la saison. Le score proposé est donc 0.,"https://kohlanta.fandom.com/fr/wiki/Freddy_Bolzer | Le profil documente son métier de chauffeur de bus sans pratique sportive intensive ni musculature explicite avant la saison. || https://kohlanta.fandom.com/fr/wiki/Koh-Lanta_%3A_L%27%C3%AEle_au_tr%C3%A9sor | Tableau de saison : 28 ans, profession Chauffeur de bus.",True,True,28.0,https://kohlanta.fandom.com/fr/wiki/Koh-Lanta_%3A_L%27%C3%AEle_au_tr%C3%A9sor,EXTERNAL_RESEARCH_VALIDATED,MALE,Le profil de Freddy Bolzer présente le candidat dans la catégorie MALE.,HIGH,EXTERNAL_RESEARCH_VALIDATED,Chauffeur de bus,Freddy Bolzer — profession : Chauffeur de bus.,HIGH,EXTERNAL_RESEARCH_VALIDATED,False,"age_raw, gender_raw, profession_raw",MANUAL_FINAL,USER_VALIDATED,True,EXTERNAL_RESEARCH_COMPLETE,Recherche fondée sur les tableaux de saison et les profils individuels disponibles. Les performances réalisées pendant l’émission ne sont pas utilisées comme preuve physique.,COMPLETE_PROFILE_NO_QUALIFYING_INDICATOR,HIGH,,,1,1,MANUAL_USER_VALIDATION
KL31,Koh-Lanta : L'Île au trésor,2016,https://en.wikipedia.org/wiki/Koh-Lanta:_L%27%C3%8Ele_au_Tr%C3%A9sor,Jesta Hillmann,,24,,Runner-up Day 42,19,0.947368,Day 42,Runner-up Day 42,FINALISTE,FIN_DE_JEU,AUTRE_SORTIE,Runner-up explicitement indiqué dans la source,False,True,False,19,,False,Day 42,True,True,19.0,STANDARD,1,False,19,2026-07-20T16:48:50.641302+00:00,jesta hillmann,KL31::jesta hillmann,,,,,,,,,,,0.0,Son portrait indique explicitement qu’elle n’a rien d’une sportive. Le score proposé est donc 0.,"https://kohlanta.fandom.com/fr/wiki/Jesta_Hillmann | Son portrait indique explicitement qu’elle n’a rien d’une sportive. || https://kohlanta.fandom.com/fr/wiki/Koh-Lanta_%3A_L%27%C3%AEle_au_tr%C3%A9sor | Tableau de saison : 24 ans, profession Étudiante en ressources humaines.",True,True,24.0,https://kohlanta.fandom.com/fr/wiki/Koh-Lanta_%3A_L%27%C3%AEle_au_tr%C3%A9sor,EXTERNAL_RESEARCH_VALIDATED,FEMALE,Le profil de Jesta Hillmann présente le candidat dans la catégorie FEMALE.,HIGH,EXTERNAL_RESEARCH_VALIDATED,Étudiante en ressources humaines,Jesta Hillmann — profession : Étudiante en ressources humaines.,HIGH,EXTERNAL_RESEARCH_VALIDATED,False,"age_raw, gender_raw, profession_raw",MANUAL_FINAL,USER_VALIDATED,True,EXTERNAL_RESEARCH_COMPLETE,Recherche fondée sur les tableaux de saison et les profils individuels disponibles. Les performances réalisées pendant l’émission ne sont pas utilisées comme preuve physique.,EXPLICIT_NON_ATHLETIC_PROFILE,HIGH,,,0,0,MANUAL_USER_VALIDATION
KL31,Koh-Lanta : L'Île au trésor,2016,https://en.wikipedia.org/wiki/Koh-Lanta:_L%27%C3%8Ele_au_Tr%C3%A9sor,Benoît Assadi,,22,,Sole Survivor Day 42,20,1.0,Day 42,Sole Survivor Day 42,VAINQUEUR,FIN_DE_JEU,AUTRE_SORTIE,Sole Survivor explicitement indiqué dans la source,False,True,False,20,,False,Day 42,True,True,20.0,STANDARD,0,True,20,2026-07-20T16:48:50.641302+00:00,benoît assadi,KL31::benoît assadi,,,,,,,,,,,1.0,Entraîneur de football et ancien candidat au football professionnel. Cet élément satisfait le critère positif.,"https://kohlanta.fandom.com/fr/wiki/Beno%C3%AEt_Assadi | Entraîneur de football et ancien candidat au football professionnel. || https://kohlanta.fandom.com/fr/wiki/Koh-Lanta_%3A_L%27%C3%AEle_au_tr%C3%A9sor | Tableau de saison : 22 ans, profession Entraîneur de football.",True,True,22.0,https://kohlanta.fandom.com/fr/wiki/Koh-Lanta_%3A_L%27%C3%AEle_au_tr%C3%A9sor,EXTERNAL_RESEARCH_VALIDATED,MALE,Le profil de Benoît Assadi présente le candidat dans la catégorie MALE.,HIGH,EXTERNAL_RESEARCH_VALIDATED,Entraîneur de football,Benoît Assadi — profession : Entraîneur de football.,HIGH,EXTERNAL_RESEARCH_VALIDATED,False,"age_raw, gender_raw, profession_raw",MANUAL_FINAL,USER_VALIDATED,True,EXTERNAL_RESEARCH_COMPLETE,Recherche fondée sur les tableaux de saison et les profils individuels disponibles. Les performances réalisées pendant l’émission ne sont pas utilisées comme preuve physique.,,HIGH,DIRECT_PHYSICAL_PROFESSION,,1,1,MANUAL_USER_VALIDATION
KL22,Koh-Lanta : La Guerre des Chefs,2019,https://fr.wikipedia.org/wiki/Koh-Lanta_:_La_Guerre_des_Chefs,Aliséa,,20 ans,,"Abandon médical [ 5 ] , [ 6 ]",1,0.0,,"Abandon médical [ 5 ] , [ 6 ]",ABANDON_MEDICAL,INDETERMINE,AUTRE_SORTIE,Source: https://fr.wikipedia.org/wiki/Koh-Lanta_:_La_Guerre_des_Chefs,False,True,False,1,,False,,False,False,1.0,STANDARD,1,False,1,2026-07-21T03:43:46.603247,aliséa,KL22::aliséa,,,,,,,,,,,1.0,"Étudiante en STAPS, spécialité athlétisme : formation et pratique directement sportives. Cet élément satisfait le critère binaire positif.","https://survivor.fandom.com/wiki/Alis%C3%A9a_Lecomte | Étudiante en STAPS, spécialité athlétisme : formation et pratique directement sportives. || https://survivor.fandom.com/wiki/Koh-Lanta%3A_La_Guerre_des_Chefs | Tableau de saison : 20 ans, profession Étudiante en STAPS, spécialité athlétisme.",True,True,20.0,https://survivor.fandom.com/wiki/Koh-Lanta%3A_La_Guerre_des_Chefs,EXTERNAL_RESEARCH_VALIDATED,FEMALE,Le profil de Aliséa emploie une présentation correspondant au genre FEMALE.,HIGH,EXTERNAL_RESEARCH_VALIDATED,"Étudiante en STAPS, spécialité athlétisme","Aliséa — profession : Étudiante en STAPS, spécialité athlétisme.",HIGH,EXTERNAL_RESEARCH_VALIDATED,False,"age_raw, gender_raw, profession_raw",MANUAL_FINAL,USER_VALIDATED,True,EXTERNAL_RESEARCH_COMPLETE,Recherche fondée sur le tableau structuré de la saison et les portraits de candidats reproduisant les anciennes fiches TF1. Les performances réalisées pendant l’émission ne sont pas utilisées comme preuve physique.,,HIGH,SPORT_EDUCATION_AND_ATHLETICS,,0,0,MANUAL_USER_VALIDATION
KL22,Koh-Lanta : La Guerre des Chefs,2019,https://fr.wikipedia.org/wiki/Koh-Lanta_:_La_Guerre_des_Chefs,Carinne,,45 ans,,Abandon médical [ 7 ] [source secondaire souhaitée],2,0.05,,Abandon médical [ 7 ] [source secondaire souhaitée],ABANDON_MEDICAL,INDETERMINE,AUTRE_SORTIE,Source: https://fr.wikipedia.org/wiki/Koh-Lanta_:_La_Guerre_des_Chefs,False,True,False,2,,False,,False,False,2.0,STANDARD,1,False,2,2026-07-21T03:43:46.603247,carinne,KL22::carinne,,,,,,,,,,,0.0,Le profil disponible documente son métier de coiffeuse sans sport intensif ou musculature qualifiante. Le score proposé est donc 0.,"https://survivor.fandom.com/wiki/Carinne_Fossey-Elka | Le profil disponible documente son métier de coiffeuse sans sport intensif ou musculature qualifiante. || https://survivor.fandom.com/wiki/Koh-Lanta%3A_La_Guerre_des_Chefs | Tableau de saison : 45 ans, profession Coiffeuse.",True,True,45.0,https://survivor.fandom.com/wiki/Koh-Lanta%3A_La_Guerre_des_Chefs,EXTERNAL_RESEARCH_VALIDATED,FEMALE,Le profil de Carinne emploie une présentation correspondant au genre FEMALE.,HIGH,EXTERNAL_RESEARCH_VALIDATED,Coiffeuse,Carinne — profession : Coiffeuse.,HIGH,EXTERNAL_RESEARCH_VALIDATED,False,"age_raw, gender_raw, profession_raw",MANUAL_FINAL,USER_VALIDATED,True,EXTERNAL_RESEARCH_COMPLETE,Recherche fondée sur le tableau structuré de la saison et les portraits de candidats reproduisant les anciennes fiches TF1. Les performances réalisées pendant l’émission ne sont pas utilisées comme preuve physique.,COMPLETE_PROFILE_NO_QUALIFYING_INDICATOR,HIGH,,,0,0,MANUAL_USER_VALIDATION
KL22,Koh-Lanta : La Guerre des Chefs,2019,https://fr.wikipedia.org/wiki/Koh-Lanta_:_La_Guerre_des_Chefs,Émilie,,35 ans,,"Éliminée [ 8 ] , [ 9 ] [source secondaire souhaitée] , [ 10 ] [source secondaire souhaitée]",3,0.1,,"Éliminée [ 8 ] , [ 9 ] [source secondaire souhaitée] , [ 10 ] [source secondaire souhaitée]",INDETERMINE,INDETERMINE,INDETERMINE,Source: https://fr.wikipedia.org/wiki/Koh-Lanta_:_La_Guerre_des_Chefs,True,True,False,3,,False,,False,False,3.0,STANDARD,1,False,3,2026-07-21T03:43:46.603247,émilie,KL22::émilie,,,,,,,,,,,0.0,"Le tableau de saison documente son âge et sa profession, sans pratique sportive intensive, musculature ou profession directement physique. Le score proposé est donc 0.","https://kohlanta.fandom.com/fr/wiki/Koh-Lanta_%3A_La_Guerre_des_Chefs | Le tableau de saison documente son âge et sa profession, sans pratique sportive intensive, musculature ou profession directement physique.",True,True,35.0,https://kohlanta.fandom.com/fr/wiki/Koh-Lanta_%3A_La_Guerre_des_Chefs,EXTERNAL_RESEARCH_VALIDATED,FEMALE,Le tableau de saison identifie Émilie comme candidat(e) de genre FEMALE.,HIGH,EXTERNAL_RESEARCH_VALIDATED,Courtière en prêt immobilier,Émilie — profession : Courtière en prêt immobilier.,HIGH,EXTERNAL_RESEARCH_VALIDATED,False,"age_raw, gender_raw, profession_raw",MANUAL_FINAL,USER_VALIDATED,True,EXTERNAL_RESEARCH_COMPLETE,"Recherche fondée sur le tableau de saison et, lorsque disponible, le portrait individuel. Les performances réalisées pendant l’émission ne sont pas utilisées comme preuve physique.",COMPLETE_PROFILE_NO_QUALIFYING_INDICATOR,HIGH,,,0,0,MANUAL_USER_VALIDATION
KL22,Koh-Lanta : La Guerre des Chefs,2019,https://fr.wikipedia.org/wiki/Koh-Lanta_:_La_Guerre_des_Chefs,Victor,,25 ans,,"Éliminé [ 11 ] , [ 12 ] [source secondaire souhaitée] , [ 13 ] [source secondaire souhaitée]",4,0.15,,"Éliminé [ 11 ] , [ 12 ] [source secondaire souhaitée] , [ 13 ] [source secondaire souhaitée]",INDETERMINE,INDETERMINE,INDETERMINE,Source: https://fr.wikipedia.org/wiki/Koh-Lanta_:_La_Guerre_des_Chefs,True,True,False,4,,False,,False,False,4.0,STANDARD,1,False,4,2026-07-21T03:43:46.603247,victor,KL22::victor,,,,,,,,,,,1.0,Moniteur de parachutisme : profession directement liée à une activité physique et technique exigeante. Cet élément satisfait le critère positif.,https://kohlanta.fandom.com/fr/wiki/Koh-Lanta_%3A_La_Guerre_des_Chefs | Moniteur de parachutisme : profession directement liée à une activité physique et technique exigeante.,True,True,25.0,https://kohlanta.fandom.com/fr/wiki/Koh-Lanta_%3A_La_Guerre_des_Chefs,EXTERNAL_RESEARCH_VALIDATED,MALE,Le tableau de saison identifie Victor comme candidat(e) de genre MALE.,HIGH,EXTERNAL_RESEARCH_VALIDATED,Moniteur de parachutisme,Victor — profession : Moniteur de parachutisme.,HIGH,EXTERNAL_RESEARCH_VALIDATED,False,"age_raw, gender_raw, profession_raw",MANUAL_FINAL,USER_VALIDATED,True,EXTERNAL_RESEARCH_COMPLETE,"Recherche fondée sur le tableau de saison et, lorsque disponible, le portrait individuel. Les performances réalisées pendant l’émission ne sont pas utilisées comme preuve physique.",,HIGH,DIRECT_PHYSICAL_PROFESSION,,0,0,MANUAL_USER_VALIDATION
KL22,Koh-Lanta : La Guerre des Chefs,2019,https://fr.wikipedia.org/wiki/Koh-Lanta_:_La_Guerre_des_Chefs,Chloé,,32 ans,,"Éliminée [ 14 ] , [ 15 ] [source secondaire souhaitée]",5,0.2,,"Éliminée [ 14 ] , [ 15 ] [source secondaire souhaitée]",INDETERMINE,INDETERMINE,INDETERMINE,Source: https://fr.wikipedia.org/wiki/Koh-Lanta_:_La_Guerre_des_Chefs,True,True,False,5,,False,,False,False,5.0,STANDARD,1,False,5,2026-07-21T03:43:46.603247,chloé,KL22::chloé,,,,,,,,,,,0.0,"Réaudit strict : le score antérieur reposait principalement sur un métier manuel, actif ou une preuve sportive trop vague. Aucune preuve suffisante de sport intensif, compétitif, d’entraînement soutenu ou de musculature athlétique.","https://kohlanta.fandom.com/fr/wiki/Koh-Lanta_%3A_La_Guerre_des_Chefs | Poissonnière : métier manuel impliquant manutention, station debout et travail physique régulier.",True,True,32.0,https://kohlanta.fandom.com/fr/wiki/Koh-Lanta_%3A_La_Guerre_des_Chefs,EXTERNAL_RESEARCH_VALIDATED,FEMALE,Le tableau de saison identifie Chloé comme candidat(e) de genre FEMALE.,HIGH,EXTERNAL_RESEARCH_VALIDATED,Poissonnière,Chloé — profession : Poissonnière.,HIGH,EXTERNAL_RESEARCH_VALIDATED,False,"age_raw, gender_raw, profession_raw",MANUAL_FINAL,USER_VALIDATED,True,EXTERNAL_RESEARCH_COMPLETE,"Recherche fondée sur le tableau de saison et, lorsque disponible, le portrait individuel. Les performances réalisées pendant l’émission ne sont pas utilisées comme preuve physique.",STRICT_REAUDIT_NO_SUFFICIENT_ATHLETIC_EVIDENCE,HIGH,,,0,0,MANUAL_USER_VALIDATION
KL22,Koh-Lanta : La Guerre des Chefs,2019,https://fr.wikipedia.org/wiki/Koh-Lanta_:_La_Guerre_des_Chefs,Xavier,,53 ans,,Éliminé [ 16 ] [source secondaire souhaitée],6,0.25,,Éliminé [ 16 ] [source secondaire souhaitée],INDETERMINE,INDETERMINE,INDETERMINE,Source: https://fr.wikipedia.org/wiki/Koh-Lanta_:_La_Guerre_des_Chefs,True,True,False,6,,False,,False,False,6.0,STANDARD,1,False,6,2026-07-21T03:43:46.603247,xavier,KL22::xavier,,,,,,,,,,,1.0,Son portrait le décrit explicitement comme « très sportif ». Cet élément satisfait le critère positif.,https://kohlanta.fandom.com/fr/wiki/Koh-Lanta_%3A_La_Guerre_des_Chefs | Son portrait le décrit explicitement comme « très sportif ».,True,True,53.0,https://kohlanta.fandom.com/fr/wiki/Koh-Lanta_%3A_La_Guerre_des_Chefs,EXTERNAL_RESEARCH_VALIDATED,MALE,Le tableau de saison identifie Xavier comme candidat(e) de genre MALE.,HIGH,EXTERNAL_RESEARCH_VALIDATED,Technico-commercial,Xavier — profession : Technico-commercial.,HIGH,EXTERNAL_RESEARCH_VALIDATED,False,"age_raw, gender_raw, profession_raw",MANUAL_FINAL,USER_VALIDATED,True,EXTERNAL_RESEARCH_COMPLETE,"Recherche fondée sur le tableau de saison et, lorsque disponible, le portrait individuel. Les performances réalisées pendant l’émission ne sont pas utilisées comme preuve physique.",,HIGH,EXPLICIT_ATHLETIC_PROFILE,,0,0,MANUAL_USER_VALIDATION
KL22,Koh-Lanta : La Guerre des Chefs,2019,https://fr.wikipedia.org/wiki/Koh-Lanta_:_La_Guerre_des_Chefs,Frédéric,,52 ans,,"Éliminé [ 17 ] , [ 18 ] [source secondaire souhaitée]",7,0.3,,"Éliminé [ 17 ] , [ 18 ] [source secondaire souhaitée]",INDETERMINE,INDETERMINE,INDETERMINE,Source: https://fr.wikipedia.org/wiki/Koh-Lanta_:_La_Guerre_des_Chefs,True,True,False,7,,False,,False,False,7.0,STANDARD,1,False,7,2026-07-21T03:43:46.603247,frédéric,KL22::frédéric,,,,,,,,,,,0.0,"Le profil documente une activité de photographe sans sport intensif, musculature ou profession physique directe. Le score proposé est donc 0.","https://kohlanta.fandom.com/fr/wiki/Koh-Lanta_%3A_La_Guerre_des_Chefs | Le profil documente une activité de photographe sans sport intensif, musculature ou profession physique directe.",True,True,52.0,https://kohlanta.fandom.com/fr/wiki/Koh-Lanta_%3A_La_Guerre_des_Chefs,EXTERNAL_RESEARCH_VALIDATED,MALE,Le tableau de saison identifie Frédéric comme candidat(e) de genre MALE.,HIGH,EXTERNAL_RESEARCH_VALIDATED,Photographe professionnel,Frédéric — profession : Photographe professionnel.,HIGH,EXTERNAL_RESEARCH_VALIDATED,False,"age_raw, gender_raw, profession_raw",MANUAL_FINAL,USER_VALIDATED,True,EXTERNAL_RESEARCH_COMPLETE,"Recherche fondée sur le tableau de saison et, lorsque disponible, le portrait individuel. Les performances réalisées pendant l’émission ne sont pas utilisées comme preuve physique.",COMPLETE_PROFILE_NO_QUALIFYING_INDICATOR,HIGH,,,0,0,MANUAL_USER_VALIDATION
KL22,Koh-Lanta : La Guerre des Chefs,2019,https://fr.wikipedia.org/wiki/Koh-Lanta_:_La_Guerre_des_Chefs,Alexandre,,28 ans,,"Éliminé [ 17 ] , [ 19 ] [source secondaire souhaitée]",8,0.35,,"Éliminé [ 17 ] , [ 19 ] [source secondaire souhaitée]",INDETERMINE,INDETERMINE,INDETERMINE,Source: https://fr.wikipedia.org/wiki/Koh-Lanta_:_La_Guerre_des_Chefs,True,True,False,8,,False,,False,False,8.0,STANDARD,1,False,8,2026-07-21T03:43:46.603247,alexandre,KL22::alexandre,,,,,,,,,,,0.0,Le profil documente une profession commerciale sans indicateur sportif ou musculaire qualifiant. Le score proposé est donc 0.,https://kohlanta.fandom.com/fr/wiki/Koh-Lanta_%3A_La_Guerre_des_Chefs | Le profil documente une profession commerciale sans indicateur sportif ou musculaire qualifiant.,True,True,28.0,https://kohlanta.fandom.com/fr/wiki/Koh-Lanta_%3A_La_Guerre_des_Chefs,EXTERNAL_RESEARCH_VALIDATED,MALE,Le tableau de saison identifie Alexandre comme candidat(e) de genre MALE.,HIGH,EXTERNAL_RESEARCH_VALIDATED,Commercial,Alexandre — profession : Commercial.,HIGH,EXTERNAL_RESEARCH_VALIDATED,False,"age_raw, gender_raw, profession_raw",MANUAL_FINAL,USER_VALIDATED,True,EXTERNAL_RESEARCH_COMPLETE,"Recherche fondée sur le tableau de saison et, lorsque disponible, le portrait individuel. Les performances réalisées pendant l’émission ne sont pas utilisées comme preuve physique.",COMPLETE_PROFILE_NO_QUALIFYING_INDICATOR,HIGH,,,0,0,MANUAL_USER_VALIDATION
KL22,Koh-Lanta : La Guerre des Chefs,2019,https://fr.wikipedia.org/wiki/Koh-Lanta_:_La_Guerre_des_Chefs,Béatrice,,28 ans,,"Éliminée [ 20 ] , [ 21 ] [source secondaire souhaitée]",9,0.4,,"Éliminée [ 20 ] , [ 21 ] [source secondaire souhaitée]",INDETERMINE,INDETERMINE,INDETERMINE,Source: https://fr.wikipedia.org/wiki/Koh-Lanta_:_La_Guerre_des_Chefs,True,True,False,9,,False,,False,False,9.0,STANDARD,1,False,9,2026-07-21T03:43:46.603247,béatrice,KL22::béatrice,,,,,,,,,,,1.0,"Elle est présentée comme joueuse de football, ce qui constitue une pratique sportive explicite. Cet élément satisfait le critère positif.","https://kohlanta.fandom.com/fr/wiki/Koh-Lanta_%3A_La_Guerre_des_Chefs | Elle est présentée comme joueuse de football, ce qui constitue une pratique sportive explicite.",True,True,28.0,https://kohlanta.fandom.com/fr/wiki/Koh-Lanta_%3A_La_Guerre_des_Chefs,EXTERNAL_RESEARCH_VALIDATED,FEMALE,Le tableau de saison identifie Béatrice comme candidat(e) de genre FEMALE.,HIGH,EXTERNAL_RESEARCH_VALIDATED,Joueuse de football et styliste,Béatrice — profession : Joueuse de football et styliste.,HIGH,EXTERNAL_RESEARCH_VALIDATED,False,"age_raw, gender_raw, profession_raw",MANUAL_FINAL,USER_VALIDATED,True,EXTERNAL_RESEARCH_COMPLETE,"Recherche fondée sur le tableau de saison et, lorsque disponible, le portrait individuel. Les performances réalisées pendant l’émission ne sont pas utilisées comme preuve physique.",,HIGH,EXPLICIT_SPORT_ACTIVITY,,1,1,MANUAL_USER_VALIDATION
KL22,Koh-Lanta : La Guerre des Chefs,2019,https://fr.wikipedia.org/wiki/Koh-Lanta_:_La_Guerre_des_Chefs,Brice,,24 ans,,"Éliminé [ 22 ] , [ 23 ] [source secondaire souhaitée] , [ 24 ] [source secondaire souhaitée]",10,0.45,,"Éliminé [ 22 ] , [ 23 ] [source secondaire souhaitée] , [ 24 ] [source secondaire souhaitée]",INDETERMINE,INDETERMINE,INDETERMINE,Source: https://fr.wikipedia.org/wiki/Koh-Lanta_:_La_Guerre_des_Chefs,True,True,False,10,,False,,False,False,10.0,STANDARD,1,False,10,2026-07-21T03:43:46.603247,brice,KL22::brice,,,,,,,,,,,0.0,Le profil disponible ne documente aucune pratique sportive intensive ou musculature qualifiante. Le score proposé est donc 0.,https://kohlanta.fandom.com/fr/wiki/Koh-Lanta_%3A_La_Guerre_des_Chefs | Le profil disponible ne documente aucune pratique sportive intensive ou musculature qualifiante.,True,True,24.0,https://kohlanta.fandom.com/fr/wiki/Koh-Lanta_%3A_La_Guerre_des_Chefs,EXTERNAL_RESEARCH_VALIDATED,MALE,Le tableau de saison identifie Brice comme candidat(e) de genre MALE.,HIGH,EXTERNAL_RESEARCH_VALIDATED,Étudiant en école de commerce,Brice — profession : Étudiant en école de commerce.,HIGH,EXTERNAL_RESEARCH_VALIDATED,False,"age_raw, gender_raw, profession_raw",MANUAL_FINAL,USER_VALIDATED,True,EXTERNAL_RESEARCH_COMPLETE,"Recherche fondée sur le tableau de saison et, lorsque disponible, le portrait individuel. Les performances réalisées pendant l’émission ne sont pas utilisées comme preuve physique.",COMPLETE_PROFILE_NO_QUALIFYING_INDICATOR,HIGH,,,0,0,MANUAL_USER_VALIDATION
KL22,Koh-Lanta : La Guerre des Chefs,2019,https://fr.wikipedia.org/wiki/Koh-Lanta_:_La_Guerre_des_Chefs,Sophie,,34 ans,,Éliminée [ 25 ] [source secondaire souhaitée],11,0.5,,Éliminée [ 25 ] [source secondaire souhaitée],INDETERMINE,INDETERMINE,INDETERMINE,Source: https://fr.wikipedia.org/wiki/Koh-Lanta_:_La_Guerre_des_Chefs,True,True,False,11,,False,,False,False,11.0,STANDARD,1,False,11,2026-07-21T03:43:46.603247,sophie,KL22::sophie,,,,,,,,,,,1.0,Kitesurfeuse : activité sportive exigeante indiquée comme profession ou activité principale. Cet élément satisfait le critère positif.,https://kohlanta.fandom.com/fr/wiki/Koh-Lanta_%3A_La_Guerre_des_Chefs | Kitesurfeuse : activité sportive exigeante indiquée comme profession ou activité principale.,True,True,34.0,https://kohlanta.fandom.com/fr/wiki/Koh-Lanta_%3A_La_Guerre_des_Chefs,EXTERNAL_RESEARCH_VALIDATED,FEMALE,Le tableau de saison identifie Sophie comme candidat(e) de genre FEMALE.,HIGH,EXTERNAL_RESEARCH_VALIDATED,Kitesurfeuse,Sophie — profession : Kitesurfeuse.,HIGH,EXTERNAL_RESEARCH_VALIDATED,False,"age_raw, gender_raw, profession_raw",MANUAL_FINAL,USER_VALIDATED,True,EXTERNAL_RESEARCH_COMPLETE,"Recherche fondée sur le tableau de saison et, lorsque disponible, le portrait individuel. Les performances réalisées pendant l’émission ne sont pas utilisées comme preuve physique.",,HIGH,DIRECT_PHYSICAL_PROFESSION,,0,0,MANUAL_USER_VALIDATION
KL22,Koh-Lanta : La Guerre des Chefs,2019,https://fr.wikipedia.org/wiki/Koh-Lanta_:_La_Guerre_des_Chefs,Angélique,,24 ans,,Éliminée [ 26 ] [source secondaire souhaitée],12,0.55,,Éliminée [ 26 ] [source secondaire souhaitée],INDETERMINE,INDETERMINE,INDETERMINE,Source: https://fr.wikipedia.org/wiki/Koh-Lanta_:_La_Guerre_des_Chefs,True,True,False,12,,False,,False,False,12.0,STANDARD,1,False,12,2026-07-21T03:43:46.603247,angélique,KL22::angélique,,,,,,,,,,,0.0,Le profil documente une activité de gestion sans sport intensif ou musculature qualifiante. Le score proposé est donc 0.,https://kohlanta.fandom.com/fr/wiki/Koh-Lanta_%3A_La_Guerre_des_Chefs | Le profil documente une activité de gestion sans sport intensif ou musculature qualifiante.,True,True,24.0,https://kohlanta.fandom.com/fr/wiki/Koh-Lanta_%3A_La_Guerre_des_Chefs,EXTERNAL_RESEARCH_VALIDATED,FEMALE,Le tableau de saison identifie Angélique comme candidat(e) de genre FEMALE.,HIGH,EXTERNAL_RESEARCH_VALIDATED,Gérante d’une pizzeria,Angélique — profession : Gérante d’une pizzeria.,HIGH,EXTERNAL_RESEARCH_VALIDATED,False,"age_raw, gender_raw, profession_raw",MANUAL_FINAL,USER_VALIDATED,True,EXTERNAL_RESEARCH_COMPLETE,"Recherche fondée sur le tableau de saison et, lorsque disponible, le portrait individuel. Les performances réalisées pendant l’émission ne sont pas utilisées comme preuve physique.",COMPLETE_PROFILE_NO_QUALIFYING_INDICATOR,HIGH,,,0,0,MANUAL_USER_VALIDATION
KL22,Koh-Lanta : La Guerre des Chefs,2019,https://fr.wikipedia.org/wiki/Koh-Lanta_:_La_Guerre_des_Chefs,Mohamed,,37 ans,,Éliminé [ 27 ] [source secondaire souhaitée],13,0.6,,Éliminé [ 27 ] [source secondaire souhaitée],INDETERMINE,INDETERMINE,INDETERMINE,Source: https://fr.wikipedia.org/wiki/Koh-Lanta_:_La_Guerre_des_Chefs,True,True,False,13,,False,,False,False,13.0,STANDARD,1,False,13,2026-07-21T03:43:46.603247,mohamed,KL22::mohamed,,,,,,,,,,,0.0,Le profil documente une fonction de direction sans indicateur sportif ou musculaire qualifiant. Le score proposé est donc 0.,https://kohlanta.fandom.com/fr/wiki/Koh-Lanta_%3A_La_Guerre_des_Chefs | Le profil documente une fonction de direction sans indicateur sportif ou musculaire qualifiant.,True,True,37.0,https://kohlanta.fandom.com/fr/wiki/Koh-Lanta_%3A_La_Guerre_des_Chefs,EXTERNAL_RESEARCH_VALIDATED,MALE,Le tableau de saison identifie Mohamed comme candidat(e) de genre MALE.,HIGH,EXTERNAL_RESEARCH_VALIDATED,Chef d’entreprise,Mohamed — profession : Chef d’entreprise.,HIGH,EXTERNAL_RESEARCH_VALIDATED,False,"age_raw, gender_raw, profession_raw",MANUAL_FINAL,USER_VALIDATED,True,EXTERNAL_RESEARCH_COMPLETE,"Recherche fondée sur le tableau de saison et, lorsque disponible, le portrait individuel. Les performances réalisées pendant l’émission ne sont pas utilisées comme preuve physique.",COMPLETE_PROFILE_NO_QUALIFYING_INDICATOR,HIGH,,,1,1,MANUAL_USER_VALIDATION
KL22,Koh-Lanta : La Guerre des Chefs,2019,https://fr.wikipedia.org/wiki/Koh-Lanta_:_La_Guerre_des_Chefs,Nicolas,,35 ans,,Éliminé [ 28 ] [source secondaire souhaitée],14,0.65,,Éliminé [ 28 ] [source secondaire souhaitée],INDETERMINE,INDETERMINE,INDETERMINE,Source: https://fr.wikipedia.org/wiki/Koh-Lanta_:_La_Guerre_des_Chefs,True,True,False,14,,False,,False,False,14.0,STANDARD,1,False,14,2026-07-21T03:43:46.603247,nicolas,KL22::nicolas,,,,,,,,,,,0.0,Le profil documente une activité commerciale sans sport intensif ou musculature qualifiante. Le score proposé est donc 0.,https://kohlanta.fandom.com/fr/wiki/Koh-Lanta_%3A_La_Guerre_des_Chefs | Le profil documente une activité commerciale sans sport intensif ou musculature qualifiante.,True,True,35.0,https://kohlanta.fandom.com/fr/wiki/Koh-Lanta_%3A_La_Guerre_des_Chefs,EXTERNAL_RESEARCH_VALIDATED,MALE,Le tableau de saison identifie Nicolas comme candidat(e) de genre MALE.,HIGH,EXTERNAL_RESEARCH_VALIDATED,Agent commercial,Nicolas — profession : Agent commercial.,HIGH,EXTERNAL_RESEARCH_VALIDATED,False,"age_raw, gender_raw, profession_raw",MANUAL_FINAL,USER_VALIDATED,True,EXTERNAL_RESEARCH_COMPLETE,"Recherche fondée sur le tableau de saison et, lorsque disponible, le portrait individuel. Les performances réalisées pendant l’émission ne sont pas utilisées comme preuve physique.",COMPLETE_PROFILE_NO_QUALIFYING_INDICATOR,HIGH,,,1,1,MANUAL_USER_VALIDATION
KL22,Koh-Lanta : La Guerre des Chefs,2019,https://fr.wikipedia.org/wiki/Koh-Lanta_:_La_Guerre_des_Chefs,Maxime,,32 ans,,Éliminé [ 29 ] [source secondaire souhaitée],15,0.7,,Éliminé [ 29 ] [source secondaire souhaitée],INDETERMINE,INDETERMINE,INDETERMINE,Source: https://fr.wikipedia.org/wiki/Koh-Lanta_:_La_Guerre_des_Chefs,True,True,False,15,,False,,False,False,15.0,STANDARD,1,False,15,2026-07-21T03:43:46.603247,maxime,KL22::maxime,,,,,,,,,,,0.0,Le profil documente une profession non physique sans pratique sportive intensive indiquée. Le score proposé est donc 0.,https://kohlanta.fandom.com/fr/wiki/Koh-Lanta_%3A_La_Guerre_des_Chefs | Le profil documente une profession non physique sans pratique sportive intensive indiquée.,True,True,32.0,https://kohlanta.fandom.com/fr/wiki/Koh-Lanta_%3A_La_Guerre_des_Chefs,EXTERNAL_RESEARCH_VALIDATED,MALE,Le tableau de saison identifie Maxime comme candidat(e) de genre MALE.,HIGH,EXTERNAL_RESEARCH_VALIDATED,Agent de voyage,Maxime — profession : Agent de voyage.,HIGH,EXTERNAL_RESEARCH_VALIDATED,False,"age_raw, gender_raw, profession_raw",MANUAL_FINAL,USER_VALIDATED,True,EXTERNAL_RESEARCH_COMPLETE,"Recherche fondée sur le tableau de saison et, lorsque disponible, le portrait individuel. Les performances réalisées pendant l’émission ne sont pas utilisées comme preuve physique.",COMPLETE_PROFILE_NO_QUALIFYING_INDICATOR,HIGH,,,0,0,MANUAL_USER_VALIDATION
KL22,Koh-Lanta : La Guerre des Chefs,2019,https://fr.wikipedia.org/wiki/Koh-Lanta_:_La_Guerre_des_Chefs,Cyril,,37 ans,,"Éliminé [ 30 ] [source secondaire souhaitée] , [ 31 ]",16,0.75,,"Éliminé [ 30 ] [source secondaire souhaitée] , [ 31 ]",INDETERMINE,INDETERMINE,INDETERMINE,Source: https://fr.wikipedia.org/wiki/Koh-Lanta_:_La_Guerre_des_Chefs,True,True,False,16,,False,,False,False,16.0,STANDARD,1,False,16,2026-07-21T03:43:46.603247,cyril,KL22::cyril,,,,,,,,,,,0.0,Le profil documente une profession de designer sans indicateur sportif ou musculaire qualifiant. Le score proposé est donc 0.,https://kohlanta.fandom.com/fr/wiki/Koh-Lanta_%3A_La_Guerre_des_Chefs | Le profil documente une profession de designer sans indicateur sportif ou musculaire qualifiant.,True,True,37.0,https://kohlanta.fandom.com/fr/wiki/Koh-Lanta_%3A_La_Guerre_des_Chefs,EXTERNAL_RESEARCH_VALIDATED,MALE,Le tableau de saison identifie Cyril comme candidat(e) de genre MALE.,HIGH,EXTERNAL_RESEARCH_VALIDATED,Designer,Cyril — profession : Designer.,HIGH,EXTERNAL_RESEARCH_VALIDATED,False,"age_raw, gender_raw, profession_raw",MANUAL_FINAL,USER_VALIDATED,True,EXTERNAL_RESEARCH_COMPLETE,"Recherche fondée sur le tableau de saison et, lorsque disponible, le portrait individuel. Les performances réalisées pendant l’émission ne sont pas utilisées comme preuve physique.",COMPLETE_PROFILE_NO_QUALIFYING_INDICATOR,HIGH,,,0,0,MANUAL_USER_VALIDATION
KL22,Koh-Lanta : La Guerre des Chefs,2019,https://fr.wikipedia.org/wiki/Koh-Lanta_:_La_Guerre_des_Chefs,Clo,,28 ans,,Éliminée,17,0.8,,Éliminée,INDETERMINE,INDETERMINE,INDETERMINE,Source: https://fr.wikipedia.org/wiki/Koh-Lanta_:_La_Guerre_des_Chefs,True,True,False,17,,False,,False,False,17.0,STANDARD,1,False,17,2026-07-21T03:43:46.603247,clo,KL22::clo,,,,,,,,,,,1.0,"Profil décrit comme très sportif, endurant et passionné de sport depuis l’enfance.",https://kohlanta.fandom.com/fr/wiki/Clo_Dessard_Arribas,True,True,28.0,https://kohlanta.fandom.com/fr/wiki/Koh-Lanta_%3A_La_Guerre_des_Chefs,EXTERNAL_RESEARCH_VALIDATED,FEMALE,Le tableau de saison présente Clo dans la distribution des candidats.,HIGH,EXTERNAL_RESEARCH_VALIDATED,Saisonnière,Clo — profession : Saisonnière.,HIGH,EXTERNAL_RESEARCH_VALIDATED,False,"age_raw, gender_raw, profession_raw",MANUAL_FINAL,USER_VALIDATED,True,EXTERNAL_RESEARCH_PARTIAL,Batch final de rattrapage. Les âges et professions déjà validés localement ont été conservés ; les entrées corrompues KL02/KL07/KL08 ont été remplacées par les valeurs des tableaux de saison. Les performances réalisées pendant l’émission ne sont pas utilisées comme preuve physique.,,HIGH,STRICT_MANUAL_VALIDATED_POSITIVE,,0,0,MANUAL_USER_VALIDATION
KL22,Koh-Lanta : La Guerre des Chefs,2019,https://fr.wikipedia.org/wiki/Koh-Lanta_:_La_Guerre_des_Chefs,Aurélien,,23 ans,,Éliminé,18,0.85,,Éliminé,INDETERMINE,INDETERMINE,INDETERMINE,Source: https://fr.wikipedia.org/wiki/Koh-Lanta_:_La_Guerre_des_Chefs,True,True,False,18,,False,,False,False,18.0,STANDARD,1,False,18,2026-07-21T03:43:46.603247,aurélien,KL22::aurélien,,,,,,,,,,,1.0,"Cascadeur : profession directement physique nécessitant entraînement, coordination et condition physique. Cet élément satisfait le critère positif.","https://kohlanta.fandom.com/fr/wiki/Koh-Lanta_%3A_La_Guerre_des_Chefs | Cascadeur : profession directement physique nécessitant entraînement, coordination et condition physique.",True,True,23.0,https://kohlanta.fandom.com/fr/wiki/Koh-Lanta_%3A_La_Guerre_des_Chefs,EXTERNAL_RESEARCH_VALIDATED,MALE,Le tableau de saison identifie Aurélien comme candidat(e) de genre MALE.,HIGH,EXTERNAL_RESEARCH_VALIDATED,Cascadeur,Aurélien — profession : Cascadeur.,HIGH,EXTERNAL_RESEARCH_VALIDATED,False,"age_raw, gender_raw, profession_raw",MANUAL_FINAL,USER_VALIDATED,True,EXTERNAL_RESEARCH_COMPLETE,"Recherche fondée sur le tableau de saison et, lorsque disponible, le portrait individuel. Les performances réalisées pendant l’émission ne sont pas utilisées comme preuve physique.",,HIGH,DIRECT_PHYSICAL_PROFESSION,,0,0,MANUAL_USER_VALIDATION
KL22,Koh-Lanta : La Guerre des Chefs,2019,https://fr.wikipedia.org/wiki/Koh-Lanta_:_La_Guerre_des_Chefs,Steeve,,46 ans,,Éliminé,19,0.9,,Éliminé,INDETERMINE,INDETERMINE,INDETERMINE,Source: https://fr.wikipedia.org/wiki/Koh-Lanta_:_La_Guerre_des_Chefs,True,True,False,19,,False,,False,False,19.0,STANDARD,1,False,19,2026-07-21T03:43:46.603247,steeve,KL22::steeve,,,,,,,,,,,0.0,"Le profil documente une profession sociale sans sport intensif, musculature ou profession directement physique. Le score proposé est donc 0.","https://kohlanta.fandom.com/fr/wiki/Koh-Lanta_%3A_La_Guerre_des_Chefs | Le profil documente une profession sociale sans sport intensif, musculature ou profession directement physique.",True,True,46.0,https://kohlanta.fandom.com/fr/wiki/Koh-Lanta_%3A_La_Guerre_des_Chefs,EXTERNAL_RESEARCH_VALIDATED,MALE,Le tableau de saison identifie Steeve comme candidat(e) de genre MALE.,HIGH,EXTERNAL_RESEARCH_VALIDATED,Travailleur social,Steeve — profession : Travailleur social.,HIGH,EXTERNAL_RESEARCH_VALIDATED,False,"age_raw, gender_raw, profession_raw",MANUAL_FINAL,USER_VALIDATED,True,EXTERNAL_RESEARCH_COMPLETE,"Recherche fondée sur le tableau de saison et, lorsque disponible, le portrait individuel. Les performances réalisées pendant l’émission ne sont pas utilisées comme preuve physique.",COMPLETE_PROFILE_NO_QUALIFYING_INDICATOR,HIGH,,,0,0,MANUAL_USER_VALIDATION
KL22,Koh-Lanta : La Guerre des Chefs,2019,https://fr.wikipedia.org/wiki/Koh-Lanta_:_La_Guerre_des_Chefs,Cindy,,31 ans,,Finaliste [ 32 ] [source secondaire souhaitée],20,0.95,,Finaliste [ 32 ] [source secondaire souhaitée],FINALISTE,FIN_DE_JEU,AUTRE_SORTIE,Source: https://fr.wikipedia.org/wiki/Koh-Lanta_:_La_Guerre_des_Chefs,False,True,False,20,,False,,False,False,20.0,STANDARD,1,False,20,2026-07-21T03:43:46.603247,cindy,KL22::cindy,,,,,,,,,,,0.0,Le profil documente une profession financière sans indicateur sportif ou musculaire qualifiant. Le score proposé est donc 0.,https://kohlanta.fandom.com/fr/wiki/Koh-Lanta_%3A_La_Guerre_des_Chefs | Le profil documente une profession financière sans indicateur sportif ou musculaire qualifiant.,True,True,31.0,https://kohlanta.fandom.com/fr/wiki/Koh-Lanta_%3A_La_Guerre_des_Chefs,EXTERNAL_RESEARCH_VALIDATED,FEMALE,Le tableau de saison identifie Cindy comme candidat(e) de genre FEMALE.,HIGH,EXTERNAL_RESEARCH_VALIDATED,Conseillère financière,Cindy — profession : Conseillère financière.,HIGH,EXTERNAL_RESEARCH_VALIDATED,False,"age_raw, gender_raw, profession_raw",MANUAL_FINAL,USER_VALIDATED,True,EXTERNAL_RESEARCH_COMPLETE,"Recherche fondée sur le tableau de saison et, lorsque disponible, le portrait individuel. Les performances réalisées pendant l’émission ne sont pas utilisées comme preuve physique.",COMPLETE_PROFILE_NO_QUALIFYING_INDICATOR,HIGH,,,0,0,MANUAL_USER_VALIDATION
KL22,Koh-Lanta : La Guerre des Chefs,2019,https://fr.wikipedia.org/wiki/Koh-Lanta_:_La_Guerre_des_Chefs,Maud,,50 ans,,Gagnante [ 33 ] [source secondaire souhaitée],21,1.0,,Gagnante [ 33 ] [source secondaire souhaitée],VAINQUEUR,FIN_DE_JEU,AUTRE_SORTIE,Source: https://fr.wikipedia.org/wiki/Koh-Lanta_:_La_Guerre_des_Chefs,False,True,False,21,,False,,False,False,21.0,STANDARD,0,True,21,2026-07-21T03:43:46.603247,maud,KL22::maud,,,,,,,,,,,0.0,Le profil documente une profession commerciale sans pratique sportive intensive ou musculature explicitement signalée. Le score proposé est donc 0.,https://kohlanta.fandom.com/fr/wiki/Koh-Lanta_%3A_La_Guerre_des_Chefs | Le profil documente une profession commerciale sans pratique sportive intensive ou musculature explicitement signalée.,True,True,50.0,https://kohlanta.fandom.com/fr/wiki/Koh-Lanta_%3A_La_Guerre_des_Chefs,EXTERNAL_RESEARCH_VALIDATED,FEMALE,Le tableau de saison identifie Maud comme candidat(e) de genre FEMALE.,HIGH,EXTERNAL_RESEARCH_VALIDATED,Commerciale,Maud — profession : Commerciale.,HIGH,EXTERNAL_RESEARCH_VALIDATED,False,"age_raw, gender_raw, profession_raw",MANUAL_FINAL,USER_VALIDATED,True,EXTERNAL_RESEARCH_COMPLETE,"Recherche fondée sur le tableau de saison et, lorsque disponible, le portrait individuel. Les performances réalisées pendant l’émission ne sont pas utilisées comme preuve physique.",COMPLETE_PROFILE_NO_QUALIFYING_INDICATOR,HIGH,,,0,0,MANUAL_USER_VALIDATION
KL29,Koh-Lanta : La Revanche des 4 Terres,2025,https://fr.wikipedia.org/wiki/Koh-Lanta_:_La_Revanche_des_4_Terres,Cynthiana,F,39 ans,Agent immobilier,"Éliminée [ 6 ] , [ 7 ] , [ 8 ]",1,0.0,,"Éliminée [ 6 ] , [ 7 ] , [ 8 ]",INDETERMINE,INDETERMINE,AUTRE_SORTIE,Éliminé(e) sans précision du mécanisme,True,True,False,1,,False,,False,False,1.0,STANDARD,1,False,1,2026-07-21T02:53:46.576248+00:00,cynthiana,KL29::cynthiana,,,,,,,,,,,0.0,"Profil documenté, aucun indicateur physique qualifiant",,True,False,39.0,RAW_SEASON_TABLE,VALIDATED,FEMALE,,HIGH,VALIDATED,Agent immobilier,Source: https://fr.wikipedia.org/wiki/Koh-Lanta_:_La_Revanche_des_4_Terres,MEDIUM,VALIDATED,True,"age_raw, gender_raw, profession_raw",MANUAL_FINAL,USER_VALIDATED,False,LOCALLY_COMPLETE,Données locales suffisantes,COMPLETE_PROFILE_NO_QUALIFYING_INDICATOR,HIGH,,,0,0,MANUAL_USER_VALIDATION
KL29,Koh-Lanta : La Revanche des 4 Terres,2025,https://fr.wikipedia.org/wiki/Koh-Lanta_:_La_Revanche_des_4_Terres,Allan,M,25 ans,Docker,"Abandon médical [ 9 ] , [ 10 ] , [ 11 ]",2,0.043478,,"Abandon médical [ 9 ] , [ 10 ] , [ 11 ]",ABANDON_MEDICAL,SANTE_ABANDON,AUTRE_SORTIE,Abandon médical dans la source,False,True,False,2,,False,,False,False,2.0,STANDARD,1,False,2,2026-07-21T02:53:46.576248+00:00,allan,KL29::allan,,,,,,,,,,,0.0,"Profil documenté, aucun indicateur physique qualifiant",,True,False,25.0,RAW_SEASON_TABLE,VALIDATED,MALE,,HIGH,VALIDATED,Docker,Source: https://fr.wikipedia.org/wiki/Koh-Lanta_:_La_Revanche_des_4_Terres,MEDIUM,VALIDATED,True,"age_raw, gender_raw, profession_raw",MANUAL_FINAL,USER_VALIDATED,False,LOCALLY_COMPLETE,Données locales suffisantes,COMPLETE_PROFILE_NO_QUALIFYING_INDICATOR,HIGH,,,0,0,MANUAL_USER_VALIDATION
KL29,Koh-Lanta : La Revanche des 4 Terres,2025,https://fr.wikipedia.org/wiki/Koh-Lanta_:_La_Revanche_des_4_Terres,Christian,M,63 ans,Brocanteur,"Éliminé [ 12 ] , [ 13 ] , [ 14 ]",3,0.086957,,"Éliminé [ 12 ] , [ 13 ] , [ 14 ]",INDETERMINE,INDETERMINE,AUTRE_SORTIE,Éliminé(e) sans précision du mécanisme,True,True,False,3,,False,,False,False,3.0,STANDARD,1,False,3,2026-07-21T02:53:46.576248+00:00,christian,KL29::christian,,,,,,,,,,,0.0,"Profil documenté, aucun indicateur physique qualifiant",,True,False,63.0,RAW_SEASON_TABLE,VALIDATED,MALE,,HIGH,VALIDATED,Brocanteur,Source: https://fr.wikipedia.org/wiki/Koh-Lanta_:_La_Revanche_des_4_Terres,MEDIUM,VALIDATED,True,"age_raw, gender_raw, profession_raw",MANUAL_FINAL,USER_VALIDATED,False,LOCALLY_COMPLETE,Données locales suffisantes,COMPLETE_PROFILE_NO_QUALIFYING_INDICATOR,HIGH,,,0,0,MANUAL_USER_VALIDATION
KL29,Koh-Lanta : La Revanche des 4 Terres,2025,https://fr.wikipedia.org/wiki/Koh-Lanta_:_La_Revanche_des_4_Terres,Romane,F,20 ans,Coach sportive,"Éliminée [ 15 ] , [ 16 ] , [ 17 ]",4,0.130435,,"Éliminée [ 15 ] , [ 16 ] , [ 17 ]",INDETERMINE,INDETERMINE,AUTRE_SORTIE,Éliminé(e) sans précision du mécanisme,True,True,False,4,,False,,False,False,4.0,STANDARD,1,False,4,2026-07-21T02:53:46.576248+00:00,romane,KL29::romane,,,,,,,,,,,0.0,"Profil documenté, aucun indicateur physique qualifiant",,True,False,20.0,RAW_SEASON_TABLE,VALIDATED,FEMALE,,HIGH,VALIDATED,Coach sportive,Source: https://fr.wikipedia.org/wiki/Koh-Lanta_:_La_Revanche_des_4_Terres,MEDIUM,VALIDATED,True,"age_raw, gender_raw, profession_raw",MANUAL_FINAL,USER_VALIDATED,False,LOCALLY_COMPLETE,Données locales suffisantes,COMPLETE_PROFILE_NO_QUALIFYING_INDICATOR,HIGH,,,1,1,MANUAL_USER_VALIDATION
KL29,Koh-Lanta : La Revanche des 4 Terres,2025,https://fr.wikipedia.org/wiki/Koh-Lanta_:_La_Revanche_des_4_Terres,Mehdi,M,27 ans,Chauffeur poids lourds,"Abandon volontaire [ 18 ] , [ 19 ] , [ 20 ]",5,0.173913,,"Abandon volontaire [ 18 ] , [ 19 ] , [ 20 ]",ABANDON_VOLONTAIRE,SANTE_ABANDON,AUTRE_SORTIE,Abandon volontaire dans la source,False,True,False,5,,False,,False,False,5.0,STANDARD,1,False,5,2026-07-21T02:53:46.576248+00:00,mehdi,KL29::mehdi,,,,,,,,,,,0.0,"Profil documenté, aucun indicateur physique qualifiant",,True,False,27.0,RAW_SEASON_TABLE,VALIDATED,MALE,,HIGH,VALIDATED,Chauffeur poids lourds,Source: https://fr.wikipedia.org/wiki/Koh-Lanta_:_La_Revanche_des_4_Terres,MEDIUM,VALIDATED,True,"age_raw, gender_raw, profession_raw",MANUAL_FINAL,USER_VALIDATED,False,LOCALLY_COMPLETE,Données locales suffisantes,COMPLETE_PROFILE_NO_QUALIFYING_INDICATOR,HIGH,,,1,1,MANUAL_USER_VALIDATION
KL29,Koh-Lanta : La Revanche des 4 Terres,2025,https://fr.wikipedia.org/wiki/Koh-Lanta_:_La_Revanche_des_4_Terres,Benoît,M,24 ans,Athlète en saut à la perche,"Éliminé [ 21 ] , [ 22 ] , [ 23 ]",6,0.217391,,"Éliminé [ 21 ] , [ 22 ] , [ 23 ]",INDETERMINE,INDETERMINE,AUTRE_SORTIE,Éliminé(e) sans précision du mécanisme,True,True,False,6,,False,,False,False,6.0,STANDARD,1,False,6,2026-07-21T02:53:46.576248+00:00,benoît,KL29::benoît,,,,,,,,,,,0.0,"Profil documenté, aucun indicateur physique qualifiant",,True,False,24.0,RAW_SEASON_TABLE,VALIDATED,MALE,,HIGH,VALIDATED,Athlète en saut à la perche,Source: https://fr.wikipedia.org/wiki/Koh-Lanta_:_La_Revanche_des_4_Terres,MEDIUM,VALIDATED,True,"age_raw, gender_raw, profession_raw",MANUAL_FINAL,USER_VALIDATED,False,LOCALLY_COMPLETE,Données locales suffisantes,COMPLETE_PROFILE_NO_QUALIFYING_INDICATOR,HIGH,,,1,1,MANUAL_USER_VALIDATION
KL29,Koh-Lanta : La Revanche des 4 Terres,2025,https://fr.wikipedia.org/wiki/Koh-Lanta_:_La_Revanche_des_4_Terres,Mohamed,M,30 ans,Éducateur sportif,"Éliminé [ 24 ] , [ 25 ] , [ 26 ]",7,0.26087,,"Éliminé [ 24 ] , [ 25 ] , [ 26 ]",INDETERMINE,INDETERMINE,AUTRE_SORTIE,Éliminé(e) sans précision du mécanisme,True,True,False,7,,False,,False,False,7.0,STANDARD,1,False,7,2026-07-21T02:53:46.576248+00:00,mohamed,KL29::mohamed,,,,,,,,,,,0.0,"Profil documenté, aucun indicateur physique qualifiant",,True,False,30.0,RAW_SEASON_TABLE,VALIDATED,MALE,,HIGH,VALIDATED,Éducateur sportif,Source: https://fr.wikipedia.org/wiki/Koh-Lanta_:_La_Revanche_des_4_Terres,MEDIUM,VALIDATED,True,"age_raw, gender_raw, profession_raw",MANUAL_FINAL,USER_VALIDATED,False,LOCALLY_COMPLETE,Données locales suffisantes,COMPLETE_PROFILE_NO_QUALIFYING_INDICATOR,HIGH,,,1,1,MANUAL_USER_VALIDATION
KL29,Koh-Lanta : La Revanche des 4 Terres,2025,https://fr.wikipedia.org/wiki/Koh-Lanta_:_La_Revanche_des_4_Terres,Pauline,F,39 ans,Maître-nageuse,"Éliminée [ 27 ] , [ 28 ] , [ 29 ]",8,0.304348,,"Éliminée [ 27 ] , [ 28 ] , [ 29 ]",INDETERMINE,INDETERMINE,AUTRE_SORTIE,Éliminé(e) sans précision du mécanisme,True,True,False,8,,False,,False,False,8.0,STANDARD,1,False,8,2026-07-21T02:53:46.576248+00:00,pauline,KL29::pauline,,,,,,,,,,,0.0,"Profil documenté, aucun indicateur physique qualifiant",,True,False,39.0,RAW_SEASON_TABLE,VALIDATED,FEMALE,,HIGH,VALIDATED,Maître-nageuse,Source: https://fr.wikipedia.org/wiki/Koh-Lanta_:_La_Revanche_des_4_Terres,MEDIUM,VALIDATED,True,"age_raw, gender_raw, profession_raw",MANUAL_FINAL,USER_VALIDATED,False,LOCALLY_COMPLETE,Données locales suffisantes,COMPLETE_PROFILE_NO_QUALIFYING_INDICATOR,HIGH,,,1,1,MANUAL_USER_VALIDATION
KL29,Koh-Lanta : La Revanche des 4 Terres,2025,https://fr.wikipedia.org/wiki/Koh-Lanta_:_La_Revanche_des_4_Terres,Andréa,F,24 ans,Étudiante,"Éliminée [ 30 ] , [ 31 ] , [ 32 ]",9,0.347826,,"Éliminée [ 30 ] , [ 31 ] , [ 32 ]",INDETERMINE,INDETERMINE,AUTRE_SORTIE,Éliminé(e) sans précision du mécanisme,True,True,False,9,,False,,False,False,9.0,STANDARD,1,False,9,2026-07-21T02:53:46.576248+00:00,andréa,KL29::andréa,,,,,,,,,,,0.0,"Profil documenté, aucun indicateur physique qualifiant",,True,False,24.0,RAW_SEASON_TABLE,VALIDATED,FEMALE,,HIGH,VALIDATED,Étudiante,Source: https://fr.wikipedia.org/wiki/Koh-Lanta_:_La_Revanche_des_4_Terres,MEDIUM,VALIDATED,True,"age_raw, gender_raw, profession_raw",MANUAL_FINAL,USER_VALIDATED,False,LOCALLY_COMPLETE,Données locales suffisantes,COMPLETE_PROFILE_NO_QUALIFYING_INDICATOR,HIGH,,,0,0,MANUAL_USER_VALIDATION
KL29,Koh-Lanta : La Revanche des 4 Terres,2025,https://fr.wikipedia.org/wiki/Koh-Lanta_:_La_Revanche_des_4_Terres,Adrien,M,23 ans,Ingénieur,"Éliminé [ 33 ] , [ 34 ] , [ 35 ]",10,0.391304,,"Éliminé [ 33 ] , [ 34 ] , [ 35 ]",INDETERMINE,INDETERMINE,AUTRE_SORTIE,Éliminé(e) sans précision du mécanisme,True,True,False,10,,False,,False,False,10.0,STANDARD,1,False,10,2026-07-21T02:53:46.576248+00:00,adrien,KL29::adrien,,,,,,,,,,,0.0,"Profil documenté, aucun indicateur physique qualifiant",,True,False,23.0,RAW_SEASON_TABLE,VALIDATED,MALE,,HIGH,VALIDATED,Ingénieur,Source: https://fr.wikipedia.org/wiki/Koh-Lanta_:_La_Revanche_des_4_Terres,MEDIUM,VALIDATED,True,"age_raw, gender_raw, profession_raw",MANUAL_FINAL,USER_VALIDATED,False,LOCALLY_COMPLETE,Données locales suffisantes,COMPLETE_PROFILE_NO_QUALIFYING_INDICATOR,HIGH,,,0,0,MANUAL_USER_VALIDATION
KL29,Koh-Lanta : La Revanche des 4 Terres,2025,https://fr.wikipedia.org/wiki/Koh-Lanta_:_La_Revanche_des_4_Terres,Frédéric,M,56 ans,Directeur service des sports,"Abandon médical [ 36 ] , [ 37 ] , [ 38 ]",11,0.434783,,"Abandon médical [ 36 ] , [ 37 ] , [ 38 ]",ABANDON_MEDICAL,SANTE_ABANDON,AUTRE_SORTIE,Abandon médical dans la source,False,True,False,11,,False,,False,False,11.0,STANDARD,1,False,11,2026-07-21T02:53:46.576248+00:00,frédéric,KL29::frédéric,,,,,,,,,,,0.0,"Profil documenté, aucun indicateur physique qualifiant",,True,False,56.0,RAW_SEASON_TABLE,VALIDATED,MALE,,HIGH,VALIDATED,Directeur service des sports,Source: https://fr.wikipedia.org/wiki/Koh-Lanta_:_La_Revanche_des_4_Terres,MEDIUM,VALIDATED,True,"age_raw, gender_raw, profession_raw",MANUAL_FINAL,USER_VALIDATED,False,LOCALLY_COMPLETE,Données locales suffisantes,COMPLETE_PROFILE_NO_QUALIFYING_INDICATOR,HIGH,,,0,0,MANUAL_USER_VALIDATION
KL29,Koh-Lanta : La Revanche des 4 Terres,2025,https://fr.wikipedia.org/wiki/Koh-Lanta_:_La_Revanche_des_4_Terres,Jessica,F,38 ans,Restauratrice,"Éliminée [ 39 ] , [ 40 ] , [ 41 ]",12,0.478261,,"Éliminée [ 39 ] , [ 40 ] , [ 41 ]",INDETERMINE,INDETERMINE,AUTRE_SORTIE,Éliminé(e) sans précision du mécanisme,True,True,False,12,,False,,False,False,12.0,STANDARD,1,False,12,2026-07-21T02:53:46.576248+00:00,jessica,KL29::jessica,,,,,,,,,,,0.0,"Profil documenté, aucun indicateur physique qualifiant",,True,False,38.0,RAW_SEASON_TABLE,VALIDATED,FEMALE,,HIGH,VALIDATED,Restauratrice,Source: https://fr.wikipedia.org/wiki/Koh-Lanta_:_La_Revanche_des_4_Terres,MEDIUM,VALIDATED,True,"age_raw, gender_raw, profession_raw",MANUAL_FINAL,USER_VALIDATED,False,LOCALLY_COMPLETE,Données locales suffisantes,COMPLETE_PROFILE_NO_QUALIFYING_INDICATOR,HIGH,,,0,0,MANUAL_USER_VALIDATION
KL29,Koh-Lanta : La Revanche des 4 Terres,2025,https://fr.wikipedia.org/wiki/Koh-Lanta_:_La_Revanche_des_4_Terres,Louise,F,24 ans,Écogarde,"Éliminée [ 42 ] , [ 43 ] , [ 44 ]",13,0.521739,,"Éliminée [ 42 ] , [ 43 ] , [ 44 ]",INDETERMINE,INDETERMINE,AUTRE_SORTIE,Éliminé(e) sans précision du mécanisme,True,True,False,13,,False,,False,False,13.0,STANDARD,1,False,13,2026-07-21T02:53:46.576248+00:00,louise,KL29::louise,,,,,,,,,,,0.0,"Profil documenté, aucun indicateur physique qualifiant",,True,False,24.0,RAW_SEASON_TABLE,VALIDATED,FEMALE,,HIGH,VALIDATED,Écogarde,Source: https://fr.wikipedia.org/wiki/Koh-Lanta_:_La_Revanche_des_4_Terres,MEDIUM,VALIDATED,True,"age_raw, gender_raw, profession_raw",MANUAL_FINAL,USER_VALIDATED,False,LOCALLY_COMPLETE,Données locales suffisantes,COMPLETE_PROFILE_NO_QUALIFYING_INDICATOR,HIGH,,,0,0,MANUAL_USER_VALIDATION
KL29,Koh-Lanta : La Revanche des 4 Terres,2025,https://fr.wikipedia.org/wiki/Koh-Lanta_:_La_Revanche_des_4_Terres,Joana,F,32 ans,Gérante d'un salon de beauté,"Éliminée [ 45 ] , [ 46 ] , [ 47 ]",14,0.565217,,"Éliminée [ 45 ] , [ 46 ] , [ 47 ]",INDETERMINE,INDETERMINE,AUTRE_SORTIE,Éliminé(e) sans précision du mécanisme,True,True,False,14,,False,,False,False,14.0,STANDARD,1,False,14,2026-07-21T02:53:46.576248+00:00,joana,KL29::joana,,,,,,,,,,,0.0,"Profil documenté, aucun indicateur physique qualifiant",,True,False,32.0,RAW_SEASON_TABLE,VALIDATED,FEMALE,,HIGH,VALIDATED,Gérante d'un salon de beauté,Source: https://fr.wikipedia.org/wiki/Koh-Lanta_:_La_Revanche_des_4_Terres,MEDIUM,VALIDATED,True,"age_raw, gender_raw, profession_raw",MANUAL_FINAL,USER_VALIDATED,False,LOCALLY_COMPLETE,Données locales suffisantes,COMPLETE_PROFILE_NO_QUALIFYING_INDICATOR,HIGH,,,0,0,MANUAL_USER_VALIDATION
KL29,Koh-Lanta : La Revanche des 4 Terres,2025,https://fr.wikipedia.org/wiki/Koh-Lanta_:_La_Revanche_des_4_Terres,Naïs,F,25 ans,Éducatrice spécialisée,"Éliminée [ 48 ] , [ 49 ] , [ 50 ]",15,0.608696,,"Éliminée [ 48 ] , [ 49 ] , [ 50 ]",INDETERMINE,INDETERMINE,AUTRE_SORTIE,Éliminé(e) sans précision du mécanisme,True,True,False,15,,False,,False,False,15.0,STANDARD,1,False,15,2026-07-21T02:53:46.576248+00:00,naïs,KL29::naïs,,,,,,,,,,,0.0,"Profil documenté, aucun indicateur physique qualifiant",,True,False,25.0,RAW_SEASON_TABLE,VALIDATED,FEMALE,,HIGH,VALIDATED,Éducatrice spécialisée,Source: https://fr.wikipedia.org/wiki/Koh-Lanta_:_La_Revanche_des_4_Terres,MEDIUM,VALIDATED,True,"age_raw, gender_raw, profession_raw",MANUAL_FINAL,USER_VALIDATED,False,LOCALLY_COMPLETE,Données locales suffisantes,COMPLETE_PROFILE_NO_QUALIFYING_INDICATOR,HIGH,,,0,0,MANUAL_USER_VALIDATION
KL29,Koh-Lanta : La Revanche des 4 Terres,2025,https://fr.wikipedia.org/wiki/Koh-Lanta_:_La_Revanche_des_4_Terres,Pierre-Marie,M,39 ans,Chef d'entreprise dans le BTP,"Éliminé [ 51 ] , [ 52 ] , [ 53 ]",16,0.652174,,"Éliminé [ 51 ] , [ 52 ] , [ 53 ]",INDETERMINE,INDETERMINE,AUTRE_SORTIE,Éliminé(e) sans précision du mécanisme,True,True,False,16,,False,,False,False,16.0,STANDARD,1,False,16,2026-07-21T02:53:46.576248+00:00,pierre-marie,KL29::pierre-marie,,,,,,,,,,,0.0,"Profil documenté, aucun indicateur physique qualifiant",,True,False,39.0,RAW_SEASON_TABLE,VALIDATED,MALE,,HIGH,VALIDATED,Chef d'entreprise dans le BTP,Source: https://fr.wikipedia.org/wiki/Koh-Lanta_:_La_Revanche_des_4_Terres,MEDIUM,VALIDATED,True,"age_raw, gender_raw, profession_raw",MANUAL_FINAL,USER_VALIDATED,False,LOCALLY_COMPLETE,Données locales suffisantes,COMPLETE_PROFILE_NO_QUALIFYING_INDICATOR,HIGH,,,0,0,MANUAL_USER_VALIDATION
KL29,Koh-Lanta : La Revanche des 4 Terres,2025,https://fr.wikipedia.org/wiki/Koh-Lanta_:_La_Revanche_des_4_Terres,Maxime,M,33 ans,Responsable communication de la fédération de pêche,"Éliminé [ 54 ] , [ 55 ] , [ 56 ]",17,0.695652,,"Éliminé [ 54 ] , [ 55 ] , [ 56 ]",INDETERMINE,INDETERMINE,AUTRE_SORTIE,Éliminé(e) sans précision du mécanisme,True,True,False,17,,False,,False,False,17.0,STANDARD,1,False,17,2026-07-21T02:53:46.576248+00:00,maxime,KL29::maxime,,,,,,,,,,,0.0,"Profil documenté, aucun indicateur physique qualifiant",,True,False,33.0,RAW_SEASON_TABLE,VALIDATED,MALE,,HIGH,VALIDATED,Responsable communication de la fédération de pêche,Source: https://fr.wikipedia.org/wiki/Koh-Lanta_:_La_Revanche_des_4_Terres,MEDIUM,VALIDATED,True,"age_raw, gender_raw, profession_raw",MANUAL_FINAL,USER_VALIDATED,False,LOCALLY_COMPLETE,Données locales suffisantes,COMPLETE_PROFILE_NO_QUALIFYING_INDICATOR,HIGH,,,0,0,MANUAL_USER_VALIDATION
KL29,Koh-Lanta : La Revanche des 4 Terres,2025,https://fr.wikipedia.org/wiki/Koh-Lanta_:_La_Revanche_des_4_Terres,Noémie,F,32 ans,Cheffe d'entreprise,"Éliminée [ 57 ] , [ 58 ] , [ 59 ]",18,0.73913,,"Éliminée [ 57 ] , [ 58 ] , [ 59 ]",INDETERMINE,INDETERMINE,AUTRE_SORTIE,Éliminé(e) sans précision du mécanisme,True,True,False,18,,False,,False,False,18.0,STANDARD,1,False,18,2026-07-21T02:53:46.576248+00:00,noémie,KL29::noémie,,,,,,,,,,,0.0,"Profil documenté, aucun indicateur physique qualifiant",,True,False,32.0,RAW_SEASON_TABLE,VALIDATED,FEMALE,,HIGH,VALIDATED,Cheffe d'entreprise,Source: https://fr.wikipedia.org/wiki/Koh-Lanta_:_La_Revanche_des_4_Terres,MEDIUM,VALIDATED,True,"age_raw, gender_raw, profession_raw",MANUAL_FINAL,USER_VALIDATED,False,LOCALLY_COMPLETE,Données locales suffisantes,COMPLETE_PROFILE_NO_QUALIFYING_INDICATOR,HIGH,,,0,0,MANUAL_USER_VALIDATION
KL29,Koh-Lanta : La Revanche des 4 Terres,2025,https://fr.wikipedia.org/wiki/Koh-Lanta_:_La_Revanche_des_4_Terres,Céline,F,39 ans,Commerciale dans le sport,"Éliminée [ 60 ] , [ 61 ] , [ 62 ]",19,0.782609,,"Éliminée [ 60 ] , [ 61 ] , [ 62 ]",INDETERMINE,INDETERMINE,AUTRE_SORTIE,Éliminé(e) sans précision du mécanisme,True,True,False,19,,False,,False,False,19.0,STANDARD,1,False,19,2026-07-21T02:53:46.576248+00:00,céline,KL29::céline,,,,,,,,,,,0.0,"Profil documenté, aucun indicateur physique qualifiant",,True,False,39.0,RAW_SEASON_TABLE,VALIDATED,FEMALE,,HIGH,VALIDATED,Commerciale dans le sport,Source: https://fr.wikipedia.org/wiki/Koh-Lanta_:_La_Revanche_des_4_Terres,MEDIUM,VALIDATED,True,"age_raw, gender_raw, profession_raw",MANUAL_FINAL,USER_VALIDATED,False,LOCALLY_COMPLETE,Données locales suffisantes,COMPLETE_PROFILE_NO_QUALIFYING_INDICATOR,HIGH,,,0,0,MANUAL_USER_VALIDATION
KL29,Koh-Lanta : La Revanche des 4 Terres,2025,https://fr.wikipedia.org/wiki/Koh-Lanta_:_La_Revanche_des_4_Terres,Jérôme,M,52 ans,Ex-militaire,"Éliminé [ 63 ] , [ 64 ] , [ 65 ]",20,0.826087,,"Éliminé [ 63 ] , [ 64 ] , [ 65 ]",INDETERMINE,INDETERMINE,AUTRE_SORTIE,Éliminé(e) sans précision du mécanisme,True,True,False,20,,False,,False,False,20.0,STANDARD,1,False,20,2026-07-21T02:53:46.576248+00:00,jérôme,KL29::jérôme#row20,,,,,,,,,,,0.0,"Réaudit strict : le score antérieur reposait principalement sur un métier manuel, actif ou une preuve sportive trop vague. Aucune preuve suffisante de sport intensif, compétitif, d’entraînement soutenu ou de musculature athlétique.",,True,False,52.0,RAW_SEASON_TABLE,VALIDATED,MALE,,HIGH,VALIDATED,Ex-militaire,Source: https://fr.wikipedia.org/wiki/Koh-Lanta_:_La_Revanche_des_4_Terres,MEDIUM,VALIDATED,True,"age_raw, gender_raw, profession_raw",MANUAL_FINAL,USER_VALIDATED,False,LOCALLY_COMPLETE,Données locales suffisantes,STRICT_REAUDIT_NO_SUFFICIENT_ATHLETIC_EVIDENCE,HIGH,,True,0,0,MANUAL_USER_VALIDATION
KL29,Koh-Lanta : La Revanche des 4 Terres,2025,https://fr.wikipedia.org/wiki/Koh-Lanta_:_La_Revanche_des_4_Terres,Claire,F,37 ans,Scénographe produit,"Éliminée [ 66 ] , [ 67 ] , [ 68 ]",21,0.869565,,"Éliminée [ 66 ] , [ 67 ] , [ 68 ]",INDETERMINE,INDETERMINE,AUTRE_SORTIE,Éliminé(e) sans précision du mécanisme,True,True,False,21,,False,,False,False,21.0,STANDARD,1,False,21,2026-07-21T02:53:46.576248+00:00,claire,KL29::claire,,,,,,,,,,,0.0,"Profil documenté, aucun indicateur physique qualifiant",,True,False,37.0,RAW_SEASON_TABLE,VALIDATED,FEMALE,,HIGH,VALIDATED,Scénographe produit,Source: https://fr.wikipedia.org/wiki/Koh-Lanta_:_La_Revanche_des_4_Terres,MEDIUM,VALIDATED,True,"age_raw, gender_raw, profession_raw",MANUAL_FINAL,USER_VALIDATED,False,LOCALLY_COMPLETE,Données locales suffisantes,COMPLETE_PROFILE_NO_QUALIFYING_INDICATOR,HIGH,,,0,0,MANUAL_USER_VALIDATION
KL29,Koh-Lanta : La Revanche des 4 Terres,2025,https://fr.wikipedia.org/wiki/Koh-Lanta_:_La_Revanche_des_4_Terres,Jérôme,M,43 ans,Peintre en bâtiment,"Éliminé [ 69 ] , [ 70 ] , [ 71 ]",22,0.913043,,"Éliminé [ 69 ] , [ 70 ] , [ 71 ]",INDETERMINE,INDETERMINE,AUTRE_SORTIE,Éliminé(e) sans précision du mécanisme,True,True,False,22,,False,,False,False,22.0,STANDARD,1,False,22,2026-07-21T02:53:46.576248+00:00,jérôme,KL29::jérôme#row22,,,,,,,,,,,0.0,"Profil documenté, aucun indicateur physique qualifiant",,True,False,43.0,RAW_SEASON_TABLE,VALIDATED,MALE,,HIGH,VALIDATED,Peintre en bâtiment,Source: https://fr.wikipedia.org/wiki/Koh-Lanta_:_La_Revanche_des_4_Terres,MEDIUM,VALIDATED,True,"age_raw, gender_raw, profession_raw",MANUAL_FINAL,USER_VALIDATED,False,LOCALLY_COMPLETE,Données locales suffisantes,COMPLETE_PROFILE_NO_QUALIFYING_INDICATOR,HIGH,,,0,0,MANUAL_USER_VALIDATION
KL29,Koh-Lanta : La Revanche des 4 Terres,2025,https://fr.wikipedia.org/wiki/Koh-Lanta_:_La_Revanche_des_4_Terres,Maël,M,27 ans,Pâtissier,"Finaliste [ 72 ] , [ 73 ] , [ 74 ]",23,0.956522,,"Finaliste [ 72 ] , [ 73 ] , [ 74 ]",FINALISTE,FIN_DE_JEU,AUTRE_SORTIE,Finaliste dans la source,False,True,False,23,,False,,False,False,23.0,STANDARD,1,False,23,2026-07-21T02:53:46.576248+00:00,maël,KL29::maël,,,,,,,,,,,0.0,"Profil documenté, aucun indicateur physique qualifiant",,True,False,27.0,RAW_SEASON_TABLE,VALIDATED,MALE,,HIGH,VALIDATED,Pâtissier,Source: https://fr.wikipedia.org/wiki/Koh-Lanta_:_La_Revanche_des_4_Terres,MEDIUM,VALIDATED,True,"age_raw, gender_raw, profession_raw",MANUAL_FINAL,USER_VALIDATED,False,LOCALLY_COMPLETE,Données locales suffisantes,COMPLETE_PROFILE_NO_QUALIFYING_INDICATOR,HIGH,,,0,0,MANUAL_USER_VALIDATION
KL29,Koh-Lanta : La Revanche des 4 Terres,2025,https://fr.wikipedia.org/wiki/Koh-Lanta_:_La_Revanche_des_4_Terres,Gaëlle,F,34 ans,Mère au foyer,"Vainqueur [ 75 ] , [ 76 ] , [ 77 ]",24,1.0,,"Vainqueur [ 75 ] , [ 76 ] , [ 77 ]",VAINQUEUR,FIN_DE_JEU,AUTRE_SORTIE,Vainqueur/Gagnant dans la source,False,True,False,24,,False,,False,False,24.0,STANDARD,0,True,24,2026-07-21T02:53:46.576248+00:00,gaëlle,KL29::gaëlle,,,,,,,,,,,0.0,"Profil documenté, aucun indicateur physique qualifiant",,True,False,34.0,RAW_SEASON_TABLE,VALIDATED,FEMALE,,HIGH,VALIDATED,Mère au foyer,Source: https://fr.wikipedia.org/wiki/Koh-Lanta_:_La_Revanche_des_4_Terres,MEDIUM,VALIDATED,True,"age_raw, gender_raw, profession_raw",MANUAL_FINAL,USER_VALIDATED,False,LOCALLY_COMPLETE,Données locales suffisantes,COMPLETE_PROFILE_NO_QUALIFYING_INDICATOR,HIGH,,,1,1,MANUAL_USER_VALIDATION
KL26,Koh-Lanta : Le Feu Sacré,2023,https://fr.wikipedia.org/wiki/Koh-Lanta_:_Le_Feu_Sacr%C3%A9,Célia,F,49 ans,Assistante familiale,Éliminée [ 11 ],1,0.0,,Éliminée [ 11 ],INDETERMINE,INDETERMINE,AUTRE_SORTIE,Éliminé(e) sans précision du mécanisme,True,True,False,1,,False,,False,False,1.0,STANDARD,1,False,1,2026-07-21T02:53:44.498411+00:00,célia,KL26::célia,,,,,,,,,,,0.0,"Profil documenté, aucun indicateur physique qualifiant",,True,False,49.0,RAW_SEASON_TABLE,VALIDATED,FEMALE,,HIGH,VALIDATED,Assistante familiale,Source: https://fr.wikipedia.org/wiki/Koh-Lanta_:_Le_Feu_Sacr%C3%A9,MEDIUM,VALIDATED,True,"age_raw, gender_raw, profession_raw",MANUAL_FINAL,USER_VALIDATED,False,LOCALLY_COMPLETE,Données locales suffisantes,COMPLETE_PROFILE_NO_QUALIFYING_INDICATOR,HIGH,,,0,0,MANUAL_USER_VALIDATION
KL26,Koh-Lanta : Le Feu Sacré,2023,https://fr.wikipedia.org/wiki/Koh-Lanta_:_Le_Feu_Sacr%C3%A9,Emin,M,56 ans,Directeur général,Éliminé [ 12 ],2,0.052632,,Éliminé [ 12 ],INDETERMINE,INDETERMINE,AUTRE_SORTIE,Éliminé(e) sans précision du mécanisme,True,True,False,2,,False,,False,False,2.0,STANDARD,1,False,2,2026-07-21T02:53:44.498411+00:00,emin,KL26::emin,,,,,,,,,,,0.0,"Profil documenté, aucun indicateur physique qualifiant",,True,False,56.0,RAW_SEASON_TABLE,VALIDATED,MALE,,HIGH,VALIDATED,Directeur général,Source: https://fr.wikipedia.org/wiki/Koh-Lanta_:_Le_Feu_Sacr%C3%A9,MEDIUM,VALIDATED,True,"age_raw, gender_raw, profession_raw",MANUAL_FINAL,USER_VALIDATED,False,LOCALLY_COMPLETE,Données locales suffisantes,COMPLETE_PROFILE_NO_QUALIFYING_INDICATOR,HIGH,,,0,0,MANUAL_USER_VALIDATION
KL26,Koh-Lanta : Le Feu Sacré,2023,https://fr.wikipedia.org/wiki/Koh-Lanta_:_Le_Feu_Sacr%C3%A9,Alexandre,M,34 ans,Responsable logistique,Éliminé [ 13 ],3,0.105263,,Éliminé [ 13 ],INDETERMINE,INDETERMINE,AUTRE_SORTIE,Éliminé(e) sans précision du mécanisme,True,True,False,3,,False,,False,False,3.0,STANDARD,1,False,3,2026-07-21T02:53:44.498411+00:00,alexandre,KL26::alexandre,,,,,,,,,,,0.0,"Profil documenté, aucun indicateur physique qualifiant",,True,False,34.0,RAW_SEASON_TABLE,VALIDATED,MALE,,HIGH,VALIDATED,Responsable logistique,Source: https://fr.wikipedia.org/wiki/Koh-Lanta_:_Le_Feu_Sacr%C3%A9,MEDIUM,VALIDATED,True,"age_raw, gender_raw, profession_raw",MANUAL_FINAL,USER_VALIDATED,False,LOCALLY_COMPLETE,Données locales suffisantes,COMPLETE_PROFILE_NO_QUALIFYING_INDICATOR,HIGH,,,0,0,MANUAL_USER_VALIDATION
KL26,Koh-Lanta : Le Feu Sacré,2023,https://fr.wikipedia.org/wiki/Koh-Lanta_:_Le_Feu_Sacr%C3%A9,Élodie,F,35 ans,Responsable marketing,Éliminée [ 14 ],4,0.157895,,Éliminée [ 14 ],INDETERMINE,INDETERMINE,AUTRE_SORTIE,Éliminé(e) sans précision du mécanisme,True,True,False,4,,False,,False,False,4.0,STANDARD,1,False,4,2026-07-21T02:53:44.498411+00:00,élodie,KL26::élodie,,,,,,,,,,,0.0,"Profil documenté, aucun indicateur physique qualifiant",,True,False,35.0,RAW_SEASON_TABLE,VALIDATED,FEMALE,,HIGH,VALIDATED,Responsable marketing,Source: https://fr.wikipedia.org/wiki/Koh-Lanta_:_Le_Feu_Sacr%C3%A9,MEDIUM,VALIDATED,True,"age_raw, gender_raw, profession_raw",MANUAL_FINAL,USER_VALIDATED,False,LOCALLY_COMPLETE,Données locales suffisantes,COMPLETE_PROFILE_NO_QUALIFYING_INDICATOR,HIGH,,,0,0,MANUAL_USER_VALIDATION
KL26,Koh-Lanta : Le Feu Sacré,2023,https://fr.wikipedia.org/wiki/Koh-Lanta_:_Le_Feu_Sacr%C3%A9,Benjamin,M,23 ans,Marin,Abandon volontaire [ 15 ],5,0.210526,,Abandon volontaire [ 15 ],ABANDON_VOLONTAIRE,SANTE_ABANDON,AUTRE_SORTIE,Abandon volontaire dans la source,False,True,False,5,,False,,False,False,5.0,STANDARD,1,False,5,2026-07-21T02:53:44.498411+00:00,benjamin,KL26::benjamin,,,,,,,,,,,0.0,"Profil documenté, aucun indicateur physique qualifiant",,True,False,23.0,RAW_SEASON_TABLE,VALIDATED,MALE,,HIGH,VALIDATED,Marin,Source: https://fr.wikipedia.org/wiki/Koh-Lanta_:_Le_Feu_Sacr%C3%A9,MEDIUM,VALIDATED,True,"age_raw, gender_raw, profession_raw",MANUAL_FINAL,USER_VALIDATED,False,LOCALLY_COMPLETE,Données locales suffisantes,COMPLETE_PROFILE_NO_QUALIFYING_INDICATOR,HIGH,,,0,0,MANUAL_USER_VALIDATION
KL26,Koh-Lanta : Le Feu Sacré,2023,https://fr.wikipedia.org/wiki/Koh-Lanta_:_Le_Feu_Sacr%C3%A9,Martin,M,30 ans,Fromager,Abandon médical [ 16 ],6,0.263158,,Abandon médical [ 16 ],ABANDON_MEDICAL,SANTE_ABANDON,AUTRE_SORTIE,Abandon médical dans la source,False,True,False,6,,False,,False,False,6.0,STANDARD,1,False,6,2026-07-21T02:53:44.498411+00:00,martin,KL26::martin,,,,,,,,,,,0.0,"Profil documenté, aucun indicateur physique qualifiant",,True,False,30.0,RAW_SEASON_TABLE,VALIDATED,MALE,,HIGH,VALIDATED,Fromager,Source: https://fr.wikipedia.org/wiki/Koh-Lanta_:_Le_Feu_Sacr%C3%A9,MEDIUM,VALIDATED,True,"age_raw, gender_raw, profession_raw",MANUAL_FINAL,USER_VALIDATED,False,LOCALLY_COMPLETE,Données locales suffisantes,COMPLETE_PROFILE_NO_QUALIFYING_INDICATOR,HIGH,,,0,0,MANUAL_USER_VALIDATION
KL26,Koh-Lanta : Le Feu Sacré,2023,https://fr.wikipedia.org/wiki/Koh-Lanta_:_Le_Feu_Sacr%C3%A9,Christine,F,49 ans,Éducatrice canine,Éliminée [ 17 ],7,0.315789,,Éliminée [ 17 ],INDETERMINE,INDETERMINE,AUTRE_SORTIE,Éliminé(e) sans précision du mécanisme,True,True,False,7,,False,,False,False,7.0,STANDARD,1,False,7,2026-07-21T02:53:44.498411+00:00,christine,KL26::christine,,,,,,,,,,,0.0,"Profil documenté, aucun indicateur physique qualifiant",,True,False,49.0,RAW_SEASON_TABLE,VALIDATED,FEMALE,,HIGH,VALIDATED,Éducatrice canine,Source: https://fr.wikipedia.org/wiki/Koh-Lanta_:_Le_Feu_Sacr%C3%A9,MEDIUM,VALIDATED,True,"age_raw, gender_raw, profession_raw",MANUAL_FINAL,USER_VALIDATED,False,LOCALLY_COMPLETE,Données locales suffisantes,COMPLETE_PROFILE_NO_QUALIFYING_INDICATOR,HIGH,,,0,0,MANUAL_USER_VALIDATION
KL26,Koh-Lanta : Le Feu Sacré,2023,https://fr.wikipedia.org/wiki/Koh-Lanta_:_Le_Feu_Sacr%C3%A9,Rudy,M,41 ans,Conducteur de métro,Éliminé [ 18 ],8,0.368421,,Éliminé [ 18 ],INDETERMINE,INDETERMINE,AUTRE_SORTIE,Éliminé(e) sans précision du mécanisme,True,True,False,8,,False,,False,False,8.0,STANDARD,1,False,8,2026-07-21T02:53:44.498411+00:00,rudy,KL26::rudy,,,,,,,,,,,0.0,"Profil documenté, aucun indicateur physique qualifiant",,True,False,41.0,RAW_SEASON_TABLE,VALIDATED,MALE,,HIGH,VALIDATED,Conducteur de métro,Source: https://fr.wikipedia.org/wiki/Koh-Lanta_:_Le_Feu_Sacr%C3%A9,MEDIUM,VALIDATED,True,"age_raw, gender_raw, profession_raw",MANUAL_FINAL,USER_VALIDATED,False,LOCALLY_COMPLETE,Données locales suffisantes,COMPLETE_PROFILE_NO_QUALIFYING_INDICATOR,HIGH,,,0,0,MANUAL_USER_VALIDATION
KL26,Koh-Lanta : Le Feu Sacré,2023,https://fr.wikipedia.org/wiki/Koh-Lanta_:_Le_Feu_Sacr%C3%A9,Grâce,F,39 ans,Technicienne en plasturgie,"Abandon volontaire [ 19 ] , [ n 1 ]",9,0.421053,,"Abandon volontaire [ 19 ] , [ n 1 ]",ABANDON_VOLONTAIRE,SANTE_ABANDON,AUTRE_SORTIE,Abandon volontaire dans la source,False,True,False,9,,False,,False,False,9.0,STANDARD,1,False,9,2026-07-21T02:53:44.498411+00:00,grâce,KL26::grâce,,,,,,,,,,,0.0,"Profil documenté, aucun indicateur physique qualifiant",,True,False,39.0,RAW_SEASON_TABLE,VALIDATED,FEMALE,,HIGH,VALIDATED,Technicienne en plasturgie,Source: https://fr.wikipedia.org/wiki/Koh-Lanta_:_Le_Feu_Sacr%C3%A9,MEDIUM,VALIDATED,True,"age_raw, gender_raw, profession_raw",MANUAL_FINAL,USER_VALIDATED,False,LOCALLY_COMPLETE,Données locales suffisantes,COMPLETE_PROFILE_NO_QUALIFYING_INDICATOR,HIGH,,,1,1,MANUAL_USER_VALIDATION
KL26,Koh-Lanta : Le Feu Sacré,2023,https://fr.wikipedia.org/wiki/Koh-Lanta_:_Le_Feu_Sacr%C3%A9,Anne-Sophie,F,35 ans,Professeure de Zumba,Éliminée [ 20 ],10,0.473684,,Éliminée [ 20 ],INDETERMINE,INDETERMINE,AUTRE_SORTIE,Éliminé(e) sans précision du mécanisme,True,True,False,10,,False,,False,False,10.0,STANDARD,1,False,10,2026-07-21T02:53:44.498411+00:00,anne-sophie,KL26::anne-sophie,,,,,,,,,,,0.0,"Profil documenté, aucun indicateur physique qualifiant",,True,False,35.0,RAW_SEASON_TABLE,VALIDATED,FEMALE,,HIGH,VALIDATED,Professeure de Zumba,Source: https://fr.wikipedia.org/wiki/Koh-Lanta_:_Le_Feu_Sacr%C3%A9,MEDIUM,VALIDATED,True,"age_raw, gender_raw, profession_raw",MANUAL_FINAL,USER_VALIDATED,False,LOCALLY_COMPLETE,Données locales suffisantes,COMPLETE_PROFILE_NO_QUALIFYING_INDICATOR,HIGH,,,0,0,MANUAL_USER_VALIDATION
KL26,Koh-Lanta : Le Feu Sacré,2023,https://fr.wikipedia.org/wiki/Koh-Lanta_:_Le_Feu_Sacr%C3%A9,Helena,F,27 ans,Kinésithérapeute,Éliminée [ 21 ],11,0.526316,,Éliminée [ 21 ],INDETERMINE,INDETERMINE,AUTRE_SORTIE,Éliminé(e) sans précision du mécanisme,True,True,False,11,,False,,False,False,11.0,STANDARD,1,False,11,2026-07-21T02:53:44.498411+00:00,helena,KL26::helena,,,,,,,,,,,0.0,"Profil documenté, aucun indicateur physique qualifiant",,True,False,27.0,RAW_SEASON_TABLE,VALIDATED,FEMALE,,HIGH,VALIDATED,Kinésithérapeute,Source: https://fr.wikipedia.org/wiki/Koh-Lanta_:_Le_Feu_Sacr%C3%A9,MEDIUM,VALIDATED,True,"age_raw, gender_raw, profession_raw",MANUAL_FINAL,USER_VALIDATED,False,LOCALLY_COMPLETE,Données locales suffisantes,COMPLETE_PROFILE_NO_QUALIFYING_INDICATOR,HIGH,,,1,1,MANUAL_USER_VALIDATION
KL26,Koh-Lanta : Le Feu Sacré,2023,https://fr.wikipedia.org/wiki/Koh-Lanta_:_Le_Feu_Sacr%C3%A9,Gilles,M,31 ans,Agriculteur,Éliminé [ 22 ],12,0.578947,,Éliminé [ 22 ],INDETERMINE,INDETERMINE,AUTRE_SORTIE,Éliminé(e) sans précision du mécanisme,True,True,False,12,,False,,False,False,12.0,STANDARD,1,False,12,2026-07-21T02:53:44.498411+00:00,gilles,KL26::gilles,,,,,,,,,,,0.0,"Profil documenté, aucun indicateur physique qualifiant",,True,False,31.0,RAW_SEASON_TABLE,VALIDATED,MALE,,HIGH,VALIDATED,Agriculteur,Source: https://fr.wikipedia.org/wiki/Koh-Lanta_:_Le_Feu_Sacr%C3%A9,MEDIUM,VALIDATED,True,"age_raw, gender_raw, profession_raw",MANUAL_FINAL,USER_VALIDATED,False,LOCALLY_COMPLETE,Données locales suffisantes,COMPLETE_PROFILE_NO_QUALIFYING_INDICATOR,HIGH,,,0,0,MANUAL_USER_VALIDATION
KL26,Koh-Lanta : Le Feu Sacré,2023,https://fr.wikipedia.org/wiki/Koh-Lanta_:_Le_Feu_Sacr%C3%A9,Clémence,F,27 ans,Raccordeuse de fibre optique,Éliminée [ 23 ],13,0.631579,,Éliminée [ 23 ],INDETERMINE,INDETERMINE,AUTRE_SORTIE,Éliminé(e) sans précision du mécanisme,True,True,False,13,,False,,False,False,13.0,STANDARD,1,False,13,2026-07-21T02:53:44.498411+00:00,clémence,KL26::clémence,,,,,,,,,,,0.0,"Profil documenté, aucun indicateur physique qualifiant",,True,False,27.0,RAW_SEASON_TABLE,VALIDATED,FEMALE,,HIGH,VALIDATED,Raccordeuse de fibre optique,Source: https://fr.wikipedia.org/wiki/Koh-Lanta_:_Le_Feu_Sacr%C3%A9,MEDIUM,VALIDATED,True,"age_raw, gender_raw, profession_raw",MANUAL_FINAL,USER_VALIDATED,False,LOCALLY_COMPLETE,Données locales suffisantes,COMPLETE_PROFILE_NO_QUALIFYING_INDICATOR,HIGH,,,0,0,MANUAL_USER_VALIDATION
KL26,Koh-Lanta : Le Feu Sacré,2023,https://fr.wikipedia.org/wiki/Koh-Lanta_:_Le_Feu_Sacr%C3%A9,Esteban,M,40 ans,Vendeur-démonstrateur,Éliminé [ 24 ],14,0.684211,,Éliminé [ 24 ],INDETERMINE,INDETERMINE,AUTRE_SORTIE,Éliminé(e) sans précision du mécanisme,True,True,False,14,,False,,False,False,14.0,STANDARD,1,False,14,2026-07-21T02:53:44.498411+00:00,esteban,KL26::esteban,,,,,,,,,,,0.0,"Profil documenté, aucun indicateur physique qualifiant",,True,False,40.0,RAW_SEASON_TABLE,VALIDATED,MALE,,HIGH,VALIDATED,Vendeur-démonstrateur,Source: https://fr.wikipedia.org/wiki/Koh-Lanta_:_Le_Feu_Sacr%C3%A9,MEDIUM,VALIDATED,True,"age_raw, gender_raw, profession_raw",MANUAL_FINAL,USER_VALIDATED,False,LOCALLY_COMPLETE,Données locales suffisantes,COMPLETE_PROFILE_NO_QUALIFYING_INDICATOR,HIGH,,,1,1,MANUAL_USER_VALIDATION
KL26,Koh-Lanta : Le Feu Sacré,2023,https://fr.wikipedia.org/wiki/Koh-Lanta_:_Le_Feu_Sacr%C3%A9,Laura,F,32 ans,Photographe,Éliminée [ 25 ],15,0.736842,,Éliminée [ 25 ],INDETERMINE,INDETERMINE,AUTRE_SORTIE,Éliminé(e) sans précision du mécanisme,True,True,False,15,,False,,False,False,15.0,STANDARD,1,False,15,2026-07-21T02:53:44.498411+00:00,laura,KL26::laura,,,,,,,,,,,0.0,"Profil documenté, aucun indicateur physique qualifiant",,True,False,32.0,RAW_SEASON_TABLE,VALIDATED,FEMALE,,HIGH,VALIDATED,Photographe,Source: https://fr.wikipedia.org/wiki/Koh-Lanta_:_Le_Feu_Sacr%C3%A9,MEDIUM,VALIDATED,True,"age_raw, gender_raw, profession_raw",MANUAL_FINAL,USER_VALIDATED,False,LOCALLY_COMPLETE,Données locales suffisantes,COMPLETE_PROFILE_NO_QUALIFYING_INDICATOR,HIGH,,,0,0,MANUAL_USER_VALIDATION
KL26,Koh-Lanta : Le Feu Sacré,2023,https://fr.wikipedia.org/wiki/Koh-Lanta_:_Le_Feu_Sacr%C3%A9,Quentin,M,26 ans,Charpentier,Éliminé [ 26 ],16,0.789474,,Éliminé [ 26 ],INDETERMINE,INDETERMINE,AUTRE_SORTIE,Éliminé(e) sans précision du mécanisme,True,True,False,16,,False,,False,False,16.0,STANDARD,1,False,16,2026-07-21T02:53:44.498411+00:00,quentin,KL26::quentin,,,,,,,,,,,0.0,"Profil documenté, aucun indicateur physique qualifiant",,True,False,26.0,RAW_SEASON_TABLE,VALIDATED,MALE,,HIGH,VALIDATED,Charpentier,Source: https://fr.wikipedia.org/wiki/Koh-Lanta_:_Le_Feu_Sacr%C3%A9,MEDIUM,VALIDATED,True,"age_raw, gender_raw, profession_raw",MANUAL_FINAL,USER_VALIDATED,False,LOCALLY_COMPLETE,Données locales suffisantes,COMPLETE_PROFILE_NO_QUALIFYING_INDICATOR,HIGH,,,0,0,MANUAL_USER_VALIDATION
KL26,Koh-Lanta : Le Feu Sacré,2023,https://fr.wikipedia.org/wiki/Koh-Lanta_:_Le_Feu_Sacr%C3%A9,Julie,F,33 ans,Footballeuse,Éliminée [ 27 ],17,0.842105,,Éliminée [ 27 ],INDETERMINE,INDETERMINE,AUTRE_SORTIE,Éliminé(e) sans précision du mécanisme,True,True,False,17,,False,,False,False,17.0,STANDARD,1,False,17,2026-07-21T02:53:44.498411+00:00,julie,KL26::julie,,,,,,,,,,,1.0,Sport exigeant documenté: Footballeuse,,True,False,33.0,RAW_SEASON_TABLE,VALIDATED,FEMALE,,HIGH,VALIDATED,Footballeuse,Source: https://fr.wikipedia.org/wiki/Koh-Lanta_:_Le_Feu_Sacr%C3%A9,MEDIUM,VALIDATED,True,"age_raw, gender_raw, profession_raw",MANUAL_FINAL,USER_VALIDATED,False,LOCALLY_COMPLETE,Données locales suffisantes,,HIGH,STRENGTH_OR_COMBAT_SPORT,False,0,0,MANUAL_USER_VALIDATION
KL26,Koh-Lanta : Le Feu Sacré,2023,https://fr.wikipedia.org/wiki/Koh-Lanta_:_Le_Feu_Sacr%C3%A9,Nicolas,M,43 ans,Entrepreneur,Éliminé [ 28 ],18,0.894737,,Éliminé [ 28 ],INDETERMINE,INDETERMINE,AUTRE_SORTIE,Éliminé(e) sans précision du mécanisme,True,True,False,18,,False,,False,False,18.0,STANDARD,1,False,18,2026-07-21T02:53:44.498411+00:00,nicolas,KL26::nicolas,,,,,,,,,,,0.0,"Profil documenté, aucun indicateur physique qualifiant",,True,False,43.0,RAW_SEASON_TABLE,VALIDATED,MALE,,HIGH,VALIDATED,Entrepreneur,Source: https://fr.wikipedia.org/wiki/Koh-Lanta_:_Le_Feu_Sacr%C3%A9,MEDIUM,VALIDATED,True,"age_raw, gender_raw, profession_raw",MANUAL_FINAL,USER_VALIDATED,False,LOCALLY_COMPLETE,Données locales suffisantes,COMPLETE_PROFILE_NO_QUALIFYING_INDICATOR,HIGH,,,1,1,MANUAL_USER_VALIDATION
KL26,Koh-Lanta : Le Feu Sacré,2023,https://fr.wikipedia.org/wiki/Koh-Lanta_:_Le_Feu_Sacr%C3%A9,Tania,F,22 ans,Diététicienne,Finaliste [ 28 ],19,0.947368,,Finaliste [ 28 ],FINALISTE,FIN_DE_JEU,AUTRE_SORTIE,Finaliste dans la source,False,True,False,19,,False,,False,False,19.0,STANDARD,1,False,19,2026-07-21T02:53:44.498411+00:00,tania,KL26::tania,,,,,,,,,,,0.0,"Profil documenté, aucun indicateur physique qualifiant",,True,False,22.0,RAW_SEASON_TABLE,VALIDATED,FEMALE,,HIGH,VALIDATED,Diététicienne,Source: https://fr.wikipedia.org/wiki/Koh-Lanta_:_Le_Feu_Sacr%C3%A9,MEDIUM,VALIDATED,True,"age_raw, gender_raw, profession_raw",MANUAL_FINAL,USER_VALIDATED,False,LOCALLY_COMPLETE,Données locales suffisantes,COMPLETE_PROFILE_NO_QUALIFYING_INDICATOR,HIGH,,,0,0,MANUAL_USER_VALIDATION
KL26,Koh-Lanta : Le Feu Sacré,2023,https://fr.wikipedia.org/wiki/Koh-Lanta_:_Le_Feu_Sacr%C3%A9,Frédéric,M,33 ans,Directeur commercial,Vainqueur [ 28 ],20,1.0,,Vainqueur [ 28 ],VAINQUEUR,FIN_DE_JEU,AUTRE_SORTIE,Vainqueur/Gagnant dans la source,False,True,False,20,,False,,False,False,20.0,STANDARD,0,True,20,2026-07-21T02:53:44.498411+00:00,frédéric,KL26::frédéric,,,,,,,,,,,0.0,"Profil documenté, aucun indicateur physique qualifiant",,True,False,33.0,RAW_SEASON_TABLE,VALIDATED,MALE,,HIGH,VALIDATED,Directeur commercial,Source: https://fr.wikipedia.org/wiki/Koh-Lanta_:_Le_Feu_Sacr%C3%A9,MEDIUM,VALIDATED,True,"age_raw, gender_raw, profession_raw",MANUAL_FINAL,USER_VALIDATED,False,LOCALLY_COMPLETE,Données locales suffisantes,COMPLETE_PROFILE_NO_QUALIFYING_INDICATOR,HIGH,,,1,1,MANUAL_USER_VALIDATION
KL25,Koh-Lanta : Le Totem Maudit,2022,https://en.wikipedia.org/wiki/Koh-Lanta:_Le_Totem_Maudit,"Céline ""Lili"" Gasnier",,40,,1st Voted Out Day 2,1,0.0,,1st Voted Out Day 2,CONSEIL,INDETERMINE,INDETERMINE,Source: https://en.wikipedia.org/wiki/Koh-Lanta:_Le_Totem_Maudit,False,True,False,1,,False,,False,False,1.0,STANDARD,1,False,1,2026-07-21T03:43:47.549398,"céline ""lili"" gasnier","KL25::céline ""lili"" gasnier",,,,,,,,,,,0.0,Le profil documente une activité de cheffe d’entreprise sans sport intensif ou musculature qualifiante. Le score proposé est donc 0.,https://kohlanta.fandom.com/fr/wiki/Koh-Lanta_%3A_Le_Totem_Maudit | Le profil documente une activité de cheffe d’entreprise sans sport intensif ou musculature qualifiante.,True,True,40.0,https://kohlanta.fandom.com/fr/wiki/Koh-Lanta_%3A_Le_Totem_Maudit,EXTERNAL_RESEARCH_VALIDATED,FEMALE,"Le tableau de saison identifie Céline ""Lili"" Gasnier comme candidat(e) de genre FEMALE.",HIGH,EXTERNAL_RESEARCH_VALIDATED,Cheffe d’entreprise,"Céline ""Lili"" Gasnier — profession : Cheffe d’entreprise.",HIGH,EXTERNAL_RESEARCH_VALIDATED,False,"age_raw, gender_raw, profession_raw",MANUAL_FINAL,USER_VALIDATED,True,EXTERNAL_RESEARCH_COMPLETE,"Recherche fondée sur le tableau de saison et, lorsque disponible, le portrait individuel. Les performances réalisées pendant l’émission ne sont pas utilisées comme preuve physique.",COMPLETE_PROFILE_NO_QUALIFYING_INDICATOR,HIGH,,,0,0,MANUAL_USER_VALIDATION
KL25,Koh-Lanta : Le Totem Maudit,2022,https://en.wikipedia.org/wiki/Koh-Lanta:_Le_Totem_Maudit,Céline Dufrenoy,,41,,2nd Voted Out Day 3,2,0.043478,,2nd Voted Out Day 3,CONSEIL,INDETERMINE,INDETERMINE,Source: https://en.wikipedia.org/wiki/Koh-Lanta:_Le_Totem_Maudit,False,True,False,2,,False,,False,False,2.0,STANDARD,1,False,2,2026-07-21T03:43:47.549398,céline dufrenoy,KL25::céline dufrenoy,,,,,,,,,,,0.0,"Le profil documente une profession infirmière, mais pas de pratique sportive intensive ou musculature explicitement qualifiante. Le score proposé est donc 0.","https://kohlanta.fandom.com/fr/wiki/Koh-Lanta_%3A_Le_Totem_Maudit | Le profil documente une profession infirmière, mais pas de pratique sportive intensive ou musculature explicitement qualifiante.",True,True,41.0,https://kohlanta.fandom.com/fr/wiki/Koh-Lanta_%3A_Le_Totem_Maudit,EXTERNAL_RESEARCH_VALIDATED,FEMALE,Le tableau de saison identifie Céline Dufrenoy comme candidat(e) de genre FEMALE.,HIGH,EXTERNAL_RESEARCH_VALIDATED,Infirmière,Céline Dufrenoy — profession : Infirmière.,HIGH,EXTERNAL_RESEARCH_VALIDATED,False,"age_raw, gender_raw, profession_raw",MANUAL_FINAL,USER_VALIDATED,True,EXTERNAL_RESEARCH_COMPLETE,"Recherche fondée sur le tableau de saison et, lorsque disponible, le portrait individuel. Les performances réalisées pendant l’émission ne sont pas utilisées comme preuve physique.",COMPLETE_PROFILE_NO_QUALIFYING_INDICATOR,HIGH,,,0,0,MANUAL_USER_VALIDATION
KL25,Koh-Lanta : Le Totem Maudit,2022,https://en.wikipedia.org/wiki/Koh-Lanta:_Le_Totem_Maudit,Franck Macia,,52,,Left Competition Day 4,3,0.086957,,Left Competition Day 4,INDETERMINE,INDETERMINE,INDETERMINE,Source: https://en.wikipedia.org/wiki/Koh-Lanta:_Le_Totem_Maudit,True,True,False,3,,False,,False,False,3.0,STANDARD,1,False,3,2026-07-21T03:43:47.549398,franck macia,KL25::franck macia,,,,,,,,,,,1.0,"Son portrait indique qu’il a été militaire et pompier, travaille dans la rénovation et le décrit comme sportif. Cet élément satisfait le critère positif.","https://kohlanta.fandom.com/fr/wiki/Koh-Lanta_%3A_Le_Totem_Maudit | Son portrait indique qu’il a été militaire et pompier, travaille dans la rénovation et le décrit comme sportif.",True,True,52.0,https://kohlanta.fandom.com/fr/wiki/Koh-Lanta_%3A_Le_Totem_Maudit,EXTERNAL_RESEARCH_VALIDATED,MALE,Le tableau de saison identifie Franck Macia comme candidat(e) de genre MALE.,HIGH,EXTERNAL_RESEARCH_VALIDATED,Entrepreneur en bâtiment,Franck Macia — profession : Entrepreneur en bâtiment.,HIGH,EXTERNAL_RESEARCH_VALIDATED,False,"age_raw, gender_raw, profession_raw",MANUAL_FINAL,USER_VALIDATED,True,EXTERNAL_RESEARCH_COMPLETE,"Recherche fondée sur le tableau de saison et, lorsque disponible, le portrait individuel. Les performances réalisées pendant l’émission ne sont pas utilisées comme preuve physique.",,HIGH,MULTIPLE_QUALIFYING_INDICATORS,,0,0,MANUAL_USER_VALIDATION
KL25,Koh-Lanta : Le Totem Maudit,2022,https://en.wikipedia.org/wiki/Koh-Lanta:_Le_Totem_Maudit,Mattéo Real,,20,,3rd Voted Out Day 6,4,0.130435,,3rd Voted Out Day 6,CONSEIL,INDETERMINE,INDETERMINE,Source: https://en.wikipedia.org/wiki/Koh-Lanta:_Le_Totem_Maudit,False,True,False,4,,False,,False,False,4.0,STANDARD,1,False,4,2026-07-21T03:43:47.549398,mattéo real,KL25::mattéo real,,,,,,,,,,,1.0,"Danseur classique depuis l’enfance, formé à l’École de l’Opéra de Paris puis au Conservatoire. Cet élément satisfait le critère positif.","https://kohlanta.fandom.com/fr/wiki/Koh-Lanta_%3A_Le_Totem_Maudit | Danseur classique depuis l’enfance, formé à l’École de l’Opéra de Paris puis au Conservatoire.",True,True,20.0,https://kohlanta.fandom.com/fr/wiki/Koh-Lanta_%3A_Le_Totem_Maudit,EXTERNAL_RESEARCH_VALIDATED,MALE,Le tableau de saison identifie Mattéo Real comme candidat(e) de genre MALE.,HIGH,EXTERNAL_RESEARCH_VALIDATED,Danseur,Mattéo Real — profession : Danseur.,HIGH,EXTERNAL_RESEARCH_VALIDATED,False,"age_raw, gender_raw, profession_raw",MANUAL_FINAL,USER_VALIDATED,True,EXTERNAL_RESEARCH_COMPLETE,"Recherche fondée sur le tableau de saison et, lorsque disponible, le portrait individuel. Les performances réalisées pendant l’émission ne sont pas utilisées comme preuve physique.",,HIGH,HIGH_PHYSICAL_TRAINING,,0,0,MANUAL_USER_VALIDATION
KL25,Koh-Lanta : Le Totem Maudit,2022,https://en.wikipedia.org/wiki/Koh-Lanta:_Le_Totem_Maudit,Samira Aït-Brahim,,34,,4th Voted Out Day 9,5,0.173913,,4th Voted Out Day 9,CONSEIL,INDETERMINE,INDETERMINE,Source: https://en.wikipedia.org/wiki/Koh-Lanta:_Le_Totem_Maudit,False,True,False,5,,False,,False,False,5.0,STANDARD,1,False,5,2026-07-21T03:43:47.549398,samira aït-brahim,KL25::samira aït-brahim,,,,,,,,,,,1.0,Coach sportive : profession directement liée à l’entraînement physique. Cet élément satisfait le critère positif.,https://kohlanta.fandom.com/fr/wiki/Koh-Lanta_%3A_Le_Totem_Maudit | Coach sportive : profession directement liée à l’entraînement physique.,True,True,34.0,https://kohlanta.fandom.com/fr/wiki/Koh-Lanta_%3A_Le_Totem_Maudit,EXTERNAL_RESEARCH_VALIDATED,FEMALE,Le tableau de saison identifie Samira Aït-Brahim comme candidat(e) de genre FEMALE.,HIGH,EXTERNAL_RESEARCH_VALIDATED,Coach sportive,Samira Aït-Brahim — profession : Coach sportive.,HIGH,EXTERNAL_RESEARCH_VALIDATED,False,"age_raw, gender_raw, profession_raw",MANUAL_FINAL,USER_VALIDATED,True,EXTERNAL_RESEARCH_COMPLETE,"Recherche fondée sur le tableau de saison et, lorsque disponible, le portrait individuel. Les performances réalisées pendant l’émission ne sont pas utilisées comme preuve physique.",,HIGH,DIRECT_PHYSICAL_PROFESSION,,1,1,MANUAL_USER_VALIDATION
KL25,Koh-Lanta : Le Totem Maudit,2022,https://en.wikipedia.org/wiki/Koh-Lanta:_Le_Totem_Maudit,Benjamin Breerette,,24,,5th Voted Out Day 11,6,0.217391,,5th Voted Out Day 11,CONSEIL,INDETERMINE,INDETERMINE,Source: https://en.wikipedia.org/wiki/Koh-Lanta:_Le_Totem_Maudit,False,True,False,6,,False,,False,False,6.0,STANDARD,1,False,6,2026-07-21T03:43:47.549398,benjamin breerette,KL25::benjamin breerette,,,,,,,,,,,0.0,Le profil documente une profession comptable sans sport intensif ou musculature qualifiante. Le score proposé est donc 0.,https://kohlanta.fandom.com/fr/wiki/Koh-Lanta_%3A_Le_Totem_Maudit | Le profil documente une profession comptable sans sport intensif ou musculature qualifiante.,True,True,24.0,https://kohlanta.fandom.com/fr/wiki/Koh-Lanta_%3A_Le_Totem_Maudit,EXTERNAL_RESEARCH_VALIDATED,MALE,Le tableau de saison identifie Benjamin Breerette comme candidat(e) de genre MALE.,HIGH,EXTERNAL_RESEARCH_VALIDATED,Comptable,Benjamin Breerette — profession : Comptable.,HIGH,EXTERNAL_RESEARCH_VALIDATED,False,"age_raw, gender_raw, profession_raw",MANUAL_FINAL,USER_VALIDATED,True,EXTERNAL_RESEARCH_COMPLETE,"Recherche fondée sur le tableau de saison et, lorsque disponible, le portrait individuel. Les performances réalisées pendant l’émission ne sont pas utilisées comme preuve physique.",COMPLETE_PROFILE_NO_QUALIFYING_INDICATOR,HIGH,,,0,0,MANUAL_USER_VALIDATION
KL25,Koh-Lanta : Le Totem Maudit,2022,https://en.wikipedia.org/wiki/Koh-Lanta:_Le_Totem_Maudit,Stéphanie Tribot,,35,,7th Voted Out Day 17,7,0.26087,,7th Voted Out Day 17,CONSEIL,INDETERMINE,INDETERMINE,Source: https://en.wikipedia.org/wiki/Koh-Lanta:_Le_Totem_Maudit,False,True,True,7,,True,,False,False,7.0,FIRST_EXIT_BEFORE_MEDICAL_RETURN,1,False,7,2026-07-21T03:43:47.549398,stéphanie tribot,KL25::stéphanie tribot,,,,,,,,,,,0.0,Le profil documente une profession de croupière sans indicateur sportif ou musculaire qualifiant. Le score proposé est donc 0.,https://kohlanta.fandom.com/fr/wiki/Koh-Lanta_%3A_Le_Totem_Maudit | Le profil documente une profession de croupière sans indicateur sportif ou musculaire qualifiant.,True,True,35.0,https://kohlanta.fandom.com/fr/wiki/Koh-Lanta_%3A_Le_Totem_Maudit,EXTERNAL_RESEARCH_VALIDATED,FEMALE,Le tableau de saison identifie Stéphanie Tribot comme candidat(e) de genre FEMALE.,HIGH,EXTERNAL_RESEARCH_VALIDATED,Croupière,Stéphanie Tribot — profession : Croupière.,HIGH,EXTERNAL_RESEARCH_VALIDATED,False,"age_raw, gender_raw, profession_raw",MANUAL_FINAL,USER_VALIDATED,True,EXTERNAL_RESEARCH_COMPLETE,"Recherche fondée sur le tableau de saison et, lorsque disponible, le portrait individuel. Les performances réalisées pendant l’émission ne sont pas utilisées comme preuve physique.",COMPLETE_PROFILE_NO_QUALIFYING_INDICATOR,HIGH,,,0,0,MANUAL_USER_VALIDATION
KL25,Koh-Lanta : Le Totem Maudit,2022,https://en.wikipedia.org/wiki/Koh-Lanta:_Le_Totem_Maudit,Jean-Philippe Masy,,36,,Medically Evacuated Day 16,8,0.304348,,Medically Evacuated Day 16,ABANDON_MEDICAL,INDETERMINE,AUTRE_SORTIE,Source: https://en.wikipedia.org/wiki/Koh-Lanta:_Le_Totem_Maudit,False,True,False,8,,False,,False,False,8.0,STANDARD,1,False,8,2026-07-21T03:43:47.549398,jean-philippe masy,KL25::jean-philippe masy,,,,,,,,,,,0.0,"Réaudit strict : le score antérieur reposait principalement sur un métier manuel, actif ou une preuve sportive trop vague. Aucune preuve suffisante de sport intensif, compétitif, d’entraînement soutenu ou de musculature athlétique.",https://kohlanta.fandom.com/fr/wiki/Koh-Lanta_%3A_Le_Totem_Maudit | Artisan peintre : métier manuel de chantier directement physique.,True,True,36.0,https://kohlanta.fandom.com/fr/wiki/Koh-Lanta_%3A_Le_Totem_Maudit,EXTERNAL_RESEARCH_VALIDATED,MALE,Le tableau de saison identifie Jean-Philippe Masy comme candidat(e) de genre MALE.,HIGH,EXTERNAL_RESEARCH_VALIDATED,Artisan peintre,Jean-Philippe Masy — profession : Artisan peintre.,HIGH,EXTERNAL_RESEARCH_VALIDATED,False,"age_raw, gender_raw, profession_raw",MANUAL_FINAL,USER_VALIDATED,True,EXTERNAL_RESEARCH_COMPLETE,"Recherche fondée sur le tableau de saison et, lorsque disponible, le portrait individuel. Les performances réalisées pendant l’émission ne sont pas utilisées comme preuve physique.",STRICT_REAUDIT_NO_SUFFICIENT_ATHLETIC_EVIDENCE,HIGH,,,0,0,MANUAL_USER_VALIDATION
KL25,Koh-Lanta : Le Totem Maudit,2022,https://en.wikipedia.org/wiki/Koh-Lanta:_Le_Totem_Maudit,Alexandra Élizé,,35,,8th Voted Out Day 20,9,0.347826,,8th Voted Out Day 20,CONSEIL,INDETERMINE,INDETERMINE,Source: https://en.wikipedia.org/wiki/Koh-Lanta:_Le_Totem_Maudit,False,True,False,9,,False,,False,False,9.0,STANDARD,1,False,9,2026-07-21T03:43:47.549398,alexandra élizé,KL25::alexandra élizé,,,,,,,,,,,0.0,Le profil documente une fonction de direction sans sport intensif ou musculature qualifiante. Le score proposé est donc 0.,https://kohlanta.fandom.com/fr/wiki/Koh-Lanta_%3A_Le_Totem_Maudit | Le profil documente une fonction de direction sans sport intensif ou musculature qualifiante.,True,True,35.0,https://kohlanta.fandom.com/fr/wiki/Koh-Lanta_%3A_Le_Totem_Maudit,EXTERNAL_RESEARCH_VALIDATED,FEMALE,Le tableau de saison identifie Alexandra Élizé comme candidat(e) de genre FEMALE.,HIGH,EXTERNAL_RESEARCH_VALIDATED,Directrice d’un groupe de média,Alexandra Élizé — profession : Directrice d’un groupe de média.,HIGH,EXTERNAL_RESEARCH_VALIDATED,False,"age_raw, gender_raw, profession_raw",MANUAL_FINAL,USER_VALIDATED,True,EXTERNAL_RESEARCH_COMPLETE,"Recherche fondée sur le tableau de saison et, lorsque disponible, le portrait individuel. Les performances réalisées pendant l’émission ne sont pas utilisées comme preuve physique.",COMPLETE_PROFILE_NO_QUALIFYING_INDICATOR,HIGH,,,0,0,MANUAL_USER_VALIDATION
KL25,Koh-Lanta : Le Totem Maudit,2022,https://en.wikipedia.org/wiki/Koh-Lanta:_Le_Totem_Maudit,Setha El Hajjami,,35,,9th Voted Out Day 22,10,0.391304,,9th Voted Out Day 22,CONSEIL,INDETERMINE,INDETERMINE,Source: https://en.wikipedia.org/wiki/Koh-Lanta:_Le_Totem_Maudit,False,True,False,10,,False,,False,False,10.0,STANDARD,1,False,10,2026-07-21T03:43:47.549398,setha el hajjami,KL25::setha el hajjami,,,,,,,,,,,0.0,Le profil documente une profession de graphiste sans indicateur sportif ou musculaire qualifiant. Le score proposé est donc 0.,https://kohlanta.fandom.com/fr/wiki/Koh-Lanta_%3A_Le_Totem_Maudit | Le profil documente une profession de graphiste sans indicateur sportif ou musculaire qualifiant.,True,True,35.0,https://kohlanta.fandom.com/fr/wiki/Koh-Lanta_%3A_Le_Totem_Maudit,EXTERNAL_RESEARCH_VALIDATED,FEMALE,Le tableau de saison identifie Setha El Hajjami comme candidat(e) de genre FEMALE.,HIGH,EXTERNAL_RESEARCH_VALIDATED,Graphiste,Setha El Hajjami — profession : Graphiste.,HIGH,EXTERNAL_RESEARCH_VALIDATED,False,"age_raw, gender_raw, profession_raw",MANUAL_FINAL,USER_VALIDATED,True,EXTERNAL_RESEARCH_COMPLETE,"Recherche fondée sur le tableau de saison et, lorsque disponible, le portrait individuel. Les performances réalisées pendant l’émission ne sont pas utilisées comme preuve physique.",COMPLETE_PROFILE_NO_QUALIFYING_INDICATOR,HIGH,,,0,0,MANUAL_USER_VALIDATION
KL25,Koh-Lanta : Le Totem Maudit,2022,https://en.wikipedia.org/wiki/Koh-Lanta:_Le_Totem_Maudit,Colin Mottas,,25,,10th Voted Out 1st Jury Member Day 23,11,0.434783,,10th Voted Out 1st Jury Member Day 23,CONSEIL,INDETERMINE,INDETERMINE,Source: https://en.wikipedia.org/wiki/Koh-Lanta:_Le_Totem_Maudit,False,True,False,11,,False,,False,False,11.0,STANDARD,1,False,11,2026-07-21T03:43:47.549398,colin mottas,KL25::colin mottas,,,,,,,,,,,0.0,Le profil documente une profession numérique sans pratique sportive intensive ou musculature qualifiante. Le score proposé est donc 0.,https://kohlanta.fandom.com/fr/wiki/Koh-Lanta_%3A_Le_Totem_Maudit | Le profil documente une profession numérique sans pratique sportive intensive ou musculature qualifiante.,True,True,25.0,https://kohlanta.fandom.com/fr/wiki/Koh-Lanta_%3A_Le_Totem_Maudit,EXTERNAL_RESEARCH_VALIDATED,MALE,Le tableau de saison identifie Colin Mottas comme candidat(e) de genre MALE.,HIGH,EXTERNAL_RESEARCH_VALIDATED,Digital manager,Colin Mottas — profession : Digital manager.,HIGH,EXTERNAL_RESEARCH_VALIDATED,False,"age_raw, gender_raw, profession_raw",MANUAL_FINAL,USER_VALIDATED,True,EXTERNAL_RESEARCH_COMPLETE,"Recherche fondée sur le tableau de saison et, lorsque disponible, le portrait individuel. Les performances réalisées pendant l’émission ne sont pas utilisées comme preuve physique.",COMPLETE_PROFILE_NO_QUALIFYING_INDICATOR,HIGH,,,1,1,MANUAL_USER_VALIDATION
KL25,Koh-Lanta : Le Totem Maudit,2022,https://en.wikipedia.org/wiki/Koh-Lanta:_Le_Totem_Maudit,Pauline Pourchaire,,24,,Eliminated 2nd Jury Member Day 25,12,0.478261,,Eliminated 2nd Jury Member Day 25,INDETERMINE,INDETERMINE,INDETERMINE,Source: https://en.wikipedia.org/wiki/Koh-Lanta:_Le_Totem_Maudit,True,True,False,12,,False,,False,False,12.0,STANDARD,1,False,12,2026-07-21T03:43:47.549398,pauline pourchaire,KL25::pauline pourchaire,,,,,,,,,,,0.0,Le profil documente une profession de communication sans indicateur sportif ou musculaire qualifiant. Le score proposé est donc 0.,https://kohlanta.fandom.com/fr/wiki/Koh-Lanta_%3A_Le_Totem_Maudit | Le profil documente une profession de communication sans indicateur sportif ou musculaire qualifiant.,True,True,24.0,https://kohlanta.fandom.com/fr/wiki/Koh-Lanta_%3A_Le_Totem_Maudit,EXTERNAL_RESEARCH_VALIDATED,FEMALE,Le tableau de saison identifie Pauline Pourchaire comme candidat(e) de genre FEMALE.,HIGH,EXTERNAL_RESEARCH_VALIDATED,Responsable de communication,Pauline Pourchaire — profession : Responsable de communication.,HIGH,EXTERNAL_RESEARCH_VALIDATED,False,"age_raw, gender_raw, profession_raw",MANUAL_FINAL,USER_VALIDATED,True,EXTERNAL_RESEARCH_COMPLETE,"Recherche fondée sur le tableau de saison et, lorsque disponible, le portrait individuel. Les performances réalisées pendant l’émission ne sont pas utilisées comme preuve physique.",COMPLETE_PROFILE_NO_QUALIFYING_INDICATOR,HIGH,,,0,0,MANUAL_USER_VALIDATION
KL25,Koh-Lanta : Le Totem Maudit,2022,https://en.wikipedia.org/wiki/Koh-Lanta:_Le_Totem_Maudit,Yannick Zachée,,34,,11th Voted Out 3rd Jury Member Day 25,13,0.521739,,11th Voted Out 3rd Jury Member Day 25,CONSEIL,INDETERMINE,INDETERMINE,Source: https://en.wikipedia.org/wiki/Koh-Lanta:_Le_Totem_Maudit,False,True,False,13,,False,,False,False,13.0,STANDARD,1,False,13,2026-07-21T03:43:47.549398,yannick zachée,KL25::yannick zachée,,,,,,,,,,,1.0,Basketteur : activité sportive pratiquée comme profession ou activité principale. Cet élément satisfait le critère positif.,https://kohlanta.fandom.com/fr/wiki/Koh-Lanta_%3A_Le_Totem_Maudit | Basketteur : activité sportive pratiquée comme profession ou activité principale.,True,True,34.0,https://kohlanta.fandom.com/fr/wiki/Koh-Lanta_%3A_Le_Totem_Maudit,EXTERNAL_RESEARCH_VALIDATED,MALE,Le tableau de saison identifie Yannick Zachée comme candidat(e) de genre MALE.,HIGH,EXTERNAL_RESEARCH_VALIDATED,Basketteur,Yannick Zachée — profession : Basketteur.,HIGH,EXTERNAL_RESEARCH_VALIDATED,False,"age_raw, gender_raw, profession_raw",MANUAL_FINAL,USER_VALIDATED,True,EXTERNAL_RESEARCH_COMPLETE,"Recherche fondée sur le tableau de saison et, lorsque disponible, le portrait individuel. Les performances réalisées pendant l’émission ne sont pas utilisées comme preuve physique.",,HIGH,DIRECT_PHYSICAL_PROFESSION,,1,1,MANUAL_USER_VALIDATION
KL25,Koh-Lanta : Le Totem Maudit,2022,https://en.wikipedia.org/wiki/Koh-Lanta:_Le_Totem_Maudit,Anne-Sophie Mounier,,34,,12th Voted Out 4th Jury Member Day 28,14,0.565217,,12th Voted Out 4th Jury Member Day 28,CONSEIL,INDETERMINE,INDETERMINE,Source: https://en.wikipedia.org/wiki/Koh-Lanta:_Le_Totem_Maudit,False,True,False,14,,False,,False,False,14.0,STANDARD,1,False,14,2026-07-21T03:43:47.549398,anne-sophie mounier,KL25::anne-sophie mounier,,,,,,,,,,,1.0,Coach sportive : profession directement liée à l’entraînement physique. Cet élément satisfait le critère positif.,https://kohlanta.fandom.com/fr/wiki/Koh-Lanta_%3A_Le_Totem_Maudit | Coach sportive : profession directement liée à l’entraînement physique.,True,True,34.0,https://kohlanta.fandom.com/fr/wiki/Koh-Lanta_%3A_Le_Totem_Maudit,EXTERNAL_RESEARCH_VALIDATED,FEMALE,Le tableau de saison identifie Anne-Sophie Mounier comme candidat(e) de genre FEMALE.,HIGH,EXTERNAL_RESEARCH_VALIDATED,Coach sportive,Anne-Sophie Mounier — profession : Coach sportive.,HIGH,EXTERNAL_RESEARCH_VALIDATED,False,"age_raw, gender_raw, profession_raw",MANUAL_FINAL,USER_VALIDATED,True,EXTERNAL_RESEARCH_COMPLETE,"Recherche fondée sur le tableau de saison et, lorsque disponible, le portrait individuel. Les performances réalisées pendant l’émission ne sont pas utilisées comme preuve physique.",,HIGH,DIRECT_PHYSICAL_PROFESSION,,1,1,MANUAL_USER_VALIDATION
KL25,Koh-Lanta : Le Totem Maudit,2022,https://en.wikipedia.org/wiki/Koh-Lanta:_Le_Totem_Maudit,Maxime Tournoux,,33,,13th Voted Out 5th Jury Member Day 31,15,0.608696,,13th Voted Out 5th Jury Member Day 31,CONSEIL,INDETERMINE,INDETERMINE,Source: https://en.wikipedia.org/wiki/Koh-Lanta:_Le_Totem_Maudit,False,True,False,15,,False,,False,False,15.0,STANDARD,1,False,15,2026-07-21T03:43:47.549398,maxime tournoux,KL25::maxime tournoux,,,,,,,,,,,0.0,Le profil documente une profession financière sans sport intensif ou musculature qualifiante. Le score proposé est donc 0.,https://kohlanta.fandom.com/fr/wiki/Koh-Lanta_%3A_Le_Totem_Maudit | Le profil documente une profession financière sans sport intensif ou musculature qualifiante.,True,True,33.0,https://kohlanta.fandom.com/fr/wiki/Koh-Lanta_%3A_Le_Totem_Maudit,EXTERNAL_RESEARCH_VALIDATED,MALE,Le tableau de saison identifie Maxime Tournoux comme candidat(e) de genre MALE.,HIGH,EXTERNAL_RESEARCH_VALIDATED,Gérant de portefeuille,Maxime Tournoux — profession : Gérant de portefeuille.,HIGH,EXTERNAL_RESEARCH_VALIDATED,False,"age_raw, gender_raw, profession_raw",MANUAL_FINAL,USER_VALIDATED,True,EXTERNAL_RESEARCH_COMPLETE,"Recherche fondée sur le tableau de saison et, lorsque disponible, le portrait individuel. Les performances réalisées pendant l’émission ne sont pas utilisées comme preuve physique.",COMPLETE_PROFILE_NO_QUALIFYING_INDICATOR,HIGH,,,1,1,MANUAL_USER_VALIDATION
KL25,Koh-Lanta : Le Totem Maudit,2022,https://en.wikipedia.org/wiki/Koh-Lanta:_Le_Totem_Maudit,Louana Roy,,28,,Eliminated 6th Jury Member Day 31,16,0.652174,,Eliminated 6th Jury Member Day 31,INDETERMINE,INDETERMINE,INDETERMINE,Source: https://en.wikipedia.org/wiki/Koh-Lanta:_Le_Totem_Maudit,True,True,False,16,,False,,False,False,16.0,STANDARD,1,False,16,2026-07-21T03:43:47.549398,louana roy,KL25::louana roy,,,,,,,,,,,0.0,Le profil documente une profession commerciale sans sport intensif ou musculature qualifiante. Le score proposé est donc 0.,https://kohlanta.fandom.com/fr/wiki/Koh-Lanta_%3A_Le_Totem_Maudit | Le profil documente une profession commerciale sans sport intensif ou musculature qualifiante.,True,True,28.0,https://kohlanta.fandom.com/fr/wiki/Koh-Lanta_%3A_Le_Totem_Maudit,EXTERNAL_RESEARCH_VALIDATED,FEMALE,Le tableau de saison identifie Louana Roy comme candidat(e) de genre FEMALE.,HIGH,EXTERNAL_RESEARCH_VALIDATED,Commerciale en immobilier locatif,Louana Roy — profession : Commerciale en immobilier locatif.,HIGH,EXTERNAL_RESEARCH_VALIDATED,False,"age_raw, gender_raw, profession_raw",MANUAL_FINAL,USER_VALIDATED,True,EXTERNAL_RESEARCH_COMPLETE,"Recherche fondée sur le tableau de saison et, lorsque disponible, le portrait individuel. Les performances réalisées pendant l’émission ne sont pas utilisées comme preuve physique.",COMPLETE_PROFILE_NO_QUALIFYING_INDICATOR,HIGH,,,0,0,MANUAL_USER_VALIDATION
KL25,Koh-Lanta : Le Totem Maudit,2022,https://en.wikipedia.org/wiki/Koh-Lanta:_Le_Totem_Maudit,Fouzi Ould Bouamama,,28,,Eliminated 7th Jury Member Day 33,17,0.695652,,Eliminated 7th Jury Member Day 33,INDETERMINE,INDETERMINE,INDETERMINE,Source: https://en.wikipedia.org/wiki/Koh-Lanta:_Le_Totem_Maudit,True,True,False,17,,False,,False,False,17.0,STANDARD,1,False,17,2026-07-21T03:43:47.549398,fouzi ould bouamama,KL25::fouzi ould bouamama,,,,,,,,,,,0.0,Le profil documente une profession financière sans indicateur sportif ou musculaire qualifiant. Le score proposé est donc 0.,https://kohlanta.fandom.com/fr/wiki/Koh-Lanta_%3A_Le_Totem_Maudit | Le profil documente une profession financière sans indicateur sportif ou musculaire qualifiant.,True,True,28.0,https://kohlanta.fandom.com/fr/wiki/Koh-Lanta_%3A_Le_Totem_Maudit,EXTERNAL_RESEARCH_VALIDATED,MALE,Le tableau de saison identifie Fouzi Ould Bouamama comme candidat(e) de genre MALE.,HIGH,EXTERNAL_RESEARCH_VALIDATED,Directeur financier,Fouzi Ould Bouamama — profession : Directeur financier.,HIGH,EXTERNAL_RESEARCH_VALIDATED,False,"age_raw, gender_raw, profession_raw",MANUAL_FINAL,USER_VALIDATED,True,EXTERNAL_RESEARCH_COMPLETE,"Recherche fondée sur le tableau de saison et, lorsque disponible, le portrait individuel. Les performances réalisées pendant l’émission ne sont pas utilisées comme preuve physique.",COMPLETE_PROFILE_NO_QUALIFYING_INDICATOR,HIGH,,,1,1,MANUAL_USER_VALIDATION
KL25,Koh-Lanta : Le Totem Maudit,2022,https://en.wikipedia.org/wiki/Koh-Lanta:_Le_Totem_Maudit,Nicolas Bellon,,39,,14th Voted Out 8th Jury Member Day 34,18,0.73913,,14th Voted Out 8th Jury Member Day 34,CONSEIL,INDETERMINE,INDETERMINE,Source: https://en.wikipedia.org/wiki/Koh-Lanta:_Le_Totem_Maudit,False,True,False,18,,False,,False,False,18.0,STANDARD,1,False,18,2026-07-21T03:43:47.549398,nicolas bellon,KL25::nicolas bellon,,,,,,,,,,,0.0,Gérer un magasin de sport ne constitue pas en soi une pratique sportive intensive documentée. Le score proposé est donc 0.,https://kohlanta.fandom.com/fr/wiki/Koh-Lanta_%3A_Le_Totem_Maudit | Gérer un magasin de sport ne constitue pas en soi une pratique sportive intensive documentée.,True,True,39.0,https://kohlanta.fandom.com/fr/wiki/Koh-Lanta_%3A_Le_Totem_Maudit,EXTERNAL_RESEARCH_VALIDATED,MALE,Le tableau de saison identifie Nicolas Bellon comme candidat(e) de genre MALE.,HIGH,EXTERNAL_RESEARCH_VALIDATED,Gérant d’un magasin de sport,Nicolas Bellon — profession : Gérant d’un magasin de sport.,HIGH,EXTERNAL_RESEARCH_VALIDATED,False,"age_raw, gender_raw, profession_raw",MANUAL_FINAL,USER_VALIDATED,True,EXTERNAL_RESEARCH_COMPLETE,"Recherche fondée sur le tableau de saison et, lorsque disponible, le portrait individuel. Les performances réalisées pendant l’émission ne sont pas utilisées comme preuve physique.",NO_QUALIFYING_PHYSICAL_INDICATOR,HIGH,,,1,1,MANUAL_USER_VALIDATION
KL25,Koh-Lanta : Le Totem Maudit,2022,https://en.wikipedia.org/wiki/Koh-Lanta:_Le_Totem_Maudit,Olga Khokhlova,,35,,15th Voted Out 9th Jury Member Day 37,19,0.782609,,15th Voted Out 9th Jury Member Day 37,CONSEIL,INDETERMINE,INDETERMINE,Source: https://en.wikipedia.org/wiki/Koh-Lanta:_Le_Totem_Maudit,False,True,False,19,,False,,False,False,19.0,STANDARD,1,False,19,2026-07-21T03:43:47.549398,olga khokhlova,KL25::olga khokhlova,,,,,,,,,,,1.0,"Danseuse acrobate : profession directement physique exigeant entraînement, force et coordination. Cet élément satisfait le critère positif.","https://kohlanta.fandom.com/fr/wiki/Koh-Lanta_%3A_Le_Totem_Maudit | Danseuse acrobate : profession directement physique exigeant entraînement, force et coordination.",True,True,35.0,https://kohlanta.fandom.com/fr/wiki/Koh-Lanta_%3A_Le_Totem_Maudit,EXTERNAL_RESEARCH_VALIDATED,FEMALE,Le tableau de saison identifie Olga Khokhlova comme candidat(e) de genre FEMALE.,HIGH,EXTERNAL_RESEARCH_VALIDATED,Danseuse acrobate,Olga Khokhlova — profession : Danseuse acrobate.,HIGH,EXTERNAL_RESEARCH_VALIDATED,False,"age_raw, gender_raw, profession_raw",MANUAL_FINAL,USER_VALIDATED,True,EXTERNAL_RESEARCH_COMPLETE,"Recherche fondée sur le tableau de saison et, lorsque disponible, le portrait individuel. Les performances réalisées pendant l’émission ne sont pas utilisées comme preuve physique.",,HIGH,DIRECT_PHYSICAL_PROFESSION,,0,0,MANUAL_USER_VALIDATION
KL25,Koh-Lanta : Le Totem Maudit,2022,https://en.wikipedia.org/wiki/Koh-Lanta:_Le_Totem_Maudit,Ambre Daudet,,27,,Eliminated 10th Jury Member Day 38,20,0.826087,,Eliminated 10th Jury Member Day 38,INDETERMINE,INDETERMINE,INDETERMINE,Source: https://en.wikipedia.org/wiki/Koh-Lanta:_Le_Totem_Maudit,True,True,False,20,,False,,False,False,20.0,STANDARD,1,False,20,2026-07-21T03:43:47.549398,ambre daudet,KL25::ambre daudet,,,,,,,,,,,0.0,"La gestion de formations sportives est une fonction administrative liée au sport, sans preuve d’une pratique physique personnelle intensive. Le score proposé est donc 0.","https://kohlanta.fandom.com/fr/wiki/Koh-Lanta_%3A_Le_Totem_Maudit | La gestion de formations sportives est une fonction administrative liée au sport, sans preuve d’une pratique physique personnelle intensive.",True,True,27.0,https://kohlanta.fandom.com/fr/wiki/Koh-Lanta_%3A_Le_Totem_Maudit,EXTERNAL_RESEARCH_VALIDATED,FEMALE,Le tableau de saison identifie Ambre Daudet comme candidat(e) de genre FEMALE.,HIGH,EXTERNAL_RESEARCH_VALIDATED,Gestionnaire de formations sportives,Ambre Daudet — profession : Gestionnaire de formations sportives.,HIGH,EXTERNAL_RESEARCH_VALIDATED,False,"age_raw, gender_raw, profession_raw",MANUAL_FINAL,USER_VALIDATED,True,EXTERNAL_RESEARCH_COMPLETE,"Recherche fondée sur le tableau de saison et, lorsque disponible, le portrait individuel. Les performances réalisées pendant l’émission ne sont pas utilisées comme preuve physique.",SPORT_ADJACENT_NOT_PHYSICAL,HIGH,,,0,0,MANUAL_USER_VALIDATION
KL25,Koh-Lanta : Le Totem Maudit,2022,https://en.wikipedia.org/wiki/Koh-Lanta:_Le_Totem_Maudit,Jean-Charles Chatelus,,40,,16th Voted Out 11th Jury Member Day 39,21,0.869565,,16th Voted Out 11th Jury Member Day 39,CONSEIL,INDETERMINE,INDETERMINE,Source: https://en.wikipedia.org/wiki/Koh-Lanta:_Le_Totem_Maudit,False,True,False,21,,False,,False,False,21.0,STANDARD,1,False,21,2026-07-21T03:43:47.549398,jean-charles chatelus,KL25::jean-charles chatelus,,,,,,,,,,,0.0,"Réaudit strict : le score antérieur reposait principalement sur un métier manuel, actif ou une preuve sportive trop vague. Aucune preuve suffisante de sport intensif, compétitif, d’entraînement soutenu ou de musculature athlétique.",https://kohlanta.fandom.com/fr/wiki/Koh-Lanta_%3A_Le_Totem_Maudit | Fustier : métier artisanal de construction en bois directement manuel et physique.,True,True,40.0,https://kohlanta.fandom.com/fr/wiki/Koh-Lanta_%3A_Le_Totem_Maudit,EXTERNAL_RESEARCH_VALIDATED,MALE,Le tableau de saison identifie Jean-Charles Chatelus comme candidat(e) de genre MALE.,HIGH,EXTERNAL_RESEARCH_VALIDATED,Fustier,Jean-Charles Chatelus — profession : Fustier.,HIGH,EXTERNAL_RESEARCH_VALIDATED,False,"age_raw, gender_raw, profession_raw",MANUAL_FINAL,USER_VALIDATED,True,EXTERNAL_RESEARCH_COMPLETE,"Recherche fondée sur le tableau de saison et, lorsque disponible, le portrait individuel. Les performances réalisées pendant l’émission ne sont pas utilisées comme preuve physique.",STRICT_REAUDIT_NO_SUFFICIENT_ATHLETIC_EVIDENCE,HIGH,,,0,0,MANUAL_USER_VALIDATION
KL25,Koh-Lanta : Le Totem Maudit,2022,https://en.wikipedia.org/wiki/Koh-Lanta:_Le_Totem_Maudit,Géraldine Nicolle,,47,,Runner-Up Day 39,22,0.913043,,Runner-Up Day 39,FINALISTE,FIN_DE_JEU,AUTRE_SORTIE,Source: https://en.wikipedia.org/wiki/Koh-Lanta:_Le_Totem_Maudit,False,True,False,22,,False,,False,False,22.0,STANDARD,1,False,22,2026-07-21T03:43:47.549398,géraldine nicolle,KL25::géraldine nicolle,,,,,,,,,,,0.0,"Le tableau de saison documente une activité immobilière sans sport intensif, musculature ou profession directement physique. Le score proposé est donc 0.","https://kohlanta.fandom.com/fr/wiki/Koh-Lanta_%3A_Le_Totem_Maudit | Le tableau de saison documente une activité immobilière sans sport intensif, musculature ou profession directement physique.",True,True,47.0,https://kohlanta.fandom.com/fr/wiki/Koh-Lanta_%3A_Le_Totem_Maudit,EXTERNAL_RESEARCH_VALIDATED,FEMALE,Le tableau de saison présente Géraldine Nicolle dans la distribution des candidats.,HIGH,EXTERNAL_RESEARCH_VALIDATED,Marchande de biens,Géraldine Nicolle — profession : Marchande de biens.,HIGH,EXTERNAL_RESEARCH_VALIDATED,False,"age_raw, gender_raw, profession_raw",MANUAL_FINAL,USER_VALIDATED,True,EXTERNAL_RESEARCH_COMPLETE,Recherche fondée sur les tableaux de saison et les portraits individuels disponibles. Les performances réalisées pendant l’émission ne sont pas utilisées comme preuve physique.,COMPLETE_PROFILE_NO_QUALIFYING_INDICATOR,HIGH,,,0,0,MANUAL_USER_VALIDATION
KL25,Koh-Lanta : Le Totem Maudit,2022,https://en.wikipedia.org/wiki/Koh-Lanta:_Le_Totem_Maudit,Bastien San Pedro,,32,,Dual Survivors Day 39,23,0.956522,,Dual Survivors Day 39,CO_VAINQUEUR,FIN_DE_JEU,AUTRE_SORTIE,Source: https://en.wikipedia.org/wiki/Koh-Lanta:_Le_Totem_Maudit,False,True,False,23,,False,,False,False,23.0,STANDARD,0,True,23,2026-07-21T03:43:47.549398,bastien san pedro,KL25::bastien san pedro,,,,,,,,,,,0.0,"Réaudit strict : le score antérieur reposait principalement sur un métier manuel, actif ou une preuve sportive trop vague. Aucune preuve suffisante de sport intensif, compétitif, d’entraînement soutenu ou de musculature athlétique.","https://kohlanta.fandom.com/fr/wiki/Koh-Lanta_%3A_Le_Totem_Maudit | Cordiste et passionné d’escalade ; son métier implique travail en hauteur, force, endurance et maîtrise corporelle.",True,True,32.0,https://kohlanta.fandom.com/fr/wiki/Koh-Lanta_%3A_Le_Totem_Maudit,EXTERNAL_RESEARCH_VALIDATED,MALE,Le tableau de saison présente Bastien San Pedro dans la distribution des candidats.,HIGH,EXTERNAL_RESEARCH_VALIDATED,Cordiste,Bastien San Pedro — profession : Cordiste.,HIGH,EXTERNAL_RESEARCH_VALIDATED,False,"age_raw, gender_raw, profession_raw",MANUAL_FINAL,USER_VALIDATED,True,EXTERNAL_RESEARCH_COMPLETE,Recherche fondée sur les tableaux de saison et les portraits individuels disponibles. Les performances réalisées pendant l’émission ne sont pas utilisées comme preuve physique.,STRICT_REAUDIT_NO_SUFFICIENT_ATHLETIC_EVIDENCE,HIGH,,,0,0,MANUAL_USER_VALIDATION
KL25,Koh-Lanta : Le Totem Maudit,2022,https://en.wikipedia.org/wiki/Koh-Lanta:_Le_Totem_Maudit,François Descamp,,38,,Cadlao,24,1.0,,Cadlao,CO_VAINQUEUR,FIN_DE_JEU,AUTRE_SORTIE,Source: https://en.wikipedia.org/wiki/Koh-Lanta:_Le_Totem_Maudit,False,True,False,24,,False,,False,False,24.0,STANDARD,0,True,24,2026-07-21T03:43:47.549398,françois descamp,KL25::françois descamp,,,,,,,,,,,1.0,Pompier : profession opérationnelle directement physique selon la méthodologie. Cet élément satisfait le critère positif.,https://kohlanta.fandom.com/fr/wiki/Koh-Lanta_%3A_Le_Totem_Maudit | Pompier : profession opérationnelle directement physique selon la méthodologie.,True,True,38.0,https://kohlanta.fandom.com/fr/wiki/Koh-Lanta_%3A_Le_Totem_Maudit,EXTERNAL_RESEARCH_VALIDATED,MALE,Le tableau de saison présente François Descamp dans la distribution des candidats.,HIGH,EXTERNAL_RESEARCH_VALIDATED,Pompier,François Descamp — profession : Pompier.,HIGH,EXTERNAL_RESEARCH_VALIDATED,False,"age_raw, gender_raw, profession_raw",MANUAL_FINAL,USER_VALIDATED,True,EXTERNAL_RESEARCH_COMPLETE,Recherche fondée sur les tableaux de saison et les portraits individuels disponibles. Les performances réalisées pendant l’émission ne sont pas utilisées comme preuve physique.,,HIGH,DIRECT_PHYSICAL_PROFESSION,,1,1,MANUAL_USER_VALIDATION
KL32,Koh-Lanta : Les 4 Terres,2020,https://fr.wikipedia.org/wiki/Koh-Lanta_:_Les_4_Terres,François,,47 ans,,"Abandon médical [ 17 ] [source secondaire souhaitée] , [ 18 ] [source secondaire souhaitée] , [ 19 ] [source secondaire souhaitée] , [ 20 ]",1,0.0,,"Abandon médical [ 17 ] [source secondaire souhaitée] , [ 18 ] [source secondaire souhaitée] , [ 19 ] [source secondaire souhaitée] , [ 20 ]",ABANDON_MEDICAL,INDETERMINE,AUTRE_SORTIE,Source: https://fr.wikipedia.org/wiki/Koh-Lanta_:_Les_4_Terres,False,True,False,1,,False,,False,False,1.0,STANDARD,1,False,1,2026-07-21T03:43:47.155586,françois,KL32::françois,,,,,,,,,,,0.0,Le tableau de saison documente une activité commerciale dans les matériaux sans preuve d’une pratique sportive intensive ou d’un travail physique direct. Le score proposé est donc 0.,"https://kohlanta.fandom.com/fr/wiki/Koh-Lanta_%3A_Les_4_Terres | Le tableau de saison documente une activité commerciale dans les matériaux sans preuve d’une pratique sportive intensive ou d’un travail physique direct. || https://kohlanta.fandom.com/fr/wiki/Koh-Lanta_%3A_Les_4_Terres | Tableau de saison : 47 ans, profession Négociant en matériaux.",True,True,47.0,https://kohlanta.fandom.com/fr/wiki/Koh-Lanta_%3A_Les_4_Terres,EXTERNAL_RESEARCH_VALIDATED,MALE,Le profil de François présente le candidat dans la catégorie MALE.,HIGH,EXTERNAL_RESEARCH_VALIDATED,Négociant en matériaux,François — profession : Négociant en matériaux.,HIGH,EXTERNAL_RESEARCH_VALIDATED,False,"age_raw, gender_raw, profession_raw",MANUAL_FINAL,USER_VALIDATED,True,EXTERNAL_RESEARCH_COMPLETE,Recherche fondée sur les tableaux de saison et les profils individuels disponibles. Les performances réalisées pendant l’émission ne sont pas utilisées comme preuve physique.,COMPLETE_PROFILE_NO_QUALIFYING_INDICATOR,HIGH,,,0,0,MANUAL_USER_VALIDATION
KL32,Koh-Lanta : Les 4 Terres,2020,https://fr.wikipedia.org/wiki/Koh-Lanta_:_Les_4_Terres,Carole,,52 ans,,"Éliminée [ 21 ] [source secondaire souhaitée] , [ 22 ] [source secondaire souhaitée] , [ 23 ] [source secondaire souhaitée] , [ 20 ]",2,0.043478,,"Éliminée [ 21 ] [source secondaire souhaitée] , [ 22 ] [source secondaire souhaitée] , [ 23 ] [source secondaire souhaitée] , [ 20 ]",INDETERMINE,INDETERMINE,INDETERMINE,Source: https://fr.wikipedia.org/wiki/Koh-Lanta_:_Les_4_Terres,True,True,False,2,,False,,False,False,2.0,STANDARD,1,False,2,2026-07-21T03:43:47.155586,carole,KL32::carole,,,,,,,,,,,0.0,"Le profil disponible ne documente aucun sport intensif, aucune musculature ni profession physique directe. Le score proposé est donc 0.","https://kohlanta.fandom.com/fr/wiki/Koh-Lanta_%3A_Les_4_Terres | Le profil disponible ne documente aucun sport intensif, aucune musculature ni profession physique directe. || https://kohlanta.fandom.com/fr/wiki/Koh-Lanta_%3A_Les_4_Terres | Tableau de saison : 52 ans, profession En recherche d’emploi.",True,True,52.0,https://kohlanta.fandom.com/fr/wiki/Koh-Lanta_%3A_Les_4_Terres,EXTERNAL_RESEARCH_VALIDATED,FEMALE,Le profil de Carole présente le candidat dans la catégorie FEMALE.,HIGH,EXTERNAL_RESEARCH_VALIDATED,En recherche d’emploi,Carole — profession : En recherche d’emploi.,HIGH,EXTERNAL_RESEARCH_VALIDATED,False,"age_raw, gender_raw, profession_raw",MANUAL_FINAL,USER_VALIDATED,True,EXTERNAL_RESEARCH_COMPLETE,Recherche fondée sur les tableaux de saison et les profils individuels disponibles. Les performances réalisées pendant l’émission ne sont pas utilisées comme preuve physique.,COMPLETE_PROFILE_NO_QUALIFYING_INDICATOR,HIGH,,,0,0,MANUAL_USER_VALIDATION
KL32,Koh-Lanta : Les 4 Terres,2020,https://fr.wikipedia.org/wiki/Koh-Lanta_:_Les_4_Terres,Samuel,,39 ans,,"Abandon médical [ 24 ] [source secondaire souhaitée] , [ 25 ] [source secondaire souhaitée] , [ 26 ] [source secondaire souhaitée]",3,0.086957,,"Abandon médical [ 24 ] [source secondaire souhaitée] , [ 25 ] [source secondaire souhaitée] , [ 26 ] [source secondaire souhaitée]",ABANDON_MEDICAL,INDETERMINE,AUTRE_SORTIE,Source: https://fr.wikipedia.org/wiki/Koh-Lanta_:_Les_4_Terres,False,True,False,3,,False,,False,False,3.0,STANDARD,1,False,3,2026-07-21T03:43:47.155586,samuel,KL32::samuel,,,,,,,,,,,0.0,Le coaching mental n’est pas une profession physique et aucune pratique sportive intensive n’est documentée. Le score proposé est donc 0.,"https://kohlanta.fandom.com/fr/wiki/Koh-Lanta_%3A_Les_4_Terres | Le coaching mental n’est pas une profession physique et aucune pratique sportive intensive n’est documentée. || https://kohlanta.fandom.com/fr/wiki/Koh-Lanta_%3A_Les_4_Terres | Tableau de saison : 39 ans, profession Coach mental.",True,True,39.0,https://kohlanta.fandom.com/fr/wiki/Koh-Lanta_%3A_Les_4_Terres,EXTERNAL_RESEARCH_VALIDATED,MALE,Le profil de Samuel présente le candidat dans la catégorie MALE.,HIGH,EXTERNAL_RESEARCH_VALIDATED,Coach mental,Samuel — profession : Coach mental.,HIGH,EXTERNAL_RESEARCH_VALIDATED,False,"age_raw, gender_raw, profession_raw",MANUAL_FINAL,USER_VALIDATED,True,EXTERNAL_RESEARCH_COMPLETE,Recherche fondée sur les tableaux de saison et les profils individuels disponibles. Les performances réalisées pendant l’émission ne sont pas utilisées comme preuve physique.,COMPLETE_PROFILE_NO_QUALIFYING_INDICATOR,HIGH,,,0,0,MANUAL_USER_VALIDATION
KL32,Koh-Lanta : Les 4 Terres,2020,https://fr.wikipedia.org/wiki/Koh-Lanta_:_Les_4_Terres,Diane,,25 ans,,"Éliminée [ 27 ] [source secondaire souhaitée] , [ 28 ] [source secondaire souhaitée] , [ 29 ] [source secondaire souhaitée] , [ 30 ]",4,0.130435,,"Éliminée [ 27 ] [source secondaire souhaitée] , [ 28 ] [source secondaire souhaitée] , [ 29 ] [source secondaire souhaitée] , [ 30 ]",INDETERMINE,INDETERMINE,INDETERMINE,Source: https://fr.wikipedia.org/wiki/Koh-Lanta_:_Les_4_Terres,True,True,False,4,,False,,False,False,4.0,STANDARD,1,False,4,2026-07-21T03:43:47.155586,diane,KL32::diane,,,,,,,,,,,0.0,Profession commerciale sans indicateur sportif ou musculaire qualifiant documenté. Le score proposé est donc 0.,"https://kohlanta.fandom.com/fr/wiki/Koh-Lanta_%3A_Les_4_Terres | Profession commerciale sans indicateur sportif ou musculaire qualifiant documenté. || https://kohlanta.fandom.com/fr/wiki/Koh-Lanta_%3A_Les_4_Terres | Tableau de saison : 25 ans, profession Agente immobilière.",True,True,25.0,https://kohlanta.fandom.com/fr/wiki/Koh-Lanta_%3A_Les_4_Terres,EXTERNAL_RESEARCH_VALIDATED,FEMALE,Le profil de Diane présente le candidat dans la catégorie FEMALE.,HIGH,EXTERNAL_RESEARCH_VALIDATED,Agente immobilière,Diane — profession : Agente immobilière.,HIGH,EXTERNAL_RESEARCH_VALIDATED,False,"age_raw, gender_raw, profession_raw",MANUAL_FINAL,USER_VALIDATED,True,EXTERNAL_RESEARCH_COMPLETE,Recherche fondée sur les tableaux de saison et les profils individuels disponibles. Les performances réalisées pendant l’émission ne sont pas utilisées comme preuve physique.,COMPLETE_PROFILE_NO_QUALIFYING_INDICATOR,HIGH,,,0,0,MANUAL_USER_VALIDATION
KL32,Koh-Lanta : Les 4 Terres,2020,https://fr.wikipedia.org/wiki/Koh-Lanta_:_Les_4_Terres,Estelle,,47 ans,,"Éliminée [ 31 ] [source secondaire souhaitée] , [ 32 ] [source secondaire souhaitée] , [ 33 ] [source secondaire souhaitée] , [ 30 ]",5,0.173913,,"Éliminée [ 31 ] [source secondaire souhaitée] , [ 32 ] [source secondaire souhaitée] , [ 33 ] [source secondaire souhaitée] , [ 30 ]",INDETERMINE,INDETERMINE,INDETERMINE,Source: https://fr.wikipedia.org/wiki/Koh-Lanta_:_Les_4_Terres,True,True,False,5,,False,,False,False,5.0,STANDARD,1,False,5,2026-07-21T03:43:47.155586,estelle,KL32::estelle,,,,,,,,,,,0.0,Profession d’accompagnement sans indicateur sportif ou physique qualifiant documenté. Le score proposé est donc 0.,"https://kohlanta.fandom.com/fr/wiki/Koh-Lanta_%3A_Les_4_Terres | Profession d’accompagnement sans indicateur sportif ou physique qualifiant documenté. || https://kohlanta.fandom.com/fr/wiki/Koh-Lanta_%3A_Les_4_Terres | Tableau de saison : 47 ans, profession Conseillère en insertion professionnelle.",True,True,47.0,https://kohlanta.fandom.com/fr/wiki/Koh-Lanta_%3A_Les_4_Terres,EXTERNAL_RESEARCH_VALIDATED,FEMALE,Le profil de Estelle présente le candidat dans la catégorie FEMALE.,HIGH,EXTERNAL_RESEARCH_VALIDATED,Conseillère en insertion professionnelle,Estelle — profession : Conseillère en insertion professionnelle.,HIGH,EXTERNAL_RESEARCH_VALIDATED,False,"age_raw, gender_raw, profession_raw",MANUAL_FINAL,USER_VALIDATED,True,EXTERNAL_RESEARCH_COMPLETE,Recherche fondée sur les tableaux de saison et les profils individuels disponibles. Les performances réalisées pendant l’émission ne sont pas utilisées comme preuve physique.,COMPLETE_PROFILE_NO_QUALIFYING_INDICATOR,HIGH,,,0,0,MANUAL_USER_VALIDATION
KL32,Koh-Lanta : Les 4 Terres,2020,https://fr.wikipedia.org/wiki/Koh-Lanta_:_Les_4_Terres,Mathieu,,31 ans,,"Éliminé [ 34 ] [source secondaire souhaitée] , [ 35 ] [source secondaire souhaitée] , [ 36 ] [source secondaire souhaitée] , [ 37 ] [source secondaire souhaitée]",6,0.217391,,"Éliminé [ 34 ] [source secondaire souhaitée] , [ 35 ] [source secondaire souhaitée] , [ 36 ] [source secondaire souhaitée] , [ 37 ] [source secondaire souhaitée]",INDETERMINE,INDETERMINE,INDETERMINE,Source: https://fr.wikipedia.org/wiki/Koh-Lanta_:_Les_4_Terres,True,True,False,6,,False,,False,False,6.0,STANDARD,1,False,6,2026-07-21T03:43:47.155586,mathieu,KL32::mathieu,,,,,,,,,,,1.0,Coureur professionnel : activité sportive exercée à niveau professionnel. Cet élément satisfait le critère positif.,"https://kohlanta.fandom.com/fr/wiki/Koh-Lanta_%3A_Les_4_Terres | Coureur professionnel : activité sportive exercée à niveau professionnel. || https://kohlanta.fandom.com/fr/wiki/Koh-Lanta_%3A_Les_4_Terres | Tableau de saison : 31 ans, profession Coureur professionnel.",True,True,31.0,https://kohlanta.fandom.com/fr/wiki/Koh-Lanta_%3A_Les_4_Terres,EXTERNAL_RESEARCH_VALIDATED,MALE,Le profil de Mathieu présente le candidat dans la catégorie MALE.,HIGH,EXTERNAL_RESEARCH_VALIDATED,Coureur professionnel,Mathieu — profession : Coureur professionnel.,HIGH,EXTERNAL_RESEARCH_VALIDATED,False,"age_raw, gender_raw, profession_raw",MANUAL_FINAL,USER_VALIDATED,True,EXTERNAL_RESEARCH_COMPLETE,Recherche fondée sur les tableaux de saison et les profils individuels disponibles. Les performances réalisées pendant l’émission ne sont pas utilisées comme preuve physique.,,HIGH,ELITE_COMPETITIVE_SPORT,,1,1,MANUAL_USER_VALIDATION
KL32,Koh-Lanta : Les 4 Terres,2020,https://fr.wikipedia.org/wiki/Koh-Lanta_:_Les_4_Terres,Adrien,,30 ans,,"Éliminé [ 38 ] [source secondaire souhaitée] , [ 39 ] [source secondaire souhaitée] , [ 40 ] [source secondaire souhaitée] , [ 41 ]",7,0.26087,,"Éliminé [ 38 ] [source secondaire souhaitée] , [ 39 ] [source secondaire souhaitée] , [ 40 ] [source secondaire souhaitée] , [ 41 ]",INDETERMINE,INDETERMINE,INDETERMINE,Source: https://fr.wikipedia.org/wiki/Koh-Lanta_:_Les_4_Terres,True,True,False,7,,False,,False,False,7.0,STANDARD,1,False,7,2026-07-21T03:43:47.155586,adrien,KL32::adrien,,,,,,,,,,,0.0,Profession d’ingénieur sans activité sportive intensive ou musculature qualifiante documentée. Le score proposé est donc 0.,"https://kohlanta.fandom.com/fr/wiki/Koh-Lanta_%3A_Les_4_Terres | Profession d’ingénieur sans activité sportive intensive ou musculature qualifiante documentée. || https://kohlanta.fandom.com/fr/wiki/Koh-Lanta_%3A_Les_4_Terres | Tableau de saison : 30 ans, profession Ingénieur ferroviaire.",True,True,30.0,https://kohlanta.fandom.com/fr/wiki/Koh-Lanta_%3A_Les_4_Terres,EXTERNAL_RESEARCH_VALIDATED,MALE,Le profil de Adrien présente le candidat dans la catégorie MALE.,HIGH,EXTERNAL_RESEARCH_VALIDATED,Ingénieur ferroviaire,Adrien — profession : Ingénieur ferroviaire.,HIGH,EXTERNAL_RESEARCH_VALIDATED,False,"age_raw, gender_raw, profession_raw",MANUAL_FINAL,USER_VALIDATED,True,EXTERNAL_RESEARCH_COMPLETE,Recherche fondée sur les tableaux de saison et les profils individuels disponibles. Les performances réalisées pendant l’émission ne sont pas utilisées comme preuve physique.,COMPLETE_PROFILE_NO_QUALIFYING_INDICATOR,HIGH,,,0,0,MANUAL_USER_VALIDATION
KL32,Koh-Lanta : Les 4 Terres,2020,https://fr.wikipedia.org/wiki/Koh-Lanta_:_Les_4_Terres,Aubin,,23 ans,,"Éliminé [ 42 ] [source secondaire souhaitée] , [ 43 ] [source secondaire souhaitée] , [ 44 ] [source secondaire souhaitée] , [ 45 ] [source secondaire souhaitée]",8,0.304348,,"Éliminé [ 42 ] [source secondaire souhaitée] , [ 43 ] [source secondaire souhaitée] , [ 44 ] [source secondaire souhaitée] , [ 45 ] [source secondaire souhaitée]",INDETERMINE,INDETERMINE,INDETERMINE,Source: https://fr.wikipedia.org/wiki/Koh-Lanta_:_Les_4_Terres,True,True,False,8,,False,,False,False,8.0,STANDARD,1,False,8,2026-07-21T03:43:47.155586,aubin,KL32::aubin,,,,,,,,,,,0.0,Profession commerciale sans sport intensif ou musculature qualifiante documenté. Le score proposé est donc 0.,"https://kohlanta.fandom.com/fr/wiki/Koh-Lanta_%3A_Les_4_Terres | Profession commerciale sans sport intensif ou musculature qualifiante documenté. || https://kohlanta.fandom.com/fr/wiki/Koh-Lanta_%3A_Les_4_Terres | Tableau de saison : 23 ans, profession Agent immobilier.",True,True,23.0,https://kohlanta.fandom.com/fr/wiki/Koh-Lanta_%3A_Les_4_Terres,EXTERNAL_RESEARCH_VALIDATED,MALE,Le profil de Aubin présente le candidat dans la catégorie MALE.,HIGH,EXTERNAL_RESEARCH_VALIDATED,Agent immobilier,Aubin — profession : Agent immobilier.,HIGH,EXTERNAL_RESEARCH_VALIDATED,False,"age_raw, gender_raw, profession_raw",MANUAL_FINAL,USER_VALIDATED,True,EXTERNAL_RESEARCH_COMPLETE,Recherche fondée sur les tableaux de saison et les profils individuels disponibles. Les performances réalisées pendant l’émission ne sont pas utilisées comme preuve physique.,COMPLETE_PROFILE_NO_QUALIFYING_INDICATOR,HIGH,,,0,0,MANUAL_USER_VALIDATION
KL32,Koh-Lanta : Les 4 Terres,2020,https://fr.wikipedia.org/wiki/Koh-Lanta_:_Les_4_Terres,Sébastien,,37 ans,,"Éliminé [ 46 ] [source secondaire souhaitée] , [ 47 ] [source secondaire souhaitée] , [ 48 ] [source secondaire souhaitée] , [ 49 ] [source secondaire souhaitée]",9,0.347826,,"Éliminé [ 46 ] [source secondaire souhaitée] , [ 47 ] [source secondaire souhaitée] , [ 48 ] [source secondaire souhaitée] , [ 49 ] [source secondaire souhaitée]",INDETERMINE,INDETERMINE,INDETERMINE,Source: https://fr.wikipedia.org/wiki/Koh-Lanta_:_Les_4_Terres,True,True,False,9,,False,,False,False,9.0,STANDARD,1,False,9,2026-07-21T03:43:47.155586,sébastien,KL32::sébastien,,,,,,,,,,,0.0,"Aucune preuve suffisamment concrète de sport intensif, compétitif ou de profil athlétique.",https://www.programme-tv.net/biographie/466954-sebastien-koh-lanta-les-4-terres/,True,True,37.0,https://kohlanta.fandom.com/fr/wiki/Koh-Lanta_%3A_Les_4_Terres,EXTERNAL_RESEARCH_VALIDATED,MALE,Le tableau de saison présente Sébastien dans la distribution des candidats.,HIGH,EXTERNAL_RESEARCH_VALIDATED,Agent municipal,Sébastien — profession : Agent municipal.,HIGH,EXTERNAL_RESEARCH_VALIDATED,False,"age_raw, gender_raw, profession_raw",MANUAL_FINAL,USER_VALIDATED,True,EXTERNAL_RESEARCH_PARTIAL,Batch final de rattrapage. Les âges et professions déjà validés localement ont été conservés ; les entrées corrompues KL02/KL07/KL08 ont été remplacées par les valeurs des tableaux de saison. Les performances réalisées pendant l’émission ne sont pas utilisées comme preuve physique.,STRICT_MANUAL_NO_SUFFICIENT_POSITIVE_EVIDENCE,HIGH,,,0,0,MANUAL_USER_VALIDATION
KL32,Koh-Lanta : Les 4 Terres,2020,https://fr.wikipedia.org/wiki/Koh-Lanta_:_Les_4_Terres,Marie-France,,49 ans,,"Éliminée [ 50 ] [source secondaire souhaitée] , [ 51 ] [source secondaire souhaitée] , [ 52 ] [source secondaire souhaitée]",10,0.391304,,"Éliminée [ 50 ] [source secondaire souhaitée] , [ 51 ] [source secondaire souhaitée] , [ 52 ] [source secondaire souhaitée]",INDETERMINE,INDETERMINE,INDETERMINE,Source: https://fr.wikipedia.org/wiki/Koh-Lanta_:_Les_4_Terres,True,True,False,10,,False,,False,False,10.0,STANDARD,1,False,10,2026-07-21T03:43:47.155586,marie-france,KL32::marie-france,,,,,,,,,,,0.0,"Réaudit strict : le score antérieur reposait principalement sur un métier manuel, actif ou une preuve sportive trop vague. Aucune preuve suffisante de sport intensif, compétitif, d’entraînement soutenu ou de musculature athlétique.","https://kohlanta.fandom.com/fr/wiki/Koh-Lanta_%3A_Les_4_Terres | Bouchère : métier manuel impliquant station debout, manutention et gestes physiques répétés. || https://kohlanta.fandom.com/fr/wiki/Koh-Lanta_%3A_Les_4_Terres | Tableau de saison : 49 ans, profession Bouchère.",True,True,49.0,https://kohlanta.fandom.com/fr/wiki/Koh-Lanta_%3A_Les_4_Terres,EXTERNAL_RESEARCH_VALIDATED,FEMALE,Le profil de Marie-France présente le candidat dans la catégorie FEMALE.,HIGH,EXTERNAL_RESEARCH_VALIDATED,Bouchère,Marie-France — profession : Bouchère.,HIGH,EXTERNAL_RESEARCH_VALIDATED,False,"age_raw, gender_raw, profession_raw",MANUAL_FINAL,USER_VALIDATED,True,EXTERNAL_RESEARCH_COMPLETE,Recherche fondée sur les tableaux de saison et les profils individuels disponibles. Les performances réalisées pendant l’émission ne sont pas utilisées comme preuve physique.,STRICT_REAUDIT_NO_SUFFICIENT_ATHLETIC_EVIDENCE,HIGH,,,0,0,MANUAL_USER_VALIDATION
KL32,Koh-Lanta : Les 4 Terres,2020,https://fr.wikipedia.org/wiki/Koh-Lanta_:_Les_4_Terres,Hadja,,28 ans,,"Éliminée [ 53 ] [source secondaire souhaitée] , [ 54 ] [source secondaire souhaitée] , [ 55 ] [source secondaire souhaitée] , [ 56 ] [source secondaire souhaitée]",11,0.434783,,"Éliminée [ 53 ] [source secondaire souhaitée] , [ 54 ] [source secondaire souhaitée] , [ 55 ] [source secondaire souhaitée] , [ 56 ] [source secondaire souhaitée]",INDETERMINE,INDETERMINE,INDETERMINE,Source: https://fr.wikipedia.org/wiki/Koh-Lanta_:_Les_4_Terres,True,True,False,11,,False,,False,False,11.0,STANDARD,1,False,11,2026-07-21T03:43:47.155586,hadja,KL32::hadja,,,,,,,,,,,1.0,Handballeuse : pratique sportive indiquée comme activité principale. Cet élément satisfait le critère positif.,"https://kohlanta.fandom.com/fr/wiki/Koh-Lanta_%3A_Les_4_Terres | Handballeuse : pratique sportive indiquée comme activité principale. || https://kohlanta.fandom.com/fr/wiki/Koh-Lanta_%3A_Les_4_Terres | Tableau de saison : 28 ans, profession Handballeuse.",True,True,28.0,https://kohlanta.fandom.com/fr/wiki/Koh-Lanta_%3A_Les_4_Terres,EXTERNAL_RESEARCH_VALIDATED,FEMALE,Le profil de Hadja présente le candidat dans la catégorie FEMALE.,HIGH,EXTERNAL_RESEARCH_VALIDATED,Handballeuse,Hadja — profession : Handballeuse.,HIGH,EXTERNAL_RESEARCH_VALIDATED,False,"age_raw, gender_raw, profession_raw",MANUAL_FINAL,USER_VALIDATED,True,EXTERNAL_RESEARCH_COMPLETE,Recherche fondée sur les tableaux de saison et les profils individuels disponibles. Les performances réalisées pendant l’émission ne sont pas utilisées comme preuve physique.,,HIGH,DIRECT_PHYSICAL_PROFESSION,,1,1,MANUAL_USER_VALIDATION
KL32,Koh-Lanta : Les 4 Terres,2020,https://fr.wikipedia.org/wiki/Koh-Lanta_:_Les_4_Terres,Bertrand-Kamal († décédé avant la finale),,30 ans,,"Éliminé [ 57 ] , [ 58 ] , [ 59 ] , [ 60 ]",12,0.478261,,"Éliminé [ 57 ] , [ 58 ] , [ 59 ] , [ 60 ]",INDETERMINE,INDETERMINE,INDETERMINE,Source: https://fr.wikipedia.org/wiki/Koh-Lanta_:_Les_4_Terres,True,True,False,12,,False,,False,False,12.0,STANDARD,1,False,12,2026-07-21T03:43:47.155586,bertrand-kamal († décédé avant la finale),KL32::bertrand-kamal († décédé avant la finale),,,,,,,,,,,1.0,Il a travaillé comme animateur sportif et pratiquait également la danse. Cet élément satisfait le critère positif.,"https://kohlanta.fandom.com/fr/wiki/Bertrand-Kamal_Loudrhiri | Il a travaillé comme animateur sportif et pratiquait également la danse. || https://kohlanta.fandom.com/fr/wiki/Koh-Lanta_%3A_Les_4_Terres | Tableau de saison : 30 ans, profession Animateur.",True,True,30.0,https://kohlanta.fandom.com/fr/wiki/Koh-Lanta_%3A_Les_4_Terres,EXTERNAL_RESEARCH_VALIDATED,MALE,Le profil de Bertrand-Kamal († décédé avant la finale) présente le candidat dans la catégorie MALE.,HIGH,EXTERNAL_RESEARCH_VALIDATED,Animateur,Bertrand-Kamal († décédé avant la finale) — profession : Animateur.,HIGH,EXTERNAL_RESEARCH_VALIDATED,False,"age_raw, gender_raw, profession_raw",MANUAL_FINAL,USER_VALIDATED,True,EXTERNAL_RESEARCH_COMPLETE,Recherche fondée sur les tableaux de saison et les profils individuels disponibles. Les performances réalisées pendant l’émission ne sont pas utilisées comme preuve physique.,,HIGH,DIRECT_PHYSICAL_PROFESSION,,1,1,MANUAL_USER_VALIDATION
KL32,Koh-Lanta : Les 4 Terres,2020,https://fr.wikipedia.org/wiki/Koh-Lanta_:_Les_4_Terres,Joaquina,,38 ans,,"Éliminée [ 61 ] [source secondaire souhaitée] , [ 62 ] [source secondaire souhaitée] , [ 63 ] [source secondaire souhaitée] , [ 64 ]",13,0.521739,,"Éliminée [ 61 ] [source secondaire souhaitée] , [ 62 ] [source secondaire souhaitée] , [ 63 ] [source secondaire souhaitée] , [ 64 ]",INDETERMINE,INDETERMINE,INDETERMINE,Source: https://fr.wikipedia.org/wiki/Koh-Lanta_:_Les_4_Terres,True,True,False,13,,False,,False,False,13.0,STANDARD,1,False,13,2026-07-21T03:43:47.155586,joaquina,KL32::joaquina,,,,,,,,,,,0.0,"Réaudit strict : le score antérieur reposait principalement sur un métier manuel, actif ou une preuve sportive trop vague. Aucune preuve suffisante de sport intensif, compétitif, d’entraînement soutenu ou de musculature athlétique.","https://kohlanta.fandom.com/fr/wiki/Koh-Lanta_%3A_Les_4_Terres | Boulangère : métier artisanal impliquant préparation, manutention et station debout prolongée. || https://kohlanta.fandom.com/fr/wiki/Koh-Lanta_%3A_Les_4_Terres | Tableau de saison : 38 ans, profession Boulangère.",True,True,38.0,https://kohlanta.fandom.com/fr/wiki/Koh-Lanta_%3A_Les_4_Terres,EXTERNAL_RESEARCH_VALIDATED,FEMALE,Le profil de Joaquina présente le candidat dans la catégorie FEMALE.,HIGH,EXTERNAL_RESEARCH_VALIDATED,Boulangère,Joaquina — profession : Boulangère.,HIGH,EXTERNAL_RESEARCH_VALIDATED,False,"age_raw, gender_raw, profession_raw",MANUAL_FINAL,USER_VALIDATED,True,EXTERNAL_RESEARCH_COMPLETE,Recherche fondée sur les tableaux de saison et les profils individuels disponibles. Les performances réalisées pendant l’émission ne sont pas utilisées comme preuve physique.,STRICT_REAUDIT_NO_SUFFICIENT_ATHLETIC_EVIDENCE,HIGH,,,0,0,MANUAL_USER_VALIDATION
KL32,Koh-Lanta : Les 4 Terres,2020,https://fr.wikipedia.org/wiki/Koh-Lanta_:_Les_4_Terres,Jody,,32 ans,,"Éliminée [ 65 ] [source secondaire souhaitée] , [ 66 ] [source secondaire souhaitée] , [ 67 ] [source secondaire souhaitée] , [ 68 ] [source secondaire souhaitée]",14,0.565217,,"Éliminée [ 65 ] [source secondaire souhaitée] , [ 66 ] [source secondaire souhaitée] , [ 67 ] [source secondaire souhaitée] , [ 68 ] [source secondaire souhaitée]",INDETERMINE,INDETERMINE,INDETERMINE,Source: https://fr.wikipedia.org/wiki/Koh-Lanta_:_Les_4_Terres,True,True,False,14,,False,,False,False,14.0,STANDARD,1,False,14,2026-07-21T03:43:47.155586,jody,KL32::jody,,,,,,,,,,,0.0,"Réaudit strict : le score antérieur reposait principalement sur un métier manuel, actif ou une preuve sportive trop vague. Aucune preuve suffisante de sport intensif, compétitif, d’entraînement soutenu ou de musculature athlétique.","https://kohlanta.fandom.com/fr/wiki/Koh-Lanta_%3A_Les_4_Terres | Ostréicultrice : métier manuel de terrain directement physique. || https://kohlanta.fandom.com/fr/wiki/Koh-Lanta_%3A_Les_4_Terres | Tableau de saison : 32 ans, profession Ostréicultrice.",True,True,32.0,https://kohlanta.fandom.com/fr/wiki/Koh-Lanta_%3A_Les_4_Terres,EXTERNAL_RESEARCH_VALIDATED,FEMALE,Le profil de Jody présente le candidat dans la catégorie FEMALE.,HIGH,EXTERNAL_RESEARCH_VALIDATED,Ostréicultrice,Jody — profession : Ostréicultrice.,HIGH,EXTERNAL_RESEARCH_VALIDATED,False,"age_raw, gender_raw, profession_raw",MANUAL_FINAL,USER_VALIDATED,True,EXTERNAL_RESEARCH_COMPLETE,Recherche fondée sur les tableaux de saison et les profils individuels disponibles. Les performances réalisées pendant l’émission ne sont pas utilisées comme preuve physique.,STRICT_REAUDIT_NO_SUFFICIENT_ATHLETIC_EVIDENCE,HIGH,,,0,0,MANUAL_USER_VALIDATION
KL32,Koh-Lanta : Les 4 Terres,2020,https://fr.wikipedia.org/wiki/Koh-Lanta_:_Les_4_Terres,Laurent,,48 ans,,"Éliminé [ 69 ] [source secondaire souhaitée] , [ 70 ] [source secondaire souhaitée] , [ 71 ] [source secondaire souhaitée] , [ 72 ] [source secondaire souhaitée]",15,0.608696,,"Éliminé [ 69 ] [source secondaire souhaitée] , [ 70 ] [source secondaire souhaitée] , [ 71 ] [source secondaire souhaitée] , [ 72 ] [source secondaire souhaitée]",INDETERMINE,INDETERMINE,INDETERMINE,Source: https://fr.wikipedia.org/wiki/Koh-Lanta_:_Les_4_Terres,True,True,False,15,,False,,False,False,15.0,STANDARD,1,False,15,2026-07-21T03:43:47.155586,laurent,KL32::laurent,,,,,,,,,,,0.0,"Profession d’enseignement sans sport intensif, musculature ou activité physique directe documentée. Le score proposé est donc 0.","https://kohlanta.fandom.com/fr/wiki/Koh-Lanta_%3A_Les_4_Terres | Profession d’enseignement sans sport intensif, musculature ou activité physique directe documentée. || https://kohlanta.fandom.com/fr/wiki/Koh-Lanta_%3A_Les_4_Terres | Tableau de saison : 48 ans, profession Professeur d’histoire-géographie.",True,True,48.0,https://kohlanta.fandom.com/fr/wiki/Koh-Lanta_%3A_Les_4_Terres,EXTERNAL_RESEARCH_VALIDATED,MALE,Le profil de Laurent présente le candidat dans la catégorie MALE.,HIGH,EXTERNAL_RESEARCH_VALIDATED,Professeur d’histoire-géographie,Laurent — profession : Professeur d’histoire-géographie.,HIGH,EXTERNAL_RESEARCH_VALIDATED,False,"age_raw, gender_raw, profession_raw",MANUAL_FINAL,USER_VALIDATED,True,EXTERNAL_RESEARCH_COMPLETE,Recherche fondée sur les tableaux de saison et les profils individuels disponibles. Les performances réalisées pendant l’émission ne sont pas utilisées comme preuve physique.,COMPLETE_PROFILE_NO_QUALIFYING_INDICATOR,HIGH,,,0,0,MANUAL_USER_VALIDATION
KL32,Koh-Lanta : Les 4 Terres,2020,https://fr.wikipedia.org/wiki/Koh-Lanta_:_Les_4_Terres,Alix,,28 ans,,"Éliminée [ 73 ] [source secondaire souhaitée] , [ 74 ] [source secondaire souhaitée] , [ 75 ] [source secondaire souhaitée] , [ 76 ] [source secondaire souhaitée]",16,0.652174,,"Éliminée [ 73 ] [source secondaire souhaitée] , [ 74 ] [source secondaire souhaitée] , [ 75 ] [source secondaire souhaitée] , [ 76 ] [source secondaire souhaitée]",INDETERMINE,INDETERMINE,INDETERMINE,Source: https://fr.wikipedia.org/wiki/Koh-Lanta_:_Les_4_Terres,True,True,False,16,,False,,False,False,16.0,STANDARD,1,False,16,2026-07-21T03:43:47.155586,alix,KL32::alix,,,,,,,,,,,1.0,Coach sportive et pompier volontaire : deux activités directement physiques. Cet élément satisfait le critère positif.,"https://kohlanta.fandom.com/fr/wiki/Vuro | Coach sportive et pompier volontaire : deux activités directement physiques. || https://kohlanta.fandom.com/fr/wiki/Koh-Lanta_%3A_Les_4_Terres | Tableau de saison : 28 ans, profession Coach sportive.",True,True,28.0,https://kohlanta.fandom.com/fr/wiki/Koh-Lanta_%3A_Les_4_Terres,EXTERNAL_RESEARCH_VALIDATED,FEMALE,Le profil de Alix présente le candidat dans la catégorie FEMALE.,HIGH,EXTERNAL_RESEARCH_VALIDATED,Coach sportive,Alix — profession : Coach sportive.,HIGH,EXTERNAL_RESEARCH_VALIDATED,False,"age_raw, gender_raw, profession_raw",MANUAL_FINAL,USER_VALIDATED,True,EXTERNAL_RESEARCH_COMPLETE,Recherche fondée sur les tableaux de saison et les profils individuels disponibles. Les performances réalisées pendant l’émission ne sont pas utilisées comme preuve physique.,,HIGH,MULTIPLE_QUALIFYING_INDICATORS,,1,1,MANUAL_USER_VALIDATION
KL32,Koh-Lanta : Les 4 Terres,2020,https://fr.wikipedia.org/wiki/Koh-Lanta_:_Les_4_Terres,Fabrice,,54 ans,,"Éliminé [ 77 ] [source secondaire souhaitée] , [ 78 ] [source secondaire souhaitée] , [ 79 ] [source secondaire souhaitée] , [ 80 ] [source secondaire souhaitée]",17,0.695652,,"Éliminé [ 77 ] [source secondaire souhaitée] , [ 78 ] [source secondaire souhaitée] , [ 79 ] [source secondaire souhaitée] , [ 80 ] [source secondaire souhaitée]",INDETERMINE,INDETERMINE,INDETERMINE,Source: https://fr.wikipedia.org/wiki/Koh-Lanta_:_Les_4_Terres,True,True,False,17,,False,,False,False,17.0,STANDARD,1,False,17,2026-07-21T03:43:47.155586,fabrice,KL32::fabrice,,,,,,,,,,,0.0,"Réaudit strict : le score antérieur reposait principalement sur un métier manuel, actif ou une preuve sportive trop vague. Aucune preuve suffisante de sport intensif, compétitif, d’entraînement soutenu ou de musculature athlétique.","https://kohlanta.fandom.com/fr/wiki/Koh-Lanta_%3A_Les_4_Terres | Garagiste : métier manuel impliquant interventions mécaniques et efforts physiques réguliers. || https://kohlanta.fandom.com/fr/wiki/Koh-Lanta_%3A_Les_4_Terres | Tableau de saison : 54 ans, profession Garagiste.",True,True,54.0,https://kohlanta.fandom.com/fr/wiki/Koh-Lanta_%3A_Les_4_Terres,EXTERNAL_RESEARCH_VALIDATED,MALE,Le profil de Fabrice présente le candidat dans la catégorie MALE.,HIGH,EXTERNAL_RESEARCH_VALIDATED,Garagiste,Fabrice — profession : Garagiste.,HIGH,EXTERNAL_RESEARCH_VALIDATED,False,"age_raw, gender_raw, profession_raw",MANUAL_FINAL,USER_VALIDATED,True,EXTERNAL_RESEARCH_COMPLETE,Recherche fondée sur les tableaux de saison et les profils individuels disponibles. Les performances réalisées pendant l’émission ne sont pas utilisées comme preuve physique.,STRICT_REAUDIT_NO_SUFFICIENT_ATHLETIC_EVIDENCE,HIGH,,,0,0,MANUAL_USER_VALIDATION
KL32,Koh-Lanta : Les 4 Terres,2020,https://fr.wikipedia.org/wiki/Koh-Lanta_:_Les_4_Terres,Ava,,26 ans,,"Éliminée [ 81 ] [source secondaire souhaitée] , [ 82 ] [source secondaire souhaitée] , [ 83 ] [source secondaire souhaitée] , [ 84 ] [source secondaire souhaitée]",18,0.73913,,"Éliminée [ 81 ] [source secondaire souhaitée] , [ 82 ] [source secondaire souhaitée] , [ 83 ] [source secondaire souhaitée] , [ 84 ] [source secondaire souhaitée]",INDETERMINE,INDETERMINE,INDETERMINE,Source: https://fr.wikipedia.org/wiki/Koh-Lanta_:_Les_4_Terres,True,True,False,18,,False,,False,False,18.0,STANDARD,1,False,18,2026-07-21T03:43:47.155586,ava,KL32::ava,,,,,,,,,,,0.0,La propriété et gestion d’un fast-food ne démontrent pas à elles seules une activité physique supérieure à la moyenne. Le score proposé est donc 0.,"https://kohlanta.fandom.com/fr/wiki/Koh-Lanta_%3A_Les_4_Terres | La propriété et gestion d’un fast-food ne démontrent pas à elles seules une activité physique supérieure à la moyenne. || https://kohlanta.fandom.com/fr/wiki/Koh-Lanta_%3A_Les_4_Terres | Tableau de saison : 26 ans, profession Propriétaire d’un fast-food.",True,True,26.0,https://kohlanta.fandom.com/fr/wiki/Koh-Lanta_%3A_Les_4_Terres,EXTERNAL_RESEARCH_VALIDATED,FEMALE,Le profil de Ava présente le candidat dans la catégorie FEMALE.,HIGH,EXTERNAL_RESEARCH_VALIDATED,Propriétaire d’un fast-food,Ava — profession : Propriétaire d’un fast-food.,HIGH,EXTERNAL_RESEARCH_VALIDATED,False,"age_raw, gender_raw, profession_raw",MANUAL_FINAL,USER_VALIDATED,True,EXTERNAL_RESEARCH_COMPLETE,Recherche fondée sur les tableaux de saison et les profils individuels disponibles. Les performances réalisées pendant l’émission ne sont pas utilisées comme preuve physique.,NO_QUALIFYING_PHYSICAL_INDICATOR,HIGH,,,0,0,MANUAL_USER_VALIDATION
KL32,Koh-Lanta : Les 4 Terres,2020,https://fr.wikipedia.org/wiki/Koh-Lanta_:_Les_4_Terres,Angélique,,26 ans,,"Éliminée [ 85 ] [source secondaire souhaitée] , [ 86 ] [source secondaire souhaitée] , [ 87 ] [source secondaire souhaitée] , [ 88 ] [source secondaire souhaitée]",19,0.782609,,"Éliminée [ 85 ] [source secondaire souhaitée] , [ 86 ] [source secondaire souhaitée] , [ 87 ] [source secondaire souhaitée] , [ 88 ] [source secondaire souhaitée]",INDETERMINE,INDETERMINE,INDETERMINE,Source: https://fr.wikipedia.org/wiki/Koh-Lanta_:_Les_4_Terres,True,True,False,19,,False,,False,False,19.0,STANDARD,1,False,19,2026-07-21T03:43:47.155586,angélique,KL32::angélique,,,,,,,,,,,0.0,"Le métier de serveuse implique de l’activité, mais la méthodologie exige un indicateur physique plus fort ou explicitement sportif. Le score proposé est donc 0.","https://kohlanta.fandom.com/fr/wiki/Koh-Lanta_%3A_Les_4_Terres | Le métier de serveuse implique de l’activité, mais la méthodologie exige un indicateur physique plus fort ou explicitement sportif. || https://kohlanta.fandom.com/fr/wiki/Koh-Lanta_%3A_Les_4_Terres | Tableau de saison : 26 ans, profession Serveuse.",True,True,26.0,https://kohlanta.fandom.com/fr/wiki/Koh-Lanta_%3A_Les_4_Terres,EXTERNAL_RESEARCH_VALIDATED,FEMALE,Le profil de Angélique présente le candidat dans la catégorie FEMALE.,HIGH,EXTERNAL_RESEARCH_VALIDATED,Serveuse,Angélique — profession : Serveuse.,HIGH,EXTERNAL_RESEARCH_VALIDATED,False,"age_raw, gender_raw, profession_raw",MANUAL_FINAL,USER_VALIDATED,True,EXTERNAL_RESEARCH_COMPLETE,Recherche fondée sur les tableaux de saison et les profils individuels disponibles. Les performances réalisées pendant l’émission ne sont pas utilisées comme preuve physique.,NO_QUALIFYING_PHYSICAL_INDICATOR,HIGH,,,0,0,MANUAL_USER_VALIDATION
KL32,Koh-Lanta : Les 4 Terres,2020,https://fr.wikipedia.org/wiki/Koh-Lanta_:_Les_4_Terres,Dorian,,30 ans,,"Éliminé [ 89 ] [source secondaire souhaitée] , [ 90 ] [source secondaire souhaitée] , [ 91 ] [source secondaire souhaitée] , [ 92 ] [source secondaire souhaitée]",20,0.826087,,"Éliminé [ 89 ] [source secondaire souhaitée] , [ 90 ] [source secondaire souhaitée] , [ 91 ] [source secondaire souhaitée] , [ 92 ] [source secondaire souhaitée]",INDETERMINE,INDETERMINE,INDETERMINE,Source: https://fr.wikipedia.org/wiki/Koh-Lanta_:_Les_4_Terres,True,True,False,20,,False,,False,False,20.0,STANDARD,1,False,20,2026-07-21T03:43:47.155586,dorian,KL32::dorian,,,,,,,,,,,1.0,"Athlète de haut niveau et champion de France du 3 000 m steeple, avec entraînement intensif et pratique compétitive.",MANUAL_RESEARCH_DORIAN_3000M_STEEPLE,True,True,30.0,https://kohlanta.fandom.com/fr/wiki/Koh-Lanta_%3A_Les_4_Terres,EXTERNAL_RESEARCH_VALIDATED,MALE,Le profil de Dorian présente le candidat dans la catégorie MALE.,HIGH,EXTERNAL_RESEARCH_VALIDATED,Contrôleur de train,Dorian — profession : Contrôleur de train.,HIGH,EXTERNAL_RESEARCH_VALIDATED,False,"age_raw, gender_raw, profession_raw",MANUAL_FINAL,USER_VALIDATED,True,EXTERNAL_RESEARCH_COMPLETE,Recherche fondée sur les tableaux de saison et les profils individuels disponibles. Les performances réalisées pendant l’émission ne sont pas utilisées comme preuve physique.,,HIGH,STRICT_MANUAL_VALIDATED_POSITIVE,,1,1,MANUAL_USER_VALIDATION
KL32,Koh-Lanta : Les 4 Terres,2020,https://fr.wikipedia.org/wiki/Koh-Lanta_:_Les_4_Terres,Lola,,23 ans,,"Éliminée [ 93 ] [source secondaire souhaitée] , [ 94 ] [source secondaire souhaitée] , [ 95 ] [source secondaire souhaitée] , [ 96 ] [source secondaire souhaitée]",21,0.869565,,"Éliminée [ 93 ] [source secondaire souhaitée] , [ 94 ] [source secondaire souhaitée] , [ 95 ] [source secondaire souhaitée] , [ 96 ] [source secondaire souhaitée]",INDETERMINE,INDETERMINE,INDETERMINE,Source: https://fr.wikipedia.org/wiki/Koh-Lanta_:_Les_4_Terres,True,True,False,21,,False,,False,False,21.0,STANDARD,1,False,21,2026-07-21T03:43:47.155586,lola,KL32::lola,,,,,,,,,,,0.0,"Le profil disponible ne documente aucun sport intensif, aucune musculature ni profession physique directe. Le score proposé est donc 0.","https://kohlanta.fandom.com/fr/wiki/Koh-Lanta_%3A_Les_4_Terres | Le profil disponible ne documente aucun sport intensif, aucune musculature ni profession physique directe. || https://kohlanta.fandom.com/fr/wiki/Koh-Lanta_%3A_Les_4_Terres | Tableau de saison : 23 ans, profession Étudiante en marketing.",True,True,23.0,https://kohlanta.fandom.com/fr/wiki/Koh-Lanta_%3A_Les_4_Terres,EXTERNAL_RESEARCH_VALIDATED,FEMALE,Le profil de Lola présente le candidat dans la catégorie FEMALE.,HIGH,EXTERNAL_RESEARCH_VALIDATED,Étudiante en marketing,Lola — profession : Étudiante en marketing.,HIGH,EXTERNAL_RESEARCH_VALIDATED,False,"age_raw, gender_raw, profession_raw",MANUAL_FINAL,USER_VALIDATED,True,EXTERNAL_RESEARCH_COMPLETE,Recherche fondée sur les tableaux de saison et les profils individuels disponibles. Les performances réalisées pendant l’émission ne sont pas utilisées comme preuve physique.,COMPLETE_PROFILE_NO_QUALIFYING_INDICATOR,HIGH,,,0,0,MANUAL_USER_VALIDATION
KL32,Koh-Lanta : Les 4 Terres,2020,https://fr.wikipedia.org/wiki/Koh-Lanta_:_Les_4_Terres,Loïc,,20 ans,,"Éliminé [ 97 ] [source secondaire souhaitée] , [ 98 ] [source secondaire souhaitée] , [ 99 ] [source secondaire souhaitée] , [ 100 ] [source secondaire souhaitée]",22,0.913043,,"Éliminé [ 97 ] [source secondaire souhaitée] , [ 98 ] [source secondaire souhaitée] , [ 99 ] [source secondaire souhaitée] , [ 100 ] [source secondaire souhaitée]",INDETERMINE,INDETERMINE,INDETERMINE,Source: https://fr.wikipedia.org/wiki/Koh-Lanta_:_Les_4_Terres,True,True,False,22,,False,,False,False,22.0,STANDARD,1,False,22,2026-07-21T03:43:47.155586,loïc,KL32::loïc,,,,,,,,,,,1.0,Passion et pratique documentées des sports extrêmes avant Koh-Lanta.,https://www.gala.fr/stars_et_gotha/loic_koh-lanta_les_4_terres,True,True,20.0,https://kohlanta.fandom.com/fr/wiki/Koh-Lanta_%3A_Les_4_Terres,EXTERNAL_RESEARCH_VALIDATED,MALE,Le tableau de saison présente Loïc dans la distribution des candidats.,HIGH,EXTERNAL_RESEARCH_VALIDATED,Intérimaire,Loïc — profession : Intérimaire.,HIGH,EXTERNAL_RESEARCH_VALIDATED,False,"age_raw, gender_raw, profession_raw",MANUAL_FINAL,USER_VALIDATED,True,EXTERNAL_RESEARCH_PARTIAL,Batch final de rattrapage. Les âges et professions déjà validés localement ont été conservés ; les entrées corrompues KL02/KL07/KL08 ont été remplacées par les valeurs des tableaux de saison. Les performances réalisées pendant l’émission ne sont pas utilisées comme preuve physique.,,HIGH,STRICT_MANUAL_VALIDATED_POSITIVE,,1,1,MANUAL_USER_VALIDATION
KL32,Koh-Lanta : Les 4 Terres,2020,https://fr.wikipedia.org/wiki/Koh-Lanta_:_Les_4_Terres,Brice,,22 ans,,"Finaliste [ 101 ] [source secondaire souhaitée] , [ 102 ] [source secondaire souhaitée] , [ 103 ] [source secondaire souhaitée]",23,0.956522,,"Finaliste [ 101 ] [source secondaire souhaitée] , [ 102 ] [source secondaire souhaitée] , [ 103 ] [source secondaire souhaitée]",FINALISTE,FIN_DE_JEU,AUTRE_SORTIE,Source: https://fr.wikipedia.org/wiki/Koh-Lanta_:_Les_4_Terres,False,True,False,23,,False,,False,False,23.0,STANDARD,1,False,23,2026-07-21T03:43:47.155586,brice,KL32::brice,,,,,,,,,,,0.0,"Profession médiatique sans sport intensif, musculature ou activité physique directe documentée. Le score proposé est donc 0.","https://kohlanta.fandom.com/fr/wiki/Koh-Lanta_%3A_Les_4_Terres | Profession médiatique sans sport intensif, musculature ou activité physique directe documentée. || https://kohlanta.fandom.com/fr/wiki/Koh-Lanta_%3A_Les_4_Terres | Tableau de saison : 22 ans, profession Animateur radio.",True,True,22.0,https://kohlanta.fandom.com/fr/wiki/Koh-Lanta_%3A_Les_4_Terres,EXTERNAL_RESEARCH_VALIDATED,MALE,Le profil de Brice présente le candidat dans la catégorie MALE.,HIGH,EXTERNAL_RESEARCH_VALIDATED,Animateur radio,Brice — profession : Animateur radio.,HIGH,EXTERNAL_RESEARCH_VALIDATED,False,"age_raw, gender_raw, profession_raw",MANUAL_FINAL,USER_VALIDATED,True,EXTERNAL_RESEARCH_COMPLETE,Recherche fondée sur les tableaux de saison et les profils individuels disponibles. Les performances réalisées pendant l’émission ne sont pas utilisées comme preuve physique.,COMPLETE_PROFILE_NO_QUALIFYING_INDICATOR,HIGH,,,0,0,MANUAL_USER_VALIDATION
KL32,Koh-Lanta : Les 4 Terres,2020,https://fr.wikipedia.org/wiki/Koh-Lanta_:_Les_4_Terres,Alexandra,,32 ans,,"Vainqueur [ 104 ] [source secondaire souhaitée] , [ 105 ] [source secondaire souhaitée] , [ 106 ] [source secondaire souhaitée] , [ 107 ] [source secondaire souhaitée]",24,1.0,,"Vainqueur [ 104 ] [source secondaire souhaitée] , [ 105 ] [source secondaire souhaitée] , [ 106 ] [source secondaire souhaitée] , [ 107 ] [source secondaire souhaitée]",VAINQUEUR,FIN_DE_JEU,AUTRE_SORTIE,Source: https://fr.wikipedia.org/wiki/Koh-Lanta_:_Les_4_Terres,False,True,False,24,,False,,False,False,24.0,STANDARD,0,True,24,2026-07-21T03:43:47.155586,alexandra,KL32::alexandra,,,,,,,,,,,0.0,"Profession comptable sans sport intensif, musculature ou activité physique directe documentée avant la saison. Le score proposé est donc 0.","https://kohlanta.fandom.com/fr/wiki/Alexandra_Pornet | Profession comptable sans sport intensif, musculature ou activité physique directe documentée avant la saison. || https://kohlanta.fandom.com/fr/wiki/Koh-Lanta_%3A_Les_4_Terres | Tableau de saison : 32 ans, profession Comptable.",True,True,32.0,https://kohlanta.fandom.com/fr/wiki/Koh-Lanta_%3A_Les_4_Terres,EXTERNAL_RESEARCH_VALIDATED,FEMALE,Le profil de Alexandra présente le candidat dans la catégorie FEMALE.,HIGH,EXTERNAL_RESEARCH_VALIDATED,Comptable,Alexandra — profession : Comptable.,HIGH,EXTERNAL_RESEARCH_VALIDATED,False,"age_raw, gender_raw, profession_raw",MANUAL_FINAL,USER_VALIDATED,True,EXTERNAL_RESEARCH_COMPLETE,Recherche fondée sur les tableaux de saison et les profils individuels disponibles. Les performances réalisées pendant l’émission ne sont pas utilisées comme preuve physique.,COMPLETE_PROFILE_NO_QUALIFYING_INDICATOR,HIGH,,,0,0,MANUAL_USER_VALIDATION
KL33,Koh-Lanta : Les Armes secrètes,2021,https://fr.wikipedia.org/wiki/Koh-Lanta_:_Les_Armes_secr%C3%A8tes,Sylviane,F,44 ans,Maître-nageur,"Éliminée [ 17 ] , [ 18 ] , [ 19 ] , [ 20 ]",1,0.0,,"Éliminée [ 17 ] , [ 18 ] , [ 19 ] , [ 20 ]",INDETERMINE,INDETERMINE,AUTRE_SORTIE,"Éliminé(e) sans précision du mécanisme (conseil, ambassadeurs, etc.)",True,True,False,1,,False,,False,False,1.0,STANDARD,1,False,1,2026-07-20T16:48:52.203864+00:00,sylviane,KL33::sylviane,,,,,,,,,,,1.0,Profession physique directe: Maître-nageur,,True,False,44.0,RAW_SEASON_TABLE,VALIDATED,FEMALE,,HIGH,VALIDATED,Maître-nageur,Source: https://fr.wikipedia.org/wiki/Koh-Lanta_:_Les_Armes_secr%C3%A8tes,MEDIUM,VALIDATED,True,"age_raw, gender_raw, profession_raw",MANUAL_FINAL,USER_VALIDATED,False,LOCALLY_COMPLETE,Données locales suffisantes,,HIGH,DIRECT_PHYSICAL_PROFESSION,True,0,0,MANUAL_USER_VALIDATION
KL33,Koh-Lanta : Les Armes secrètes,2021,https://fr.wikipedia.org/wiki/Koh-Lanta_:_Les_Armes_secr%C3%A8tes,Marie,F,25 ans,Étudiante en événementiel,"Éliminée [ 21 ] , [ 22 ] , [ 23 ] , [ 24 ] , [ 25 ]",2,0.05,,"Éliminée [ 21 ] , [ 22 ] , [ 23 ] , [ 24 ] , [ 25 ]",INDETERMINE,INDETERMINE,AUTRE_SORTIE,"Éliminé(e) sans précision du mécanisme (conseil, ambassadeurs, etc.)",True,True,False,2,,False,,False,False,2.0,STANDARD,1,False,2,2026-07-20T16:48:52.203864+00:00,marie,KL33::marie,,,,,,,,,,,0.0,"Profil documenté, aucun indicateur physique qualifiant",,True,False,25.0,RAW_SEASON_TABLE,VALIDATED,FEMALE,,HIGH,VALIDATED,Étudiante en événementiel,Source: https://fr.wikipedia.org/wiki/Koh-Lanta_:_Les_Armes_secr%C3%A8tes,MEDIUM,VALIDATED,True,"age_raw, gender_raw, profession_raw",MANUAL_FINAL,USER_VALIDATED,False,LOCALLY_COMPLETE,Données locales suffisantes,COMPLETE_PROFILE_NO_QUALIFYING_INDICATOR,HIGH,,,0,0,MANUAL_USER_VALIDATION
KL33,Koh-Lanta : Les Armes secrètes,2021,https://fr.wikipedia.org/wiki/Koh-Lanta_:_Les_Armes_secr%C3%A8tes,Élodie,F,35 ans,Coach sportive,"Éliminée [ 26 ] , [ 27 ] , [ 28 ] , [ 29 ] , [ 30 ]",3,0.1,,"Éliminée [ 26 ] , [ 27 ] , [ 28 ] , [ 29 ] , [ 30 ]",INDETERMINE,INDETERMINE,AUTRE_SORTIE,"Éliminé(e) sans précision du mécanisme (conseil, ambassadeurs, etc.)",True,True,False,3,,False,,False,False,3.0,STANDARD,1,False,3,2026-07-20T16:48:52.203864+00:00,élodie,KL33::élodie,,,,,,,,,,,0.0,"Profil documenté, aucun indicateur physique qualifiant",,True,False,35.0,RAW_SEASON_TABLE,VALIDATED,FEMALE,,HIGH,VALIDATED,Coach sportive,Source: https://fr.wikipedia.org/wiki/Koh-Lanta_:_Les_Armes_secr%C3%A8tes,MEDIUM,VALIDATED,True,"age_raw, gender_raw, profession_raw",MANUAL_FINAL,USER_VALIDATED,False,LOCALLY_COMPLETE,Données locales suffisantes,COMPLETE_PROFILE_NO_QUALIFYING_INDICATOR,HIGH,,,0,0,MANUAL_USER_VALIDATION
KL33,Koh-Lanta : Les Armes secrètes,2021,https://fr.wikipedia.org/wiki/Koh-Lanta_:_Les_Armes_secr%C3%A8tes,Candice,F,25 ans,Instructrice de survie,"Éliminée [ 31 ] , [ 32 ] , [ 33 ] , [ 34 ] , [ 35 ]",4,0.15,,"Éliminée [ 31 ] , [ 32 ] , [ 33 ] , [ 34 ] , [ 35 ]",INDETERMINE,INDETERMINE,AUTRE_SORTIE,"Éliminé(e) sans précision du mécanisme (conseil, ambassadeurs, etc.)",True,True,False,4,,False,,False,False,4.0,STANDARD,1,False,4,2026-07-20T16:48:52.203864+00:00,candice,KL33::candice,,,,,,,,,,,0.0,"Profil documenté, aucun indicateur physique qualifiant",,True,False,25.0,RAW_SEASON_TABLE,VALIDATED,FEMALE,,HIGH,VALIDATED,Instructrice de survie,Source: https://fr.wikipedia.org/wiki/Koh-Lanta_:_Les_Armes_secr%C3%A8tes,MEDIUM,VALIDATED,True,"age_raw, gender_raw, profession_raw",MANUAL_FINAL,USER_VALIDATED,False,LOCALLY_COMPLETE,Données locales suffisantes,COMPLETE_PROFILE_NO_QUALIFYING_INDICATOR,HIGH,,,0,0,MANUAL_USER_VALIDATION
KL33,Koh-Lanta : Les Armes secrètes,2021,https://fr.wikipedia.org/wiki/Koh-Lanta_:_Les_Armes_secr%C3%A8tes,Gabin,M,27 ans,Saisonnier,"Abandon médical [ 36 ] , [ 37 ] , [ 38 ] , [ 39 ] , [ 40 ]",5,0.2,,"Abandon médical [ 36 ] , [ 37 ] , [ 38 ] , [ 39 ] , [ 40 ]",ABANDON_MEDICAL,SANTE_ABANDON,AUTRE_SORTIE,Abandon médical explicitement indiqué dans la source,False,True,False,5,,False,,False,False,5.0,STANDARD,1,False,5,2026-07-20T16:48:52.203864+00:00,gabin,KL33::gabin,,,,,,,,,,,0.0,"Profil documenté, aucun indicateur physique qualifiant",,True,False,27.0,RAW_SEASON_TABLE,VALIDATED,MALE,,HIGH,VALIDATED,Saisonnier,Source: https://fr.wikipedia.org/wiki/Koh-Lanta_:_Les_Armes_secr%C3%A8tes,MEDIUM,VALIDATED,True,"age_raw, gender_raw, profession_raw",MANUAL_FINAL,USER_VALIDATED,False,LOCALLY_COMPLETE,Données locales suffisantes,COMPLETE_PROFILE_NO_QUALIFYING_INDICATOR,HIGH,,,1,1,MANUAL_USER_VALIDATION
KL33,Koh-Lanta : Les Armes secrètes,2021,https://fr.wikipedia.org/wiki/Koh-Lanta_:_Les_Armes_secr%C3%A8tes,Aurélien,M,34 ans,Pharmacien,"Éliminé [ 41 ] , [ 42 ] , [ 43 ] , [ 44 ] , [ 45 ]",6,0.25,,"Éliminé [ 41 ] , [ 42 ] , [ 43 ] , [ 44 ] , [ 45 ]",INDETERMINE,INDETERMINE,AUTRE_SORTIE,"Éliminé(e) sans précision du mécanisme (conseil, ambassadeurs, etc.)",True,True,False,6,,False,,False,False,6.0,STANDARD,1,False,6,2026-07-20T16:48:52.203864+00:00,aurélien,KL33::aurélien,,,,,,,,,,,0.0,"Profil documenté, aucun indicateur physique qualifiant",,True,False,34.0,RAW_SEASON_TABLE,VALIDATED,MALE,,HIGH,VALIDATED,Pharmacien,Source: https://fr.wikipedia.org/wiki/Koh-Lanta_:_Les_Armes_secr%C3%A8tes,MEDIUM,VALIDATED,True,"age_raw, gender_raw, profession_raw",MANUAL_FINAL,USER_VALIDATED,False,LOCALLY_COMPLETE,Données locales suffisantes,COMPLETE_PROFILE_NO_QUALIFYING_INDICATOR,HIGH,,,1,1,MANUAL_USER_VALIDATION
KL33,Koh-Lanta : Les Armes secrètes,2021,https://fr.wikipedia.org/wiki/Koh-Lanta_:_Les_Armes_secr%C3%A8tes,Frédéric,M,48 ans,Restaurateur,"Éliminé [ 46 ] , [ 47 ] , [ 48 ] , [ 49 ] , [ 50 ]",7,0.3,,"Éliminé [ 46 ] , [ 47 ] , [ 48 ] , [ 49 ] , [ 50 ]",INDETERMINE,INDETERMINE,AUTRE_SORTIE,"Éliminé(e) sans précision du mécanisme (conseil, ambassadeurs, etc.)",True,True,False,7,,False,,False,False,7.0,STANDARD,1,False,7,2026-07-20T16:48:52.203864+00:00,frédéric,KL33::frédéric,,,,,,,,,,,0.0,"Profil documenté, aucun indicateur physique qualifiant",,True,False,48.0,RAW_SEASON_TABLE,VALIDATED,MALE,,HIGH,VALIDATED,Restaurateur,Source: https://fr.wikipedia.org/wiki/Koh-Lanta_:_Les_Armes_secr%C3%A8tes,MEDIUM,VALIDATED,True,"age_raw, gender_raw, profession_raw",MANUAL_FINAL,USER_VALIDATED,False,LOCALLY_COMPLETE,Données locales suffisantes,COMPLETE_PROFILE_NO_QUALIFYING_INDICATOR,HIGH,,,0,0,MANUAL_USER_VALIDATION
KL33,Koh-Lanta : Les Armes secrètes,2021,https://fr.wikipedia.org/wiki/Koh-Lanta_:_Les_Armes_secr%C3%A8tes,Hervé,M,44 ans,Boulanger,"Éliminé [ 51 ] , [ 52 ] , [ 53 ] , [ 54 ] , [ 55 ]",8,0.35,,"Éliminé [ 51 ] , [ 52 ] , [ 53 ] , [ 54 ] , [ 55 ]",INDETERMINE,INDETERMINE,AUTRE_SORTIE,"Éliminé(e) sans précision du mécanisme (conseil, ambassadeurs, etc.)",True,True,False,8,,False,,False,False,8.0,STANDARD,1,False,8,2026-07-20T16:48:52.203864+00:00,hervé,KL33::hervé,,,,,,,,,,,0.0,"Profil documenté, aucun indicateur physique qualifiant",,True,False,44.0,RAW_SEASON_TABLE,VALIDATED,MALE,,HIGH,VALIDATED,Boulanger,Source: https://fr.wikipedia.org/wiki/Koh-Lanta_:_Les_Armes_secr%C3%A8tes,MEDIUM,VALIDATED,True,"age_raw, gender_raw, profession_raw",MANUAL_FINAL,USER_VALIDATED,False,LOCALLY_COMPLETE,Données locales suffisantes,COMPLETE_PROFILE_NO_QUALIFYING_INDICATOR,HIGH,,,0,0,MANUAL_USER_VALIDATION
KL33,Koh-Lanta : Les Armes secrètes,2021,https://fr.wikipedia.org/wiki/Koh-Lanta_:_Les_Armes_secr%C3%A8tes,Mathieu,M,29 ans,Élagueur,"Éliminé [ 56 ] , [ 57 ] , [ 58 ] , [ 59 ] , [ 60 ]",9,0.4,,"Éliminé [ 56 ] , [ 57 ] , [ 58 ] , [ 59 ] , [ 60 ]",INDETERMINE,INDETERMINE,AUTRE_SORTIE,"Éliminé(e) sans précision du mécanisme (conseil, ambassadeurs, etc.)",True,True,False,9,,False,,False,False,9.0,STANDARD,1,False,9,2026-07-20T16:48:52.203864+00:00,mathieu,KL33::mathieu,,,,,,,,,,,0.0,"Profil documenté, aucun indicateur physique qualifiant",,True,False,29.0,RAW_SEASON_TABLE,VALIDATED,MALE,,HIGH,VALIDATED,Élagueur,Source: https://fr.wikipedia.org/wiki/Koh-Lanta_:_Les_Armes_secr%C3%A8tes,MEDIUM,VALIDATED,True,"age_raw, gender_raw, profession_raw",MANUAL_FINAL,USER_VALIDATED,False,LOCALLY_COMPLETE,Données locales suffisantes,COMPLETE_PROFILE_NO_QUALIFYING_INDICATOR,HIGH,,,0,0,MANUAL_USER_VALIDATION
KL33,Koh-Lanta : Les Armes secrètes,2021,https://fr.wikipedia.org/wiki/Koh-Lanta_:_Les_Armes_secr%C3%A8tes,Shanice,F,26 ans,Chef de projet en marketing social,"Éliminée [ 61 ] , [ 62 ] , [ 63 ] , [ 64 ] , [ 65 ]",10,0.45,,"Éliminée [ 61 ] , [ 62 ] , [ 63 ] , [ 64 ] , [ 65 ]",INDETERMINE,INDETERMINE,AUTRE_SORTIE,"Éliminé(e) sans précision du mécanisme (conseil, ambassadeurs, etc.)",True,True,False,10,,False,,False,False,10.0,STANDARD,1,False,10,2026-07-20T16:48:52.203864+00:00,shanice,KL33::shanice,,,,,,,,,,,0.0,"Profil documenté, aucun indicateur physique qualifiant",,True,False,26.0,RAW_SEASON_TABLE,VALIDATED,FEMALE,,HIGH,VALIDATED,Chef de projet en marketing social,Source: https://fr.wikipedia.org/wiki/Koh-Lanta_:_Les_Armes_secr%C3%A8tes,MEDIUM,VALIDATED,True,"age_raw, gender_raw, profession_raw",MANUAL_FINAL,USER_VALIDATED,False,LOCALLY_COMPLETE,Données locales suffisantes,COMPLETE_PROFILE_NO_QUALIFYING_INDICATOR,HIGH,,,0,0,MANUAL_USER_VALIDATION
KL33,Koh-Lanta : Les Armes secrètes,2021,https://fr.wikipedia.org/wiki/Koh-Lanta_:_Les_Armes_secr%C3%A8tes,Myriam,F,36 ans,Professeur d'anglais,"Éliminée [ 66 ] , [ 67 ] , [ 68 ] , [ 69 ]",11,0.5,,"Éliminée [ 66 ] , [ 67 ] , [ 68 ] , [ 69 ]",INDETERMINE,INDETERMINE,AUTRE_SORTIE,"Éliminé(e) sans précision du mécanisme (conseil, ambassadeurs, etc.)",True,True,False,11,,False,,False,False,11.0,STANDARD,1,False,11,2026-07-20T16:48:52.203864+00:00,myriam,KL33::myriam,,,,,,,,,,,0.0,"Profil documenté, aucun indicateur physique qualifiant",,True,False,36.0,RAW_SEASON_TABLE,VALIDATED,FEMALE,,HIGH,VALIDATED,Professeur d'anglais,Source: https://fr.wikipedia.org/wiki/Koh-Lanta_:_Les_Armes_secr%C3%A8tes,MEDIUM,VALIDATED,True,"age_raw, gender_raw, profession_raw",MANUAL_FINAL,USER_VALIDATED,False,LOCALLY_COMPLETE,Données locales suffisantes,COMPLETE_PROFILE_NO_QUALIFYING_INDICATOR,HIGH,,,0,0,MANUAL_USER_VALIDATION
KL33,Koh-Lanta : Les Armes secrètes,2021,https://fr.wikipedia.org/wiki/Koh-Lanta_:_Les_Armes_secr%C3%A8tes,Vincent,M,28 ans,Analyste financier,"Éliminé [ 70 ] , [ 71 ] , [ 72 ] , [ 73 ] , [ 74 ]",12,0.55,,"Éliminé [ 70 ] , [ 71 ] , [ 72 ] , [ 73 ] , [ 74 ]",INDETERMINE,INDETERMINE,AUTRE_SORTIE,"Éliminé(e) sans précision du mécanisme (conseil, ambassadeurs, etc.)",True,True,False,12,,False,,False,False,12.0,STANDARD,1,False,12,2026-07-20T16:48:52.203864+00:00,vincent,KL33::vincent,,,,,,,,,,,0.0,"Profil documenté, aucun indicateur physique qualifiant",,True,False,28.0,RAW_SEASON_TABLE,VALIDATED,MALE,,HIGH,VALIDATED,Analyste financier,Source: https://fr.wikipedia.org/wiki/Koh-Lanta_:_Les_Armes_secr%C3%A8tes,MEDIUM,VALIDATED,True,"age_raw, gender_raw, profession_raw",MANUAL_FINAL,USER_VALIDATED,False,LOCALLY_COMPLETE,Données locales suffisantes,COMPLETE_PROFILE_NO_QUALIFYING_INDICATOR,HIGH,,,0,0,MANUAL_USER_VALIDATION
KL33,Koh-Lanta : Les Armes secrètes,2021,https://fr.wikipedia.org/wiki/Koh-Lanta_:_Les_Armes_secr%C3%A8tes,Laëtitia,F,37 ans,Employée multi-services,"Éliminée [ 75 ] , [ 76 ] , [ 77 ] , [ 78 ] , [ 79 ]",13,0.6,,"Éliminée [ 75 ] , [ 76 ] , [ 77 ] , [ 78 ] , [ 79 ]",INDETERMINE,INDETERMINE,AUTRE_SORTIE,"Éliminé(e) sans précision du mécanisme (conseil, ambassadeurs, etc.)",True,True,False,13,,False,,False,False,13.0,STANDARD,1,False,13,2026-07-20T16:48:52.203864+00:00,laëtitia,KL33::laëtitia,,,,,,,,,,,0.0,"Profil documenté, aucun indicateur physique qualifiant",,True,False,37.0,RAW_SEASON_TABLE,VALIDATED,FEMALE,,HIGH,VALIDATED,Employée multi-services,Source: https://fr.wikipedia.org/wiki/Koh-Lanta_:_Les_Armes_secr%C3%A8tes,MEDIUM,VALIDATED,True,"age_raw, gender_raw, profession_raw",MANUAL_FINAL,USER_VALIDATED,False,LOCALLY_COMPLETE,Données locales suffisantes,COMPLETE_PROFILE_NO_QUALIFYING_INDICATOR,HIGH,,,0,0,MANUAL_USER_VALIDATION
KL33,Koh-Lanta : Les Armes secrètes,2021,https://fr.wikipedia.org/wiki/Koh-Lanta_:_Les_Armes_secr%C3%A8tes,Thomas,M,37 ans,Chauffeur-routier,"Éliminé [ 80 ] , [ 81 ] , [ 82 ] , [ 83 ] , [ 84 ]",14,0.65,,"Éliminé [ 80 ] , [ 81 ] , [ 82 ] , [ 83 ] , [ 84 ]",INDETERMINE,INDETERMINE,AUTRE_SORTIE,"Éliminé(e) sans précision du mécanisme (conseil, ambassadeurs, etc.)",True,True,False,14,,False,,False,False,14.0,STANDARD,1,False,14,2026-07-20T16:48:52.203864+00:00,thomas,KL33::thomas,,,,,,,,,,,0.0,"Profil documenté, aucun indicateur physique qualifiant",,True,False,37.0,RAW_SEASON_TABLE,VALIDATED,MALE,,HIGH,VALIDATED,Chauffeur-routier,Source: https://fr.wikipedia.org/wiki/Koh-Lanta_:_Les_Armes_secr%C3%A8tes,MEDIUM,VALIDATED,True,"age_raw, gender_raw, profession_raw",MANUAL_FINAL,USER_VALIDATED,False,LOCALLY_COMPLETE,Données locales suffisantes,COMPLETE_PROFILE_NO_QUALIFYING_INDICATOR,HIGH,,,1,1,MANUAL_USER_VALIDATION
KL33,Koh-Lanta : Les Armes secrètes,2021,https://fr.wikipedia.org/wiki/Koh-Lanta_:_Les_Armes_secr%C3%A8tes,Flavio,M,31 ans,Directeur de centre de loisirs,"Éliminé [ 85 ] , [ 86 ] , [ 87 ] , [ 88 ] , [ 89 ]",15,0.7,,"Éliminé [ 85 ] , [ 86 ] , [ 87 ] , [ 88 ] , [ 89 ]",INDETERMINE,INDETERMINE,AUTRE_SORTIE,"Éliminé(e) sans précision du mécanisme (conseil, ambassadeurs, etc.)",True,True,False,15,,False,,False,False,15.0,STANDARD,1,False,15,2026-07-20T16:48:52.203864+00:00,flavio,KL33::flavio,,,,,,,,,,,0.0,"Profil documenté, aucun indicateur physique qualifiant",,True,False,31.0,RAW_SEASON_TABLE,VALIDATED,MALE,,HIGH,VALIDATED,Directeur de centre de loisirs,Source: https://fr.wikipedia.org/wiki/Koh-Lanta_:_Les_Armes_secr%C3%A8tes,MEDIUM,VALIDATED,True,"age_raw, gender_raw, profession_raw",MANUAL_FINAL,USER_VALIDATED,False,LOCALLY_COMPLETE,Données locales suffisantes,COMPLETE_PROFILE_NO_QUALIFYING_INDICATOR,HIGH,,,0,0,MANUAL_USER_VALIDATION
KL33,Koh-Lanta : Les Armes secrètes,2021,https://fr.wikipedia.org/wiki/Koh-Lanta_:_Les_Armes_secr%C3%A8tes,Magali,F,47 ans,Coach sportive,"Éliminée [ 90 ] , [ 91 ] , [ 92 ] , [ 93 ] , [ 94 ]",16,0.75,,"Éliminée [ 90 ] , [ 91 ] , [ 92 ] , [ 93 ] , [ 94 ]",INDETERMINE,INDETERMINE,AUTRE_SORTIE,"Éliminé(e) sans précision du mécanisme (conseil, ambassadeurs, etc.)",True,True,True,16,,True,,False,False,16.0,FIRST_EXIT_BEFORE_MEDICAL_RETURN,1,False,16,2026-07-20T16:48:52.203864+00:00,magali,KL33::magali,,,,,,,,,,,0.0,"Profil documenté, aucun indicateur physique qualifiant",,True,False,47.0,RAW_SEASON_TABLE,VALIDATED,FEMALE,,HIGH,VALIDATED,Coach sportive,Source: https://fr.wikipedia.org/wiki/Koh-Lanta_:_Les_Armes_secr%C3%A8tes,MEDIUM,VALIDATED,True,"age_raw, gender_raw, profession_raw",MANUAL_FINAL,USER_VALIDATED,False,LOCALLY_COMPLETE,Données locales suffisantes,COMPLETE_PROFILE_NO_QUALIFYING_INDICATOR,HIGH,,,0,0,MANUAL_USER_VALIDATION
KL33,Koh-Lanta : Les Armes secrètes,2021,https://fr.wikipedia.org/wiki/Koh-Lanta_:_Les_Armes_secr%C3%A8tes,Arnaud,M,36 ans,Maraîcher,"Éliminé [ 95 ] , [ 96 ] , [ 97 ] , [ 98 ] , [ 99 ]",17,0.8,,"Éliminé [ 95 ] , [ 96 ] , [ 97 ] , [ 98 ] , [ 99 ]",INDETERMINE,INDETERMINE,AUTRE_SORTIE,"Éliminé(e) sans précision du mécanisme (conseil, ambassadeurs, etc.)",True,True,False,17,,False,,False,False,17.0,STANDARD,1,False,17,2026-07-20T16:48:52.203864+00:00,arnaud,KL33::arnaud,,,,,,,,,,,0.0,"Profil documenté, aucun indicateur physique qualifiant",,True,False,36.0,RAW_SEASON_TABLE,VALIDATED,MALE,,HIGH,VALIDATED,Maraîcher,Source: https://fr.wikipedia.org/wiki/Koh-Lanta_:_Les_Armes_secr%C3%A8tes,MEDIUM,VALIDATED,True,"age_raw, gender_raw, profession_raw",MANUAL_FINAL,USER_VALIDATED,False,LOCALLY_COMPLETE,Données locales suffisantes,COMPLETE_PROFILE_NO_QUALIFYING_INDICATOR,HIGH,,,0,0,MANUAL_USER_VALIDATION
KL33,Koh-Lanta : Les Armes secrètes,2021,https://fr.wikipedia.org/wiki/Koh-Lanta_:_Les_Armes_secr%C3%A8tes,Laure,F,26 ans,Agricultrice,"Éliminée [ 100 ] , [ 101 ] , [ 102 ] , [ 103 ] , [ 104 ]",18,0.85,,"Éliminée [ 100 ] , [ 101 ] , [ 102 ] , [ 103 ] , [ 104 ]",INDETERMINE,INDETERMINE,AUTRE_SORTIE,"Éliminé(e) sans précision du mécanisme (conseil, ambassadeurs, etc.)",True,True,False,18,,False,,False,False,18.0,STANDARD,1,False,18,2026-07-20T16:48:52.203864+00:00,laure,KL33::laure,,,,,,,,,,,0.0,"Profil documenté, aucun indicateur physique qualifiant",,True,False,26.0,RAW_SEASON_TABLE,VALIDATED,FEMALE,,HIGH,VALIDATED,Agricultrice,Source: https://fr.wikipedia.org/wiki/Koh-Lanta_:_Les_Armes_secr%C3%A8tes,MEDIUM,VALIDATED,True,"age_raw, gender_raw, profession_raw",MANUAL_FINAL,USER_VALIDATED,False,LOCALLY_COMPLETE,Données locales suffisantes,COMPLETE_PROFILE_NO_QUALIFYING_INDICATOR,HIGH,,,0,0,MANUAL_USER_VALIDATION
KL33,Koh-Lanta : Les Armes secrètes,2021,https://fr.wikipedia.org/wiki/Koh-Lanta_:_Les_Armes_secr%C3%A8tes,Jonathan,M,31 ans,Moniteur d'escalade,"Éliminé [ 105 ] , [ 106 ] , [ 107 ] , [ 108 ] , [ 109 ]",19,0.9,,"Éliminé [ 105 ] , [ 106 ] , [ 107 ] , [ 108 ] , [ 109 ]",INDETERMINE,INDETERMINE,AUTRE_SORTIE,"Éliminé(e) sans précision du mécanisme (conseil, ambassadeurs, etc.)",True,True,False,19,,False,,False,False,19.0,STANDARD,1,False,19,2026-07-20T16:48:52.203864+00:00,jonathan,KL33::jonathan,,,,,,,,,,,1.0,Sport exigeant documenté: Moniteur d'escalade,,True,False,31.0,RAW_SEASON_TABLE,VALIDATED,MALE,,HIGH,VALIDATED,Moniteur d'escalade,Source: https://fr.wikipedia.org/wiki/Koh-Lanta_:_Les_Armes_secr%C3%A8tes,MEDIUM,VALIDATED,True,"age_raw, gender_raw, profession_raw",MANUAL_FINAL,USER_VALIDATED,False,LOCALLY_COMPLETE,Données locales suffisantes,,HIGH,STRENGTH_OR_COMBAT_SPORT,False,0,0,MANUAL_USER_VALIDATION
KL33,Koh-Lanta : Les Armes secrètes,2021,https://fr.wikipedia.org/wiki/Koh-Lanta_:_Les_Armes_secr%C3%A8tes,Lucie,F,35 ans,Championne de MMA,"Finaliste [ 110 ] , [ 111 ] , [ 112 ] , [ 113 ] , [ 114 ]",20,0.95,,"Finaliste [ 110 ] , [ 111 ] , [ 112 ] , [ 113 ] , [ 114 ]",FINALISTE,FIN_DE_JEU,AUTRE_SORTIE,Finaliste explicitement indiqué dans la source,False,True,False,20,,False,,False,False,20.0,STANDARD,1,False,20,2026-07-20T16:48:52.203864+00:00,lucie,KL33::lucie,,,,,,,,,,,1.0,Profession physique directe: Championne de MMA,,True,False,35.0,RAW_SEASON_TABLE,VALIDATED,FEMALE,,HIGH,VALIDATED,Championne de MMA,Source: https://fr.wikipedia.org/wiki/Koh-Lanta_:_Les_Armes_secr%C3%A8tes,MEDIUM,VALIDATED,True,"age_raw, gender_raw, profession_raw",MANUAL_FINAL,USER_VALIDATED,False,LOCALLY_COMPLETE,Données locales suffisantes,,HIGH,DIRECT_PHYSICAL_PROFESSION,True,1,1,MANUAL_USER_VALIDATION
KL33,Koh-Lanta : Les Armes secrètes,2021,https://fr.wikipedia.org/wiki/Koh-Lanta_:_Les_Armes_secr%C3%A8tes,Maxine,F,25 ans,Journaliste sportive,"Vainqueur [ 115 ] , [ 116 ] , [ 117 ] , [ 118 ] , [ 119 ]",21,1.0,,"Vainqueur [ 115 ] , [ 116 ] , [ 117 ] , [ 118 ] , [ 119 ]",VAINQUEUR,FIN_DE_JEU,AUTRE_SORTIE,Vainqueur explicitement indiqué dans la source,False,True,False,21,,False,,False,False,21.0,STANDARD,0,True,21,2026-07-20T16:48:52.203864+00:00,maxine,KL33::maxine,,,,,,,,,,,0.0,"Profil documenté, aucun indicateur physique qualifiant",,True,False,25.0,RAW_SEASON_TABLE,VALIDATED,FEMALE,,HIGH,VALIDATED,Journaliste sportive,Source: https://fr.wikipedia.org/wiki/Koh-Lanta_:_Les_Armes_secr%C3%A8tes,MEDIUM,VALIDATED,True,"age_raw, gender_raw, profession_raw",MANUAL_FINAL,USER_VALIDATED,False,LOCALLY_COMPLETE,Données locales suffisantes,COMPLETE_PROFILE_NO_QUALIFYING_INDICATOR,HIGH,,,1,1,MANUAL_USER_VALIDATION
KL27,Koh-Lanta : Les Chasseurs d'Immunité,2024,https://en.wikipedia.org/wiki/Koh-Lanta:_Les_Chasseurs_d%27Immunit%C3%A9,Steve Grenier,,34.0,,1st Voted Out Day 3,1,0.0,Day 3,1st Voted Out Day 3,CONSEIL,DECISION_AVENTURIERS,DECISION_AVENTURIERS,Voted Out: élimination par conseil,False,True,False,1,,False,,False,False,1.0,STANDARD,1,False,1,2026-07-21T02:53:45.028561+00:00,steve grenier,KL27::steve grenier,,,,,,,,,,,0.0,"Réaudit strict : le score antérieur reposait principalement sur un métier manuel, actif ou une preuve sportive trop vague. Aucune preuve suffisante de sport intensif, compétitif, d’entraînement soutenu ou de musculature athlétique.",https://kohlanta.fandom.com/fr/wiki/Koh-Lanta_%3A_Les_Chasseurs_d%27Immunit%C3%A9 | Approvisionnement de distributeurs : métier de terrain comprenant transport et manutention régulière.,True,True,34.0,https://kohlanta.fandom.com/fr/wiki/Koh-Lanta_%3A_Les_Chasseurs_d%27Immunit%C3%A9,EXTERNAL_RESEARCH_VALIDATED,MALE,Le tableau de saison présente Steve Grenier dans la distribution des candidats.,HIGH,EXTERNAL_RESEARCH_VALIDATED,Approvisionneur de distributeurs automatiques,Steve Grenier — profession : Approvisionneur de distributeurs automatiques.,HIGH,EXTERNAL_RESEARCH_VALIDATED,False,"age_raw, gender_raw, profession_raw",MANUAL_FINAL,USER_VALIDATED,True,EXTERNAL_RESEARCH_COMPLETE,Recherche fondée sur les tableaux de saison et les portraits individuels disponibles. Les performances réalisées pendant l’émission ne sont pas utilisées comme preuve physique.,STRICT_REAUDIT_NO_SUFFICIENT_ATHLETIC_EVIDENCE,HIGH,,,0,0,MANUAL_USER_VALIDATION
KL27,Koh-Lanta : Les Chasseurs d'Immunité,2024,https://en.wikipedia.org/wiki/Koh-Lanta:_Les_Chasseurs_d%27Immunit%C3%A9,Alicia Bouly,,23.0,,2nd Voted Out Day 6,2,0.045455,Day 6,2nd Voted Out Day 6,CONSEIL,DECISION_AVENTURIERS,DECISION_AVENTURIERS,Voted Out: élimination par conseil,False,True,False,2,,False,,False,False,2.0,STANDARD,1,False,2,2026-07-21T02:53:45.028561+00:00,alicia bouly,KL27::alicia bouly,,,,,,,,,,,0.0,Le tableau de saison documente une fonction de direction sans activité sportive ou musculature qualifiante. Le score proposé est donc 0.,https://kohlanta.fandom.com/fr/wiki/Koh-Lanta_%3A_Les_Chasseurs_d%27Immunit%C3%A9 | Le tableau de saison documente une fonction de direction sans activité sportive ou musculature qualifiante.,True,True,23.0,https://kohlanta.fandom.com/fr/wiki/Koh-Lanta_%3A_Les_Chasseurs_d%27Immunit%C3%A9,EXTERNAL_RESEARCH_VALIDATED,FEMALE,Le tableau de saison présente Alicia Bouly dans la distribution des candidats.,HIGH,EXTERNAL_RESEARCH_VALIDATED,Cheffe d’entreprise,Alicia Bouly — profession : Cheffe d’entreprise.,HIGH,EXTERNAL_RESEARCH_VALIDATED,False,"age_raw, gender_raw, profession_raw",MANUAL_FINAL,USER_VALIDATED,True,EXTERNAL_RESEARCH_COMPLETE,Recherche fondée sur les tableaux de saison et les portraits individuels disponibles. Les performances réalisées pendant l’émission ne sont pas utilisées comme preuve physique.,COMPLETE_PROFILE_NO_QUALIFYING_INDICATOR,HIGH,,,0,0,MANUAL_USER_VALIDATION
KL27,Koh-Lanta : Les Chasseurs d'Immunité,2024,https://en.wikipedia.org/wiki/Koh-Lanta:_Les_Chasseurs_d%27Immunit%C3%A9,Nathalie Suhard,,55.0,,Lost Duel Day 7,3,0.090909,Day 7,Lost Duel Day 7,EPREUVE_ELIMINATOIRE,EPREUVE,EPREUVE,Lost Duel: épreuve éliminatoire en duel,False,True,False,3,,False,,False,False,3.0,STANDARD,1,False,3,2026-07-21T02:53:45.028561+00:00,nathalie suhard,KL27::nathalie suhard,,,,,,,,,,,0.0,Profession de conseil sans indicateur sportif ou physique qualifiant documenté. Le score proposé est donc 0.,https://kohlanta.fandom.com/fr/wiki/Koh-Lanta_%3A_Les_Chasseurs_d%27Immunit%C3%A9 | Profession de conseil sans indicateur sportif ou physique qualifiant documenté.,True,True,55.0,https://kohlanta.fandom.com/fr/wiki/Koh-Lanta_%3A_Les_Chasseurs_d%27Immunit%C3%A9,EXTERNAL_RESEARCH_VALIDATED,FEMALE,Le tableau de saison présente Nathalie Suhard dans la distribution des candidats.,HIGH,EXTERNAL_RESEARCH_VALIDATED,Consultante en transition numérique,Nathalie Suhard — profession : Consultante en transition numérique.,HIGH,EXTERNAL_RESEARCH_VALIDATED,False,"age_raw, gender_raw, profession_raw",MANUAL_FINAL,USER_VALIDATED,True,EXTERNAL_RESEARCH_COMPLETE,Recherche fondée sur les tableaux de saison et les portraits individuels disponibles. Les performances réalisées pendant l’émission ne sont pas utilisées comme preuve physique.,COMPLETE_PROFILE_NO_QUALIFYING_INDICATOR,HIGH,,,0,0,MANUAL_USER_VALIDATION
KL27,Koh-Lanta : Les Chasseurs d'Immunité,2024,https://en.wikipedia.org/wiki/Koh-Lanta:_Les_Chasseurs_d%27Immunit%C3%A9,William Plancq,,62.0,,3rd Voted Out Day 9,4,0.136364,Day 9,3rd Voted Out Day 9,CONSEIL,DECISION_AVENTURIERS,DECISION_AVENTURIERS,Voted Out: élimination par conseil,False,True,False,4,,False,,False,False,4.0,STANDARD,1,False,4,2026-07-21T02:53:45.028561+00:00,william plancq,KL27::william plancq,,,,,,,,,,,1.0,Instructeur de survie : activité de terrain directement physique et techniquement exigeante. Cet élément satisfait le critère positif.,https://kohlanta.fandom.com/fr/wiki/Koh-Lanta_%3A_Les_Chasseurs_d%27Immunit%C3%A9 | Instructeur de survie : activité de terrain directement physique et techniquement exigeante.,True,True,62.0,https://kohlanta.fandom.com/fr/wiki/Koh-Lanta_%3A_Les_Chasseurs_d%27Immunit%C3%A9,EXTERNAL_RESEARCH_VALIDATED,MALE,Le tableau de saison présente William Plancq dans la distribution des candidats.,HIGH,EXTERNAL_RESEARCH_VALIDATED,Instructeur de survie,William Plancq — profession : Instructeur de survie.,HIGH,EXTERNAL_RESEARCH_VALIDATED,False,"age_raw, gender_raw, profession_raw",MANUAL_FINAL,USER_VALIDATED,True,EXTERNAL_RESEARCH_COMPLETE,Recherche fondée sur les tableaux de saison et les portraits individuels disponibles. Les performances réalisées pendant l’émission ne sont pas utilisées comme preuve physique.,,HIGH,DIRECT_PHYSICAL_PROFESSION,,0,0,MANUAL_USER_VALIDATION
KL27,Koh-Lanta : Les Chasseurs d'Immunité,2024,https://en.wikipedia.org/wiki/Koh-Lanta:_Les_Chasseurs_d%27Immunit%C3%A9,Alexis Tchernychev,,21.0,,4th Voted Out Day 12,5,0.181818,Day 12,4th Voted Out Day 12,CONSEIL,DECISION_AVENTURIERS,DECISION_AVENTURIERS,Voted Out: élimination par conseil,False,True,False,5,,False,,False,False,5.0,STANDARD,1,False,5,2026-07-21T02:53:45.028561+00:00,alexis tchernychev,KL27::alexis tchernychev,,,,,,,,,,,0.0,"Réaudit strict : le score antérieur reposait principalement sur un métier manuel, actif ou une preuve sportive trop vague. Aucune preuve suffisante de sport intensif, compétitif, d’entraînement soutenu ou de musculature athlétique.",https://kohlanta.fandom.com/fr/wiki/Koh-Lanta_%3A_Les_Chasseurs_d%27Immunit%C3%A9 | Ancien militaire : formation et activité opérationnelle physiquement exigeantes.,True,True,21.0,https://kohlanta.fandom.com/fr/wiki/Koh-Lanta_%3A_Les_Chasseurs_d%27Immunit%C3%A9,EXTERNAL_RESEARCH_VALIDATED,MALE,Le tableau de saison présente Alexis Tchernychev dans la distribution des candidats.,HIGH,EXTERNAL_RESEARCH_VALIDATED,Ex-militaire,Alexis Tchernychev — profession : Ex-militaire.,HIGH,EXTERNAL_RESEARCH_VALIDATED,False,"age_raw, gender_raw, profession_raw",MANUAL_FINAL,USER_VALIDATED,True,EXTERNAL_RESEARCH_COMPLETE,Recherche fondée sur les tableaux de saison et les portraits individuels disponibles. Les performances réalisées pendant l’émission ne sont pas utilisées comme preuve physique.,STRICT_REAUDIT_NO_SUFFICIENT_ATHLETIC_EVIDENCE,HIGH,,,1,1,MANUAL_USER_VALIDATION
KL27,Koh-Lanta : Les Chasseurs d'Immunité,2024,https://en.wikipedia.org/wiki/Koh-Lanta:_Les_Chasseurs_d%27Immunit%C3%A9,Émilie Clavis,,45.0,,5th Voted Out Day 14,6,0.227273,Day 14,5th Voted Out Day 14,CONSEIL,DECISION_AVENTURIERS,DECISION_AVENTURIERS,Voted Out: élimination par conseil,False,True,False,6,,False,,False,False,6.0,STANDARD,1,False,6,2026-07-21T02:53:45.028561+00:00,émilie clavis,KL27::émilie clavis,,,,,,,,,,,0.0,Profession commerciale sans activité sportive ou musculature qualifiante documentée. Le score proposé est donc 0.,https://kohlanta.fandom.com/fr/wiki/Koh-Lanta_%3A_Les_Chasseurs_d%27Immunit%C3%A9 | Profession commerciale sans activité sportive ou musculature qualifiante documentée.,True,True,45.0,https://kohlanta.fandom.com/fr/wiki/Koh-Lanta_%3A_Les_Chasseurs_d%27Immunit%C3%A9,EXTERNAL_RESEARCH_VALIDATED,FEMALE,Le tableau de saison présente Émilie Clavis dans la distribution des candidats.,HIGH,EXTERNAL_RESEARCH_VALIDATED,Vendeuse en téléphonie,Émilie Clavis — profession : Vendeuse en téléphonie.,HIGH,EXTERNAL_RESEARCH_VALIDATED,False,"age_raw, gender_raw, profession_raw",MANUAL_FINAL,USER_VALIDATED,True,EXTERNAL_RESEARCH_COMPLETE,Recherche fondée sur les tableaux de saison et les portraits individuels disponibles. Les performances réalisées pendant l’émission ne sont pas utilisées comme preuve physique.,COMPLETE_PROFILE_NO_QUALIFYING_INDICATOR,HIGH,,,0,0,MANUAL_USER_VALIDATION
KL27,Koh-Lanta : Les Chasseurs d'Immunité,2024,https://en.wikipedia.org/wiki/Koh-Lanta:_Les_Chasseurs_d%27Immunit%C3%A9,Sarah Diawara,,34.0,,6th Voted Out Day 17,7,0.272727,Day 17,6th Voted Out Day 17,CONSEIL,DECISION_AVENTURIERS,DECISION_AVENTURIERS,Voted Out: élimination par conseil,False,True,False,7,,False,,False,False,7.0,STANDARD,1,False,7,2026-07-21T02:53:45.028561+00:00,sarah diawara,KL27::sarah diawara,,,,,,,,,,,0.0,Profession comptable sans indicateur sportif ou physique qualifiant documenté. Le score proposé est donc 0.,https://kohlanta.fandom.com/fr/wiki/Koh-Lanta_%3A_Les_Chasseurs_d%27Immunit%C3%A9 | Profession comptable sans indicateur sportif ou physique qualifiant documenté.,True,True,34.0,https://kohlanta.fandom.com/fr/wiki/Koh-Lanta_%3A_Les_Chasseurs_d%27Immunit%C3%A9,EXTERNAL_RESEARCH_VALIDATED,FEMALE,Le tableau de saison présente Sarah Diawara dans la distribution des candidats.,HIGH,EXTERNAL_RESEARCH_VALIDATED,Expert-comptable,Sarah Diawara — profession : Expert-comptable.,HIGH,EXTERNAL_RESEARCH_VALIDATED,False,"age_raw, gender_raw, profession_raw",MANUAL_FINAL,USER_VALIDATED,True,EXTERNAL_RESEARCH_COMPLETE,Recherche fondée sur les tableaux de saison et les portraits individuels disponibles. Les performances réalisées pendant l’émission ne sont pas utilisées comme preuve physique.,COMPLETE_PROFILE_NO_QUALIFYING_INDICATOR,HIGH,,,0,0,MANUAL_USER_VALIDATION
KL27,Koh-Lanta : Les Chasseurs d'Immunité,2024,https://en.wikipedia.org/wiki/Koh-Lanta:_Les_Chasseurs_d%27Immunit%C3%A9,Maxime Barbet,,43.0,,7th Voted Out Day 20,8,0.318182,Day 20,7th Voted Out Day 20,CONSEIL,DECISION_AVENTURIERS,DECISION_AVENTURIERS,Voted Out: élimination par conseil,False,True,False,8,,False,,False,False,8.0,STANDARD,1,False,8,2026-07-21T02:53:45.028561+00:00,maxime barbet,KL27::maxime barbet,,,,,,,,,,,0.0,Le tableau documente une profession d’ingénieur sans préciser de travail manuel physique régulier. Le score proposé est donc 0.,https://kohlanta.fandom.com/fr/wiki/Koh-Lanta_%3A_Les_Chasseurs_d%27Immunit%C3%A9 | Le tableau documente une profession d’ingénieur sans préciser de travail manuel physique régulier.,True,True,43.0,https://kohlanta.fandom.com/fr/wiki/Koh-Lanta_%3A_Les_Chasseurs_d%27Immunit%C3%A9,EXTERNAL_RESEARCH_VALIDATED,MALE,Le tableau de saison présente Maxime Barbet dans la distribution des candidats.,HIGH,EXTERNAL_RESEARCH_VALIDATED,Ingénieur en électricité,Maxime Barbet — profession : Ingénieur en électricité.,HIGH,EXTERNAL_RESEARCH_VALIDATED,False,"age_raw, gender_raw, profession_raw",MANUAL_FINAL,USER_VALIDATED,True,EXTERNAL_RESEARCH_COMPLETE,Recherche fondée sur les tableaux de saison et les portraits individuels disponibles. Les performances réalisées pendant l’émission ne sont pas utilisées comme preuve physique.,COMPLETE_PROFILE_NO_QUALIFYING_INDICATOR,HIGH,,,0,0,MANUAL_USER_VALIDATION
KL27,Koh-Lanta : Les Chasseurs d'Immunité,2024,https://en.wikipedia.org/wiki/Koh-Lanta:_Les_Chasseurs_d%27Immunit%C3%A9,Ricky Poyet,,23.0,,Eliminated Day 22,9,0.363636,Day 22,Eliminated Day 22,INDETERMINE,INDETERMINE,AUTRE_SORTIE,Eliminated sans précision du mécanisme,True,True,False,9,,False,,False,False,9.0,STANDARD,1,False,9,2026-07-21T02:53:45.028561+00:00,ricky poyet,KL27::ricky poyet,,,,,,,,,,,0.0,"Profession éducative sans sport intensif, musculature ou activité physique directe documentée. Le score proposé est donc 0.","https://kohlanta.fandom.com/fr/wiki/Koh-Lanta_%3A_Les_Chasseurs_d%27Immunit%C3%A9 | Profession éducative sans sport intensif, musculature ou activité physique directe documentée.",True,True,23.0,https://kohlanta.fandom.com/fr/wiki/Koh-Lanta_%3A_Les_Chasseurs_d%27Immunit%C3%A9,EXTERNAL_RESEARCH_VALIDATED,MALE,Le tableau de saison présente Ricky Poyet dans la distribution des candidats.,HIGH,EXTERNAL_RESEARCH_VALIDATED,Assistant d’éducation,Ricky Poyet — profession : Assistant d’éducation.,HIGH,EXTERNAL_RESEARCH_VALIDATED,False,"age_raw, gender_raw, profession_raw",MANUAL_FINAL,USER_VALIDATED,True,EXTERNAL_RESEARCH_COMPLETE,Recherche fondée sur les tableaux de saison et les portraits individuels disponibles. Les performances réalisées pendant l’émission ne sont pas utilisées comme preuve physique.,COMPLETE_PROFILE_NO_QUALIFYING_INDICATOR,HIGH,,,0,0,MANUAL_USER_VALIDATION
KL27,Koh-Lanta : Les Chasseurs d'Immunité,2024,https://en.wikipedia.org/wiki/Koh-Lanta:_Les_Chasseurs_d%27Immunit%C3%A9,Léa Notardonato,,22.0,,8th Voted Out 1st Jury Member Day 23,10,0.409091,Day 23,8th Voted Out 1st Jury Member Day 23,CONSEIL,DECISION_AVENTURIERS,DECISION_AVENTURIERS,Voted Out: élimination par conseil,False,True,False,10,,False,,False,False,10.0,STANDARD,1,False,10,2026-07-21T02:53:45.028561+00:00,léa notardonato,KL27::léa notardonato,,,,,,,,,,,0.0,"Réaudit strict : le score antérieur reposait principalement sur un métier manuel, actif ou une preuve sportive trop vague. Aucune preuve suffisante de sport intensif, compétitif, d’entraînement soutenu ou de musculature athlétique.",https://kohlanta.fandom.com/fr/wiki/Koh-Lanta_%3A_Les_Chasseurs_d%27Immunit%C3%A9 | Infirmière secouriste : fonction opérationnelle impliquant interventions et contraintes physiques.,True,True,22.0,https://kohlanta.fandom.com/fr/wiki/Koh-Lanta_%3A_Les_Chasseurs_d%27Immunit%C3%A9,EXTERNAL_RESEARCH_VALIDATED,FEMALE,Le tableau de saison présente Léa Notardonato dans la distribution des candidats.,HIGH,EXTERNAL_RESEARCH_VALIDATED,Infirmière secouriste,Léa Notardonato — profession : Infirmière secouriste.,HIGH,EXTERNAL_RESEARCH_VALIDATED,False,"age_raw, gender_raw, profession_raw",MANUAL_FINAL,USER_VALIDATED,True,EXTERNAL_RESEARCH_COMPLETE,Recherche fondée sur les tableaux de saison et les portraits individuels disponibles. Les performances réalisées pendant l’émission ne sont pas utilisées comme preuve physique.,STRICT_REAUDIT_NO_SUFFICIENT_ATHLETIC_EVIDENCE,HIGH,,,0,0,MANUAL_USER_VALIDATION
KL27,Koh-Lanta : Les Chasseurs d'Immunité,2024,https://en.wikipedia.org/wiki/Koh-Lanta:_Les_Chasseurs_d%27Immunit%C3%A9,Océane Montenegro,,35.0,,Eliminated 2nd Jury Member Day 26,11,0.454545,Day 26,Eliminated 2nd Jury Member Day 26,INDETERMINE,INDETERMINE,AUTRE_SORTIE,Eliminated sans précision du mécanisme,True,True,False,11,,False,Day 26,True,True,11.0,STANDARD,1,False,11,2026-07-21T02:53:45.028561+00:00,océane montenegro,KL27::océane montenegro,,,,,,,,,,,0.0,Fonction de gestion immobilière sans activité sportive ou musculature qualifiante documentée. Le score proposé est donc 0.,https://kohlanta.fandom.com/fr/wiki/Koh-Lanta_%3A_Les_Chasseurs_d%27Immunit%C3%A9 | Fonction de gestion immobilière sans activité sportive ou musculature qualifiante documentée.,True,True,35.0,https://kohlanta.fandom.com/fr/wiki/Koh-Lanta_%3A_Les_Chasseurs_d%27Immunit%C3%A9,EXTERNAL_RESEARCH_VALIDATED,FEMALE,Le tableau de saison présente Océane Montenegro dans la distribution des candidats.,HIGH,EXTERNAL_RESEARCH_VALIDATED,Gérante de société dans l’immobilier,Océane Montenegro — profession : Gérante de société dans l’immobilier.,HIGH,EXTERNAL_RESEARCH_VALIDATED,False,"age_raw, gender_raw, profession_raw",MANUAL_FINAL,USER_VALIDATED,True,EXTERNAL_RESEARCH_COMPLETE,Recherche fondée sur les tableaux de saison et les portraits individuels disponibles. Les performances réalisées pendant l’émission ne sont pas utilisées comme preuve physique.,COMPLETE_PROFILE_NO_QUALIFYING_INDICATOR,HIGH,,,0,0,MANUAL_USER_VALIDATION
KL27,Koh-Lanta : Les Chasseurs d'Immunité,2024,https://en.wikipedia.org/wiki/Koh-Lanta:_Les_Chasseurs_d%27Immunit%C3%A9,Cécile Poprawa,,41.0,,9th Voted Out 3rd Jury Member Day 26,12,0.5,Day 26,9th Voted Out 3rd Jury Member Day 26,CONSEIL,DECISION_AVENTURIERS,DECISION_AVENTURIERS,Voted Out: élimination par conseil,False,True,False,12,,False,Day 26,True,True,12.0,STANDARD,1,False,12,2026-07-21T02:53:45.028561+00:00,cécile poprawa,KL27::cécile poprawa,,,,,,,,,,,0.0,Fonction de direction sans activité sportive ou profession directement physique documentée. Le score proposé est donc 0.,https://kohlanta.fandom.com/fr/wiki/Koh-Lanta_%3A_Les_Chasseurs_d%27Immunit%C3%A9 | Fonction de direction sans activité sportive ou profession directement physique documentée.,True,True,41.0,https://kohlanta.fandom.com/fr/wiki/Koh-Lanta_%3A_Les_Chasseurs_d%27Immunit%C3%A9,EXTERNAL_RESEARCH_VALIDATED,FEMALE,Le tableau de saison présente Cécile Poprawa dans la distribution des candidats.,HIGH,EXTERNAL_RESEARCH_VALIDATED,Directrice d’implantations de restaurants,Cécile Poprawa — profession : Directrice d’implantations de restaurants.,HIGH,EXTERNAL_RESEARCH_VALIDATED,False,"age_raw, gender_raw, profession_raw",MANUAL_FINAL,USER_VALIDATED,True,EXTERNAL_RESEARCH_COMPLETE,Recherche fondée sur les tableaux de saison et les portraits individuels disponibles. Les performances réalisées pendant l’émission ne sont pas utilisées comme preuve physique.,COMPLETE_PROFILE_NO_QUALIFYING_INDICATOR,HIGH,,,0,0,MANUAL_USER_VALIDATION
KL27,Koh-Lanta : Les Chasseurs d'Immunité,2024,https://en.wikipedia.org/wiki/Koh-Lanta:_Les_Chasseurs_d%27Immunit%C3%A9,Aurélien Dulau,,37.0,,Eliminated 4th Jury Member Day 29,14,0.590909,Day 29,Eliminated 4th Jury Member Day 29,INDETERMINE,INDETERMINE,AUTRE_SORTIE,Eliminated sans précision du mécanisme,True,True,False,14,,False,Day 29,True,True,14.0,STANDARD,1,False,14,2026-07-21T02:53:45.028561+00:00,aurélien dulau,KL27::aurélien dulau,,,,,,,,,,,0.0,Profession commerciale sans sport intensif ou musculature qualifiante documentée. Le score proposé est donc 0.,https://kohlanta.fandom.com/fr/wiki/Koh-Lanta_%3A_Les_Chasseurs_d%27Immunit%C3%A9 | Profession commerciale sans sport intensif ou musculature qualifiante documentée.,True,True,37.0,https://kohlanta.fandom.com/fr/wiki/Koh-Lanta_%3A_Les_Chasseurs_d%27Immunit%C3%A9,EXTERNAL_RESEARCH_VALIDATED,MALE,Le tableau de saison présente Aurélien Dulau dans la distribution des candidats.,HIGH,EXTERNAL_RESEARCH_VALIDATED,Agent commercial immobilier,Aurélien Dulau — profession : Agent commercial immobilier.,HIGH,EXTERNAL_RESEARCH_VALIDATED,False,"age_raw, gender_raw, profession_raw",MANUAL_FINAL,USER_VALIDATED,True,EXTERNAL_RESEARCH_COMPLETE,Recherche fondée sur les tableaux de saison et les portraits individuels disponibles. Les performances réalisées pendant l’émission ne sont pas utilisées comme preuve physique.,COMPLETE_PROFILE_NO_QUALIFYING_INDICATOR,HIGH,,,0,0,MANUAL_USER_VALIDATION
KL27,Koh-Lanta : Les Chasseurs d'Immunité,2024,https://en.wikipedia.org/wiki/Koh-Lanta:_Les_Chasseurs_d%27Immunit%C3%A9,Jean Belmonte,,26.0,,Medically Evacuated 5th Jury Member Day 32,15,0.636364,Day 32,Medically Evacuated 5th Jury Member Day 32,ABANDON_MEDICAL,SANTE_ABANDON,AUTRE_SORTIE,Évacuation médicale,False,True,False,15,,False,Day 32,True,True,15.0,STANDARD,1,False,15,2026-07-21T02:53:45.028561+00:00,jean belmonte,KL27::jean belmonte,,,,,,,,,,,0.0,"Réaudit strict : le score antérieur reposait principalement sur un métier manuel, actif ou une preuve sportive trop vague. Aucune preuve suffisante de sport intensif, compétitif, d’entraînement soutenu ou de musculature athlétique.",https://kohlanta.fandom.com/fr/wiki/Koh-Lanta_%3A_Les_Chasseurs_d%27Immunit%C3%A9 | Charpentier : métier manuel de chantier directement physique.,True,True,26.0,https://kohlanta.fandom.com/fr/wiki/Koh-Lanta_%3A_Les_Chasseurs_d%27Immunit%C3%A9,EXTERNAL_RESEARCH_VALIDATED,MALE,Le tableau de saison présente Jean Belmonte dans la distribution des candidats.,HIGH,EXTERNAL_RESEARCH_VALIDATED,Charpentier,Jean Belmonte — profession : Charpentier.,HIGH,EXTERNAL_RESEARCH_VALIDATED,False,"age_raw, gender_raw, profession_raw",MANUAL_FINAL,USER_VALIDATED,True,EXTERNAL_RESEARCH_COMPLETE,Recherche fondée sur les tableaux de saison et les portraits individuels disponibles. Les performances réalisées pendant l’émission ne sont pas utilisées comme preuve physique.,STRICT_REAUDIT_NO_SUFFICIENT_ATHLETIC_EVIDENCE,HIGH,,,1,1,MANUAL_USER_VALIDATION
KL27,Koh-Lanta : Les Chasseurs d'Immunité,2024,https://en.wikipedia.org/wiki/Koh-Lanta:_Les_Chasseurs_d%27Immunit%C3%A9,Mégane Rouland,,28.0,,12th Voted Out 6th Jury Member Day 32,16,0.681818,Day 32,12th Voted Out 6th Jury Member Day 32,CONSEIL,DECISION_AVENTURIERS,DECISION_AVENTURIERS,Voted Out: élimination par conseil,False,True,False,16,,False,Day 32,True,True,16.0,STANDARD,1,False,16,2026-07-21T02:53:45.028561+00:00,mégane rouland,KL27::mégane rouland,,,,,,,,,,,0.0,Profession commerciale sans indicateur sportif ou physique qualifiant documenté. Le score proposé est donc 0.,https://kohlanta.fandom.com/fr/wiki/Koh-Lanta_%3A_Les_Chasseurs_d%27Immunit%C3%A9 | Profession commerciale sans indicateur sportif ou physique qualifiant documenté.,True,True,28.0,https://kohlanta.fandom.com/fr/wiki/Koh-Lanta_%3A_Les_Chasseurs_d%27Immunit%C3%A9,EXTERNAL_RESEARCH_VALIDATED,FEMALE,Le tableau de saison présente Mégane Rouland dans la distribution des candidats.,HIGH,EXTERNAL_RESEARCH_VALIDATED,Vendeuse automobile,Mégane Rouland — profession : Vendeuse automobile.,HIGH,EXTERNAL_RESEARCH_VALIDATED,False,"age_raw, gender_raw, profession_raw",MANUAL_FINAL,USER_VALIDATED,True,EXTERNAL_RESEARCH_COMPLETE,Recherche fondée sur les tableaux de saison et les portraits individuels disponibles. Les performances réalisées pendant l’émission ne sont pas utilisées comme preuve physique.,COMPLETE_PROFILE_NO_QUALIFYING_INDICATOR,HIGH,,,1,1,MANUAL_USER_VALIDATION
KL27,Koh-Lanta : Les Chasseurs d'Immunité,2024,https://en.wikipedia.org/wiki/Koh-Lanta:_Les_Chasseurs_d%27Immunit%C3%A9,David Murail,,36.0,,13th Voted Out 7th Jury Member Day 34,17,0.727273,Day 34,13th Voted Out 7th Jury Member Day 34,CONSEIL,DECISION_AVENTURIERS,DECISION_AVENTURIERS,Voted Out: élimination par conseil,False,True,False,17,,False,,False,False,17.0,STANDARD,1,False,17,2026-07-21T02:53:45.028561+00:00,david murail,KL27::david murail,,,,,,,,,,,1.0,Physique très musclé explicitement documenté et pratique du rugby.,MANUAL_REVIEW_DAVID_MUSCULAR_BUILD_RUGBY,True,True,36.0,https://kohlanta.fandom.com/fr/wiki/Koh-Lanta_%3A_Les_Chasseurs_d%27Immunit%C3%A9,EXTERNAL_RESEARCH_VALIDATED,MALE,Le tableau de saison présente David Murail dans la distribution des candidats.,HIGH,EXTERNAL_RESEARCH_VALIDATED,Boucher-charcutier,David Murail — profession : Boucher-charcutier.,HIGH,EXTERNAL_RESEARCH_VALIDATED,False,"age_raw, gender_raw, profession_raw",MANUAL_FINAL,USER_VALIDATED,True,EXTERNAL_RESEARCH_COMPLETE,Recherche fondée sur les tableaux de saison et les portraits individuels disponibles. Les performances réalisées pendant l’émission ne sont pas utilisées comme preuve physique.,,HIGH,DOCUMENTED_MUSCULAR_BUILD_OR_SPORT,,1,1,MANUAL_USER_VALIDATION
KL27,Koh-Lanta : Les Chasseurs d'Immunité,2024,https://en.wikipedia.org/wiki/Koh-Lanta:_Les_Chasseurs_d%27Immunit%C3%A9,Sébastien Cazaux,,30.0,,14th Voted Out 8th Jury Member Day 36,18,0.772727,Day 36,14th Voted Out 8th Jury Member Day 36,CONSEIL,DECISION_AVENTURIERS,DECISION_AVENTURIERS,Voted Out: élimination par conseil,False,True,False,18,,False,,False,False,18.0,STANDARD,1,False,18,2026-07-21T02:53:45.028561+00:00,sébastien cazaux,KL27::sébastien cazaux,,,,,,,,,,,0.0,"Réaudit strict : le score antérieur reposait principalement sur un métier manuel, actif ou une preuve sportive trop vague. Aucune preuve suffisante de sport intensif, compétitif, d’entraînement soutenu ou de musculature athlétique.",https://kohlanta.fandom.com/fr/wiki/Koh-Lanta_%3A_Les_Chasseurs_d%27Immunit%C3%A9 | Charpentier : métier manuel de chantier directement physique.,True,True,30.0,https://kohlanta.fandom.com/fr/wiki/Koh-Lanta_%3A_Les_Chasseurs_d%27Immunit%C3%A9,EXTERNAL_RESEARCH_VALIDATED,MALE,Le tableau de saison présente Sébastien Cazaux dans la distribution des candidats.,HIGH,EXTERNAL_RESEARCH_VALIDATED,Charpentier,Sébastien Cazaux — profession : Charpentier.,HIGH,EXTERNAL_RESEARCH_VALIDATED,False,"age_raw, gender_raw, profession_raw",MANUAL_FINAL,USER_VALIDATED,True,EXTERNAL_RESEARCH_COMPLETE,Recherche fondée sur les tableaux de saison et les portraits individuels disponibles. Les performances réalisées pendant l’émission ne sont pas utilisées comme preuve physique.,STRICT_REAUDIT_NO_SUFFICIENT_ATHLETIC_EVIDENCE,HIGH,,,1,1,MANUAL_USER_VALIDATION
KL27,Koh-Lanta : Les Chasseurs d'Immunité,2024,https://en.wikipedia.org/wiki/Koh-Lanta:_Les_Chasseurs_d%27Immunit%C3%A9,Amri Madani,,42.0,,Lost Challenge 9th Jury Member Day 37,19,0.818182,Day 37,Lost Challenge 9th Jury Member Day 37,EPREUVE_ELIMINATOIRE,EPREUVE,EPREUVE,Lost Challenge: épreuve éliminatoire,False,True,False,19,,False,Day 37,True,True,19.0,STANDARD,1,False,19,2026-07-21T02:53:45.028561+00:00,amri madani,KL27::amri madani,,,,,,,,,,,1.0,"Champion national, européen et mondial de boxe française et ancien sportif de haut niveau.",https://www.tf1info.fr/culture/video-programme-tv-tf1-koh-lanta-les-chasseurs-d-immunite-qui-est-amri-madani-le-zizou-de-la-boxe-2287433.html,True,True,42.0,https://kohlanta.fandom.com/fr/wiki/Koh-Lanta_%3A_Les_Chasseurs_d%27Immunit%C3%A9,EXTERNAL_RESEARCH_VALIDATED,MALE,Le tableau de saison présente Amri Madani dans la distribution des candidats.,HIGH,EXTERNAL_RESEARCH_VALIDATED,Gérant d’une salle de sport,Amri Madani — profession : Gérant d’une salle de sport.,HIGH,EXTERNAL_RESEARCH_VALIDATED,False,"age_raw, gender_raw, profession_raw",MANUAL_FINAL,USER_VALIDATED,True,EXTERNAL_RESEARCH_PARTIAL,Batch final de rattrapage. Les âges et professions déjà validés localement ont été conservés ; les entrées corrompues KL02/KL07/KL08 ont été remplacées par les valeurs des tableaux de saison. Les performances réalisées pendant l’émission ne sont pas utilisées comme preuve physique.,,HIGH,STRICT_MANUAL_VALIDATED_POSITIVE,,1,1,MANUAL_USER_VALIDATION
KL27,Koh-Lanta : Les Chasseurs d'Immunité,2024,https://en.wikipedia.org/wiki/Koh-Lanta:_Les_Chasseurs_d%27Immunit%C3%A9,Pauline Bonneil,,29.0,,Lost Challenge 10th Jury Member Day 37,20,0.863636,Day 37,Lost Challenge 10th Jury Member Day 37,EPREUVE_ELIMINATOIRE,EPREUVE,EPREUVE,Lost Challenge: épreuve éliminatoire,False,True,False,20,,False,Day 37,True,True,20.0,STANDARD,1,False,20,2026-07-21T02:53:45.028561+00:00,pauline bonneil,KL27::pauline bonneil,,,,,,,,,,,0.0,"Réaudit strict : le score antérieur reposait principalement sur un métier manuel, actif ou une preuve sportive trop vague. Aucune preuve suffisante de sport intensif, compétitif, d’entraînement soutenu ou de musculature athlétique.",https://kohlanta.fandom.com/fr/wiki/Koh-Lanta_%3A_Les_Chasseurs_d%27Immunit%C3%A9 | Fromagère : métier artisanal de production et manutention comportant une activité physique régulière.,True,True,29.0,https://kohlanta.fandom.com/fr/wiki/Koh-Lanta_%3A_Les_Chasseurs_d%27Immunit%C3%A9,EXTERNAL_RESEARCH_VALIDATED,FEMALE,Le tableau de saison présente Pauline Bonneil dans la distribution des candidats.,HIGH,EXTERNAL_RESEARCH_VALIDATED,Fromagère,Pauline Bonneil — profession : Fromagère.,HIGH,EXTERNAL_RESEARCH_VALIDATED,False,"age_raw, gender_raw, profession_raw",MANUAL_FINAL,USER_VALIDATED,True,EXTERNAL_RESEARCH_COMPLETE,Recherche fondée sur les tableaux de saison et les portraits individuels disponibles. Les performances réalisées pendant l’émission ne sont pas utilisées comme preuve physique.,STRICT_REAUDIT_NO_SUFFICIENT_ATHLETIC_EVIDENCE,HIGH,,,0,0,MANUAL_USER_VALIDATION
KL27,Koh-Lanta : Les Chasseurs d'Immunité,2024,https://en.wikipedia.org/wiki/Koh-Lanta:_Les_Chasseurs_d%27Immunit%C3%A9,Julie Rignault,,37.0,,15th Voted Out 11th Jury Member Day 38,21,0.909091,Day 38,15th Voted Out 11th Jury Member Day 38,CONSEIL,DECISION_AVENTURIERS,DECISION_AVENTURIERS,Voted Out: élimination par conseil,False,True,False,21,,False,Day 38,True,True,21.0,STANDARD,1,False,21,2026-07-21T02:53:45.028561+00:00,julie rignault,KL27::julie rignault,,,,,,,,,,,0.0,Conduite de taxi : profession documentée mais sans indicateur d’activité physique supérieure à la moyenne. Le score proposé est donc 0.,https://kohlanta.fandom.com/fr/wiki/Koh-Lanta_%3A_Les_Chasseurs_d%27Immunit%C3%A9 | Conduite de taxi : profession documentée mais sans indicateur d’activité physique supérieure à la moyenne.,True,True,37.0,https://kohlanta.fandom.com/fr/wiki/Koh-Lanta_%3A_Les_Chasseurs_d%27Immunit%C3%A9,EXTERNAL_RESEARCH_VALIDATED,FEMALE,Le tableau de saison présente Julie Rignault dans la distribution des candidats.,HIGH,EXTERNAL_RESEARCH_VALIDATED,Artisan taxi,Julie Rignault — profession : Artisan taxi.,HIGH,EXTERNAL_RESEARCH_VALIDATED,False,"age_raw, gender_raw, profession_raw",MANUAL_FINAL,USER_VALIDATED,True,EXTERNAL_RESEARCH_COMPLETE,Recherche fondée sur les tableaux de saison et les portraits individuels disponibles. Les performances réalisées pendant l’émission ne sont pas utilisées comme preuve physique.,COMPLETE_PROFILE_NO_QUALIFYING_INDICATOR,HIGH,,,0,0,MANUAL_USER_VALIDATION
KL27,Koh-Lanta : Les Chasseurs d'Immunité,2024,https://en.wikipedia.org/wiki/Koh-Lanta:_Les_Chasseurs_d%27Immunit%C3%A9,Meïssa Seck,,29.0,,Runner-up Day 38,22,0.954545,Day 38,Runner-up Day 38,FINALISTE,FIN_DE_JEU,AUTRE_SORTIE,Runner-up dans la source,False,True,False,22,,False,Day 38,True,True,22.0,STANDARD,1,False,22,2026-07-21T02:53:45.028561+00:00,meïssa seck,KL27::meïssa seck,,,,,,,,,,,0.0,Profession administrative sans sport intensif ou musculature qualifiante documentée. Le score proposé est donc 0.,https://kohlanta.fandom.com/fr/wiki/Koh-Lanta_%3A_Les_Chasseurs_d%27Immunit%C3%A9 | Profession administrative sans sport intensif ou musculature qualifiante documentée.,True,True,29.0,https://kohlanta.fandom.com/fr/wiki/Koh-Lanta_%3A_Les_Chasseurs_d%27Immunit%C3%A9,EXTERNAL_RESEARCH_VALIDATED,MALE,Le tableau de saison présente Meïssa Seck dans la distribution des candidats.,HIGH,EXTERNAL_RESEARCH_VALIDATED,Chargé de recouvrement,Meïssa Seck — profession : Chargé de recouvrement.,HIGH,EXTERNAL_RESEARCH_VALIDATED,False,"age_raw, gender_raw, profession_raw",MANUAL_FINAL,USER_VALIDATED,True,EXTERNAL_RESEARCH_COMPLETE,Recherche fondée sur les tableaux de saison et les portraits individuels disponibles. Les performances réalisées pendant l’émission ne sont pas utilisées comme preuve physique.,COMPLETE_PROFILE_NO_QUALIFYING_INDICATOR,HIGH,,,1,1,MANUAL_USER_VALIDATION
KL27,Koh-Lanta : Les Chasseurs d'Immunité,2024,https://en.wikipedia.org/wiki/Koh-Lanta:_Les_Chasseurs_d%27Immunit%C3%A9,Léa Sahin,,40.0,,Sole Survivor Day 38,23,1.0,Day 38,Sole Survivor Day 38,VAINQUEUR,FIN_DE_JEU,AUTRE_SORTIE,Sole Survivor dans la source,False,True,False,23,,False,Day 38,True,True,23.0,STANDARD,0,True,23,2026-07-21T02:53:45.028561+00:00,léa sahin,KL27::léa sahin,,,,,,,,,,,0.0,Profession de ressources humaines sans indicateur sportif ou physique qualifiant documenté. Le score proposé est donc 0.,https://kohlanta.fandom.com/fr/wiki/Koh-Lanta_%3A_Les_Chasseurs_d%27Immunit%C3%A9 | Profession de ressources humaines sans indicateur sportif ou physique qualifiant documenté.,True,True,40.0,https://kohlanta.fandom.com/fr/wiki/Koh-Lanta_%3A_Les_Chasseurs_d%27Immunit%C3%A9,EXTERNAL_RESEARCH_VALIDATED,FEMALE,Le tableau de saison présente Léa Sahin dans la distribution des candidats.,HIGH,EXTERNAL_RESEARCH_VALIDATED,Responsable des ressources humaines,Léa Sahin — profession : Responsable des ressources humaines.,HIGH,EXTERNAL_RESEARCH_VALIDATED,False,"age_raw, gender_raw, profession_raw",MANUAL_FINAL,USER_VALIDATED,True,EXTERNAL_RESEARCH_COMPLETE,Recherche fondée sur les tableaux de saison et les portraits individuels disponibles. Les performances réalisées pendant l’émission ne sont pas utilisées comme preuve physique.,COMPLETE_PROFILE_NO_QUALIFYING_INDICATOR,HIGH,,,0,0,MANUAL_USER_VALIDATION
KL15,Koh-Lanta : Malaisie,2012,https://fr.wikipedia.org/wiki/Koh-Lanta_:_Malaisie,Mélanie,,30 ans,,Éliminée,1,0.0,,Éliminée,INDETERMINE,INDETERMINE,AUTRE_SORTIE,Source: https://fr.wikipedia.org/wiki/Koh-Lanta_:_Malaisie,True,True,False,1,,False,,False,False,1.0,STANDARD,1,False,1,2026-07-21T02:14:08.627530,mélanie,KL15::mélanie,,,,,,,,,,,0.0,"Le portrait et la profession sont documentés, mais le terme hyperactive ne suffit pas à établir un entraînement physique supérieur à la moyenne.","https://survivor.fandom.com/wiki/M%C3%A9lanie_Boimare | Le portrait la décrit comme hyperactive, sans sport intensif ou musculature documentée.",True,True,30.0,https://survivor.fandom.com/wiki/Koh-Lanta%3A_Malaisie,EXTERNAL_RESEARCH_VALIDATED,FEMALE,Le profil identifie Mélanie Boimare comme candidate et mère de deux enfants.,HIGH,EXTERNAL_RESEARCH_VALIDATED,Boulangère,Mélanie — profession : Boulangère.,HIGH,EXTERNAL_RESEARCH_VALIDATED,False,"age_raw, gender_raw, profession_raw",MANUAL_FINAL,USER_VALIDATED,True,EXTERNAL_RESEARCH_COMPLETE,Recherche documentaire effectuée à partir du tableau structuré de la saison et de profils individuels reproduisant les anciens portraits TF1. Les performances réalisées pendant Koh-Lanta ne sont pas utilisées comme preuve physique.,COMPLETE_PROFILE_NO_QUALIFYING_INDICATOR,HIGH,,,0,0,MANUAL_USER_VALIDATION
KL15,Koh-Lanta : Malaisie,2012,https://fr.wikipedia.org/wiki/Koh-Lanta_:_Malaisie,Mickaël,,57 ans,,Éliminé,2,0.052632,,Éliminé,INDETERMINE,INDETERMINE,AUTRE_SORTIE,Source: https://fr.wikipedia.org/wiki/Koh-Lanta_:_Malaisie,True,True,False,2,,False,,False,False,2.0,STANDARD,1,False,2,2026-07-21T02:14:08.627530,mickaël,KL15::mickaël,,,,,,,,,,,0.0,"Le profil est suffisamment documenté et ne mentionne aucune pratique sportive intensive, musculature ou profession physique directe.",https://survivor.fandom.com/wiki/Micka%C3%ABl_Kalfallah | Le portrait documente son métier de chauffeur de taxi sans activité sportive qualifiante.,True,True,57.0,https://survivor.fandom.com/wiki/Koh-Lanta%3A_Malaisie,EXTERNAL_RESEARCH_VALIDATED,MALE,Le profil identifie Mickaël Kalfallah comme candidat et emploie le masculin.,HIGH,EXTERNAL_RESEARCH_VALIDATED,Chauffeur de taxi,Mickaël — profession : Chauffeur de taxi.,HIGH,EXTERNAL_RESEARCH_VALIDATED,False,"age_raw, gender_raw, profession_raw",MANUAL_FINAL,USER_VALIDATED,True,EXTERNAL_RESEARCH_COMPLETE,Recherche documentaire effectuée à partir du tableau structuré de la saison et de profils individuels reproduisant les anciens portraits TF1. Les performances réalisées pendant Koh-Lanta ne sont pas utilisées comme preuve physique.,COMPLETE_PROFILE_NO_QUALIFYING_INDICATOR,HIGH,,,0,0,MANUAL_USER_VALIDATION
KL15,Koh-Lanta : Malaisie,2012,https://fr.wikipedia.org/wiki/Koh-Lanta_:_Malaisie,Sara [ N 1 ],,42 ans,,Abandon médical,3,0.105263,,Abandon médical,ABANDON_MEDICAL,INDETERMINE,AUTRE_SORTIE,Source: https://fr.wikipedia.org/wiki/Koh-Lanta_:_Malaisie,False,True,False,3,,False,,False,False,3.0,STANDARD,1,False,3,2026-07-21T02:14:08.627530,sara [ n 1 ],KL15::sara [ n 1 ],,,,,,,,,,,1.0,Physique très musclé explicitement documenté et activité liée au fitness.,MANUAL_REVIEW_SARA_MUSCULAR_BUILD,True,True,42.0,https://survivor.fandom.com/wiki/Koh-Lanta%3A_Malaisie,EXTERNAL_RESEARCH_VALIDATED,FEMALE,Le profil de Sara [ N 1 ] emploie une présentation correspondant au genre FEMALE.,HIGH,EXTERNAL_RESEARCH_VALIDATED,Gérante d’un club de fitness,Sara [ N 1 ] — profession : Gérante d’un club de fitness.,HIGH,EXTERNAL_RESEARCH_VALIDATED,False,"age_raw, gender_raw, profession_raw",MANUAL_FINAL,USER_VALIDATED,True,EXTERNAL_RESEARCH_COMPLETE,Recherche fondée sur le tableau structuré de la saison et les portraits de candidats reproduisant les anciennes fiches TF1. Les performances réalisées pendant l’émission ne sont pas utilisées comme preuve physique.,,HIGH,DOCUMENTED_MUSCULAR_BUILD_OR_SPORT,,1,1,MANUAL_USER_VALIDATION
KL15,Koh-Lanta : Malaisie,2012,https://fr.wikipedia.org/wiki/Koh-Lanta_:_Malaisie,Nadine,,57 ans,,Éliminée,4,0.157895,,Éliminée,INDETERMINE,INDETERMINE,AUTRE_SORTIE,Source: https://fr.wikipedia.org/wiki/Koh-Lanta_:_Malaisie,True,True,False,4,,False,,False,False,4.0,STANDARD,1,False,4,2026-07-21T02:14:08.627530,nadine,KL15::nadine,,,,,,,,,,,0.0,Le profil disponible documente une profession médicale de coordination sans pratique sportive intensive ni musculature signalée. Le score proposé est donc 0.,"https://survivor.fandom.com/wiki/Nadine | Le profil disponible documente une profession médicale de coordination sans pratique sportive intensive ni musculature signalée. || https://survivor.fandom.com/wiki/Koh-Lanta%3A_Malaisie | Tableau de saison : 57 ans, profession Coordinatrice de transplantation d’organes.",True,True,57.0,https://survivor.fandom.com/wiki/Koh-Lanta%3A_Malaisie,EXTERNAL_RESEARCH_VALIDATED,FEMALE,Le profil de Nadine emploie une présentation correspondant au genre FEMALE.,HIGH,EXTERNAL_RESEARCH_VALIDATED,Coordinatrice de transplantation d’organes,Nadine — profession : Coordinatrice de transplantation d’organes.,HIGH,EXTERNAL_RESEARCH_VALIDATED,False,"age_raw, gender_raw, profession_raw",MANUAL_FINAL,USER_VALIDATED,True,EXTERNAL_RESEARCH_COMPLETE,Recherche fondée sur le tableau structuré de la saison et les portraits de candidats reproduisant les anciennes fiches TF1. Les performances réalisées pendant l’émission ne sont pas utilisées comme preuve physique.,COMPLETE_PROFILE_NO_QUALIFYING_INDICATOR,HIGH,,,0,0,MANUAL_USER_VALIDATION
KL15,Koh-Lanta : Malaisie,2012,https://fr.wikipedia.org/wiki/Koh-Lanta_:_Malaisie,Élodie,,36 ans,,Éliminée,5,0.210526,,Éliminée,INDETERMINE,INDETERMINE,AUTRE_SORTIE,Source: https://fr.wikipedia.org/wiki/Koh-Lanta_:_Malaisie,True,True,False,5,,False,,False,False,5.0,STANDARD,1,False,5,2026-07-21T02:14:08.627530,élodie,KL15::élodie,,,,,,,,,,,0.0,Le portrait la présente comme mère au foyer et ne documente aucune pratique sportive intensive ou profession physique directe. Le score proposé est donc 0.,"https://survivor.fandom.com/wiki/%C3%89lodie | Le portrait la présente comme mère au foyer et ne documente aucune pratique sportive intensive ou profession physique directe. || https://survivor.fandom.com/wiki/Koh-Lanta%3A_Malaisie | Tableau de saison : 36 ans, profession Mère au foyer.",True,True,36.0,https://survivor.fandom.com/wiki/Koh-Lanta%3A_Malaisie,EXTERNAL_RESEARCH_VALIDATED,FEMALE,Le profil de Élodie emploie une présentation correspondant au genre FEMALE.,HIGH,EXTERNAL_RESEARCH_VALIDATED,Mère au foyer,Élodie — profession : Mère au foyer.,HIGH,EXTERNAL_RESEARCH_VALIDATED,False,"age_raw, gender_raw, profession_raw",MANUAL_FINAL,USER_VALIDATED,True,EXTERNAL_RESEARCH_COMPLETE,Recherche fondée sur le tableau structuré de la saison et les portraits de candidats reproduisant les anciennes fiches TF1. Les performances réalisées pendant l’émission ne sont pas utilisées comme preuve physique.,COMPLETE_PROFILE_NO_QUALIFYING_INDICATOR,HIGH,,,0,0,MANUAL_USER_VALIDATION
KL15,Koh-Lanta : Malaisie,2012,https://fr.wikipedia.org/wiki/Koh-Lanta_:_Malaisie,Marie [ N 2 ],,23 ans,,Éliminée,6,0.263158,,Éliminée,INDETERMINE,INDETERMINE,AUTRE_SORTIE,Source: https://fr.wikipedia.org/wiki/Koh-Lanta_:_Malaisie,True,True,False,6,,False,,False,False,6.0,STANDARD,1,False,6,2026-07-21T02:14:08.627530,marie [ n 2 ],KL15::marie [ n 2 ],,,,,,,,,,,0.0,Le profil documente son activité de gérante de restaurant sans indicateur sportif ou musculaire qualifiant. Le score proposé est donc 0.,"https://survivor.fandom.com/wiki/Marie_Parmentier | Le profil documente son activité de gérante de restaurant sans indicateur sportif ou musculaire qualifiant. || https://survivor.fandom.com/wiki/Koh-Lanta%3A_Malaisie | Tableau de saison : 23 ans, profession Gérante de restaurant.",True,True,23.0,https://survivor.fandom.com/wiki/Koh-Lanta%3A_Malaisie,EXTERNAL_RESEARCH_VALIDATED,FEMALE,Le profil de Marie [ N 2 ] emploie une présentation correspondant au genre FEMALE.,HIGH,EXTERNAL_RESEARCH_VALIDATED,Gérante de restaurant,Marie [ N 2 ] — profession : Gérante de restaurant.,HIGH,EXTERNAL_RESEARCH_VALIDATED,False,"age_raw, gender_raw, profession_raw",MANUAL_FINAL,USER_VALIDATED,True,EXTERNAL_RESEARCH_COMPLETE,Recherche fondée sur le tableau structuré de la saison et les portraits de candidats reproduisant les anciennes fiches TF1. Les performances réalisées pendant l’émission ne sont pas utilisées comme preuve physique.,COMPLETE_PROFILE_NO_QUALIFYING_INDICATOR,HIGH,,,0,0,MANUAL_USER_VALIDATION
KL15,Koh-Lanta : Malaisie,2012,https://fr.wikipedia.org/wiki/Koh-Lanta_:_Malaisie,Anthony,,24 ans,,Éliminé,7,0.315789,,Éliminé,INDETERMINE,INDETERMINE,AUTRE_SORTIE,Source: https://fr.wikipedia.org/wiki/Koh-Lanta_:_Malaisie,True,True,False,7,,False,,False,False,7.0,STANDARD,1,False,7,2026-07-21T02:14:08.627530,anthony,KL15::anthony,,,,,,,,,,,1.0,Physique très musclé explicitement documenté.,MANUAL_REVIEW_ANTHONY_MUSCULAR_BUILD,True,True,24.0,https://survivor.fandom.com/wiki/Koh-Lanta%3A_Malaisie,EXTERNAL_RESEARCH_VALIDATED,MALE,Le profil de Anthony emploie une présentation correspondant au genre MALE.,HIGH,EXTERNAL_RESEARCH_VALIDATED,Plombier,Anthony — profession : Plombier.,HIGH,EXTERNAL_RESEARCH_VALIDATED,False,"age_raw, gender_raw, profession_raw",MANUAL_FINAL,USER_VALIDATED,True,EXTERNAL_RESEARCH_COMPLETE,Recherche fondée sur le tableau structuré de la saison et les portraits de candidats reproduisant les anciennes fiches TF1. Les performances réalisées pendant l’émission ne sont pas utilisées comme preuve physique.,,HIGH,DOCUMENTED_MUSCULAR_BUILD_OR_SPORT,,1,1,MANUAL_USER_VALIDATION
KL15,Koh-Lanta : Malaisie,2012,https://fr.wikipedia.org/wiki/Koh-Lanta_:_Malaisie,Javier [ N 3 ],,39 ans,,Éliminé,8,0.368421,,Éliminé,INDETERMINE,INDETERMINE,AUTRE_SORTIE,Source: https://fr.wikipedia.org/wiki/Koh-Lanta_:_Malaisie,True,True,False,8,,False,,False,False,8.0,STANDARD,1,False,8,2026-07-21T02:14:08.627530,javier [ n 3 ],KL15::javier [ n 3 ],,,,,,,,,,,0.0,"Réaudit strict : le score antérieur reposait principalement sur un métier manuel, actif ou une preuve sportive trop vague. Aucune preuve suffisante de sport intensif, compétitif, d’entraînement soutenu ou de musculature athlétique.","https://survivor.fandom.com/wiki/Javier_Rodriguez | Peintre en bâtiment : métier manuel directement physique selon la règle méthodologique retenue. || https://survivor.fandom.com/wiki/Koh-Lanta%3A_Malaisie | Tableau de saison : 39 ans, profession Peintre en bâtiment.",True,True,39.0,https://survivor.fandom.com/wiki/Koh-Lanta%3A_Malaisie,EXTERNAL_RESEARCH_VALIDATED,MALE,Le profil de Javier [ N 3 ] emploie une présentation correspondant au genre MALE.,HIGH,EXTERNAL_RESEARCH_VALIDATED,Peintre en bâtiment,Javier [ N 3 ] — profession : Peintre en bâtiment.,HIGH,EXTERNAL_RESEARCH_VALIDATED,False,"age_raw, gender_raw, profession_raw",MANUAL_FINAL,USER_VALIDATED,True,EXTERNAL_RESEARCH_COMPLETE,Recherche fondée sur le tableau structuré de la saison et les portraits de candidats reproduisant les anciennes fiches TF1. Les performances réalisées pendant l’émission ne sont pas utilisées comme preuve physique.,STRICT_REAUDIT_NO_SUFFICIENT_ATHLETIC_EVIDENCE,HIGH,,,0,0,MANUAL_USER_VALIDATION
KL15,Koh-Lanta : Malaisie,2012,https://fr.wikipedia.org/wiki/Koh-Lanta_:_Malaisie,Namadia [ N 4 ],,28 ans,,Éliminé,9,0.421053,,Éliminé,INDETERMINE,INDETERMINE,AUTRE_SORTIE,Source: https://fr.wikipedia.org/wiki/Koh-Lanta_:_Malaisie,True,True,False,9,,False,,False,False,9.0,STANDARD,1,False,9,2026-07-21T02:14:08.627530,namadia [ n 4 ],KL15::namadia [ n 4 ],,,,,,,,,,,0.0,"Le portrait le décrit comme compétiteur, mais sans sport régulier, intensité ou musculature documentés. Le score proposé est donc 0.","https://survivor.fandom.com/wiki/Namadia_Tha%C3%AF_Tha%C3%AF | Le portrait le décrit comme compétiteur, mais sans sport régulier, intensité ou musculature documentés. || https://survivor.fandom.com/wiki/Koh-Lanta%3A_Malaisie | Tableau de saison : 28 ans, profession Chauffeur-livreur.",True,True,28.0,https://survivor.fandom.com/wiki/Koh-Lanta%3A_Malaisie,EXTERNAL_RESEARCH_VALIDATED,MALE,Le profil de Namadia [ N 4 ] emploie une présentation correspondant au genre MALE.,HIGH,EXTERNAL_RESEARCH_VALIDATED,Chauffeur-livreur,Namadia [ N 4 ] — profession : Chauffeur-livreur.,HIGH,EXTERNAL_RESEARCH_VALIDATED,False,"age_raw, gender_raw, profession_raw",MANUAL_FINAL,USER_VALIDATED,True,EXTERNAL_RESEARCH_COMPLETE,Recherche fondée sur le tableau structuré de la saison et les portraits de candidats reproduisant les anciennes fiches TF1. Les performances réalisées pendant l’émission ne sont pas utilisées comme preuve physique.,NO_QUALIFYING_PHYSICAL_INDICATOR,HIGH,,,0,0,MANUAL_USER_VALIDATION
KL15,Koh-Lanta : Malaisie,2012,https://fr.wikipedia.org/wiki/Koh-Lanta_:_Malaisie,Marylou,,22 ans,,Éliminée,10,0.473684,,Éliminée,INDETERMINE,INDETERMINE,AUTRE_SORTIE,Source: https://fr.wikipedia.org/wiki/Koh-Lanta_:_Malaisie,True,True,False,10,,False,,False,False,10.0,STANDARD,1,False,10,2026-07-21T02:14:08.627530,marylou,KL15::marylou,,,,,,,,,,,1.0,Ancienne membre de l’équipe de France de taekwondo jusqu’à 19 ans. Cet élément satisfait le critère binaire positif.,"https://survivor.fandom.com/wiki/Marylou | Ancienne membre de l’équipe de France de taekwondo jusqu’à 19 ans. || https://survivor.fandom.com/wiki/Koh-Lanta%3A_Malaisie | Tableau de saison : 22 ans, profession Hôtesse de l’air.",True,True,22.0,https://survivor.fandom.com/wiki/Koh-Lanta%3A_Malaisie,EXTERNAL_RESEARCH_VALIDATED,FEMALE,Le profil de Marylou emploie une présentation correspondant au genre FEMALE.,HIGH,EXTERNAL_RESEARCH_VALIDATED,Hôtesse de l’air,Marylou — profession : Hôtesse de l’air.,HIGH,EXTERNAL_RESEARCH_VALIDATED,False,"age_raw, gender_raw, profession_raw",MANUAL_FINAL,USER_VALIDATED,True,EXTERNAL_RESEARCH_COMPLETE,Recherche fondée sur le tableau structuré de la saison et les portraits de candidats reproduisant les anciennes fiches TF1. Les performances réalisées pendant l’émission ne sont pas utilisées comme preuve physique.,,HIGH,COMPETITIVE_SPORT_BACKGROUND,,1,1,MANUAL_USER_VALIDATION
KL15,Koh-Lanta : Malaisie,2012,https://fr.wikipedia.org/wiki/Koh-Lanta_:_Malaisie,Catherine,,41 ans,,Éliminée,11,0.526316,,Éliminée,INDETERMINE,INDETERMINE,AUTRE_SORTIE,Source: https://fr.wikipedia.org/wiki/Koh-Lanta_:_Malaisie,True,True,False,11,,False,,False,False,11.0,STANDARD,1,False,11,2026-07-21T02:14:08.627530,catherine,KL15::catherine,,,,,,,,,,,0.0,"Le profil disponible ne documente ni pratique sportive intensive, ni musculature, ni profession directement physique. Le score proposé est donc 0.","https://survivor.fandom.com/wiki/Catherine | Le profil disponible ne documente ni pratique sportive intensive, ni musculature, ni profession directement physique. || https://survivor.fandom.com/wiki/Koh-Lanta%3A_Malaisie | Tableau de saison : 41 ans, profession Commerciale en fer à béton.",True,True,41.0,https://survivor.fandom.com/wiki/Koh-Lanta%3A_Malaisie,EXTERNAL_RESEARCH_VALIDATED,FEMALE,Le profil de Catherine emploie une présentation correspondant au genre FEMALE.,HIGH,EXTERNAL_RESEARCH_VALIDATED,Commerciale en fer à béton,Catherine — profession : Commerciale en fer à béton.,HIGH,EXTERNAL_RESEARCH_VALIDATED,False,"age_raw, gender_raw, profession_raw",MANUAL_FINAL,USER_VALIDATED,True,EXTERNAL_RESEARCH_COMPLETE,Recherche fondée sur le tableau structuré de la saison et les portraits de candidats reproduisant les anciennes fiches TF1. Les performances réalisées pendant l’émission ne sont pas utilisées comme preuve physique.,COMPLETE_PROFILE_NO_QUALIFYING_INDICATOR,HIGH,,,0,0,MANUAL_USER_VALIDATION
KL15,Koh-Lanta : Malaisie,2012,https://fr.wikipedia.org/wiki/Koh-Lanta_:_Malaisie,Camille,,18 ans,,Éliminée,12,0.578947,,Éliminée,INDETERMINE,INDETERMINE,AUTRE_SORTIE,Source: https://fr.wikipedia.org/wiki/Koh-Lanta_:_Malaisie,True,True,False,12,,False,,False,False,12.0,STANDARD,1,False,12,2026-07-21T02:14:08.627530,camille,KL15::camille,,,,,,,,,,,0.0,"Réaudit strict : le score antérieur reposait principalement sur un métier manuel, actif ou une preuve sportive trop vague. Aucune preuve suffisante de sport intensif, compétitif, d’entraînement soutenu ou de musculature athlétique.","https://survivor.fandom.com/wiki/Camille | Étudiante en STAPS : formation supérieure directement consacrée aux activités physiques et sportives. || https://survivor.fandom.com/wiki/Koh-Lanta%3A_Malaisie | Tableau de saison : 18 ans, profession Étudiante en STAPS.",True,True,18.0,https://survivor.fandom.com/wiki/Koh-Lanta%3A_Malaisie,EXTERNAL_RESEARCH_VALIDATED,FEMALE,Le profil de Camille emploie une présentation correspondant au genre FEMALE.,HIGH,EXTERNAL_RESEARCH_VALIDATED,Étudiante en STAPS,Camille — profession : Étudiante en STAPS.,HIGH,EXTERNAL_RESEARCH_VALIDATED,False,"age_raw, gender_raw, profession_raw",MANUAL_FINAL,USER_VALIDATED,True,EXTERNAL_RESEARCH_COMPLETE,Recherche fondée sur le tableau structuré de la saison et les portraits de candidats reproduisant les anciennes fiches TF1. Les performances réalisées pendant l’émission ne sont pas utilisées comme preuve physique.,STRICT_REAUDIT_NO_SUFFICIENT_ATHLETIC_EVIDENCE,HIGH,,,1,1,MANUAL_USER_VALIDATION
KL15,Koh-Lanta : Malaisie,2012,https://fr.wikipedia.org/wiki/Koh-Lanta_:_Malaisie,Charles,,20 ans,,Abandon médical,13,0.631579,,Abandon médical,ABANDON_MEDICAL,INDETERMINE,AUTRE_SORTIE,Source: https://fr.wikipedia.org/wiki/Koh-Lanta_:_Malaisie,False,True,False,13,,False,,False,False,13.0,STANDARD,1,False,13,2026-07-21T02:14:08.627530,charles,KL15::charles,,,,,,,,,,,0.0,Le profil documente des études d’architecture sans indicateur sportif ou musculaire qualifiant. Le score proposé est donc 0.,"https://survivor.fandom.com/wiki/Charles | Le profil documente des études d’architecture sans indicateur sportif ou musculaire qualifiant. || https://survivor.fandom.com/wiki/Koh-Lanta%3A_Malaisie | Tableau de saison : 20 ans, profession Étudiant en architecture.",True,True,20.0,https://survivor.fandom.com/wiki/Koh-Lanta%3A_Malaisie,EXTERNAL_RESEARCH_VALIDATED,MALE,Le profil de Charles emploie une présentation correspondant au genre MALE.,HIGH,EXTERNAL_RESEARCH_VALIDATED,Étudiant en architecture,Charles — profession : Étudiant en architecture.,HIGH,EXTERNAL_RESEARCH_VALIDATED,False,"age_raw, gender_raw, profession_raw",MANUAL_FINAL,USER_VALIDATED,True,EXTERNAL_RESEARCH_COMPLETE,Recherche fondée sur le tableau structuré de la saison et les portraits de candidats reproduisant les anciennes fiches TF1. Les performances réalisées pendant l’émission ne sont pas utilisées comme preuve physique.,COMPLETE_PROFILE_NO_QUALIFYING_INDICATOR,HIGH,,,0,0,MANUAL_USER_VALIDATION
KL15,Koh-Lanta : Malaisie,2012,https://fr.wikipedia.org/wiki/Koh-Lanta_:_Malaisie,Thierry,,44 ans,,Éliminé,14,0.684211,,Éliminé,INDETERMINE,INDETERMINE,AUTRE_SORTIE,Source: https://fr.wikipedia.org/wiki/Koh-Lanta_:_Malaisie,True,True,False,14,,False,,False,False,14.0,STANDARD,1,False,14,2026-07-21T02:14:08.627530,thierry,KL15::thierry,,,,,,,,,,,0.0,Le profil disponible documente son métier d’hypnotiseur sans pratique sportive intensive ni musculature signalée. Le score proposé est donc 0.,"https://survivor.fandom.com/wiki/Thierry | Le profil disponible documente son métier d’hypnotiseur sans pratique sportive intensive ni musculature signalée. || https://survivor.fandom.com/wiki/Koh-Lanta%3A_Malaisie | Tableau de saison : 44 ans, profession Hypnotiseur.",True,True,44.0,https://survivor.fandom.com/wiki/Koh-Lanta%3A_Malaisie,EXTERNAL_RESEARCH_VALIDATED,MALE,Le profil de Thierry emploie une présentation correspondant au genre MALE.,HIGH,EXTERNAL_RESEARCH_VALIDATED,Hypnotiseur,Thierry — profession : Hypnotiseur.,HIGH,EXTERNAL_RESEARCH_VALIDATED,False,"age_raw, gender_raw, profession_raw",MANUAL_FINAL,USER_VALIDATED,True,EXTERNAL_RESEARCH_COMPLETE,Recherche fondée sur le tableau structuré de la saison et les portraits de candidats reproduisant les anciennes fiches TF1. Les performances réalisées pendant l’émission ne sont pas utilisées comme preuve physique.,COMPLETE_PROFILE_NO_QUALIFYING_INDICATOR,HIGH,,,0,0,MANUAL_USER_VALIDATION
KL15,Koh-Lanta : Malaisie,2012,https://fr.wikipedia.org/wiki/Koh-Lanta_:_Malaisie,Myriam,,34 ans,,Éliminée,15,0.736842,,Éliminée,INDETERMINE,INDETERMINE,AUTRE_SORTIE,Source: https://fr.wikipedia.org/wiki/Koh-Lanta_:_Malaisie,True,True,False,15,,False,,False,False,15.0,STANDARD,1,False,15,2026-07-21T02:14:08.627530,myriam,KL15::myriam,,,,,,,,,,,0.0,"Le profil disponible ne documente aucun sport intensif, aucune musculature ni profession physique directe. Le score proposé est donc 0.","https://survivor.fandom.com/wiki/Myriam | Le profil disponible ne documente aucun sport intensif, aucune musculature ni profession physique directe. || https://survivor.fandom.com/wiki/Koh-Lanta%3A_Malaisie | Tableau de saison : 34 ans, profession Préparatrice en pharmacie.",True,True,34.0,https://survivor.fandom.com/wiki/Koh-Lanta%3A_Malaisie,EXTERNAL_RESEARCH_VALIDATED,FEMALE,Le profil de Myriam emploie une présentation correspondant au genre FEMALE.,HIGH,EXTERNAL_RESEARCH_VALIDATED,Préparatrice en pharmacie,Myriam — profession : Préparatrice en pharmacie.,HIGH,EXTERNAL_RESEARCH_VALIDATED,False,"age_raw, gender_raw, profession_raw",MANUAL_FINAL,USER_VALIDATED,True,EXTERNAL_RESEARCH_COMPLETE,Recherche fondée sur le tableau structuré de la saison et les portraits de candidats reproduisant les anciennes fiches TF1. Les performances réalisées pendant l’émission ne sont pas utilisées comme preuve physique.,COMPLETE_PROFILE_NO_QUALIFYING_INDICATOR,HIGH,,,0,0,MANUAL_USER_VALIDATION
KL15,Koh-Lanta : Malaisie,2012,https://fr.wikipedia.org/wiki/Koh-Lanta_:_Malaisie,Bernard,,60 ans,,Éliminé,16,0.789474,,Éliminé,INDETERMINE,INDETERMINE,AUTRE_SORTIE,Source: https://fr.wikipedia.org/wiki/Koh-Lanta_:_Malaisie,True,True,False,16,,False,,False,False,16.0,STANDARD,1,False,16,2026-07-21T02:14:08.627530,bernard,KL15::bernard,,,,,,,,,,,0.0,Aucune preuve suffisamment concrète d’un niveau sportif ou athlétique supérieur selon la décision manuelle.,https://www.huffingtonpost.fr/culture/article/mort-de-bernard-deniaud-ancien-de-koh-lanta-en-malaisie_181091.html,True,True,60.0,https://survivor.fandom.com/wiki/Koh-Lanta%3A_Malaisie,EXTERNAL_RESEARCH_VALIDATED,MALE,Le tableau de saison présente Bernard dans la distribution des candidats.,HIGH,EXTERNAL_RESEARCH_VALIDATED,Guide nature retraité,Bernard — profession : Guide nature retraité.,HIGH,EXTERNAL_RESEARCH_VALIDATED,False,"age_raw, gender_raw, profession_raw",MANUAL_FINAL,USER_VALIDATED,True,EXTERNAL_RESEARCH_PARTIAL,Batch final de rattrapage. Les âges et professions déjà validés localement ont été conservés ; les entrées corrompues KL02/KL07/KL08 ont été remplacées par les valeurs des tableaux de saison. Les performances réalisées pendant l’émission ne sont pas utilisées comme preuve physique.,STRICT_MANUAL_NO_SUFFICIENT_POSITIVE_EVIDENCE,HIGH,,,0,0,MANUAL_USER_VALIDATION
KL15,Koh-Lanta : Malaisie,2012,https://fr.wikipedia.org/wiki/Koh-Lanta_:_Malaisie,Philippe [ N 5 ],,41 ans,,Éliminé,17,0.842105,,Éliminé,INDETERMINE,INDETERMINE,AUTRE_SORTIE,Source: https://fr.wikipedia.org/wiki/Koh-Lanta_:_Malaisie,True,True,False,17,,False,,False,False,17.0,STANDARD,1,False,17,2026-07-21T02:14:08.627530,philippe [ n 5 ],KL15::philippe [ n 5 ],,,,,,,,,,,0.0,"Aucune preuve suffisamment concrète de sport intensif, compétitif ou de musculature athlétique.",https://www.ouest-france.fr/europe/france/koh-lanta-philippe-je-ne-fais-confiance-personne-242616,True,True,41.0,https://survivor.fandom.com/wiki/Koh-Lanta%3A_Malaisie,EXTERNAL_RESEARCH_VALIDATED,MALE,Le tableau de saison présente Philippe [ N 5 ] dans la distribution des candidats.,HIGH,EXTERNAL_RESEARCH_VALIDATED,Employé dans le traitement des déchets,Philippe [ N 5 ] — profession : Employé dans le traitement des déchets.,HIGH,EXTERNAL_RESEARCH_VALIDATED,False,"age_raw, gender_raw, profession_raw",MANUAL_FINAL,USER_VALIDATED,True,EXTERNAL_RESEARCH_PARTIAL,Batch final de rattrapage. Les âges et professions déjà validés localement ont été conservés ; les entrées corrompues KL02/KL07/KL08 ont été remplacées par les valeurs des tableaux de saison. Les performances réalisées pendant l’émission ne sont pas utilisées comme preuve physique.,STRICT_MANUAL_NO_SUFFICIENT_POSITIVE_EVIDENCE,HIGH,,,0,0,MANUAL_USER_VALIDATION
KL15,Koh-Lanta : Malaisie,2012,https://fr.wikipedia.org/wiki/Koh-Lanta_:_Malaisie,Vanessa,,37 ans,,Éliminée,18,0.894737,,Éliminée,INDETERMINE,INDETERMINE,AUTRE_SORTIE,Source: https://fr.wikipedia.org/wiki/Koh-Lanta_:_Malaisie,True,True,False,18,,False,,False,False,18.0,STANDARD,1,False,18,2026-07-21T02:14:08.627530,vanessa,KL15::vanessa,,,,,,,,,,,0.0,"Réaudit strict : le score antérieur reposait principalement sur un métier manuel, actif ou une preuve sportive trop vague. Aucune preuve suffisante de sport intensif, compétitif, d’entraînement soutenu ou de musculature athlétique.","https://survivor.fandom.com/wiki/Vanessa | Ostréicultrice : métier manuel de terrain directement physique selon la règle méthodologique retenue. || https://survivor.fandom.com/wiki/Koh-Lanta%3A_Malaisie | Tableau de saison : 37 ans, profession Ostréicultrice.",True,True,37.0,https://survivor.fandom.com/wiki/Koh-Lanta%3A_Malaisie,EXTERNAL_RESEARCH_VALIDATED,FEMALE,Le profil de Vanessa emploie une présentation correspondant au genre FEMALE.,HIGH,EXTERNAL_RESEARCH_VALIDATED,Ostréicultrice,Vanessa — profession : Ostréicultrice.,HIGH,EXTERNAL_RESEARCH_VALIDATED,False,"age_raw, gender_raw, profession_raw",MANUAL_FINAL,USER_VALIDATED,True,EXTERNAL_RESEARCH_COMPLETE,Recherche fondée sur le tableau structuré de la saison et les portraits de candidats reproduisant les anciennes fiches TF1. Les performances réalisées pendant l’émission ne sont pas utilisées comme preuve physique.,STRICT_REAUDIT_NO_SUFFICIENT_ATHLETIC_EVIDENCE,HIGH,,,0,0,MANUAL_USER_VALIDATION
KL15,Koh-Lanta : Malaisie,2012,https://fr.wikipedia.org/wiki/Koh-Lanta_:_Malaisie,Brice [ N 6 ],,30 ans,,Finaliste,19,0.947368,,Finaliste,FINALISTE,FIN_DE_JEU,AUTRE_SORTIE,Source: https://fr.wikipedia.org/wiki/Koh-Lanta_:_Malaisie,False,True,False,19,,False,,False,False,19.0,STANDARD,1,False,19,2026-07-21T02:14:08.627530,brice [ n 6 ],KL15::brice [ n 6 ],,,,,,,,,,,0.0,La profession de mannequin ne suffit pas à établir une musculature ou un entraînement physique intensif documenté. Le score proposé est donc 0.,"https://survivor.fandom.com/wiki/Brice_Martinet | La profession de mannequin ne suffit pas à établir une musculature ou un entraînement physique intensif documenté. || https://survivor.fandom.com/wiki/Koh-Lanta%3A_Malaisie | Tableau de saison : 30 ans, profession Mannequin.",True,True,30.0,https://survivor.fandom.com/wiki/Koh-Lanta%3A_Malaisie,EXTERNAL_RESEARCH_VALIDATED,MALE,Le profil de Brice [ N 6 ] emploie une présentation correspondant au genre MALE.,HIGH,EXTERNAL_RESEARCH_VALIDATED,Mannequin,Brice [ N 6 ] — profession : Mannequin.,HIGH,EXTERNAL_RESEARCH_VALIDATED,False,"age_raw, gender_raw, profession_raw",MANUAL_FINAL,USER_VALIDATED,True,EXTERNAL_RESEARCH_COMPLETE,Recherche fondée sur le tableau structuré de la saison et les portraits de candidats reproduisant les anciennes fiches TF1. Les performances réalisées pendant l’émission ne sont pas utilisées comme preuve physique.,NO_QUALIFYING_PHYSICAL_INDICATOR,HIGH,,,1,1,MANUAL_USER_VALIDATION
KL15,Koh-Lanta : Malaisie,2012,https://fr.wikipedia.org/wiki/Koh-Lanta_:_Malaisie,Ugo [ N 7 ],,30 ans,,Gagnant,20,1.0,,Gagnant,VAINQUEUR,FIN_DE_JEU,AUTRE_SORTIE,Source: https://fr.wikipedia.org/wiki/Koh-Lanta_:_Malaisie,False,True,False,20,,False,,False,False,20.0,STANDARD,0,True,20,2026-07-21T02:14:08.627530,ugo [ n 7 ],KL15::ugo [ n 7 ],,,,,,,,,,,0.0,"Aucune preuve suffisamment concrète de sport intensif, compétitif ou de musculature athlétique.",https://kohlanta.fandom.com/fr/wiki/Ugo_Lartiche,True,True,30.0,https://survivor.fandom.com/wiki/Koh-Lanta%3A_Malaisie,EXTERNAL_RESEARCH_VALIDATED,MALE,Le tableau de saison présente Ugo [ N 7 ] dans la distribution des candidats.,HIGH,EXTERNAL_RESEARCH_VALIDATED,Fauconnier,Ugo [ N 7 ] — profession : Fauconnier.,HIGH,EXTERNAL_RESEARCH_VALIDATED,False,"age_raw, gender_raw, profession_raw",MANUAL_FINAL,USER_VALIDATED,True,EXTERNAL_RESEARCH_PARTIAL,Batch final de rattrapage. Les âges et professions déjà validés localement ont été conservés ; les entrées corrompues KL02/KL07/KL08 ont été remplacées par les valeurs des tableaux de saison. Les performances réalisées pendant l’émission ne sont pas utilisées comme preuve physique.,STRICT_MANUAL_NO_SUFFICIENT_POSITIVE_EVIDENCE,HIGH,,,0,0,MANUAL_USER_VALIDATION
KL02,KL KL02,2002,https://en.wikipedia.org/wiki/Koh-Lanta:_Nicoya,Xavier,,,Tambor,INDETERMINE,1,0.0,,INDETERMINE,INDETERMINE,INDETERMINE,INDETERMINE,Extrait du tableau des votes Wikipedia,True,True,False,1,,False,,False,False,1.0,STANDARD,1,False,1,2026-07-21T01:58:30.948916,xavier,KL02::xavier,,,,,,,,,,,0.0,"Réaudit strict : le score antérieur reposait principalement sur un métier manuel, actif ou une preuve sportive trop vague. Aucune preuve suffisante de sport intensif, compétitif, d’entraînement soutenu ou de musculature athlétique.",https://kohlanta.fandom.com/fr/wiki/Koh-Lanta_%3A_Nicoya | Kinésithérapeute : profession directement corporelle et physiquement active selon la règle méthodologique retenue.,True,True,29.0,https://kohlanta.fandom.com/fr/wiki/Koh-Lanta_%3A_Nicoya,EXTERNAL_RESEARCH_VALIDATED,MALE,Le tableau de saison présente Xavier dans la distribution des candidats.,HIGH,EXTERNAL_RESEARCH_VALIDATED,Kinésithérapeute,Xavier — profession : Kinésithérapeute.,HIGH,EXTERNAL_RESEARCH_VALIDATED,True,"age_raw, gender_raw, profession_raw",MANUAL_FINAL,USER_VALIDATED,False,EXTERNAL_RESEARCH_COMPLETE,Batch final de rattrapage. Les âges et professions déjà validés localement ont été conservés ; les entrées corrompues KL02/KL07/KL08 ont été remplacées par les valeurs des tableaux de saison. Les performances réalisées pendant l’émission ne sont pas utilisées comme preuve physique.,STRICT_REAUDIT_NO_SUFFICIENT_ATHLETIC_EVIDENCE,HIGH,,,0,0,MANUAL_USER_VALIDATION
KL02,KL KL02,2002,https://en.wikipedia.org/wiki/Koh-Lanta:_Nicoya,Caroline Mercier,,29.0,Mornant,INDETERMINE,2,0.066667,,INDETERMINE,INDETERMINE,INDETERMINE,INDETERMINE,Extrait du tableau des votes Wikipedia,True,True,False,2,,False,,False,False,2.0,STANDARD,1,False,2,2026-07-21T01:58:30.948916,caroline mercier,KL02::caroline mercier,,,,,,,,,,,0.0,"Profil documenté, aucun indicateur physique qualifiant",,True,False,29.0,RAW_SEASON_TABLE,VALIDATED,FEMALE,,HIGH,VALIDATED,Mornant,Source: https://en.wikipedia.org/wiki/Koh-Lanta:_Nicoya,MEDIUM,VALIDATED,True,"age_raw, gender_raw, profession_raw",MANUAL_FINAL,USER_VALIDATED,False,LOCALLY_PARTIAL,Données locales suffisantes,COMPLETE_PROFILE_NO_QUALIFYING_INDICATOR,HIGH,,,0,0,MANUAL_USER_VALIDATION
KL02,KL KL02,2002,https://en.wikipedia.org/wiki/Koh-Lanta:_Nicoya,Céline Genty,,28.0,Paris,INDETERMINE,3,0.133333,,INDETERMINE,INDETERMINE,INDETERMINE,INDETERMINE,Extrait du tableau des votes Wikipedia,True,True,False,3,,False,,False,False,3.0,STANDARD,1,False,3,2026-07-21T01:58:30.948916,céline genty,KL02::céline genty,,,,,,,,,,,0.0,"Profil documenté, aucun indicateur physique qualifiant",,True,False,28.0,RAW_SEASON_TABLE,VALIDATED,FEMALE,,HIGH,VALIDATED,Paris,Source: https://en.wikipedia.org/wiki/Koh-Lanta:_Nicoya,MEDIUM,VALIDATED,True,"age_raw, gender_raw, profession_raw",MANUAL_FINAL,USER_VALIDATED,False,LOCALLY_PARTIAL,Données locales suffisantes,COMPLETE_PROFILE_NO_QUALIFYING_INDICATOR,HIGH,,,0,0,MANUAL_USER_VALIDATION
KL02,KL KL02,2002,https://en.wikipedia.org/wiki/Koh-Lanta:_Nicoya,Nelly,,22.0,Toulouse,INDETERMINE,4,0.2,,INDETERMINE,INDETERMINE,INDETERMINE,INDETERMINE,Extrait du tableau des votes Wikipedia,True,True,False,4,,False,,False,False,4.0,STANDARD,1,False,4,2026-07-21T01:58:30.948916,nelly,KL02::nelly,,,,,,,,,,,0.0,"Profil documenté, aucun indicateur physique qualifiant",,True,False,22.0,RAW_SEASON_TABLE,VALIDATED,FEMALE,,HIGH,VALIDATED,Toulouse,Source: https://en.wikipedia.org/wiki/Koh-Lanta:_Nicoya,MEDIUM,VALIDATED,True,"age_raw, gender_raw, profession_raw",MANUAL_FINAL,USER_VALIDATED,False,LOCALLY_PARTIAL,Données locales suffisantes,COMPLETE_PROFILE_NO_QUALIFYING_INDICATOR,HIGH,,,0,0,MANUAL_USER_VALIDATION
KL02,KL KL02,2002,https://en.wikipedia.org/wiki/Koh-Lanta:_Nicoya,Pierre,,24.0,Bordeaux,INDETERMINE,5,0.266667,,INDETERMINE,INDETERMINE,INDETERMINE,INDETERMINE,Extrait du tableau des votes Wikipedia,True,True,False,5,,False,,False,False,5.0,STANDARD,1,False,5,2026-07-21T01:58:30.948916,pierre,KL02::pierre,,,,,,,,,,,0.0,"Profil documenté, aucun indicateur physique qualifiant",,True,False,24.0,RAW_SEASON_TABLE,VALIDATED,MALE,,HIGH,VALIDATED,Bordeaux,Source: https://en.wikipedia.org/wiki/Koh-Lanta:_Nicoya,MEDIUM,VALIDATED,True,"age_raw, gender_raw, profession_raw",MANUAL_FINAL,USER_VALIDATED,False,LOCALLY_PARTIAL,Données locales suffisantes,COMPLETE_PROFILE_NO_QUALIFYING_INDICATOR,HIGH,,,0,0,MANUAL_USER_VALIDATION
KL02,KL KL02,2002,https://en.wikipedia.org/wiki/Koh-Lanta:_Nicoya,Jacky,,51.0,Brignoles,INDETERMINE,6,0.333333,,INDETERMINE,INDETERMINE,INDETERMINE,INDETERMINE,Extrait du tableau des votes Wikipedia,True,True,False,6,,False,,False,False,6.0,STANDARD,1,False,6,2026-07-21T01:58:30.948916,jacky,KL02::jacky,,,,,,,,,,,0.0,"Profil documenté, aucun indicateur physique qualifiant",,True,False,51.0,RAW_SEASON_TABLE,VALIDATED,MALE,,HIGH,VALIDATED,Brignoles,Source: https://en.wikipedia.org/wiki/Koh-Lanta:_Nicoya,MEDIUM,VALIDATED,True,"age_raw, gender_raw, profession_raw",MANUAL_FINAL,USER_VALIDATED,False,LOCALLY_PARTIAL,Données locales suffisantes,COMPLETE_PROFILE_NO_QUALIFYING_INDICATOR,HIGH,,,0,0,MANUAL_USER_VALIDATION
KL02,KL KL02,2002,https://en.wikipedia.org/wiki/Koh-Lanta:_Nicoya,Adonis,,29.0,Lille,INDETERMINE,7,0.4,,INDETERMINE,INDETERMINE,INDETERMINE,INDETERMINE,Extrait du tableau des votes Wikipedia,True,True,False,7,,False,,False,False,7.0,STANDARD,1,False,7,2026-07-21T01:58:30.948916,adonis,KL02::adonis,,,,,,,,,,,0.0,"Profil documenté, aucun indicateur physique qualifiant",,True,False,29.0,RAW_SEASON_TABLE,VALIDATED,MALE,,HIGH,VALIDATED,Lille,Source: https://en.wikipedia.org/wiki/Koh-Lanta:_Nicoya,MEDIUM,VALIDATED,True,"age_raw, gender_raw, profession_raw",MANUAL_FINAL,USER_VALIDATED,False,LOCALLY_PARTIAL,Données locales suffisantes,COMPLETE_PROFILE_NO_QUALIFYING_INDICATOR,HIGH,,,0,0,MANUAL_USER_VALIDATION
KL02,KL KL02,2002,https://en.wikipedia.org/wiki/Koh-Lanta:_Nicoya,Jimmy,,33.0,Noisy-le-Grand,INDETERMINE,8,0.466667,,INDETERMINE,INDETERMINE,INDETERMINE,INDETERMINE,Extrait du tableau des votes Wikipedia,True,True,False,8,,False,,False,False,8.0,STANDARD,1,False,8,2026-07-21T01:58:30.948916,jimmy,KL02::jimmy,,,,,,,,,,,0.0,"Profil documenté, aucun indicateur physique qualifiant",,True,False,33.0,RAW_SEASON_TABLE,VALIDATED,MALE,,HIGH,VALIDATED,Noisy-le-Grand,Source: https://en.wikipedia.org/wiki/Koh-Lanta:_Nicoya,MEDIUM,VALIDATED,True,"age_raw, gender_raw, profession_raw",MANUAL_FINAL,USER_VALIDATED,False,LOCALLY_PARTIAL,Données locales suffisantes,COMPLETE_PROFILE_NO_QUALIFYING_INDICATOR,HIGH,,,0,0,MANUAL_USER_VALIDATION
KL02,KL KL02,2002,https://en.wikipedia.org/wiki/Koh-Lanta:_Nicoya,Béatrice,,22.0,Paris,INDETERMINE,9,0.533333,,INDETERMINE,INDETERMINE,INDETERMINE,INDETERMINE,Extrait du tableau des votes Wikipedia,True,True,False,9,,False,,False,False,9.0,STANDARD,1,False,9,2026-07-21T01:58:30.948916,béatrice,KL02::béatrice,,,,,,,,,,,0.0,"Profil documenté, aucun indicateur physique qualifiant",,True,False,22.0,RAW_SEASON_TABLE,VALIDATED,FEMALE,,HIGH,VALIDATED,Paris,Source: https://en.wikipedia.org/wiki/Koh-Lanta:_Nicoya,MEDIUM,VALIDATED,True,"age_raw, gender_raw, profession_raw",MANUAL_FINAL,USER_VALIDATED,False,LOCALLY_PARTIAL,Données locales suffisantes,COMPLETE_PROFILE_NO_QUALIFYING_INDICATOR,HIGH,,,0,0,MANUAL_USER_VALIDATION
KL02,KL KL02,2002,https://en.wikipedia.org/wiki/Koh-Lanta:_Nicoya,François-Xavier,,35.0,Bandol,INDETERMINE,10,0.6,,INDETERMINE,INDETERMINE,INDETERMINE,INDETERMINE,Extrait du tableau des votes Wikipedia,True,True,False,10,,False,,False,False,10.0,STANDARD,1,False,10,2026-07-21T01:58:30.948916,françois-xavier,KL02::françois-xavier,,,,,,,,,,,0.0,"Profil documenté, aucun indicateur physique qualifiant",,True,False,35.0,RAW_SEASON_TABLE,VALIDATED,MALE,,HIGH,VALIDATED,Bandol,Source: https://en.wikipedia.org/wiki/Koh-Lanta:_Nicoya,MEDIUM,VALIDATED,True,"age_raw, gender_raw, profession_raw",MANUAL_FINAL,USER_VALIDATED,False,LOCALLY_PARTIAL,Données locales suffisantes,COMPLETE_PROFILE_NO_QUALIFYING_INDICATOR,HIGH,,,0,0,MANUAL_USER_VALIDATION
KL02,KL KL02,2002,https://en.wikipedia.org/wiki/Koh-Lanta:_Nicoya,Isabelle,,25.0,Rueil-Malmaison,INDETERMINE,11,0.666667,,INDETERMINE,INDETERMINE,INDETERMINE,INDETERMINE,Extrait du tableau des votes Wikipedia,True,True,False,11,,False,,False,False,11.0,STANDARD,1,False,11,2026-07-21T01:58:30.948916,isabelle,KL02::isabelle,,,,,,,,,,,0.0,"Profil documenté, aucun indicateur physique qualifiant",,True,False,25.0,RAW_SEASON_TABLE,VALIDATED,FEMALE,,HIGH,VALIDATED,Rueil-Malmaison,Source: https://en.wikipedia.org/wiki/Koh-Lanta:_Nicoya,MEDIUM,VALIDATED,True,"age_raw, gender_raw, profession_raw",MANUAL_FINAL,USER_VALIDATED,False,LOCALLY_PARTIAL,Données locales suffisantes,COMPLETE_PROFILE_NO_QUALIFYING_INDICATOR,HIGH,,,0,0,MANUAL_USER_VALIDATION
KL02,KL KL02,2002,https://en.wikipedia.org/wiki/Koh-Lanta:_Nicoya,Maud,,36.0,Nice,INDETERMINE,12,0.733333,,INDETERMINE,INDETERMINE,INDETERMINE,INDETERMINE,Extrait du tableau des votes Wikipedia,True,True,False,12,,False,,False,False,12.0,STANDARD,1,False,12,2026-07-21T01:58:30.948916,maud,KL02::maud,,,,,,,,,,,0.0,"Profil documenté, aucun indicateur physique qualifiant",,True,False,36.0,RAW_SEASON_TABLE,VALIDATED,FEMALE,,HIGH,VALIDATED,Nice,Source: https://en.wikipedia.org/wiki/Koh-Lanta:_Nicoya,MEDIUM,VALIDATED,True,"age_raw, gender_raw, profession_raw",MANUAL_FINAL,USER_VALIDATED,False,LOCALLY_PARTIAL,Données locales suffisantes,COMPLETE_PROFILE_NO_QUALIFYING_INDICATOR,HIGH,,,0,0,MANUAL_USER_VALIDATION
KL02,KL KL02,2002,https://en.wikipedia.org/wiki/Koh-Lanta:_Nicoya,Marianne,,25.0,Nantes,INDETERMINE,13,0.8,,INDETERMINE,INDETERMINE,INDETERMINE,INDETERMINE,Extrait du tableau des votes Wikipedia,True,True,False,13,,False,,False,False,13.0,STANDARD,1,False,13,2026-07-21T01:58:30.948916,marianne,KL02::marianne,,,,,,,,,,,0.0,"Profil documenté, aucun indicateur physique qualifiant",,True,False,25.0,RAW_SEASON_TABLE,VALIDATED,FEMALE,,HIGH,VALIDATED,Nantes,Source: https://en.wikipedia.org/wiki/Koh-Lanta:_Nicoya,MEDIUM,VALIDATED,True,"age_raw, gender_raw, profession_raw",MANUAL_FINAL,USER_VALIDATED,False,LOCALLY_PARTIAL,Données locales suffisantes,COMPLETE_PROFILE_NO_QUALIFYING_INDICATOR,HIGH,,,0,0,MANUAL_USER_VALIDATION
KL02,KL KL02,2002,https://en.wikipedia.org/wiki/Koh-Lanta:_Nicoya,Bernard,,34.0,Mauléon-Licharre,INDETERMINE,14,0.866667,,INDETERMINE,INDETERMINE,INDETERMINE,INDETERMINE,Extrait du tableau des votes Wikipedia,True,True,False,14,,False,,False,False,14.0,STANDARD,1,False,14,2026-07-21T01:58:30.948916,bernard,KL02::bernard,,,,,,,,,,,0.0,"Profil documenté, aucun indicateur physique qualifiant",,True,False,34.0,RAW_SEASON_TABLE,VALIDATED,MALE,,HIGH,VALIDATED,Mauléon-Licharre,Source: https://en.wikipedia.org/wiki/Koh-Lanta:_Nicoya,MEDIUM,VALIDATED,True,"age_raw, gender_raw, profession_raw",MANUAL_FINAL,USER_VALIDATED,False,LOCALLY_PARTIAL,Données locales suffisantes,COMPLETE_PROFILE_NO_QUALIFYING_INDICATOR,HIGH,,,0,0,MANUAL_USER_VALIDATION
KL02,KL KL02,2002,https://en.wikipedia.org/wiki/Koh-Lanta:_Nicoya,Nicolas Roy,,47.0,Lyon,FINALISTE,15,0.933333,,FINALISTE,FINALISTE,FIN_DE_JEU,AUTRE_SORTIE,Extrait du tableau des votes Wikipedia,False,True,False,15,,False,,False,False,15.0,STANDARD,1,False,15,2026-07-21T01:58:30.948916,nicolas roy,KL02::nicolas roy,,,,,,,,,,,0.0,"Profil documenté, aucun indicateur physique qualifiant",,True,False,47.0,RAW_SEASON_TABLE,VALIDATED,MALE,,HIGH,VALIDATED,Lyon,Source: https://en.wikipedia.org/wiki/Koh-Lanta:_Nicoya,MEDIUM,VALIDATED,True,"age_raw, gender_raw, profession_raw",MANUAL_FINAL,USER_VALIDATED,False,LOCALLY_PARTIAL,Données locales suffisantes,COMPLETE_PROFILE_NO_QUALIFYING_INDICATOR,HIGH,,,0,0,MANUAL_USER_VALIDATION
KL02,KL KL02,2002,https://en.wikipedia.org/wiki/Koh-Lanta:_Nicoya,Amel Fatnassi,,29.0,Bressuire,VAINQUEUR,16,1.0,,VAINQUEUR,VAINQUEUR,FIN_DE_JEU,AUTRE_SORTIE,Extrait du tableau des votes Wikipedia,False,True,False,16,,False,,False,False,16.0,STANDARD,0,True,16,2026-07-21T01:58:30.948916,amel fatnassi,KL02::amel fatnassi,,,,,,,,,,,0.0,"Profil documenté, aucun indicateur physique qualifiant",,True,False,29.0,RAW_SEASON_TABLE,VALIDATED,FEMALE,,HIGH,VALIDATED,Bressuire,Source: https://en.wikipedia.org/wiki/Koh-Lanta:_Nicoya,MEDIUM,VALIDATED,True,"age_raw, gender_raw, profession_raw",MANUAL_FINAL,USER_VALIDATED,False,LOCALLY_PARTIAL,Données locales suffisantes,COMPLETE_PROFILE_NO_QUALIFYING_INDICATOR,HIGH,,,0,0,MANUAL_USER_VALIDATION
KL07,KL KL07,2007,https://en.wikipedia.org/wiki/Koh-Lanta:_Palawan,Ali,,,Guntao,INDETERMINE,1,0.0,,INDETERMINE,INDETERMINE,INDETERMINE,INDETERMINE,Extrait du tableau des votes Wikipedia,True,True,False,1,,False,,False,False,1.0,STANDARD,1,False,1,2026-07-21T01:58:32.598315,ali,KL07::ali,,,,,,,,,,,0.0,"Le tableau de Palawan documente 35 ans et le métier de conducteur de métro, sans indicateur sportif ou musculaire qualifiant. Le score proposé est donc 0.","https://kohlanta.fandom.com/fr/wiki/Koh-Lanta_%3A_Palawan | Le tableau de Palawan documente 35 ans et le métier de conducteur de métro, sans indicateur sportif ou musculaire qualifiant.",True,True,35.0,https://kohlanta.fandom.com/fr/wiki/Koh-Lanta_%3A_Palawan,EXTERNAL_RESEARCH_VALIDATED,MALE,Le tableau de saison présente Ali dans la distribution des candidats.,HIGH,EXTERNAL_RESEARCH_VALIDATED,Conducteur de métro,Ali — profession : Conducteur de métro.,HIGH,EXTERNAL_RESEARCH_VALIDATED,True,"age_raw, gender_raw, profession_raw",MANUAL_FINAL,USER_VALIDATED,False,EXTERNAL_RESEARCH_COMPLETE,Batch final de rattrapage. Les âges et professions déjà validés localement ont été conservés ; les entrées corrompues KL02/KL07/KL08 ont été remplacées par les valeurs des tableaux de saison. Les performances réalisées pendant l’émission ne sont pas utilisées comme preuve physique.,COMPLETE_PROFILE_NO_QUALIFYING_INDICATOR,HIGH,,,0,0,MANUAL_USER_VALIDATION
KL07,KL KL07,2007,https://en.wikipedia.org/wiki/Koh-Lanta:_Palawan,Pascale,,35.0,Stains,INDETERMINE,2,0.066667,,INDETERMINE,INDETERMINE,INDETERMINE,INDETERMINE,Extrait du tableau des votes Wikipedia,True,True,False,2,,False,,False,False,2.0,STANDARD,1,False,2,2026-07-21T01:58:32.598315,pascale,KL07::pascale,,,,,,,,,,,0.0,"Profil documenté, aucun indicateur physique qualifiant",,True,False,35.0,RAW_SEASON_TABLE,VALIDATED,FEMALE,,HIGH,VALIDATED,Stains,Source: https://en.wikipedia.org/wiki/Koh-Lanta:_Palawan,MEDIUM,VALIDATED,True,"age_raw, gender_raw, profession_raw",MANUAL_FINAL,USER_VALIDATED,False,LOCALLY_PARTIAL,Données locales suffisantes,COMPLETE_PROFILE_NO_QUALIFYING_INDICATOR,HIGH,,,0,0,MANUAL_USER_VALIDATION
KL07,KL KL07,2007,https://en.wikipedia.org/wiki/Koh-Lanta:_Palawan,Marie-Laure,,39.0,Semussac,INDETERMINE,3,0.133333,,INDETERMINE,INDETERMINE,INDETERMINE,INDETERMINE,Extrait du tableau des votes Wikipedia,True,True,False,3,,False,,False,False,3.0,STANDARD,1,False,3,2026-07-21T01:58:32.598315,marie-laure,KL07::marie-laure,,,,,,,,,,,0.0,"Profil documenté, aucun indicateur physique qualifiant",,True,False,39.0,RAW_SEASON_TABLE,VALIDATED,FEMALE,,HIGH,VALIDATED,Semussac,Source: https://en.wikipedia.org/wiki/Koh-Lanta:_Palawan,MEDIUM,VALIDATED,True,"age_raw, gender_raw, profession_raw",MANUAL_FINAL,USER_VALIDATED,False,LOCALLY_PARTIAL,Données locales suffisantes,COMPLETE_PROFILE_NO_QUALIFYING_INDICATOR,HIGH,,,0,0,MANUAL_USER_VALIDATION
KL07,KL KL07,2007,https://en.wikipedia.org/wiki/Koh-Lanta:_Palawan,Mélanie,,23.0,Paris,INDETERMINE,4,0.2,,INDETERMINE,INDETERMINE,INDETERMINE,INDETERMINE,Extrait du tableau des votes Wikipedia,True,True,False,4,,False,,False,False,4.0,STANDARD,1,False,4,2026-07-21T01:58:32.598315,mélanie,KL07::mélanie,,,,,,,,,,,0.0,"Profil documenté, aucun indicateur physique qualifiant",,True,False,23.0,RAW_SEASON_TABLE,VALIDATED,FEMALE,,HIGH,VALIDATED,Paris,Source: https://en.wikipedia.org/wiki/Koh-Lanta:_Palawan,MEDIUM,VALIDATED,True,"age_raw, gender_raw, profession_raw",MANUAL_FINAL,USER_VALIDATED,False,LOCALLY_PARTIAL,Données locales suffisantes,COMPLETE_PROFILE_NO_QUALIFYING_INDICATOR,HIGH,,,0,0,MANUAL_USER_VALIDATION
KL07,KL KL07,2007,https://en.wikipedia.org/wiki/Koh-Lanta:_Palawan,Véronique Barriol,,24.0,Besançon,INDETERMINE,5,0.266667,,INDETERMINE,INDETERMINE,INDETERMINE,INDETERMINE,Extrait du tableau des votes Wikipedia,True,True,False,5,,False,,False,False,5.0,STANDARD,1,False,5,2026-07-21T01:58:32.598315,véronique barriol,KL07::véronique barriol,,,,,,,,,,,0.0,"Profil documenté, aucun indicateur physique qualifiant",,True,False,24.0,RAW_SEASON_TABLE,VALIDATED,FEMALE,,HIGH,VALIDATED,Besançon,Source: https://en.wikipedia.org/wiki/Koh-Lanta:_Palawan,MEDIUM,VALIDATED,True,"age_raw, gender_raw, profession_raw",MANUAL_FINAL,USER_VALIDATED,False,LOCALLY_PARTIAL,Données locales suffisantes,COMPLETE_PROFILE_NO_QUALIFYING_INDICATOR,HIGH,,,0,0,MANUAL_USER_VALIDATION
KL07,KL KL07,2007,https://en.wikipedia.org/wiki/Koh-Lanta:_Palawan,Chloé,,50.0,Lille,INDETERMINE,6,0.333333,,INDETERMINE,INDETERMINE,INDETERMINE,INDETERMINE,Extrait du tableau des votes Wikipedia,True,True,False,6,,False,,False,False,6.0,STANDARD,1,False,6,2026-07-21T01:58:32.598315,chloé,KL07::chloé,,,,,,,,,,,0.0,"Profil documenté, aucun indicateur physique qualifiant",,True,False,50.0,RAW_SEASON_TABLE,VALIDATED,FEMALE,,HIGH,VALIDATED,Lille,Source: https://en.wikipedia.org/wiki/Koh-Lanta:_Palawan,MEDIUM,VALIDATED,True,"age_raw, gender_raw, profession_raw",MANUAL_FINAL,USER_VALIDATED,False,LOCALLY_PARTIAL,Données locales suffisantes,COMPLETE_PROFILE_NO_QUALIFYING_INDICATOR,HIGH,,,0,0,MANUAL_USER_VALIDATION
KL07,KL KL07,2007,https://en.wikipedia.org/wiki/Koh-Lanta:_Palawan,Érick,,25.0,Rouen,INDETERMINE,7,0.4,,INDETERMINE,INDETERMINE,INDETERMINE,INDETERMINE,Extrait du tableau des votes Wikipedia,True,True,False,7,,False,,False,False,7.0,STANDARD,1,False,7,2026-07-21T01:58:32.598315,érick,KL07::érick,,,,,,,,,,,0.0,"Profil documenté, aucun indicateur physique qualifiant",,True,False,25.0,RAW_SEASON_TABLE,VALIDATED,MALE,,HIGH,VALIDATED,Rouen,Source: https://en.wikipedia.org/wiki/Koh-Lanta:_Palawan,MEDIUM,VALIDATED,True,"age_raw, gender_raw, profession_raw",MANUAL_FINAL,USER_VALIDATED,False,LOCALLY_PARTIAL,Données locales suffisantes,COMPLETE_PROFILE_NO_QUALIFYING_INDICATOR,HIGH,,,1,1,MANUAL_USER_VALIDATION
KL07,KL KL07,2007,https://en.wikipedia.org/wiki/Koh-Lanta:_Palawan,Filomène,,32.0,Nîmes,INDETERMINE,8,0.466667,,INDETERMINE,INDETERMINE,INDETERMINE,INDETERMINE,Extrait du tableau des votes Wikipedia,True,True,False,8,,False,,False,False,8.0,STANDARD,1,False,8,2026-07-21T01:58:32.598315,filomène,KL07::filomène,,,,,,,,,,,0.0,"Profil documenté, aucun indicateur physique qualifiant",,True,False,32.0,RAW_SEASON_TABLE,VALIDATED,FEMALE,,HIGH,VALIDATED,Nîmes,Source: https://en.wikipedia.org/wiki/Koh-Lanta:_Palawan,MEDIUM,VALIDATED,True,"age_raw, gender_raw, profession_raw",MANUAL_FINAL,USER_VALIDATED,False,LOCALLY_PARTIAL,Données locales suffisantes,COMPLETE_PROFILE_NO_QUALIFYING_INDICATOR,HIGH,,,0,0,MANUAL_USER_VALIDATION
KL07,KL KL07,2007,https://en.wikipedia.org/wiki/Koh-Lanta:_Palawan,Adrien,,35.0,Boulogne-Billancourt,INDETERMINE,9,0.533333,,INDETERMINE,INDETERMINE,INDETERMINE,INDETERMINE,Extrait du tableau des votes Wikipedia,True,True,False,9,,False,,False,False,9.0,STANDARD,1,False,9,2026-07-21T01:58:32.598315,adrien,KL07::adrien,,,,,,,,,,,0.0,"Profil documenté, aucun indicateur physique qualifiant",,True,False,35.0,RAW_SEASON_TABLE,VALIDATED,MALE,,HIGH,VALIDATED,Boulogne-Billancourt,Source: https://en.wikipedia.org/wiki/Koh-Lanta:_Palawan,MEDIUM,VALIDATED,True,"age_raw, gender_raw, profession_raw",MANUAL_FINAL,USER_VALIDATED,False,LOCALLY_PARTIAL,Données locales suffisantes,COMPLETE_PROFILE_NO_QUALIFYING_INDICATOR,HIGH,,,0,0,MANUAL_USER_VALIDATION
KL07,KL KL07,2007,https://en.wikipedia.org/wiki/Koh-Lanta:_Palawan,Grégoire,,,Guntao,INDETERMINE,10,0.6,,INDETERMINE,INDETERMINE,INDETERMINE,INDETERMINE,Extrait du tableau des votes Wikipedia,True,True,False,10,,False,,False,False,10.0,STANDARD,1,False,10,2026-07-21T01:58:32.598315,grégoire,KL07::grégoire,,,,,,,,,,,0.0,"Réaudit strict : le score antérieur reposait principalement sur un métier manuel, actif ou une preuve sportive trop vague. Aucune preuve suffisante de sport intensif, compétitif, d’entraînement soutenu ou de musculature athlétique.",https://kohlanta.fandom.com/fr/wiki/Koh-Lanta_%3A_Palawan | Jardinier : métier manuel de terrain directement physique.,True,True,24.0,https://kohlanta.fandom.com/fr/wiki/Koh-Lanta_%3A_Palawan,EXTERNAL_RESEARCH_VALIDATED,MALE,Le tableau de saison présente Grégoire dans la distribution des candidats.,HIGH,EXTERNAL_RESEARCH_VALIDATED,Jardinier,Grégoire — profession : Jardinier.,HIGH,EXTERNAL_RESEARCH_VALIDATED,True,"age_raw, gender_raw, profession_raw",MANUAL_FINAL,USER_VALIDATED,False,EXTERNAL_RESEARCH_COMPLETE,Batch final de rattrapage. Les âges et professions déjà validés localement ont été conservés ; les entrées corrompues KL02/KL07/KL08 ont été remplacées par les valeurs des tableaux de saison. Les performances réalisées pendant l’émission ne sont pas utilisées comme preuve physique.,STRICT_REAUDIT_NO_SUFFICIENT_ATHLETIC_EVIDENCE,HIGH,,,1,1,MANUAL_USER_VALIDATION
KL07,KL KL07,2007,https://en.wikipedia.org/wiki/Koh-Lanta:_Palawan,Laurent,,55.0,Modane,INDETERMINE,11,0.666667,,INDETERMINE,INDETERMINE,INDETERMINE,INDETERMINE,Extrait du tableau des votes Wikipedia,True,True,False,11,,False,,False,False,11.0,STANDARD,1,False,11,2026-07-21T01:58:32.598315,laurent,KL07::laurent,,,,,,,,,,,0.0,"Profil documenté, aucun indicateur physique qualifiant",,True,False,55.0,RAW_SEASON_TABLE,VALIDATED,MALE,,HIGH,VALIDATED,Modane,Source: https://en.wikipedia.org/wiki/Koh-Lanta:_Palawan,MEDIUM,VALIDATED,True,"age_raw, gender_raw, profession_raw",MANUAL_FINAL,USER_VALIDATED,False,LOCALLY_PARTIAL,Données locales suffisantes,COMPLETE_PROFILE_NO_QUALIFYING_INDICATOR,HIGH,,,0,0,MANUAL_USER_VALIDATION
KL07,KL KL07,2007,https://en.wikipedia.org/wiki/Koh-Lanta:_Palawan,Patrick,,24.0,Orgeval,INDETERMINE,12,0.733333,,INDETERMINE,INDETERMINE,INDETERMINE,INDETERMINE,Extrait du tableau des votes Wikipedia,True,True,False,12,,False,,False,False,12.0,STANDARD,1,False,12,2026-07-21T01:58:32.598315,patrick,KL07::patrick,,,,,,,,,,,0.0,"Profil documenté, aucun indicateur physique qualifiant",,True,False,24.0,RAW_SEASON_TABLE,VALIDATED,MALE,,HIGH,VALIDATED,Orgeval,Source: https://en.wikipedia.org/wiki/Koh-Lanta:_Palawan,MEDIUM,VALIDATED,True,"age_raw, gender_raw, profession_raw",MANUAL_FINAL,USER_VALIDATED,False,LOCALLY_PARTIAL,Données locales suffisantes,COMPLETE_PROFILE_NO_QUALIFYING_INDICATOR,HIGH,,,0,0,MANUAL_USER_VALIDATION
KL07,KL KL07,2007,https://en.wikipedia.org/wiki/Koh-Lanta:_Palawan,Simon,,34.0,Sète,INDETERMINE,13,0.8,,INDETERMINE,INDETERMINE,INDETERMINE,INDETERMINE,Extrait du tableau des votes Wikipedia,True,True,False,13,,False,,False,False,13.0,STANDARD,1,False,13,2026-07-21T01:58:32.598315,simon,KL07::simon,,,,,,,,,,,0.0,"Profil documenté, aucun indicateur physique qualifiant",,True,False,34.0,RAW_SEASON_TABLE,VALIDATED,MALE,,HIGH,VALIDATED,Sète,Source: https://en.wikipedia.org/wiki/Koh-Lanta:_Palawan,MEDIUM,VALIDATED,True,"age_raw, gender_raw, profession_raw",MANUAL_FINAL,USER_VALIDATED,False,LOCALLY_PARTIAL,Données locales suffisantes,COMPLETE_PROFILE_NO_QUALIFYING_INDICATOR,HIGH,,,1,1,MANUAL_USER_VALIDATION
KL07,KL KL07,2007,https://en.wikipedia.org/wiki/Koh-Lanta:_Palawan,Maryline,,40.0,Villeneuve d'Ascq,INDETERMINE,14,0.866667,,INDETERMINE,INDETERMINE,INDETERMINE,INDETERMINE,Extrait du tableau des votes Wikipedia,True,True,False,14,,False,,False,False,14.0,STANDARD,1,False,14,2026-07-21T01:58:32.598315,maryline,KL07::maryline,,,,,,,,,,,0.0,"Profil documenté, aucun indicateur physique qualifiant",,True,False,40.0,RAW_SEASON_TABLE,VALIDATED,FEMALE,,HIGH,VALIDATED,Villeneuve d'Ascq,Source: https://en.wikipedia.org/wiki/Koh-Lanta:_Palawan,MEDIUM,VALIDATED,True,"age_raw, gender_raw, profession_raw",MANUAL_FINAL,USER_VALIDATED,False,LOCALLY_PARTIAL,Données locales suffisantes,COMPLETE_PROFILE_NO_QUALIFYING_INDICATOR,HIGH,,,0,0,MANUAL_USER_VALIDATION
KL07,KL KL07,2007,https://en.wikipedia.org/wiki/Koh-Lanta:_Palawan,Kévin Cuoco,,26.0,Narbonne,CO_VAINQUEUR,15,0.933333,,CO_VAINQUEUR,CO_VAINQUEUR,FIN_DE_JEU,AUTRE_SORTIE,Extrait du tableau des votes Wikipedia,False,True,False,15,,False,,False,False,15.0,STANDARD,0,True,15,2026-07-21T01:58:32.598315,kévin cuoco,KL07::kévin cuoco,,,,,,,,,,,0.0,"Profil documenté, aucun indicateur physique qualifiant",,True,False,26.0,RAW_SEASON_TABLE,VALIDATED,MALE,,HIGH,VALIDATED,Narbonne,Source: https://en.wikipedia.org/wiki/Koh-Lanta:_Palawan,MEDIUM,VALIDATED,True,"age_raw, gender_raw, profession_raw",MANUAL_FINAL,USER_VALIDATED,False,LOCALLY_PARTIAL,Données locales suffisantes,COMPLETE_PROFILE_NO_QUALIFYING_INDICATOR,HIGH,,,1,1,MANUAL_USER_VALIDATION
KL07,KL KL07,2007,https://en.wikipedia.org/wiki/Koh-Lanta:_Palawan,Jade Handi,,36.0,Sainghin-en-Weppes,CO_VAINQUEUR,16,1.0,,CO_VAINQUEUR,CO_VAINQUEUR,FIN_DE_JEU,AUTRE_SORTIE,Extrait du tableau des votes Wikipedia,False,True,False,16,,False,,False,False,16.0,STANDARD,0,True,16,2026-07-21T01:58:32.598315,jade handi,KL07::jade handi,,,,,,,,,,,0.0,"Profil documenté, aucun indicateur physique qualifiant",,True,False,36.0,RAW_SEASON_TABLE,VALIDATED,FEMALE,,HIGH,VALIDATED,Sainghin-en-Weppes,Source: https://en.wikipedia.org/wiki/Koh-Lanta:_Palawan,MEDIUM,VALIDATED,True,"age_raw, gender_raw, profession_raw",MANUAL_FINAL,USER_VALIDATED,False,LOCALLY_PARTIAL,Données locales suffisantes,COMPLETE_PROFILE_NO_QUALIFYING_INDICATOR,HIGH,,,0,0,MANUAL_USER_VALIDATION
KL13,Koh-Lanta : Raja Ampat,2011,https://en.wikipedia.org/wiki/Koh-Lanta:_Raja_Ampat,Lisa Legouverneur,,25,,1st Voted Out Day 3,1,0.0,,1st Voted Out Day 3,CONSEIL,INDETERMINE,DECISION_AVENTURIERS,Source: https://en.wikipedia.org/wiki/Koh-Lanta:_Raja_Ampat,False,True,False,1,,False,,False,False,1.0,STANDARD,1,False,1,2026-07-21T02:14:07.643980,lisa legouverneur,KL13::lisa legouverneur,,,,,,,,,,,0.0,"Le profil documente son âge et sa profession sans activité sportive intensive, musculature ou profession physique directe.","https://survivor.fandom.com/wiki/Lisa_Legouverneur | Profil : 25 ans, cadre commerciale ; aucune pratique sportive pré-saison qualifiante n’est documentée.",True,True,25.0,https://kohlanta.fandom.com/fr/wiki/Koh-Lanta_%3A_Raja_Ampat,EXTERNAL_RESEARCH_VALIDATED,FEMALE,Le profil présente Lisa Legouverneur comme candidate / elle de la saison.,HIGH,EXTERNAL_RESEARCH_VALIDATED,Cadre commerciale,Lisa Legouverneur — profession : Cadre commerciale.,HIGH,EXTERNAL_RESEARCH_VALIDATED,False,"age_raw, gender_raw, profession_raw",MANUAL_FINAL,USER_VALIDATED,True,EXTERNAL_RESEARCH_COMPLETE,"Recherche documentaire effectuée sur des tableaux de saison structurés et des profils de candidats reproduisant, lorsqu’indiqué, les anciens portraits TF1. Les performances pendant Koh-Lanta n’ont pas servi au score.",NO_QUALIFYING_PHYSICAL_INDICATOR,HIGH,,,0,0,MANUAL_USER_VALIDATION
KL13,Koh-Lanta : Raja Ampat,2011,https://en.wikipedia.org/wiki/Koh-Lanta:_Raja_Ampat,Catherine Diard,,53,,2nd Voted Out Day 6,2,0.052632,,2nd Voted Out Day 6,CONSEIL,INDETERMINE,DECISION_AVENTURIERS,Source: https://en.wikipedia.org/wiki/Koh-Lanta:_Raja_Ampat,False,True,False,2,,False,,False,False,2.0,STANDARD,1,False,2,2026-07-21T02:14:07.643980,catherine diard,KL13::catherine diard,,,,,,,,,,,1.0,Son ancienne fonction de capitaine d’une équipe de basket à haut niveau documente une pratique sportive exigeante et compétitive.,https://kohlanta.fandom.com/fr/wiki/Catherine_Barnier | Ancienne capitaine d’une équipe de basket à haut niveau.,True,True,53.0,https://kohlanta.fandom.com/fr/wiki/Koh-Lanta_%3A_Raja_Ampat,EXTERNAL_RESEARCH_VALIDATED,FEMALE,Le profil présente Catherine Diard comme candidate / elle de la saison.,HIGH,EXTERNAL_RESEARCH_VALIDATED,Cheffe comptable,Catherine Diard — profession : Cheffe comptable.,HIGH,EXTERNAL_RESEARCH_VALIDATED,False,"age_raw, gender_raw, profession_raw",MANUAL_FINAL,USER_VALIDATED,True,EXTERNAL_RESEARCH_COMPLETE,"Recherche documentaire effectuée sur des tableaux de saison structurés et des profils de candidats reproduisant, lorsqu’indiqué, les anciens portraits TF1. Les performances pendant Koh-Lanta n’ont pas servi au score.",,HIGH,HIGH_PHYSICAL_TRAINING,,0,0,MANUAL_USER_VALIDATION
KL13,Koh-Lanta : Raja Ampat,2011,https://en.wikipedia.org/wiki/Koh-Lanta:_Raja_Ampat,Steve Lemercier,,24,,Left Competition Day 8,3,0.105263,,Left Competition Day 8,INDETERMINE,INDETERMINE,AUTRE_SORTIE,Source: https://en.wikipedia.org/wiki/Koh-Lanta:_Raja_Ampat,True,True,False,3,,False,,False,False,3.0,STANDARD,1,False,3,2026-07-21T02:14:07.643980,steve lemercier,KL13::steve lemercier,,,,,,,,,,,0.0,"Réaudit strict : le score antérieur reposait principalement sur un métier manuel, actif ou une preuve sportive trop vague. Aucune preuve suffisante de sport intensif, compétitif, d’entraînement soutenu ou de musculature athlétique.",https://survivor.fandom.com/wiki/Steve_Lemercier | Profession : adjoint de sécurité dans la police nationale.,True,True,24.0,https://kohlanta.fandom.com/fr/wiki/Koh-Lanta_%3A_Raja_Ampat,EXTERNAL_RESEARCH_VALIDATED,MALE,Le profil présente Steve comme un père de 24 ans et utilise le pronom « il ».,HIGH,EXTERNAL_RESEARCH_VALIDATED,Adjoint de sécurité dans la police nationale,Steve Lemercier — profession : Adjoint de sécurité dans la police nationale.,HIGH,EXTERNAL_RESEARCH_VALIDATED,False,"age_raw, gender_raw, profession_raw",MANUAL_FINAL,USER_VALIDATED,True,EXTERNAL_RESEARCH_COMPLETE,Recherche documentaire effectuée à partir du tableau structuré de la saison et de profils individuels reproduisant les anciens portraits TF1. Les performances réalisées pendant Koh-Lanta ne sont pas utilisées comme preuve physique.,STRICT_REAUDIT_NO_SUFFICIENT_ATHLETIC_EVIDENCE,HIGH,,,0,0,MANUAL_USER_VALIDATION
KL13,Koh-Lanta : Raja Ampat,2011,https://en.wikipedia.org/wiki/Koh-Lanta:_Raja_Ampat,"Gérard ""Gégé"" Icardi",,65,,3rd Voted Out Day 9,4,0.157895,,3rd Voted Out Day 9,CONSEIL,INDETERMINE,DECISION_AVENTURIERS,Source: https://en.wikipedia.org/wiki/Koh-Lanta:_Raja_Ampat,False,True,False,4,,False,,False,False,4.0,STANDARD,1,False,4,2026-07-21T02:14:07.643980,"gérard ""gégé"" icardi","KL13::gérard ""gégé"" icardi",,,,,,,,,,,0.0,"Son profil et sa profession sont documentés, mais la pêche sportive mentionnée ne constitue pas à elle seule un indicateur d’entraînement physique supérieur à la moyenne.",https://survivor.fandom.com/wiki/G%C3%A9g%C3%A9_Icardi | Passionné de pêche sportive et de bricolage.,True,True,65.0,https://kohlanta.fandom.com/fr/wiki/Koh-Lanta_%3A_Raja_Ampat,EXTERNAL_RESEARCH_VALIDATED,MALE,Le profil décrit Gégé comme un homme de 65 ans et emploie le pronom « il ».,HIGH,EXTERNAL_RESEARCH_VALIDATED,Gérant d’un parc animalier,"Gérard ""Gégé"" Icardi — profession : Gérant d’un parc animalier.",HIGH,EXTERNAL_RESEARCH_VALIDATED,False,"age_raw, gender_raw, profession_raw",MANUAL_FINAL,USER_VALIDATED,True,EXTERNAL_RESEARCH_COMPLETE,Recherche documentaire effectuée à partir du tableau structuré de la saison et de profils individuels reproduisant les anciens portraits TF1. Les performances réalisées pendant Koh-Lanta ne sont pas utilisées comme preuve physique.,NO_QUALIFYING_PHYSICAL_INDICATOR,HIGH,,,0,0,MANUAL_USER_VALIDATION
KL13,Koh-Lanta : Raja Ampat,2011,https://en.wikipedia.org/wiki/Koh-Lanta:_Raja_Ampat,"Nawal ""Naouel"" Hadjaf",,25,,Left Competition Day 10,5,0.210526,,Left Competition Day 10,INDETERMINE,INDETERMINE,AUTRE_SORTIE,Source: https://en.wikipedia.org/wiki/Koh-Lanta:_Raja_Ampat,True,True,False,5,,False,,False,False,5.0,STANDARD,1,False,5,2026-07-21T02:14:07.643980,"nawal ""naouel"" hadjaf","KL13::nawal ""naouel"" hadjaf",,,,,,,,,,,1.0,"Elle a fait du football freestyle son métier et organise des spectacles, ce qui documente une pratique physique active supérieure à un profil ordinaire.",https://survivor.fandom.com/wiki/Naouel_Hadjaf | Naouel a fait de sa passion un métier : elle organise des spectacles de football freestyle.,True,True,25.0,https://kohlanta.fandom.com/fr/wiki/Koh-Lanta_%3A_Raja_Ampat,EXTERNAL_RESEARCH_VALIDATED,FEMALE,Le portrait la présente comme une « jeune femme » de 25 ans.,HIGH,EXTERNAL_RESEARCH_VALIDATED,Footballeuse freestyle,"Nawal ""Naouel"" Hadjaf — profession : Footballeuse freestyle.",HIGH,EXTERNAL_RESEARCH_VALIDATED,False,"age_raw, gender_raw, profession_raw",MANUAL_FINAL,USER_VALIDATED,True,EXTERNAL_RESEARCH_COMPLETE,Recherche documentaire effectuée à partir du tableau structuré de la saison et de profils individuels reproduisant les anciens portraits TF1. Les performances réalisées pendant Koh-Lanta ne sont pas utilisées comme preuve physique.,,HIGH,DIRECT_PHYSICAL_PROFESSION,,0,0,MANUAL_USER_VALIDATION
KL13,Koh-Lanta : Raja Ampat,2011,https://en.wikipedia.org/wiki/Koh-Lanta:_Raja_Ampat,Benoît Mahieux,,31,,4th Voted Out Day 12,6,0.263158,,4th Voted Out Day 12,CONSEIL,INDETERMINE,DECISION_AVENTURIERS,Source: https://en.wikipedia.org/wiki/Koh-Lanta:_Raja_Ampat,False,True,False,6,,False,,False,False,6.0,STANDARD,1,False,6,2026-07-21T02:14:07.643980,benoît mahieux,KL13::benoît mahieux,,,,,,,,,,,1.0,"Le portrait officiel reproduit le décrit explicitement comme un sportif confirmé, ce qui constitue un indicateur textuel d’un profil physique supérieur à la moyenne.","https://survivor.fandom.com/wiki/Beno%C3%AEt_Mahieux | « En sportif confirmé, Benoît est prêt à en découdre. »",True,True,31.0,https://kohlanta.fandom.com/fr/wiki/Koh-Lanta_%3A_Raja_Ampat,EXTERNAL_RESEARCH_VALIDATED,MALE,Le portrait décrit Benoît comme un père de 31 ans et emploie le masculin.,HIGH,EXTERNAL_RESEARCH_VALIDATED,Responsable d’études statistiques,Benoît Mahieux — profession : Responsable d’études statistiques.,HIGH,EXTERNAL_RESEARCH_VALIDATED,False,"age_raw, gender_raw, profession_raw",MANUAL_FINAL,USER_VALIDATED,True,EXTERNAL_RESEARCH_COMPLETE,Recherche documentaire effectuée à partir du tableau structuré de la saison et de profils individuels reproduisant les anciens portraits TF1. Les performances réalisées pendant Koh-Lanta ne sont pas utilisées comme preuve physique.,,HIGH,HIGH_PHYSICAL_TRAINING,,0,0,MANUAL_USER_VALIDATION
KL13,Koh-Lanta : Raja Ampat,2011,https://en.wikipedia.org/wiki/Koh-Lanta:_Raja_Ampat,Délisia Fettache,,21,,5th Voted Out Day 15,7,0.315789,,5th Voted Out Day 15,CONSEIL,INDETERMINE,DECISION_AVENTURIERS,Source: https://en.wikipedia.org/wiki/Koh-Lanta:_Raja_Ampat,False,True,False,7,,False,,False,False,7.0,STANDARD,1,False,7,2026-07-21T02:14:07.643980,délisia fettache,KL13::délisia fettache,,,,,,,,,,,0.0,"Le profil est suffisamment documenté et ne mentionne ni sport intensif, ni musculature, ni profession directement physique.",https://survivor.fandom.com/wiki/D%C3%A9lisia_Fettasi | Le profil documente son métier d’animatrice de centre social sans pratique sportive qualifiante.,True,True,21.0,https://kohlanta.fandom.com/fr/wiki/Koh-Lanta_%3A_Raja_Ampat,EXTERNAL_RESEARCH_VALIDATED,FEMALE,La fiche de saison emploie la forme féminine « éliminée » pour Délisia.,HIGH,EXTERNAL_RESEARCH_VALIDATED,Animatrice de centre social,Délisia Fettache — profession : Animatrice d’un centre social.,HIGH,EXTERNAL_RESEARCH_VALIDATED,False,"age_raw, gender_raw, profession_raw",MANUAL_FINAL,USER_VALIDATED,True,EXTERNAL_RESEARCH_COMPLETE,Recherche documentaire effectuée à partir du tableau structuré de la saison et de profils individuels reproduisant les anciens portraits TF1. Les performances réalisées pendant Koh-Lanta ne sont pas utilisées comme preuve physique.,COMPLETE_PROFILE_NO_QUALIFYING_INDICATOR,HIGH,,,0,0,MANUAL_USER_VALIDATION
KL13,Koh-Lanta : Raja Ampat,2011,https://en.wikipedia.org/wiki/Koh-Lanta:_Raja_Ampat,Caroline Matteucci,,40,,6th Voted Out Day 18,8,0.368421,,6th Voted Out Day 18,CONSEIL,INDETERMINE,DECISION_AVENTURIERS,Source: https://en.wikipedia.org/wiki/Koh-Lanta:_Raja_Ampat,False,True,False,8,,False,,False,False,8.0,STANDARD,1,False,8,2026-07-21T02:14:07.643980,caroline matteucci,KL13::caroline matteucci,,,,,,,,,,,0.0,La fonction de coach en développement personnel n’est pas une profession sportive et le portrait ne documente aucun entraînement qualifiant.,https://survivor.fandom.com/wiki/Caroline_Matteucci | Coach en développement personnel ; aucune activité sportive qualifiante n’est indiquée.,True,True,40.0,https://kohlanta.fandom.com/fr/wiki/Koh-Lanta_%3A_Raja_Ampat,EXTERNAL_RESEARCH_VALIDATED,FEMALE,Le portrait présente Caroline comme une Suissesse de 40 ans.,HIGH,EXTERNAL_RESEARCH_VALIDATED,Coach en développement personnel,Caroline Matteucci — profession : Coach en développement personnel.,HIGH,EXTERNAL_RESEARCH_VALIDATED,False,"age_raw, gender_raw, profession_raw",MANUAL_FINAL,USER_VALIDATED,True,EXTERNAL_RESEARCH_COMPLETE,Recherche documentaire effectuée à partir du tableau structuré de la saison et de profils individuels reproduisant les anciens portraits TF1. Les performances réalisées pendant Koh-Lanta ne sont pas utilisées comme preuve physique.,COMPLETE_PROFILE_NO_QUALIFYING_INDICATOR,HIGH,,,0,0,MANUAL_USER_VALIDATION
KL13,Koh-Lanta : Raja Ampat,2011,https://en.wikipedia.org/wiki/Koh-Lanta:_Raja_Ampat,Maxime Boulet,,20,,7th Voted Out Day 20,9,0.421053,,7th Voted Out Day 20,CONSEIL,INDETERMINE,DECISION_AVENTURIERS,Source: https://en.wikipedia.org/wiki/Koh-Lanta:_Raja_Ampat,False,True,False,9,,False,,False,False,9.0,STANDARD,1,False,9,2026-07-21T02:14:07.643980,maxime boulet,KL13::maxime boulet,,,,,,,,,,,0.0,Le portrait oppose explicitement son intellect à ses muscles et ne documente aucune pratique physique qualifiante.,"https://survivor.fandom.com/wiki/Maxime_Boulet | Maxime compte utiliser son intellect, « et non ses muscles », pour aller loin.",True,True,20.0,https://kohlanta.fandom.com/fr/wiki/Koh-Lanta_%3A_Raja_Ampat,EXTERNAL_RESEARCH_VALIDATED,MALE,Le portrait présente Maxime comme le benjamin de l’aventure et emploie le masculin.,HIGH,EXTERNAL_RESEARCH_VALIDATED,Étudiant en sciences politiques,Maxime Boulet — profession : Étudiant en sciences politiques.,HIGH,EXTERNAL_RESEARCH_VALIDATED,False,"age_raw, gender_raw, profession_raw",MANUAL_FINAL,USER_VALIDATED,True,EXTERNAL_RESEARCH_COMPLETE,Recherche documentaire effectuée à partir du tableau structuré de la saison et de profils individuels reproduisant les anciens portraits TF1. Les performances réalisées pendant Koh-Lanta ne sont pas utilisées comme preuve physique.,EXPLICIT_NON_ATHLETIC_PROFILE,HIGH,,,0,0,MANUAL_USER_VALIDATION
KL13,Koh-Lanta : Raja Ampat,2011,https://en.wikipedia.org/wiki/Koh-Lanta:_Raja_Ampat,Anthony Amar,,23,,8th Voted Out 1st jury member Day 21,10,0.473684,,8th Voted Out 1st jury member Day 21,CONSEIL,INDETERMINE,DECISION_AVENTURIERS,Source: https://en.wikipedia.org/wiki/Koh-Lanta:_Raja_Ampat,False,True,False,10,,False,,False,False,10.0,STANDARD,1,False,10,2026-07-21T02:14:07.643980,anthony amar,KL13::anthony amar,,,,,,,,,,,1.0,Il est professeur de fitness et décrit textuellement comme un colosse ; la profession physique et la description du gabarit fournissent deux indicateurs concordants.,"https://survivor.fandom.com/wiki/Anthony_Amar | « Ce colosse, professeur de fitness ».",True,True,23.0,https://kohlanta.fandom.com/fr/wiki/Koh-Lanta_%3A_Raja_Ampat,EXTERNAL_RESEARCH_VALIDATED,MALE,Le portrait décrit Anthony au masculin et le qualifie de « colosse ».,HIGH,EXTERNAL_RESEARCH_VALIDATED,Professeur de fitness,Anthony Amar — profession : Professeur de fitness.,HIGH,EXTERNAL_RESEARCH_VALIDATED,False,"age_raw, gender_raw, profession_raw",MANUAL_FINAL,USER_VALIDATED,True,EXTERNAL_RESEARCH_COMPLETE,Recherche documentaire effectuée à partir du tableau structuré de la saison et de profils individuels reproduisant les anciens portraits TF1. Les performances réalisées pendant Koh-Lanta ne sont pas utilisées comme preuve physique.,,HIGH,MULTIPLE_QUALIFYING_INDICATORS,,1,1,MANUAL_USER_VALIDATION
KL13,Koh-Lanta : Raja Ampat,2011,https://en.wikipedia.org/wiki/Koh-Lanta:_Raja_Ampat,Olivier Moenaert,,43,,9th Voted Out 2nd jury member Day 24,11,0.526316,,9th Voted Out 2nd jury member Day 24,CONSEIL,INDETERMINE,DECISION_AVENTURIERS,Source: https://en.wikipedia.org/wiki/Koh-Lanta:_Raja_Ampat,False,True,False,11,,False,,False,False,11.0,STANDARD,1,False,11,2026-07-21T02:14:07.643980,olivier moenaert,KL13::olivier moenaert,,,,,,,,,,,0.0,"Les termes énergique et hyperactif ne suffisent pas à établir un entraînement physique supérieur, et sa profession n’est pas directement physique.","https://survivor.fandom.com/wiki/Olivier_Moenaert | Le portrait le décrit comme hyperactif et se dépensant sans compter, sans discipline sportive ni niveau documenté.",True,True,43.0,https://kohlanta.fandom.com/fr/wiki/Koh-Lanta_%3A_Raja_Ampat,EXTERNAL_RESEARCH_VALIDATED,MALE,Le portrait décrit Olivier comme un père de famille de 43 ans.,HIGH,EXTERNAL_RESEARCH_VALIDATED,Cadre commercial,Olivier Moenaert — profession : Cadre commercial.,HIGH,EXTERNAL_RESEARCH_VALIDATED,False,"age_raw, gender_raw, profession_raw",MANUAL_FINAL,USER_VALIDATED,True,EXTERNAL_RESEARCH_COMPLETE,Recherche documentaire effectuée à partir du tableau structuré de la saison et de profils individuels reproduisant les anciens portraits TF1. Les performances réalisées pendant Koh-Lanta ne sont pas utilisées comme preuve physique.,COMPLETE_PROFILE_NO_QUALIFYING_INDICATOR,HIGH,,,1,1,MANUAL_USER_VALIDATION
KL13,Koh-Lanta : Raja Ampat,2011,https://en.wikipedia.org/wiki/Koh-Lanta:_Raja_Ampat,Florence Delbarre Reuter,,39,,10th Voted Out 3rd jury member Day 27,12,0.578947,,10th Voted Out 3rd jury member Day 27,CONSEIL,INDETERMINE,DECISION_AVENTURIERS,Source: https://en.wikipedia.org/wiki/Koh-Lanta:_Raja_Ampat,False,True,False,12,,False,,False,False,12.0,STANDARD,1,False,12,2026-07-21T02:14:07.643980,florence delbarre reuter,KL13::florence delbarre reuter,,,,,,,,,,,0.0,"La danse hip-hop est utilisée dans son activité éducative, sans pratique personnelle intensive suffisamment documentée.",https://survivor.fandom.com/wiki/Florence_Delbarre_Reuter,True,True,39.0,https://kohlanta.fandom.com/fr/wiki/Koh-Lanta_%3A_Raja_Ampat,EXTERNAL_RESEARCH_VALIDATED,FEMALE,Le tableau de saison présente Florence Delbarre Reuter dans la distribution des candidats.,HIGH,EXTERNAL_RESEARCH_VALIDATED,Éducatrice,Florence Delbarre Reuter — profession : Éducatrice.,HIGH,EXTERNAL_RESEARCH_VALIDATED,False,"age_raw, gender_raw, profession_raw",MANUAL_FINAL,USER_VALIDATED,True,EXTERNAL_RESEARCH_PARTIAL,Batch final de rattrapage. Les âges et professions déjà validés localement ont été conservés ; les entrées corrompues KL02/KL07/KL08 ont été remplacées par les valeurs des tableaux de saison. Les performances réalisées pendant l’émission ne sont pas utilisées comme preuve physique.,STRICT_MANUAL_NO_SUFFICIENT_POSITIVE_EVIDENCE,HIGH,,,0,0,MANUAL_USER_VALIDATION
KL13,Koh-Lanta : Raja Ampat,2011,https://en.wikipedia.org/wiki/Koh-Lanta:_Raja_Ampat,Virginie Jarry,,32,,Medically evacuated 4th jury member Day 33,13,0.631579,,Medically evacuated 4th jury member Day 33,ABANDON_MEDICAL,INDETERMINE,AUTRE_SORTIE,Source: https://en.wikipedia.org/wiki/Koh-Lanta:_Raja_Ampat,False,True,False,13,,False,,False,False,13.0,STANDARD,1,False,13,2026-07-21T02:14:07.643980,virginie jarry,KL13::virginie jarry,,,,,,,,,,,0.0,"Le portrait est suffisamment documenté, met en avant le mental plutôt qu’un entraînement physique et ne mentionne aucune pratique sportive intensive.","https://survivor.fandom.com/wiki/Virginie_Jarry | Le portrait met en avant son mental et sa motivation, sans activité sportive qualifiante.",True,True,32.0,https://kohlanta.fandom.com/fr/wiki/Koh-Lanta_%3A_Raja_Ampat,EXTERNAL_RESEARCH_VALIDATED,FEMALE,Le portrait la décrit explicitement comme une « femme ronde » de 32 ans.,HIGH,EXTERNAL_RESEARCH_VALIDATED,Intérimaire,Virginie Jarry — profession : Intérimaire.,HIGH,EXTERNAL_RESEARCH_VALIDATED,False,"age_raw, gender_raw, profession_raw",MANUAL_FINAL,USER_VALIDATED,True,EXTERNAL_RESEARCH_COMPLETE,Recherche documentaire effectuée à partir du tableau structuré de la saison et de profils individuels reproduisant les anciens portraits TF1. Les performances réalisées pendant Koh-Lanta ne sont pas utilisées comme preuve physique.,EXPLICIT_NON_ATHLETIC_PROFILE,HIGH,,,0,0,MANUAL_USER_VALIDATION
KL13,Koh-Lanta : Raja Ampat,2011,https://en.wikipedia.org/wiki/Koh-Lanta:_Raja_Ampat,Patricia Morel,,36,,12th Voted Out 5th jury member Day 33,14,0.684211,,12th Voted Out 5th jury member Day 33,CONSEIL,INDETERMINE,DECISION_AVENTURIERS,Source: https://en.wikipedia.org/wiki/Koh-Lanta:_Raja_Ampat,False,True,False,14,,False,,False,False,14.0,STANDARD,1,False,14,2026-07-21T02:14:07.643980,patricia morel,KL13::patricia morel,,,,,,,,,,,0.0,"Son profil et sa profession sont documentés, mais aucun sport intensif, musculature ou profession directement qualifiante n’est indiqué.","https://survivor.fandom.com/wiki/Patricia_Morel | Le portrait met en avant sa force de caractère et son métier de chauffeuse routière, sans sport intensif documenté.",True,True,36.0,https://kohlanta.fandom.com/fr/wiki/Koh-Lanta_%3A_Raja_Ampat,EXTERNAL_RESEARCH_VALIDATED,FEMALE,Le portrait présente Patricia comme une mère célibataire de 36 ans.,HIGH,EXTERNAL_RESEARCH_VALIDATED,Chauffeuse routière,Patricia Morel — profession : Chauffeuse routière.,HIGH,EXTERNAL_RESEARCH_VALIDATED,False,"age_raw, gender_raw, profession_raw",MANUAL_FINAL,USER_VALIDATED,True,EXTERNAL_RESEARCH_COMPLETE,Recherche documentaire effectuée à partir du tableau structuré de la saison et de profils individuels reproduisant les anciens portraits TF1. Les performances réalisées pendant Koh-Lanta ne sont pas utilisées comme preuve physique.,COMPLETE_PROFILE_NO_QUALIFYING_INDICATOR,HIGH,,,0,0,MANUAL_USER_VALIDATION
KL13,Koh-Lanta : Raja Ampat,2011,https://en.wikipedia.org/wiki/Koh-Lanta:_Raja_Ampat,Alexandra Pouillon,,29,,13th Voted Out 6th jury member Day 36,15,0.736842,,13th Voted Out 6th jury member Day 36,CONSEIL,INDETERMINE,DECISION_AVENTURIERS,Source: https://en.wikipedia.org/wiki/Koh-Lanta:_Raja_Ampat,False,True,False,15,,False,,False,False,15.0,STANDARD,1,False,15,2026-07-21T02:14:07.643980,alexandra pouillon,KL13::alexandra pouillon,,,,,,,,,,,0.0,"Une description comme énergique ne suffit pas à qualifier un profil physique supérieur, et aucune activité intensive n’est documentée.","https://survivor.fandom.com/wiki/Alexandra_Pouillon | Le portrait la décrit comme énergique, sans pratique sportive ou musculature documentée.",True,True,29.0,https://kohlanta.fandom.com/fr/wiki/Koh-Lanta_%3A_Raja_Ampat,EXTERNAL_RESEARCH_VALIDATED,FEMALE,Le portrait présente Alexandra comme une Parisienne de 29 ans.,HIGH,EXTERNAL_RESEARCH_VALIDATED,Hôtesse de musée,Alexandra Pouillon — profession : Hôtesse de musée.,HIGH,EXTERNAL_RESEARCH_VALIDATED,False,"age_raw, gender_raw, profession_raw",MANUAL_FINAL,USER_VALIDATED,True,EXTERNAL_RESEARCH_COMPLETE,Recherche documentaire effectuée à partir du tableau structuré de la saison et de profils individuels reproduisant les anciens portraits TF1. Les performances réalisées pendant Koh-Lanta ne sont pas utilisées comme preuve physique.,COMPLETE_PROFILE_NO_QUALIFYING_INDICATOR,HIGH,,,0,0,MANUAL_USER_VALIDATION
KL13,Koh-Lanta : Raja Ampat,2011,https://en.wikipedia.org/wiki/Koh-Lanta:_Raja_Ampat,Martin Bazin,,23,,14th Voted Out 7th jury member Day 39,16,0.789474,,14th Voted Out 7th jury member Day 39,CONSEIL,INDETERMINE,DECISION_AVENTURIERS,Source: https://en.wikipedia.org/wiki/Koh-Lanta:_Raja_Ampat,False,True,False,16,,False,,False,False,16.0,STANDARD,1,False,16,2026-07-21T02:14:07.643980,martin bazin,KL13::martin bazin,,,,,,,,,,,0.0,"Réaudit strict : le score antérieur reposait principalement sur un métier manuel, actif ou une preuve sportive trop vague. Aucune preuve suffisante de sport intensif, compétitif, d’entraînement soutenu ou de musculature athlétique.",https://kohlanta.fandom.com/fr/wiki/Koh-Lanta_%3A_Raja_Ampat | Le portrait le décrit explicitement comme sportif et hyperactif.,True,True,23.0,https://kohlanta.fandom.com/fr/wiki/Koh-Lanta_%3A_Raja_Ampat,EXTERNAL_RESEARCH_VALIDATED,MALE,Le tableau de saison présente Martin Bazin dans la distribution des candidats.,HIGH,EXTERNAL_RESEARCH_VALIDATED,Chef d’entreprise,Martin Bazin — profession : Chef d’entreprise.,HIGH,EXTERNAL_RESEARCH_VALIDATED,False,"age_raw, gender_raw, profession_raw",MANUAL_FINAL,USER_VALIDATED,True,EXTERNAL_RESEARCH_COMPLETE,Batch final de rattrapage. Les âges et professions déjà validés localement ont été conservés ; les entrées corrompues KL02/KL07/KL08 ont été remplacées par les valeurs des tableaux de saison. Les performances réalisées pendant l’émission ne sont pas utilisées comme preuve physique.,STRICT_REAUDIT_NO_SUFFICIENT_ATHLETIC_EVIDENCE,HIGH,,,0,0,MANUAL_USER_VALIDATION
KL13,Koh-Lanta : Raja Ampat,2011,https://en.wikipedia.org/wiki/Koh-Lanta:_Raja_Ampat,Ella Gbezan,,24,,Lost Challenge 8th jury member Day 40,17,0.842105,,Lost Challenge 8th jury member Day 40,EPREUVE_ELIMINATOIRE,INDETERMINE,EPREUVE,Source: https://en.wikipedia.org/wiki/Koh-Lanta:_Raja_Ampat,False,True,False,17,,False,,False,False,17.0,STANDARD,1,False,17,2026-07-21T02:14:07.643980,ella gbezan,KL13::ella gbezan,,,,,,,,,,,0.0,"Le profil est suffisamment documenté mais ne mentionne aucune pratique sportive intensive, musculature ou profession physique directe.","https://survivor.fandom.com/wiki/Ella_Gbezan | Le profil la décrit comme dynamique, sans activité sportive qualifiante.",True,True,25.0,https://kohlanta.fandom.com/fr/wiki/Koh-Lanta_%3A_Raja_Ampat,EXTERNAL_RESEARCH_VALIDATED,FEMALE,Le portrait présente Ella comme étudiante et emploie le féminin.,HIGH,EXTERNAL_RESEARCH_VALIDATED,Étudiante en psychologie,Ella Gbezan — profession : Étudiante en psychologie.,HIGH,EXTERNAL_RESEARCH_VALIDATED,False,"age_raw, gender_raw, profession_raw",MANUAL_FINAL,USER_VALIDATED,True,EXTERNAL_RESEARCH_COMPLETE,Recherche documentaire effectuée à partir du tableau structuré de la saison et de profils individuels reproduisant les anciens portraits TF1. Les performances réalisées pendant Koh-Lanta ne sont pas utilisées comme preuve physique.,COMPLETE_PROFILE_NO_QUALIFYING_INDICATOR,HIGH,,,0,0,MANUAL_USER_VALIDATION
KL13,Koh-Lanta : Raja Ampat,2011,https://en.wikipedia.org/wiki/Koh-Lanta:_Raja_Ampat,Laurent Maistret,,29,,15th Voted Out 9th jury member Day 41,18,0.894737,,15th Voted Out 9th jury member Day 41,CONSEIL,INDETERMINE,DECISION_AVENTURIERS,Source: https://en.wikipedia.org/wiki/Koh-Lanta:_Raja_Ampat,False,True,False,18,,False,,False,False,18.0,STANDARD,1,False,18,2026-07-21T02:14:07.643980,laurent maistret,KL13::laurent maistret,,,,,,,,,,,1.0,"Danse professionnelle, boxe française et profil athlétique documenté.",https://www.voici.fr/bios-people/laurent-maistret-koh-lanta,True,True,29.0,https://kohlanta.fandom.com/fr/wiki/Koh-Lanta_%3A_Raja_Ampat,EXTERNAL_RESEARCH_VALIDATED,MALE,Le tableau de saison présente Laurent Maistret dans la distribution des candidats.,HIGH,EXTERNAL_RESEARCH_VALIDATED,Mannequin,Laurent Maistret — profession : Mannequin.,HIGH,EXTERNAL_RESEARCH_VALIDATED,False,"age_raw, gender_raw, profession_raw",MANUAL_FINAL,USER_VALIDATED,True,EXTERNAL_RESEARCH_PARTIAL,Batch final de rattrapage. Les âges et professions déjà validés localement ont été conservés ; les entrées corrompues KL02/KL07/KL08 ont été remplacées par les valeurs des tableaux de saison. Les performances réalisées pendant l’émission ne sont pas utilisées comme preuve physique.,,HIGH,STRICT_MANUAL_VALIDATED_POSITIVE,,1,1,MANUAL_USER_VALIDATION
KL13,Koh-Lanta : Raja Ampat,2011,https://en.wikipedia.org/wiki/Koh-Lanta:_Raja_Ampat,Teheiura Teahui,,32,,Runner-up Day 41,19,0.947368,,Runner-up Day 41,FINALISTE,FIN_DE_JEU,AUTRE_SORTIE,Source: https://en.wikipedia.org/wiki/Koh-Lanta:_Raja_Ampat,False,True,False,19,,False,,False,False,19.0,STANDARD,1,False,19,2026-07-21T02:14:07.643980,teheiura teahui,KL13::teheiura teahui,,,,,,,,,,,0.0,"Aucune pratique sportive intensive, musculature ou profession physique directe n’est documentée avant la saison ; les performances ultérieures dans Koh-Lanta ne sont pas utilisées.","https://survivor.fandom.com/wiki/Teheiura_Teahui | Le portrait pré-saison met en avant un retour aux sources et les savoirs transmis par ses ancêtres, sans sport ou entraînement physique précis.",True,True,33.0,https://kohlanta.fandom.com/fr/wiki/Koh-Lanta_%3A_Raja_Ampat,EXTERNAL_RESEARCH_VALIDATED,MALE,Le portrait emploie le masculin et présente Teheiura comme originaire de Polynésie.,HIGH,EXTERNAL_RESEARCH_VALIDATED,Cuisinier,Teheiura Teahui — profession : Cuisinier.,HIGH,EXTERNAL_RESEARCH_VALIDATED,False,"age_raw, gender_raw, profession_raw",MANUAL_FINAL,USER_VALIDATED,True,EXTERNAL_RESEARCH_COMPLETE,Recherche documentaire effectuée à partir du tableau structuré de la saison et de profils individuels reproduisant les anciens portraits TF1. Les performances réalisées pendant Koh-Lanta ne sont pas utilisées comme preuve physique.,COMPLETE_PROFILE_NO_QUALIFYING_INDICATOR,HIGH,,,1,1,MANUAL_USER_VALIDATION
KL13,Koh-Lanta : Raja Ampat,2011,https://en.wikipedia.org/wiki/Koh-Lanta:_Raja_Ampat,Gérard Urdampilleta,,41,,Sole Survivor Day 41,20,1.0,,Sole Survivor Day 41,VAINQUEUR,FIN_DE_JEU,AUTRE_SORTIE,Source: https://en.wikipedia.org/wiki/Koh-Lanta:_Raja_Ampat,False,True,False,20,,False,,False,False,20.0,STANDARD,0,True,20,2026-07-21T02:14:07.643980,gérard urdampilleta,KL13::gérard urdampilleta,,,,,,,,,,,0.0,La comparaison au rugby est figurative et aucune pratique sportive intensive ou musculature n’est documentée.,"https://survivor.fandom.com/wiki/G%C3%A9rard_Urdampilleta | Le portrait le décrit comme « dur au mal » et compare Koh-Lanta à un match de rugby, sans pratique du rugby documentée.",True,True,41.0,https://kohlanta.fandom.com/fr/wiki/Koh-Lanta_%3A_Raja_Ampat,EXTERNAL_RESEARCH_VALIDATED,MALE,Le portrait présente Gérard comme un père de 41 ans.,HIGH,EXTERNAL_RESEARCH_VALIDATED,Jardinier,Gérard Urdampilleta — profession : Jardinier.,HIGH,EXTERNAL_RESEARCH_VALIDATED,False,"age_raw, gender_raw, profession_raw",MANUAL_FINAL,USER_VALIDATED,True,EXTERNAL_RESEARCH_COMPLETE,Recherche documentaire effectuée à partir du tableau structuré de la saison et de profils individuels reproduisant les anciens portraits TF1. Les performances réalisées pendant Koh-Lanta ne sont pas utilisées comme preuve physique.,COMPLETE_PROFILE_NO_QUALIFYING_INDICATOR,HIGH,,,0,0,MANUAL_USER_VALIDATION
KL18,Koh-Lanta : Thaïlande,2016,https://en.wikipedia.org/wiki/Koh-Lanta:_Tha%C3%AFlande,Charlie Vincent-Mussard,,28,Restauratrice de meubles,Left Competition Day 3,1,0.0,Day 3,Left Competition Day 3,INDETERMINE,INDETERMINE,AUTRE_SORTIE,Left Competition est ambigu : recherche complémentaire nécessaire (abandon volontaire ou médical non précisé),True,True,False,1,,,Day 3,,,1.0,FIRST_EXIT_ORDER_KL18_VALIDATED,1,False,1,2026-07-19T16:27:48.672159+00:00,charlie vincent-mussard,KL18::charlie vincent-mussard,False,INDETERMINE,AUTRE_SORTIE,Left Competition Day 3,INDETERMINE,AUTRE_SORTIE,Left Competition Day 3,1.0,INDETERMINE,AUTRE_SORTIE,0.0,,,False,False,28.0,FROZEN_DESCRIPTIVE,VALIDATED,FEMALE,,HIGH,VALIDATED,Restauratrice de meubles,,MEDIUM,,True,,MANUAL_FINAL,USER_VALIDATED,False,VALIDATED_FROZEN,Données gelées Thaïlande — inchangées,NO_QUALIFYING_PHYSICAL_INDICATOR,HIGH,,,0,0,MANUAL_USER_VALIDATION
KL18,Koh-Lanta : Thaïlande,2016,https://en.wikipedia.org/wiki/Koh-Lanta:_Tha%C3%AFlande,Laurence Corbellotti,,37,Animatrice et danseuse,1st Voted Out Day 3,2,0.05,Day 3,1st Voted Out Day 3,CONSEIL,DECISION_AVENTURIERS,DECISION_AVENTURIERS,Voted Out explicitement indiqué dans la source,False,True,False,2,,,Day 3,,,2.0,FIRST_EXIT_ORDER_KL18_VALIDATED,1,False,2,2026-07-19T16:27:48.672159+00:00,laurence corbellotti,KL18::laurence corbellotti,False,CONSEIL,DECISION_AVENTURIERS,1st Voted Out Day 3,CONSEIL,DECISION_AVENTURIERS,1st Voted Out Day 3,2.0,CONSEIL,DECISION_AVENTURIERS,0.0,,,False,False,37.0,FROZEN_DESCRIPTIVE,VALIDATED,FEMALE,,HIGH,VALIDATED,Animatrice et danseuse,,HIGH,,True,,MANUAL_FINAL,USER_VALIDATED,False,VALIDATED_FROZEN,Données gelées Thaïlande — inchangées,NO_QUALIFYING_PHYSICAL_INDICATOR,HIGH,,,0,0,MANUAL_USER_VALIDATION
KL18,Koh-Lanta : Thaïlande,2016,https://en.wikipedia.org/wiki/Koh-Lanta:_Tha%C3%AFlande,Marius Torterat,,21,Étudiant en design automobile,Left Competition Day 6,3,0.1,Day 6,Left Competition Day 6,INDETERMINE,INDETERMINE,AUTRE_SORTIE,Left Competition est ambigu : recherche complémentaire nécessaire (abandon volontaire ou médical non précisé),True,True,False,3,,,Day 6,,,3.0,FIRST_EXIT_ORDER_KL18_VALIDATED,1,False,3,2026-07-19T16:27:48.672159+00:00,marius torterat,KL18::marius torterat,False,INDETERMINE,AUTRE_SORTIE,Left Competition Day 6,INDETERMINE,AUTRE_SORTIE,Left Competition Day 6,3.0,INDETERMINE,AUTRE_SORTIE,0.0,,,False,False,21.0,FROZEN_DESCRIPTIVE,VALIDATED,MALE,,HIGH,VALIDATED,Étudiant en design automobile,,HIGH,,True,,MANUAL_FINAL,USER_VALIDATED,False,VALIDATED_FROZEN,Données gelées Thaïlande — inchangées,NO_QUALIFYING_PHYSICAL_INDICATOR,HIGH,,,0,0,MANUAL_USER_VALIDATION
KL18,Koh-Lanta : Thaïlande,2016,https://en.wikipedia.org/wiki/Koh-Lanta:_Tha%C3%AFlande,Céline Parat-Yeghiayan,,44,Formatrice,2nd Voted Out Day 6,4,0.15,Day 6,2nd Voted Out Day 6,CONSEIL,DECISION_AVENTURIERS,DECISION_AVENTURIERS,Voted Out explicitement indiqué dans la source,False,True,False,4,,,Day 6,,,4.0,FIRST_EXIT_ORDER_KL18_VALIDATED,1,False,4,2026-07-19T16:27:48.672159+00:00,céline parat-yeghiayan,KL18::céline parat-yeghiayan,False,CONSEIL,DECISION_AVENTURIERS,2nd Voted Out Day 6,CONSEIL,DECISION_AVENTURIERS,2nd Voted Out Day 6,4.0,CONSEIL,DECISION_AVENTURIERS,1.0,,,False,False,44.0,FROZEN_DESCRIPTIVE,VALIDATED,FEMALE,,HIGH,VALIDATED,Formatrice,,MEDIUM,,True,,MANUAL_FINAL,USER_VALIDATED,False,VALIDATED_FROZEN,Données gelées Thaïlande — inchangées,,HIGH,ENDURANCE_TRAINING,,0,0,MANUAL_USER_VALIDATION
KL18,Koh-Lanta : Thaïlande,2016,https://en.wikipedia.org/wiki/Koh-Lanta:_Tha%C3%AFlande,Huw Francis,,38,Entrepreneur dans l'événement sportif,3rd Voted Out Day 9,5,0.2,Day 9,3rd Voted Out Day 9,CONSEIL,DECISION_AVENTURIERS,DECISION_AVENTURIERS,Voted Out explicitement indiqué dans la source,False,True,False,5,,,,,,5.0,FIRST_EXIT_ORDER_KL18_VALIDATED,1,False,5,2026-07-19T16:27:48.672159+00:00,huw francis,KL18::huw francis,False,CONSEIL,DECISION_AVENTURIERS,3rd Voted Out Day 9,CONSEIL,DECISION_AVENTURIERS,3rd Voted Out Day 9,5.0,CONSEIL,DECISION_AVENTURIERS,1.0,,,False,False,38.0,FROZEN_DESCRIPTIVE,VALIDATED,MALE,,HIGH,VALIDATED,Entrepreneur dans l'événementiel sportif,,HIGH,,True,,MANUAL_FINAL,USER_VALIDATED,False,VALIDATED_FROZEN,Données gelées Thaïlande — inchangées,,HIGH,MULTIPLE_QUALIFYING_INDICATORS,,0,0,MANUAL_USER_VALIDATION
KL18,Koh-Lanta : Thaïlande,2016,https://en.wikipedia.org/wiki/Koh-Lanta:_Tha%C3%AFlande,Carole Poncelet,,51,Agente territoriale et maître-nageuse ; présentée comme escrimeuse,4th Voted Out Day 12,6,0.25,Day 12,4th Voted Out Day 12,CONSEIL,DECISION_AVENTURIERS,DECISION_AVENTURIERS,Voted Out explicitement indiqué dans la source,False,True,False,6,,,,,,6.0,FIRST_EXIT_ORDER_KL18_VALIDATED,1,False,6,2026-07-19T16:27:48.672159+00:00,carole poncelet,KL18::carole poncelet,False,CONSEIL,DECISION_AVENTURIERS,4th Voted Out Day 12,CONSEIL,DECISION_AVENTURIERS,4th Voted Out Day 12,6.0,CONSEIL,DECISION_AVENTURIERS,1.0,,,False,False,51.0,FROZEN_DESCRIPTIVE,VALIDATED,FEMALE,,HIGH,VALIDATED,Maître-nageuse et agente territoriale,,HIGH,,True,,MANUAL_FINAL,USER_VALIDATED,False,VALIDATED_FROZEN,Données gelées Thaïlande — inchangées,,HIGH,HIGH_PHYSICAL_TRAINING,,0,0,MANUAL_USER_VALIDATION
KL18,Koh-Lanta : Thaïlande,2016,https://en.wikipedia.org/wiki/Koh-Lanta:_Tha%C3%AFlande,"Laurence ""Lolo"" Facione",,45,Maître-nageur,5th Voted Out Day 15,7,0.3,Day 15,5th Voted Out Day 15,CONSEIL,DECISION_AVENTURIERS,DECISION_AVENTURIERS,Voted Out explicitement indiqué dans la source,False,True,False,7,,,,,,7.0,FIRST_EXIT_ORDER_KL18_VALIDATED,1,False,7,2026-07-19T16:27:48.672159+00:00,"laurence ""lolo"" facione","KL18::laurence ""lolo"" facione",False,CONSEIL,DECISION_AVENTURIERS,5th Voted Out Day 15,CONSEIL,DECISION_AVENTURIERS,5th Voted Out Day 15,7.0,CONSEIL,DECISION_AVENTURIERS,1.0,,,False,False,45.0,FROZEN_DESCRIPTIVE,VALIDATED,FEMALE,,HIGH,VALIDATED,Maître-nageuse,,HIGH,,True,,MANUAL_FINAL,USER_VALIDATED,False,VALIDATED_FROZEN,Données gelées Thaïlande — inchangées,,HIGH,DIRECT_PHYSICAL_PROFESSION,,0,0,MANUAL_USER_VALIDATION
KL18,Koh-Lanta : Thaïlande,2016,https://en.wikipedia.org/wiki/Koh-Lanta:_Tha%C3%AFlande,Amir Doukhan,,46,Directeur commercial,6th Voted Out Day 17,8,0.35,Day 17,6th Voted Out Day 17,CONSEIL,DECISION_AVENTURIERS,DECISION_AVENTURIERS,Voted Out explicitement indiqué dans la source,False,True,False,8,,,,,,8.0,FIRST_EXIT_ORDER_KL18_VALIDATED,1,False,8,2026-07-19T16:27:48.672159+00:00,amir doukhan,KL18::amir doukhan,False,CONSEIL,DECISION_AVENTURIERS,6th Voted Out Day 17,CONSEIL,DECISION_AVENTURIERS,6th Voted Out Day 17,8.0,CONSEIL,DECISION_AVENTURIERS,0.0,,,False,False,46.0,FROZEN_DESCRIPTIVE,VALIDATED,MALE,,HIGH,VALIDATED,Directeur commercial,,MEDIUM,,True,,MANUAL_FINAL,USER_VALIDATED,False,VALIDATED_FROZEN,Données gelées Thaïlande — inchangées,NO_QUALIFYING_PHYSICAL_INDICATOR,HIGH,,,0,0,MANUAL_USER_VALIDATION
KL18,Koh-Lanta : Thaïlande,2016,https://en.wikipedia.org/wiki/Koh-Lanta:_Tha%C3%AFlande,Cassandre Girard,,22,Diplômée en tourisme,Lost Duel 1st jury member Day 19,9,0.4,Day 19,Lost Duel 1st jury member Day 19,DUEL_EXIL_PERDU,MECANIQUE_RETOUR,EPREUVE,Lost Duel explicitement indiqué dans la source,False,True,False,9,,,,,,9.0,FIRST_EXIT_ORDER_KL18_VALIDATED,1,False,9,2026-07-19T16:27:48.672159+00:00,cassandre girard,KL18::cassandre girard,False,DUEL_EXIL_PERDU,EPREUVE,Lost Duel 1st jury member Day 19,DUEL_EXIL_PERDU,EPREUVE,Lost Duel 1st jury member Day 19,9.0,DUEL_EXIL_PERDU,EPREUVE,0.0,,,False,False,22.0,FROZEN_DESCRIPTIVE,VALIDATED,FEMALE,,HIGH,VALIDATED,Diplômée en tourisme,,HIGH,,True,,MANUAL_FINAL,USER_VALIDATED,False,VALIDATED_FROZEN,Données gelées Thaïlande — inchangées,NO_QUALIFYING_PHYSICAL_INDICATOR,HIGH,,,0,0,MANUAL_USER_VALIDATION
KL18,Koh-Lanta : Thaïlande,2016,https://en.wikipedia.org/wiki/Koh-Lanta:_Tha%C3%AFlande,Romain Palazzetti,,28,Entrepreneur en domotique,7th Voted Out 2nd jury member Day 20,10,0.45,Day 20,7th Voted Out 2nd jury member Day 20,CONSEIL,DECISION_AVENTURIERS,DECISION_AVENTURIERS,Voted Out explicitement indiqué dans la source,False,True,False,10,,,,,,10.0,FIRST_EXIT_ORDER_KL18_VALIDATED,1,False,10,2026-07-19T16:27:48.672159+00:00,romain palazzetti,KL18::romain palazzetti,False,CONSEIL,DECISION_AVENTURIERS,7th Voted Out 2nd jury member Day 20,CONSEIL,DECISION_AVENTURIERS,7th Voted Out 2nd jury member Day 20,10.0,CONSEIL,DECISION_AVENTURIERS,1.0,,,False,False,28.0,FROZEN_DESCRIPTIVE,VALIDATED,MALE,,HIGH,VALIDATED,Entrepreneur en domotique,,HIGH,,True,,MANUAL_FINAL,USER_VALIDATED,False,VALIDATED_FROZEN,Données gelées Thaïlande — inchangées,,HIGH,MUSCULAR_BUILD,,1,1,MANUAL_USER_VALIDATION
KL18,Koh-Lanta : Thaïlande,2016,https://en.wikipedia.org/wiki/Koh-Lanta:_Tha%C3%AFlande,Julien Castro,,29,Menuisier,8th Voted Out 3rd jury member Day 23,11,0.5,Day 23,8th Voted Out 3rd jury member Day 23,CONSEIL,DECISION_AVENTURIERS,DECISION_AVENTURIERS,Voted Out explicitement indiqué dans la source,False,True,False,11,,,,,,11.0,FIRST_EXIT_ORDER_KL18_VALIDATED,1,False,11,2026-07-19T16:27:48.672159+00:00,julien castro,KL18::julien castro,False,CONSEIL,DECISION_AVENTURIERS,8th Voted Out 3rd jury member Day 23,CONSEIL,DECISION_AVENTURIERS,8th Voted Out 3rd jury member Day 23,11.0,CONSEIL,DECISION_AVENTURIERS,0.0,,,False,False,29.0,FROZEN_DESCRIPTIVE,VALIDATED,MALE,,HIGH,VALIDATED,Menuisier,,HIGH,,True,,MANUAL_FINAL,USER_VALIDATED,False,VALIDATED_FROZEN,Données gelées Thaïlande — inchangées,NO_QUALIFYING_PHYSICAL_INDICATOR,HIGH,,,0,0,MANUAL_USER_VALIDATION
KL18,Koh-Lanta : Thaïlande,2016,https://en.wikipedia.org/wiki/Koh-Lanta:_Tha%C3%AFlande,Laureen Hugel,,26,Étudiante en mode et création,9th Voted Out 4th jury member Day 26,12,0.55,Day 26,9th Voted Out 4th jury member Day 26,CONSEIL,DECISION_AVENTURIERS,DECISION_AVENTURIERS,Voted Out explicitement indiqué dans la source,False,True,False,12,,,Day 26,,,12.0,FIRST_EXIT_ORDER_KL18_VALIDATED,1,False,12,2026-07-19T16:27:48.672159+00:00,laureen hugel,KL18::laureen hugel,False,CONSEIL,DECISION_AVENTURIERS,9th Voted Out 4th jury member Day 26,CONSEIL,DECISION_AVENTURIERS,9th Voted Out 4th jury member Day 26,12.0,CONSEIL,DECISION_AVENTURIERS,0.0,,,False,False,26.0,FROZEN_DESCRIPTIVE,VALIDATED,FEMALE,,HIGH,VALIDATED,Étudiante en mode et création,,MEDIUM,,True,,MANUAL_FINAL,USER_VALIDATED,False,VALIDATED_FROZEN,Données gelées Thaïlande — inchangées,NO_QUALIFYING_PHYSICAL_INDICATOR,HIGH,,,0,0,MANUAL_USER_VALIDATION
KL18,Koh-Lanta : Thaïlande,2016,https://en.wikipedia.org/wiki/Koh-Lanta:_Tha%C3%AFlande,Steve Best,,33,Entrepreneur textile,10th Voted Out 5th jury member Day 26,13,0.6,Day 26,10th Voted Out 5th jury member Day 26,CONSEIL,DECISION_AVENTURIERS,DECISION_AVENTURIERS,Voted Out explicitement indiqué dans la source,False,True,False,13,,,Day 26,,,13.0,FIRST_EXIT_ORDER_KL18_VALIDATED,1,False,13,2026-07-19T16:27:48.672159+00:00,steve best,KL18::steve best,False,CONSEIL,DECISION_AVENTURIERS,10th Voted Out 5th jury member Day 26,CONSEIL,DECISION_AVENTURIERS,10th Voted Out 5th jury member Day 26,13.0,CONSEIL,DECISION_AVENTURIERS,0.0,,,False,False,33.0,FROZEN_DESCRIPTIVE,VALIDATED,MALE,,HIGH,VALIDATED,Entrepreneur dans le textile,,MEDIUM,,True,,MANUAL_FINAL,USER_VALIDATED,False,VALIDATED_FROZEN,Données gelées Thaïlande — inchangées,NO_QUALIFYING_PHYSICAL_INDICATOR,HIGH,,,1,1,MANUAL_USER_VALIDATION
KL18,Koh-Lanta : Thaïlande,2016,https://en.wikipedia.org/wiki/Koh-Lanta:_Tha%C3%AFlande,Carine Cazals,,34,Gestionnaire de stock dans la fibre optique et gendarme réserviste,11th Voted Out 6th jury member Day 29,14,0.65,Day 29,11th Voted Out 6th jury member Day 29,CONSEIL,DECISION_AVENTURIERS,DECISION_AVENTURIERS,Voted Out explicitement indiqué dans la source,False,True,False,14,,,,,,14.0,FIRST_EXIT_ORDER_KL18_VALIDATED,1,False,14,2026-07-19T16:27:48.672159+00:00,carine cazals,KL18::carine cazals,False,CONSEIL,DECISION_AVENTURIERS,11th Voted Out 6th jury member Day 29,CONSEIL,DECISION_AVENTURIERS,11th Voted Out 6th jury member Day 29,14.0,CONSEIL,DECISION_AVENTURIERS,1.0,,,False,False,34.0,FROZEN_DESCRIPTIVE,VALIDATED,FEMALE,,HIGH,VALIDATED,Gestionnaire de stock,,MEDIUM,,True,,MANUAL_FINAL,USER_VALIDATED,False,VALIDATED_FROZEN,Données gelées Thaïlande — inchangées,,HIGH,HIGH_PHYSICAL_TRAINING,,0,0,MANUAL_USER_VALIDATION
KL18,Koh-Lanta : Thaïlande,2016,https://en.wikipedia.org/wiki/Koh-Lanta:_Tha%C3%AFlande,Karima Neggaz,,26,"Militaire de carrière, sergent",12th Voted Out 7th jury member Day 32,15,0.7,Day 32,12th Voted Out 7th jury member Day 32,CONSEIL,DECISION_AVENTURIERS,DECISION_AVENTURIERS,Voted Out explicitement indiqué dans la source,False,True,False,15,,,,,,15.0,FIRST_EXIT_ORDER_KL18_VALIDATED,1,False,15,2026-07-19T16:27:48.672159+00:00,karima neggaz,KL18::karima neggaz,False,CONSEIL,DECISION_AVENTURIERS,12th Voted Out 7th jury member Day 32,CONSEIL,DECISION_AVENTURIERS,12th Voted Out 7th jury member Day 32,15.0,CONSEIL,DECISION_AVENTURIERS,1.0,,,False,False,26.0,FROZEN_DESCRIPTIVE,VALIDATED,FEMALE,,HIGH,VALIDATED,Militaire,,HIGH,,True,,MANUAL_FINAL,USER_VALIDATED,False,VALIDATED_FROZEN,Données gelées Thaïlande — inchangées,,HIGH,DIRECT_PHYSICAL_PROFESSION,,0,0,MANUAL_USER_VALIDATION
KL18,Koh-Lanta : Thaïlande,2016,https://en.wikipedia.org/wiki/Koh-Lanta:_Tha%C3%AFlande,Nicolas Rouyé,,32,Mannequin,13th Voted Out 8th jury member Day 34,16,0.75,Day 34,13th Voted Out 8th jury member Day 34,CONSEIL,DECISION_AVENTURIERS,DECISION_AVENTURIERS,Voted Out explicitement indiqué dans la source,False,True,False,16,,,,,,16.0,FIRST_EXIT_ORDER_KL18_VALIDATED,1,False,16,2026-07-19T16:27:48.672159+00:00,nicolas rouyé,KL18::nicolas rouyé,False,CONSEIL,DECISION_AVENTURIERS,13th Voted Out 8th jury member Day 34,CONSEIL,DECISION_AVENTURIERS,13th Voted Out 8th jury member Day 34,16.0,CONSEIL,DECISION_AVENTURIERS,1.0,,,False,False,32.0,FROZEN_DESCRIPTIVE,VALIDATED,MALE,,HIGH,VALIDATED,Mannequin,,HIGH,,True,,MANUAL_FINAL,USER_VALIDATED,False,VALIDATED_FROZEN,Données gelées Thaïlande — inchangées,,HIGH,MUSCULAR_BUILD,,1,1,MANUAL_USER_VALIDATION
KL18,Koh-Lanta : Thaïlande,2016,https://en.wikipedia.org/wiki/Koh-Lanta:_Tha%C3%AFlande,Alain Chrisostome,,56,Employé en supermarché,14th Voted Out 9th jury member Day 37,17,0.8,Day 37,14th Voted Out 9th jury member Day 37,CONSEIL,DECISION_AVENTURIERS,DECISION_AVENTURIERS,Voted Out explicitement indiqué dans la source,False,True,False,17,,,,,,17.0,FIRST_EXIT_ORDER_KL18_VALIDATED,1,False,17,2026-07-19T16:27:48.672159+00:00,alain chrisostome,KL18::alain chrisostome,False,CONSEIL,DECISION_AVENTURIERS,14th Voted Out 9th jury member Day 37,CONSEIL,DECISION_AVENTURIERS,14th Voted Out 9th jury member Day 37,17.0,CONSEIL,DECISION_AVENTURIERS,1.0,,,False,False,56.0,FROZEN_DESCRIPTIVE,VALIDATED,MALE,,HIGH,VALIDATED,Employé de supermarché,,MEDIUM,,True,,MANUAL_FINAL,USER_VALIDATED,False,VALIDATED_FROZEN,Données gelées Thaïlande — inchangées,,HIGH,STRENGTH_OR_COMBAT_SPORT,,0,0,MANUAL_USER_VALIDATION
KL18,Koh-Lanta : Thaïlande,2016,https://en.wikipedia.org/wiki/Koh-Lanta:_Tha%C3%AFlande,Cécilia Siharaj,,28,Danseuse,Lost Challenge 10th jury member Day 38,18,0.85,Day 38,Lost Challenge 10th jury member Day 38,EPREUVE_ELIMINATOIRE,EPREUVE,EPREUVE,Lost Challenge explicitement indiqué dans la source,False,True,False,18,,,,,,18.0,FIRST_EXIT_ORDER_KL18_VALIDATED,1,False,18,2026-07-19T16:27:48.672159+00:00,cécilia siharaj,KL18::cécilia siharaj,False,EPREUVE_ELIMINATOIRE,EPREUVE,Lost Challenge 10th jury member Day 38,EPREUVE_ELIMINATOIRE,EPREUVE,Lost Challenge 10th jury member Day 38,18.0,EPREUVE_ELIMINATOIRE,EPREUVE,1.0,,,False,False,28.0,FROZEN_DESCRIPTIVE,VALIDATED,FEMALE,,HIGH,VALIDATED,Danseuse professionnelle,,HIGH,,True,,MANUAL_FINAL,USER_VALIDATED,False,VALIDATED_FROZEN,Données gelées Thaïlande — inchangées,,HIGH,MULTIPLE_QUALIFYING_INDICATORS,,0,0,MANUAL_USER_VALIDATION
KL18,Koh-Lanta : Thaïlande,2016,https://en.wikipedia.org/wiki/Koh-Lanta:_Tha%C3%AFlande,Gabriel Gubbels,,40,Inspecteur de police,15th Voted Out 11th jury member Day 39,19,0.9,Day 39,15th Voted Out 11th jury member Day 39,CONSEIL,DECISION_AVENTURIERS,DECISION_AVENTURIERS,Voted Out explicitement indiqué dans la source,False,True,False,19,,,,,,19.0,FIRST_EXIT_ORDER_KL18_VALIDATED,1,False,19,2026-07-19T16:27:48.672159+00:00,gabriel gubbels,KL18::gabriel gubbels,False,CONSEIL,DECISION_AVENTURIERS,15th Voted Out 11th jury member Day 39,CONSEIL,DECISION_AVENTURIERS,15th Voted Out 11th jury member Day 39,19.0,CONSEIL,DECISION_AVENTURIERS,0.0,"Réaudit strict : le score antérieur reposait principalement sur un métier manuel, actif ou une preuve sportive trop vague. Aucune preuve suffisante de sport intensif, compétitif, d’entraînement soutenu ou de musculature athlétique.",,False,False,40.0,FROZEN_DESCRIPTIVE,VALIDATED,MALE,,HIGH,VALIDATED,Inspecteur de police,,HIGH,,True,,MANUAL_FINAL,USER_VALIDATED,False,VALIDATED_FROZEN,Données gelées Thaïlande — inchangées,STRICT_REAUDIT_NO_SUFFICIENT_ATHLETIC_EVIDENCE,HIGH,,,0,0,MANUAL_USER_VALIDATION
KL18,Koh-Lanta : Thaïlande,2016,https://en.wikipedia.org/wiki/Koh-Lanta:_Tha%C3%AFlande,Pascal Salviani,,48,Dirige sa propre entreprise,Runner-up Day 40,20,0.95,Day 40,Runner-up Day 40,FINALISTE,FIN_DE_JEU,AUTRE_SORTIE,Runner-up explicitement indiqué dans la source,False,True,False,20,,,Day 40,,,20.0,FIRST_EXIT_ORDER_KL18_VALIDATED,1,False,20,2026-07-19T16:27:48.672159+00:00,pascal salviani,KL18::pascal salviani,False,FINALISTE,AUTRE_SORTIE,Runner-up Day 40,FINALISTE,AUTRE_SORTIE,Runner-up Day 40,20.0,FINALISTE,AUTRE_SORTIE,0.0,,,False,False,48.0,FROZEN_DESCRIPTIVE,VALIDATED,MALE,,HIGH,VALIDATED,Chef d'entreprise,,HIGH,,True,,MANUAL_FINAL,USER_VALIDATED,False,VALIDATED_FROZEN,Données gelées Thaïlande — inchangées,NO_QUALIFYING_PHYSICAL_INDICATOR,HIGH,,,0,0,MANUAL_USER_VALIDATION
KL18,Koh-Lanta : Thaïlande,2016,https://en.wikipedia.org/wiki/Koh-Lanta:_Tha%C3%AFlande,Wendy Gervois,,26,Boxeuse,Sole Survivor Day 40,21,1.0,Day 40,Sole Survivor Day 40,VAINQUEUR,FIN_DE_JEU,AUTRE_SORTIE,Sole Survivor explicitement indiqué dans la source,False,True,False,21,,,Day 40,,,21.0,FIRST_EXIT_ORDER_KL18_VALIDATED,0,True,21,2026-07-19T16:27:48.672159+00:00,wendy gervois,KL18::wendy gervois,False,VAINQUEUR,AUTRE_SORTIE,Sole Survivor Day 40,VAINQUEUR,AUTRE_SORTIE,Sole Survivor Day 40,21.0,VAINQUEUR,AUTRE_SORTIE,1.0,,,False,False,26.0,FROZEN_DESCRIPTIVE,VALIDATED,FEMALE,,HIGH,VALIDATED,Boxeuse,,HIGH,,True,,MANUAL_FINAL,USER_VALIDATED,False,VALIDATED_FROZEN,Données gelées Thaïlande — inchangées,,HIGH,STRENGTH_OR_COMBAT_SPORT,,0,0,MANUAL_USER_VALIDATION
KL01,KL KL01,2001,https://en.wikipedia.org/wiki/Koh-Lanta_(season_1),Marie,,22.0,Saint-Marcellin,INDETERMINE,1,0.0,,INDETERMINE,INDETERMINE,INDETERMINE,INDETERMINE,Extrait du tableau des votes Wikipedia,True,True,False,1,,False,,False,False,1.0,STANDARD,1,False,1,2026-07-21T01:58:29.727357,marie,KL01::marie,,,,,,,,,,,0.0,"Profil documenté, aucun indicateur physique qualifiant",,True,False,22.0,RAW_SEASON_TABLE,VALIDATED,FEMALE,,HIGH,VALIDATED,Saint-Marcellin,Source: https://en.wikipedia.org/wiki/Koh-Lanta_(season_1),MEDIUM,VALIDATED,True,"age_raw, gender_raw, profession_raw",MANUAL_FINAL,USER_VALIDATED,False,LOCALLY_PARTIAL,Données locales suffisantes,COMPLETE_PROFILE_NO_QUALIFYING_INDICATOR,HIGH,,,0,0,MANUAL_USER_VALIDATION
KL01,KL KL01,2001,https://en.wikipedia.org/wiki/Koh-Lanta_(season_1),Guillaume Noël,,24.0,Saint-Brieuc,INDETERMINE,2,0.066667,,INDETERMINE,INDETERMINE,INDETERMINE,INDETERMINE,Extrait du tableau des votes Wikipedia,True,True,False,2,,False,,False,False,2.0,STANDARD,1,False,2,2026-07-21T01:58:29.727357,guillaume noël,KL01::guillaume noël,,,,,,,,,,,0.0,"Profil documenté, aucun indicateur physique qualifiant",,True,False,24.0,RAW_SEASON_TABLE,VALIDATED,MALE,,HIGH,VALIDATED,Saint-Brieuc,Source: https://en.wikipedia.org/wiki/Koh-Lanta_(season_1),MEDIUM,VALIDATED,True,"age_raw, gender_raw, profession_raw",MANUAL_FINAL,USER_VALIDATED,False,LOCALLY_PARTIAL,Données locales suffisantes,COMPLETE_PROFILE_NO_QUALIFYING_INDICATOR,HIGH,,,0,0,MANUAL_USER_VALIDATION
KL01,KL KL01,2001,https://en.wikipedia.org/wiki/Koh-Lanta_(season_1),Jean-Luc,,50.0,Toulon,INDETERMINE,3,0.133333,,INDETERMINE,INDETERMINE,INDETERMINE,INDETERMINE,Extrait du tableau des votes Wikipedia,True,True,False,3,,False,,False,False,3.0,STANDARD,1,False,3,2026-07-21T01:58:29.727357,jean-luc,KL01::jean-luc,,,,,,,,,,,0.0,"Profil documenté, aucun indicateur physique qualifiant",,True,False,50.0,RAW_SEASON_TABLE,VALIDATED,MALE,,HIGH,VALIDATED,Toulon,Source: https://en.wikipedia.org/wiki/Koh-Lanta_(season_1),MEDIUM,VALIDATED,True,"age_raw, gender_raw, profession_raw",MANUAL_FINAL,USER_VALIDATED,False,LOCALLY_PARTIAL,Données locales suffisantes,COMPLETE_PROFILE_NO_QUALIFYING_INDICATOR,HIGH,,,0,0,MANUAL_USER_VALIDATION
KL01,KL KL01,2001,https://en.wikipedia.org/wiki/Koh-Lanta_(season_1),Gaël,,18.0,Brest,INDETERMINE,4,0.2,,INDETERMINE,INDETERMINE,INDETERMINE,INDETERMINE,Extrait du tableau des votes Wikipedia,True,True,False,4,,False,,False,False,4.0,STANDARD,1,False,4,2026-07-21T01:58:29.727357,gaël,KL01::gaël,,,,,,,,,,,0.0,"Profil documenté, aucun indicateur physique qualifiant",,True,False,18.0,RAW_SEASON_TABLE,VALIDATED,FEMALE,,HIGH,VALIDATED,Brest,Source: https://en.wikipedia.org/wiki/Koh-Lanta_(season_1),MEDIUM,VALIDATED,True,"age_raw, gender_raw, profession_raw",MANUAL_FINAL,USER_VALIDATED,False,LOCALLY_PARTIAL,Données locales suffisantes,COMPLETE_PROFILE_NO_QUALIFYING_INDICATOR,HIGH,,,0,0,MANUAL_USER_VALIDATION
KL01,KL KL01,2001,https://en.wikipedia.org/wiki/Koh-Lanta_(season_1),Harry,,44.0,Marseille,INDETERMINE,5,0.266667,,INDETERMINE,INDETERMINE,INDETERMINE,INDETERMINE,Extrait du tableau des votes Wikipedia,True,True,False,5,,False,,False,False,5.0,STANDARD,1,False,5,2026-07-21T01:58:29.727357,harry,KL01::harry,,,,,,,,,,,0.0,"Profil documenté, aucun indicateur physique qualifiant",,True,False,44.0,RAW_SEASON_TABLE,VALIDATED,MALE,,HIGH,VALIDATED,Marseille,Source: https://en.wikipedia.org/wiki/Koh-Lanta_(season_1),MEDIUM,VALIDATED,True,"age_raw, gender_raw, profession_raw",MANUAL_FINAL,USER_VALIDATED,False,LOCALLY_PARTIAL,Données locales suffisantes,COMPLETE_PROFILE_NO_QUALIFYING_INDICATOR,HIGH,,,0,0,MANUAL_USER_VALIDATION
KL01,KL KL01,2001,https://en.wikipedia.org/wiki/Koh-Lanta_(season_1),Sandra,,19.0,Athis-Mons,INDETERMINE,6,0.333333,,INDETERMINE,INDETERMINE,INDETERMINE,INDETERMINE,Extrait du tableau des votes Wikipedia,True,True,False,6,,False,,False,False,6.0,STANDARD,1,False,6,2026-07-21T01:58:29.727357,sandra,KL01::sandra,,,,,,,,,,,0.0,"Profil documenté, aucun indicateur physique qualifiant",,True,False,19.0,RAW_SEASON_TABLE,VALIDATED,FEMALE,,HIGH,VALIDATED,Athis-Mons,Source: https://en.wikipedia.org/wiki/Koh-Lanta_(season_1),MEDIUM,VALIDATED,True,"age_raw, gender_raw, profession_raw",MANUAL_FINAL,USER_VALIDATED,False,LOCALLY_PARTIAL,Données locales suffisantes,COMPLETE_PROFILE_NO_QUALIFYING_INDICATOR,HIGH,,,0,0,MANUAL_USER_VALIDATION
KL01,KL KL01,2001,https://en.wikipedia.org/wiki/Koh-Lanta_(season_1),David,,24.0,Estérençuby,INDETERMINE,7,0.4,,INDETERMINE,INDETERMINE,INDETERMINE,INDETERMINE,Extrait du tableau des votes Wikipedia,True,True,False,7,,False,,False,False,7.0,STANDARD,1,False,7,2026-07-21T01:58:29.727357,david,KL01::david,,,,,,,,,,,0.0,"Profil documenté, aucun indicateur physique qualifiant",,True,False,24.0,RAW_SEASON_TABLE,VALIDATED,MALE,,HIGH,VALIDATED,Estérençuby,Source: https://en.wikipedia.org/wiki/Koh-Lanta_(season_1),MEDIUM,VALIDATED,True,"age_raw, gender_raw, profession_raw",MANUAL_FINAL,USER_VALIDATED,False,LOCALLY_PARTIAL,Données locales suffisantes,COMPLETE_PROFILE_NO_QUALIFYING_INDICATOR,HIGH,,,0,0,MANUAL_USER_VALIDATION
KL01,KL KL01,2001,https://en.wikipedia.org/wiki/Koh-Lanta_(season_1),Stéphane,,24.0,Nanterre,INDETERMINE,8,0.466667,,INDETERMINE,INDETERMINE,INDETERMINE,INDETERMINE,Extrait du tableau des votes Wikipedia,True,True,False,8,,False,,False,False,8.0,STANDARD,1,False,8,2026-07-21T01:58:29.727357,stéphane,KL01::stéphane,,,,,,,,,,,0.0,"Profil documenté, aucun indicateur physique qualifiant",,True,False,24.0,RAW_SEASON_TABLE,VALIDATED,MALE,,HIGH,VALIDATED,Nanterre,Source: https://en.wikipedia.org/wiki/Koh-Lanta_(season_1),MEDIUM,VALIDATED,True,"age_raw, gender_raw, profession_raw",MANUAL_FINAL,USER_VALIDATED,False,LOCALLY_PARTIAL,Données locales suffisantes,COMPLETE_PROFILE_NO_QUALIFYING_INDICATOR,HIGH,,,0,0,MANUAL_USER_VALIDATION
KL01,KL KL01,2001,https://en.wikipedia.org/wiki/Koh-Lanta_(season_1),Géraldine Drouhet,,27.0,Avignon,INDETERMINE,9,0.533333,,INDETERMINE,INDETERMINE,INDETERMINE,INDETERMINE,Extrait du tableau des votes Wikipedia,True,True,False,9,,False,,False,False,9.0,STANDARD,1,False,9,2026-07-21T01:58:29.727357,géraldine drouhet,KL01::géraldine drouhet,,,,,,,,,,,0.0,"Profil documenté, aucun indicateur physique qualifiant",,True,False,27.0,RAW_SEASON_TABLE,VALIDATED,FEMALE,,HIGH,VALIDATED,Avignon,Source: https://en.wikipedia.org/wiki/Koh-Lanta_(season_1),MEDIUM,VALIDATED,True,"age_raw, gender_raw, profession_raw",MANUAL_FINAL,USER_VALIDATED,False,LOCALLY_PARTIAL,Données locales suffisantes,COMPLETE_PROFILE_NO_QUALIFYING_INDICATOR,HIGH,,,0,0,MANUAL_USER_VALIDATION
KL01,KL KL01,2001,https://en.wikipedia.org/wiki/Koh-Lanta_(season_1),Michèle,,58.0,Toulon-sur-Allier,INDETERMINE,10,0.6,,INDETERMINE,INDETERMINE,INDETERMINE,INDETERMINE,Extrait du tableau des votes Wikipedia,True,True,False,10,,False,,False,False,10.0,STANDARD,1,False,10,2026-07-21T01:58:29.727357,michèle,KL01::michèle,,,,,,,,,,,0.0,"Profil documenté, aucun indicateur physique qualifiant",,True,False,58.0,RAW_SEASON_TABLE,VALIDATED,FEMALE,,HIGH,VALIDATED,Toulon-sur-Allier,Source: https://en.wikipedia.org/wiki/Koh-Lanta_(season_1),MEDIUM,VALIDATED,True,"age_raw, gender_raw, profession_raw",MANUAL_FINAL,USER_VALIDATED,False,LOCALLY_PARTIAL,Données locales suffisantes,COMPLETE_PROFILE_NO_QUALIFYING_INDICATOR,HIGH,,,0,0,MANUAL_USER_VALIDATION
KL01,KL KL01,2001,https://en.wikipedia.org/wiki/Koh-Lanta_(season_1),William,,32.0,Tours,INDETERMINE,11,0.666667,,INDETERMINE,INDETERMINE,INDETERMINE,INDETERMINE,Extrait du tableau des votes Wikipedia,True,True,False,11,,False,,False,False,11.0,STANDARD,1,False,11,2026-07-21T01:58:29.727357,william,KL01::william,,,,,,,,,,,0.0,"Profil documenté, aucun indicateur physique qualifiant",,True,False,32.0,RAW_SEASON_TABLE,VALIDATED,MALE,,HIGH,VALIDATED,Tours,Source: https://en.wikipedia.org/wiki/Koh-Lanta_(season_1),MEDIUM,VALIDATED,True,"age_raw, gender_raw, profession_raw",MANUAL_FINAL,USER_VALIDATED,False,LOCALLY_PARTIAL,Données locales suffisantes,COMPLETE_PROFILE_NO_QUALIFYING_INDICATOR,HIGH,,,0,0,MANUAL_USER_VALIDATION
KL01,KL KL01,2001,https://en.wikipedia.org/wiki/Koh-Lanta_(season_1),Françoise,,41.0,Arras,INDETERMINE,12,0.733333,,INDETERMINE,INDETERMINE,INDETERMINE,INDETERMINE,Extrait du tableau des votes Wikipedia,True,True,False,12,,False,,False,False,12.0,STANDARD,1,False,12,2026-07-21T01:58:29.727357,françoise,KL01::françoise,,,,,,,,,,,0.0,"Profil documenté, aucun indicateur physique qualifiant",,True,False,41.0,RAW_SEASON_TABLE,VALIDATED,FEMALE,,HIGH,VALIDATED,Arras,Source: https://en.wikipedia.org/wiki/Koh-Lanta_(season_1),MEDIUM,VALIDATED,True,"age_raw, gender_raw, profession_raw",MANUAL_FINAL,USER_VALIDATED,False,LOCALLY_PARTIAL,Données locales suffisantes,COMPLETE_PROFILE_NO_QUALIFYING_INDICATOR,HIGH,,,0,0,MANUAL_USER_VALIDATION
KL01,KL KL01,2001,https://en.wikipedia.org/wiki/Koh-Lanta_(season_1),Romain,,27.0,Vigneux-sur-Seine,INDETERMINE,13,0.8,,INDETERMINE,INDETERMINE,INDETERMINE,INDETERMINE,Extrait du tableau des votes Wikipedia,True,True,False,13,,False,,False,False,13.0,STANDARD,1,False,13,2026-07-21T01:58:29.727357,romain,KL01::romain,,,,,,,,,,,0.0,"Profil documenté, aucun indicateur physique qualifiant",,True,False,27.0,RAW_SEASON_TABLE,VALIDATED,MALE,,HIGH,VALIDATED,Vigneux-sur-Seine,Source: https://en.wikipedia.org/wiki/Koh-Lanta_(season_1),MEDIUM,VALIDATED,True,"age_raw, gender_raw, profession_raw",MANUAL_FINAL,USER_VALIDATED,False,LOCALLY_PARTIAL,Données locales suffisantes,COMPLETE_PROFILE_NO_QUALIFYING_INDICATOR,HIGH,,,0,0,MANUAL_USER_VALIDATION
KL01,KL KL01,2001,https://en.wikipedia.org/wiki/Koh-Lanta_(season_1),Patricia,,31.0,La Garenne-Colombes,INDETERMINE,14,0.866667,,INDETERMINE,INDETERMINE,INDETERMINE,INDETERMINE,Extrait du tableau des votes Wikipedia,True,True,False,14,,False,,False,False,14.0,STANDARD,1,False,14,2026-07-21T01:58:29.727357,patricia,KL01::patricia,,,,,,,,,,,0.0,"Profil documenté, aucun indicateur physique qualifiant",,True,False,31.0,RAW_SEASON_TABLE,VALIDATED,FEMALE,,HIGH,VALIDATED,La Garenne-Colombes,Source: https://en.wikipedia.org/wiki/Koh-Lanta_(season_1),MEDIUM,VALIDATED,True,"age_raw, gender_raw, profession_raw",MANUAL_FINAL,USER_VALIDATED,False,LOCALLY_PARTIAL,Données locales suffisantes,COMPLETE_PROFILE_NO_QUALIFYING_INDICATOR,HIGH,,,0,0,MANUAL_USER_VALIDATION
KL01,KL KL01,2001,https://en.wikipedia.org/wiki/Koh-Lanta_(season_1),Guénaëlle Biras,,25.0,Paris,FINALISTE,15,0.933333,,FINALISTE,FINALISTE,FIN_DE_JEU,AUTRE_SORTIE,Extrait du tableau des votes Wikipedia,False,True,False,15,,False,,False,False,15.0,STANDARD,1,False,15,2026-07-21T01:58:29.727357,guénaëlle biras,KL01::guénaëlle biras,,,,,,,,,,,0.0,"Profil documenté, aucun indicateur physique qualifiant",,True,False,25.0,RAW_SEASON_TABLE,VALIDATED,FEMALE,,HIGH,VALIDATED,Paris,Source: https://en.wikipedia.org/wiki/Koh-Lanta_(season_1),MEDIUM,VALIDATED,True,"age_raw, gender_raw, profession_raw",MANUAL_FINAL,USER_VALIDATED,False,LOCALLY_PARTIAL,Données locales suffisantes,COMPLETE_PROFILE_NO_QUALIFYING_INDICATOR,HIGH,,,0,0,MANUAL_USER_VALIDATION
KL01,KL KL01,2001,https://en.wikipedia.org/wiki/Koh-Lanta_(season_1),Gilles Nicolet,,35.0,Bordeaux,VAINQUEUR,16,1.0,,VAINQUEUR,VAINQUEUR,FIN_DE_JEU,AUTRE_SORTIE,Extrait du tableau des votes Wikipedia,False,True,False,16,,False,,False,False,16.0,STANDARD,0,True,16,2026-07-21T01:58:29.727357,gilles nicolet,KL01::gilles nicolet,,,,,,,,,,,0.0,"Profil documenté, aucun indicateur physique qualifiant",,True,False,35.0,RAW_SEASON_TABLE,VALIDATED,MALE,,HIGH,VALIDATED,Bordeaux,Source: https://en.wikipedia.org/wiki/Koh-Lanta_(season_1),MEDIUM,VALIDATED,True,"age_raw, gender_raw, profession_raw",MANUAL_FINAL,USER_VALIDATED,False,LOCALLY_PARTIAL,Données locales suffisantes,COMPLETE_PROFILE_NO_QUALIFYING_INDICATOR,HIGH,,,0,0,MANUAL_USER_VALIDATION
