season_id,season_name,season_year,season_url,candidate_name,gender_raw,age_raw,profession_raw,final_position_raw,final_exit_order,final_exit_order_normalized,departure_day_raw,departure_description_raw,departure_type_normalized,departure_category,departure_model_category,departure_classification_reason,needs_departure_enrichment,departure_is_definitive,returned_to_game,first_exit_order,second_exit_order,returned_after_medical_replacement,same_day_exit_group,exit_order_ambiguity,exit_order_review_required,analysis_exit_order,analysis_exit_rule,all_cause_exit_event,censored_at_end,source_row_number,scraped_at,candidate_name_normalized,candidate_season_key,had_temporary_elimination,first_exit_type,first_exit_model_category,first_exit_description,final_exit_type,final_exit_model_category,final_exit_description,model_exit_order,model_exit_type,model_exit_category,physical_score,physical_score_justification,physical_score_sources
KL03,Koh-Lanta : Bocas del Toro,2003,https://en.wikipedia.org/wiki/Koh-Lanta:_Bocas_del_Toro,Alexandra Denikine,,,,INDETERMINE,1,0.0,,,INDETERMINE,INDETERMINE,INDETERMINE,Données vérifiées manuellement,True,True,False,1,,False,,False,False,1.0,STANDARD,1,False,1,2026-07-21T15:05:41.247265,alexandra denikine,KL03::alexandra denikine,,,,,,,,,,,,,
KL03,Koh-Lanta : Bocas del Toro,2003,https://en.wikipedia.org/wiki/Koh-Lanta:_Bocas_del_Toro,Candice Cohen,,,,INDETERMINE,2,0.058824,,,INDETERMINE,INDETERMINE,INDETERMINE,Données vérifiées manuellement,True,True,False,2,,False,,False,False,2.0,STANDARD,1,False,2,2026-07-21T15:05:41.247265,candice cohen,KL03::candice cohen,,,,,,,,,,,,,
KL03,Koh-Lanta : Bocas del Toro,2003,https://en.wikipedia.org/wiki/Koh-Lanta:_Bocas_del_Toro,Michel Jeandel,,,,INDETERMINE,3,0.117647,,,INDETERMINE,INDETERMINE,INDETERMINE,Données vérifiées manuellement,True,True,False,3,,False,,False,False,3.0,STANDARD,1,False,3,2026-07-21T15:05:41.247265,michel jeandel,KL03::michel jeandel,,,,,,,,,,,,,
KL03,Koh-Lanta : Bocas del Toro,2003,https://en.wikipedia.org/wiki/Koh-Lanta:_Bocas_del_Toro,Sophie Guilloix,,,,INDETERMINE,4,0.176471,,,INDETERMINE,INDETERMINE,INDETERMINE,Données vérifiées manuellement,True,True,False,4,,False,,False,False,4.0,STANDARD,1,False,4,2026-07-21T15:05:41.247265,sophie guilloix,KL03::sophie guilloix,,,,,,,,,,,,,
KL03,Koh-Lanta : Bocas del Toro,2003,https://en.wikipedia.org/wiki/Koh-Lanta:_Bocas_del_Toro,Julie Bourdon,,,,INDETERMINE,5,0.235294,,,INDETERMINE,INDETERMINE,INDETERMINE,Données vérifiées manuellement,True,True,False,5,,False,,False,False,5.0,STANDARD,1,False,5,2026-07-21T15:05:41.247265,julie bourdon,KL03::julie bourdon,,,,,,,,,,,,,
KL03,Koh-Lanta : Bocas del Toro,2003,https://en.wikipedia.org/wiki/Koh-Lanta:_Bocas_del_Toro,Linda Delamarre,,,,INDETERMINE,6,0.294118,,,INDETERMINE,INDETERMINE,INDETERMINE,Données vérifiées manuellement,True,True,False,6,,False,,False,False,6.0,STANDARD,1,False,6,2026-07-21T15:05:41.247265,linda delamarre,KL03::linda delamarre,,,,,,,,,,,,,
KL03,Koh-Lanta : Bocas del Toro,2003,https://en.wikipedia.org/wiki/Koh-Lanta:_Bocas_del_Toro,Philippe Huquet,,,,INDETERMINE,7,0.352941,,,INDETERMINE,INDETERMINE,INDETERMINE,Données vérifiées manuellement,True,True,False,7,,False,,False,False,7.0,STANDARD,1,False,7,2026-07-21T15:05:41.247265,philippe huquet,KL03::philippe huquet,,,,,,,,,,,,,
KL03,Koh-Lanta : Bocas del Toro,2003,https://en.wikipedia.org/wiki/Koh-Lanta:_Bocas_del_Toro,Alexandre Bérard,,,,INDETERMINE,8,0.411765,,,INDETERMINE,INDETERMINE,INDETERMINE,Données vérifiées manuellement,True,True,False,8,,False,,False,False,8.0,STANDARD,1,False,8,2026-07-21T15:05:41.247265,alexandre bérard,KL03::alexandre bérard,,,,,,,,,,,,,
KL03,Koh-Lanta : Bocas del Toro,2003,https://en.wikipedia.org/wiki/Koh-Lanta:_Bocas_del_Toro,Richard Lecourt,,,,INDETERMINE,9,0.470588,,,INDETERMINE,INDETERMINE,INDETERMINE,Données vérifiées manuellement,True,True,False,9,,False,,False,False,9.0,STANDARD,1,False,9,2026-07-21T15:05:41.247265,richard lecourt,KL03::richard lecourt,,,,,,,,,,,,,
KL03,Koh-Lanta : Bocas del Toro,2003,https://en.wikipedia.org/wiki/Koh-Lanta:_Bocas_del_Toro,Sylvie Rivoal,,,,INDETERMINE,10,0.529412,,,INDETERMINE,INDETERMINE,INDETERMINE,Données vérifiées manuellement,True,True,False,10,,False,,False,False,10.0,STANDARD,1,False,10,2026-07-21T15:05:41.247265,sylvie rivoal,KL03::sylvie rivoal,,,,,,,,,,,,,
KL03,Koh-Lanta : Bocas del Toro,2003,https://en.wikipedia.org/wiki/Koh-Lanta:_Bocas_del_Toro,Sébastien Loew,,,,INDETERMINE,11,0.588235,,,INDETERMINE,INDETERMINE,INDETERMINE,Données vérifiées manuellement,True,True,False,11,,False,,False,False,11.0,STANDARD,1,False,11,2026-07-21T15:05:41.247265,sébastien loew,KL03::sébastien loew,,,,,,,,,,,,,
KL03,Koh-Lanta : Bocas del Toro,2003,https://en.wikipedia.org/wiki/Koh-Lanta:_Bocas_del_Toro,Valérie Dot,,,,INDETERMINE,12,0.647059,,,INDETERMINE,INDETERMINE,INDETERMINE,Données vérifiées manuellement,True,True,False,12,,False,,False,False,12.0,STANDARD,1,False,12,2026-07-21T15:05:41.247265,valérie dot,KL03::valérie dot,,,,,,,,,,,,,
KL03,Koh-Lanta : Bocas del Toro,2003,https://en.wikipedia.org/wiki/Koh-Lanta:_Bocas_del_Toro,Hélène Patry,,,,INDETERMINE,13,0.705882,,,INDETERMINE,INDETERMINE,INDETERMINE,Données vérifiées manuellement,True,True,False,13,,False,,False,False,13.0,STANDARD,1,False,13,2026-07-21T15:05:41.247265,hélène patry,KL03::hélène patry,,,,,,,,,,,,,
KL03,Koh-Lanta : Bocas del Toro,2003,https://en.wikipedia.org/wiki/Koh-Lanta:_Bocas_del_Toro,Moundir Zoughari,,,,INDETERMINE,14,0.764706,,,INDETERMINE,INDETERMINE,INDETERMINE,Données vérifiées manuellement,True,True,False,14,,False,,False,False,14.0,STANDARD,1,False,14,2026-07-21T15:05:41.247265,moundir zoughari,KL03::moundir zoughari,,,,,,,,,,,,,
KL03,Koh-Lanta : Bocas del Toro,2003,https://en.wikipedia.org/wiki/Koh-Lanta:_Bocas_del_Toro,Antoine Sanchez,,,,INDETERMINE,15,0.823529,,,INDETERMINE,INDETERMINE,INDETERMINE,Données vérifiées manuellement,True,True,False,15,,False,,False,False,15.0,STANDARD,1,False,15,2026-07-21T15:05:41.247265,antoine sanchez,KL03::antoine sanchez,,,,,,,,,,,,,
KL03,Koh-Lanta : Bocas del Toro,2003,https://en.wikipedia.org/wiki/Koh-Lanta:_Bocas_del_Toro,Moussa Niangane,,,,INDETERMINE,16,0.882353,,,INDETERMINE,INDETERMINE,INDETERMINE,Données vérifiées manuellement,True,True,False,16,,False,,False,False,16.0,STANDARD,1,False,16,2026-07-21T15:05:41.247265,moussa niangane,KL03::moussa niangane,,,,,,,,,,,,,
KL03,Koh-Lanta : Bocas del Toro,2003,https://en.wikipedia.org/wiki/Koh-Lanta:_Bocas_del_Toro,Delphine Bano,,,,CO_VAINQUEUR,17,0.941176,,,CO_VAINQUEUR,FIN_DE_JEU,AUTRE_SORTIE,Données vérifiées manuellement,False,True,False,17,,False,,False,False,17.0,STANDARD,0,True,17,2026-07-21T15:05:41.247265,delphine bano,KL03::delphine bano,,,,,,,,,,,,,
KL03,Koh-Lanta : Bocas del Toro,2003,https://en.wikipedia.org/wiki/Koh-Lanta:_Bocas_del_Toro,Isabelle Seguin,,,,CO_VAINQUEUR,18,1.0,,,CO_VAINQUEUR,FIN_DE_JEU,AUTRE_SORTIE,Données vérifiées manuellement,False,True,False,18,,False,,False,False,18.0,STANDARD,0,True,18,2026-07-21T15:05:41.247265,isabelle seguin,KL03::isabelle seguin,,,,,,,,,,,,,
KL08,KL KL08,2008,https://en.wikipedia.org/wiki/Koh-Lanta:_Caramoan,Valérie,,,Mingao,INDETERMINE,1,0.0,,INDETERMINE,INDETERMINE,INDETERMINE,INDETERMINE,Extrait du tableau des votes Wikipedia,True,True,False,1,,False,,False,False,1.0,STANDARD,1,False,1,2026-07-21T01:58:33.757677,valérie,KL08::valérie,,,,,,,,,,,,,
KL08,KL KL08,2008,https://en.wikipedia.org/wiki/Koh-Lanta:_Caramoan,Céga,,43.0,Paris,INDETERMINE,2,0.0625,,INDETERMINE,INDETERMINE,INDETERMINE,INDETERMINE,Extrait du tableau des votes Wikipedia,True,True,False,2,,False,,False,False,2.0,STANDARD,1,False,2,2026-07-21T01:58:33.757677,céga,KL08::céga,,,,,,,,,,,,,
KL08,KL KL08,2008,https://en.wikipedia.org/wiki/Koh-Lanta:_Caramoan,Irya,,24.0,La Courneuve,INDETERMINE,3,0.125,,INDETERMINE,INDETERMINE,INDETERMINE,INDETERMINE,Extrait du tableau des votes Wikipedia,True,True,False,3,,False,,False,False,3.0,STANDARD,1,False,3,2026-07-21T01:58:33.757677,irya,KL08::irya,,,,,,,,,,,,,
KL08,KL KL08,2008,https://en.wikipedia.org/wiki/Koh-Lanta:_Caramoan,Morgane,,23.0,Créteil,INDETERMINE,4,0.1875,,INDETERMINE,INDETERMINE,INDETERMINE,INDETERMINE,Extrait du tableau des votes Wikipedia,True,True,False,4,,False,,False,False,4.0,STANDARD,1,False,4,2026-07-21T01:58:33.757677,morgane,KL08::morgane,,,,,,,,,,,,,
KL08,KL KL08,2008,https://en.wikipedia.org/wiki/Koh-Lanta:_Caramoan,Jessica,,33.0,Landivisiau,INDETERMINE,5,0.25,,INDETERMINE,INDETERMINE,INDETERMINE,INDETERMINE,Extrait du tableau des votes Wikipedia,True,True,False,5,,False,,False,False,5.0,STANDARD,1,False,5,2026-07-21T01:58:33.757677,jessica,KL08::jessica,,,,,,,,,,,,,
KL08,KL KL08,2008,https://en.wikipedia.org/wiki/Koh-Lanta:_Caramoan,Alain,,21.0,Bouzigues,INDETERMINE,6,0.3125,,INDETERMINE,INDETERMINE,INDETERMINE,INDETERMINE,Extrait du tableau des votes Wikipedia,True,True,False,6,,False,,False,False,6.0,STANDARD,1,False,6,2026-07-21T01:58:33.757677,alain,KL08::alain,,,,,,,,,,,,,
KL08,KL KL08,2008,https://en.wikipedia.org/wiki/Koh-Lanta:_Caramoan,Jean-Bernard,,41.0,Grenoble,INDETERMINE,7,0.375,,INDETERMINE,INDETERMINE,INDETERMINE,INDETERMINE,Extrait du tableau des votes Wikipedia,True,True,False,7,,False,,False,False,7.0,STANDARD,1,False,7,2026-07-21T01:58:33.757677,jean-bernard,KL08::jean-bernard,,,,,,,,,,,,,
KL08,KL KL08,2008,https://en.wikipedia.org/wiki/Koh-Lanta:_Caramoan,Christopher,,40.0,Marseille,INDETERMINE,8,0.4375,,INDETERMINE,INDETERMINE,INDETERMINE,INDETERMINE,Extrait du tableau des votes Wikipedia,True,True,False,8,,False,,False,False,8.0,STANDARD,1,False,8,2026-07-21T01:58:33.757677,christopher,KL08::christopher,,,,,,,,,,,,,
KL08,KL KL08,2008,https://en.wikipedia.org/wiki/Koh-Lanta:_Caramoan,Christophe,,,Day 21,INDETERMINE,9,0.5,,INDETERMINE,INDETERMINE,INDETERMINE,INDETERMINE,Extrait du tableau des votes Wikipedia,True,True,False,9,,False,,False,False,9.0,STANDARD,1,False,9,2026-07-21T01:58:33.757677,christophe,KL08::christophe,,,,,,,,,,,,,
KL08,KL KL08,2008,https://en.wikipedia.org/wiki/Koh-Lanta:_Caramoan,Charlène,,25.0,Nogent-sur-Marne,INDETERMINE,10,0.5625,,INDETERMINE,INDETERMINE,INDETERMINE,INDETERMINE,Extrait du tableau des votes Wikipedia,True,True,False,10,,False,,False,False,10.0,STANDARD,1,False,10,2026-07-21T01:58:33.757677,charlène,KL08::charlène,,,,,,,,,,,,,
KL08,KL KL08,2008,https://en.wikipedia.org/wiki/Koh-Lanta:_Caramoan,Hakim,,39.0,Neuville-en-Avesnois,INDETERMINE,11,0.625,,INDETERMINE,INDETERMINE,INDETERMINE,INDETERMINE,Extrait du tableau des votes Wikipedia,True,True,False,11,,False,,False,False,11.0,STANDARD,1,False,11,2026-07-21T01:58:33.757677,hakim,KL08::hakim,,,,,,,,,,,,,
KL08,KL KL08,2008,https://en.wikipedia.org/wiki/Koh-Lanta:_Caramoan,Régis,,20.0,Strasbourg,INDETERMINE,12,0.6875,,INDETERMINE,INDETERMINE,INDETERMINE,INDETERMINE,Extrait du tableau des votes Wikipedia,True,True,False,12,,False,,False,False,12.0,STANDARD,1,False,12,2026-07-21T01:58:33.757677,régis,KL08::régis,,,,,,,,,,,,,
KL08,KL KL08,2008,https://en.wikipedia.org/wiki/Koh-Lanta:_Caramoan,Carole,,38.0,Nantes,INDETERMINE,13,0.75,,INDETERMINE,INDETERMINE,INDETERMINE,INDETERMINE,Extrait du tableau des votes Wikipedia,True,True,False,13,,False,,False,False,13.0,STANDARD,1,False,13,2026-07-21T01:58:33.757677,carole,KL08::carole,,,,,,,,,,,,,
KL08,KL KL08,2008,https://en.wikipedia.org/wiki/Koh-Lanta:_Caramoan,Nathalie,,56.0,Pézenas,INDETERMINE,14,0.8125,,INDETERMINE,INDETERMINE,INDETERMINE,INDETERMINE,Extrait du tableau des votes Wikipedia,True,True,False,14,,False,,False,False,14.0,STANDARD,1,False,14,2026-07-21T01:58:33.757677,nathalie,KL08::nathalie,,,,,,,,,,,,,
KL08,KL KL08,2008,https://en.wikipedia.org/wiki/Koh-Lanta:_Caramoan,Bertrand,,41.0,La Limouzinière,INDETERMINE,15,0.875,,INDETERMINE,INDETERMINE,INDETERMINE,INDETERMINE,Extrait du tableau des votes Wikipedia,True,True,False,15,,False,,False,False,15.0,STANDARD,1,False,15,2026-07-21T01:58:33.757677,bertrand,KL08::bertrand,,,,,,,,,,,,,
KL08,KL KL08,2008,https://en.wikipedia.org/wiki/Koh-Lanta:_Caramoan,Frédéric Favier,,29.0,Montfermeil,FINALISTE,16,0.9375,,FINALISTE,FINALISTE,FIN_DE_JEU,AUTRE_SORTIE,Extrait du tableau des votes Wikipedia,False,True,False,16,,False,,False,False,16.0,STANDARD,1,False,16,2026-07-21T01:58:33.757677,frédéric favier,KL08::frédéric favier,,,,,,,,,,,,,
KL08,KL KL08,2008,https://en.wikipedia.org/wiki/Koh-Lanta:_Caramoan,Christelle Gauzet,,32.0,Perpignan,VAINQUEUR,17,1.0,,VAINQUEUR,VAINQUEUR,FIN_DE_JEU,AUTRE_SORTIE,Extrait du tableau des votes Wikipedia,False,True,False,17,,False,,False,False,17.0,STANDARD,0,True,17,2026-07-21T01:58:33.757677,christelle gauzet,KL08::christelle gauzet,,,,,,,,,,,,,
KL17,Koh-Lanta : Johor,2015,https://en.wikipedia.org/wiki/Koh-Lanta:_Johor,Babeth Delettre,,52,,1st Voted Out Day 3,1,0.0,,1st Voted Out Day 3,CONSEIL,INDETERMINE,DECISION_AVENTURIERS,Source: https://en.wikipedia.org/wiki/Koh-Lanta:_Johor,False,True,False,1,,False,,False,False,1.0,STANDARD,1,False,1,2026-07-21T02:14:09.071230,babeth delettre,KL17::babeth delettre,,,,,,,,,,,,,
KL17,Koh-Lanta : Johor,2015,https://en.wikipedia.org/wiki/Koh-Lanta:_Johor,Marie-Anne Queniart,,38,,2nd Voted Out Day 6,2,0.052632,,2nd Voted Out Day 6,CONSEIL,INDETERMINE,DECISION_AVENTURIERS,Source: https://en.wikipedia.org/wiki/Koh-Lanta:_Johor,False,True,False,2,,False,,False,False,2.0,STANDARD,1,False,2,2026-07-21T02:14:09.071230,marie-anne queniart,KL17::marie-anne queniart,,,,,,,,,,,,,
KL17,Koh-Lanta : Johor,2015,https://en.wikipedia.org/wiki/Koh-Lanta:_Johor,Benoît Jorion-Fahy,,27,,3rd Voted Out Day 9,3,0.105263,,3rd Voted Out Day 9,CONSEIL,INDETERMINE,DECISION_AVENTURIERS,Source: https://en.wikipedia.org/wiki/Koh-Lanta:_Johor,False,True,False,3,,False,,False,False,3.0,STANDARD,1,False,3,2026-07-21T02:14:09.071230,benoît jorion-fahy,KL17::benoît jorion-fahy,,,,,,,,,,,,,
KL17,Koh-Lanta : Johor,2015,https://en.wikipedia.org/wiki/Koh-Lanta:_Johor,Manon Allender,,24,,Left Competition Day 12,4,0.157895,,Left Competition Day 12,INDETERMINE,INDETERMINE,AUTRE_SORTIE,Source: https://en.wikipedia.org/wiki/Koh-Lanta:_Johor,True,True,False,4,,False,,False,False,4.0,STANDARD,1,False,4,2026-07-21T02:14:09.071230,manon allender,KL17::manon allender,,,,,,,,,,,,,
KL17,Koh-Lanta : Johor,2015,https://en.wikipedia.org/wiki/Koh-Lanta:_Johor,Loïc Crespin,,20,,Medically evacuated Day 13,5,0.210526,,Medically evacuated Day 13,ABANDON_MEDICAL,INDETERMINE,AUTRE_SORTIE,Source: https://en.wikipedia.org/wiki/Koh-Lanta:_Johor,False,True,False,5,,False,,False,False,5.0,STANDARD,1,False,5,2026-07-21T02:14:09.071230,loïc crespin,KL17::loïc crespin,,,,,,,,,,,,,
KL17,Koh-Lanta : Johor,2015,https://en.wikipedia.org/wiki/Koh-Lanta:_Johor,Isabelle Haouzi,,54,,5th Voted Out Day 15,6,0.263158,,5th Voted Out Day 15,CONSEIL,INDETERMINE,DECISION_AVENTURIERS,Source: https://en.wikipedia.org/wiki/Koh-Lanta:_Johor,False,True,False,6,,False,,False,False,6.0,STANDARD,1,False,6,2026-07-21T02:14:09.071230,isabelle haouzi,KL17::isabelle haouzi,,,,,,,,,,,,,
KL17,Koh-Lanta : Johor,2015,https://en.wikipedia.org/wiki/Koh-Lanta:_Johor,Margot Perrot Houwaer,,22,,Medically evacuated Day 19,7,0.315789,,Medically evacuated Day 19,ABANDON_MEDICAL,INDETERMINE,AUTRE_SORTIE,Source: https://en.wikipedia.org/wiki/Koh-Lanta:_Johor,False,True,False,7,,False,,False,False,7.0,STANDARD,1,False,7,2026-07-21T02:14:09.071230,margot perrot houwaer,KL17::margot perrot houwaer,,,,,,,,,,,,,
KL17,Koh-Lanta : Johor,2015,https://en.wikipedia.org/wiki/Koh-Lanta:_Johor,Alban Pellegrin,,28,,7th Voted Out 1st jury member Day 19,8,0.368421,,7th Voted Out 1st jury member Day 19,CONSEIL,INDETERMINE,DECISION_AVENTURIERS,Source: https://en.wikipedia.org/wiki/Koh-Lanta:_Johor,False,True,False,8,,False,,False,False,8.0,STANDARD,1,False,8,2026-07-21T02:14:09.071230,alban pellegrin,KL17::alban pellegrin,,,,,,,,,,,,,
KL17,Koh-Lanta : Johor,2015,https://en.wikipedia.org/wiki/Koh-Lanta:_Johor,Corinne Bargoin Samuelian,,45,,Medically evacuated 2nd jury member Day 21,9,0.421053,,Medically evacuated 2nd jury member Day 21,ABANDON_MEDICAL,INDETERMINE,AUTRE_SORTIE,Source: https://en.wikipedia.org/wiki/Koh-Lanta:_Johor,False,True,False,9,,False,,False,False,9.0,STANDARD,1,False,9,2026-07-21T02:14:09.071230,corinne bargoin samuelian,KL17::corinne bargoin samuelian,,,,,,,,,,,,,
KL17,Koh-Lanta : Johor,2015,https://en.wikipedia.org/wiki/Koh-Lanta:_Johor,Cédric Giosserand-Lucas,,36,,9th Voted Out 3rd jury member Day 23,10,0.473684,,9th Voted Out 3rd jury member Day 23,CONSEIL,INDETERMINE,DECISION_AVENTURIERS,Source: https://en.wikipedia.org/wiki/Koh-Lanta:_Johor,False,True,False,10,,False,,False,False,10.0,STANDARD,1,False,10,2026-07-21T02:14:09.071230,cédric giosserand-lucas,KL17::cédric giosserand-lucas,,,,,,,,,,,,,
KL17,Koh-Lanta : Johor,2015,https://en.wikipedia.org/wiki/Koh-Lanta:_Johor,Charlaine Cuny,,21,,10th Voted Out 4th jury member Day 26,11,0.526316,,10th Voted Out 4th jury member Day 26,CONSEIL,INDETERMINE,DECISION_AVENTURIERS,Source: https://en.wikipedia.org/wiki/Koh-Lanta:_Johor,False,True,False,11,,False,,False,False,11.0,STANDARD,1,False,11,2026-07-21T02:14:09.071230,charlaine cuny,KL17::charlaine cuny,,,,,,,,,,,,,
KL17,Koh-Lanta : Johor,2015,https://en.wikipedia.org/wiki/Koh-Lanta:_Johor,Nessim Kouachi,,26,,11th Voted Out 5th jury member Day 26,12,0.578947,,11th Voted Out 5th jury member Day 26,CONSEIL,INDETERMINE,DECISION_AVENTURIERS,Source: https://en.wikipedia.org/wiki/Koh-Lanta:_Johor,False,True,False,12,,False,,False,False,12.0,STANDARD,1,False,12,2026-07-21T02:14:09.071230,nessim kouachi,KL17::nessim kouachi,,,,,,,,,,,,,
KL17,Koh-Lanta : Johor,2015,https://en.wikipedia.org/wiki/Koh-Lanta:_Johor,Jeff Santiago,,32,,12th Voted Out 6th jury member Day 29,13,0.631579,,12th Voted Out 6th jury member Day 29,CONSEIL,INDETERMINE,DECISION_AVENTURIERS,Source: https://en.wikipedia.org/wiki/Koh-Lanta:_Johor,False,True,False,13,,False,,False,False,13.0,STANDARD,1,False,13,2026-07-21T02:14:09.071230,jeff santiago,KL17::jeff santiago,,,,,,,,,,,,,
KL17,Koh-Lanta : Johor,2015,https://en.wikipedia.org/wiki/Koh-Lanta:_Johor,Christophe Pendon,,30,,13th Voted Out 7th jury member Day 32,14,0.684211,,13th Voted Out 7th jury member Day 32,CONSEIL,INDETERMINE,DECISION_AVENTURIERS,Source: https://en.wikipedia.org/wiki/Koh-Lanta:_Johor,False,True,False,14,,False,,False,False,14.0,STANDARD,1,False,14,2026-07-21T02:14:09.071230,christophe pendon,KL17::christophe pendon,,,,,,,,,,,,,
KL17,Koh-Lanta : Johor,2015,https://en.wikipedia.org/wiki/Koh-Lanta:_Johor,Jessica Potel,,31,,14th Voted Out 8th jury member Day 34,15,0.736842,,14th Voted Out 8th jury member Day 34,CONSEIL,INDETERMINE,DECISION_AVENTURIERS,Source: https://en.wikipedia.org/wiki/Koh-Lanta:_Johor,False,True,False,15,,False,,False,False,15.0,STANDARD,1,False,15,2026-07-21T02:14:09.071230,jessica potel,KL17::jessica potel,,,,,,,,,,,,,
KL17,Koh-Lanta : Johor,2015,https://en.wikipedia.org/wiki/Koh-Lanta:_Johor,Sébastien Ballesteros,,25,,15th Voted Out 9th jury member Day 37,16,0.789474,,15th Voted Out 9th jury member Day 37,CONSEIL,INDETERMINE,DECISION_AVENTURIERS,Source: https://en.wikipedia.org/wiki/Koh-Lanta:_Johor,False,True,False,16,,False,,False,False,16.0,STANDARD,1,False,16,2026-07-21T02:14:09.071230,sébastien ballesteros,KL17::sébastien ballesteros,,,,,,,,,,,,,
KL17,Koh-Lanta : Johor,2015,https://en.wikipedia.org/wiki/Koh-Lanta:_Johor,Bruno Peisey,,52,,Lost Challenge 10th jury member Day 38,17,0.842105,,Lost Challenge 10th jury member Day 38,EPREUVE_ELIMINATOIRE,INDETERMINE,EPREUVE,Source: https://en.wikipedia.org/wiki/Koh-Lanta:_Johor,False,True,False,17,,False,,False,False,17.0,STANDARD,1,False,17,2026-07-21T02:14:09.071230,bruno peisey,KL17::bruno peisey,,,,,,,,,,,,,
KL17,Koh-Lanta : Johor,2015,https://en.wikipedia.org/wiki/Koh-Lanta:_Johor,Mélissa Bastin,,28,,15th Voted Out 11th jury member Day 39,18,0.894737,,15th Voted Out 11th jury member Day 39,CONSEIL,INDETERMINE,DECISION_AVENTURIERS,Source: https://en.wikipedia.org/wiki/Koh-Lanta:_Johor,False,True,False,18,,False,,False,False,18.0,STANDARD,1,False,18,2026-07-21T02:14:09.071230,mélissa bastin,KL17::mélissa bastin,,,,,,,,,,,,,
KL17,Koh-Lanta : Johor,2015,https://en.wikipedia.org/wiki/Koh-Lanta:_Johor,Chantel Ménard,,45,,Runner-up Day 40,19,0.947368,,Runner-up Day 40,FINALISTE,FIN_DE_JEU,AUTRE_SORTIE,Source: https://en.wikipedia.org/wiki/Koh-Lanta:_Johor,False,True,False,19,,False,,False,False,19.0,STANDARD,1,False,19,2026-07-21T02:14:09.071230,chantel ménard,KL17::chantel ménard,,,,,,,,,,,,,
KL17,Koh-Lanta : Johor,2015,https://en.wikipedia.org/wiki/Koh-Lanta:_Johor,Marc Rambaud,,43,,Sole Survivor Day 40,20,1.0,,Sole Survivor Day 40,VAINQUEUR,FIN_DE_JEU,AUTRE_SORTIE,Source: https://en.wikipedia.org/wiki/Koh-Lanta:_Johor,False,True,False,20,,False,,False,False,20.0,STANDARD,0,True,20,2026-07-21T02:14:09.071230,marc rambaud,KL17::marc rambaud,,,,,,,,,,,,,
KL31,Koh-Lanta : L'Île au trésor,2016,https://en.wikipedia.org/wiki/Koh-Lanta:_L%27%C3%8Ele_au_Tr%C3%A9sor,Myriam Zenasni,,36,,1st Voted Out Day 3,1,0.0,Day 3,1st Voted Out Day 3,CONSEIL,DECISION_AVENTURIERS,DECISION_AVENTURIERS,Voted Out: élimination par conseil,False,True,False,1,,False,,False,False,1.0,STANDARD,1,False,1,2026-07-20T16:48:50.641302+00:00,myriam zenasni,KL31::myriam zenasni,,,,,,,,,,,,,
KL31,Koh-Lanta : L'Île au trésor,2016,https://en.wikipedia.org/wiki/Koh-Lanta:_L%27%C3%8Ele_au_Tr%C3%A9sor,Amandine Schmitt,,33,,2nd Voted Out Day 6,2,0.052632,Day 6,2nd Voted Out Day 6,CONSEIL,DECISION_AVENTURIERS,DECISION_AVENTURIERS,Voted Out: élimination par conseil,False,True,False,2,,False,,False,False,2.0,STANDARD,1,False,2,2026-07-20T16:48:50.641302+00:00,amandine schmitt,KL31::amandine schmitt,,,,,,,,,,,,,
KL31,Koh-Lanta : L'Île au trésor,2016,https://en.wikipedia.org/wiki/Koh-Lanta:_L%27%C3%8Ele_au_Tr%C3%A9sor,Sophie Le Nestic Sabattier,,48,,3rd Voted Out Day 9,3,0.105263,Day 9,3rd Voted Out Day 9,CONSEIL,DECISION_AVENTURIERS,DECISION_AVENTURIERS,Voted Out: élimination par conseil,False,True,False,3,,False,,False,False,3.0,STANDARD,1,False,3,2026-07-20T16:48:50.641302+00:00,sophie le nestic sabattier,KL31::sophie le nestic sabattier,,,,,,,,,,,,,
KL31,Koh-Lanta : L'Île au trésor,2016,https://en.wikipedia.org/wiki/Koh-Lanta:_L%27%C3%8Ele_au_Tr%C3%A9sor,Sandrine Bouzekri,,33,,4th Voted Out Day 12,4,0.157895,Day 12,4th Voted Out Day 12,CONSEIL,DECISION_AVENTURIERS,DECISION_AVENTURIERS,Voted Out: élimination par conseil,False,True,False,4,,False,,False,False,4.0,STANDARD,1,False,4,2026-07-20T16:48:50.641302+00:00,sandrine bouzekri,KL31::sandrine bouzekri,,,,,,,,,,,,,
KL31,Koh-Lanta : L'Île au trésor,2016,https://en.wikipedia.org/wiki/Koh-Lanta:_L%27%C3%8Ele_au_Tr%C3%A9sor,Laurent Mischkind,,36,,5th Voted Out Day 15,5,0.210526,Day 15,5th Voted Out Day 15,CONSEIL,DECISION_AVENTURIERS,DECISION_AVENTURIERS,Voted Out: élimination par conseil,False,True,False,5,,False,,False,False,5.0,STANDARD,1,False,5,2026-07-20T16:48:50.641302+00:00,laurent mischkind,KL31::laurent mischkind,,,,,,,,,,,,,
KL31,Koh-Lanta : L'Île au trésor,2016,https://en.wikipedia.org/wiki/Koh-Lanta:_L%27%C3%8Ele_au_Tr%C3%A9sor,Jean-Luc Duboscq,,50,,6th Voted Out Day 18,6,0.263158,Day 18,6th Voted Out Day 18,CONSEIL,DECISION_AVENTURIERS,DECISION_AVENTURIERS,Voted Out: élimination par conseil,False,True,False,6,,False,,False,False,6.0,STANDARD,1,False,6,2026-07-20T16:48:50.641302+00:00,jean-luc duboscq,KL31::jean-luc duboscq,,,,,,,,,,,,,
KL31,Koh-Lanta : L'Île au trésor,2016,https://en.wikipedia.org/wiki/Koh-Lanta:_L%27%C3%8Ele_au_Tr%C3%A9sor,Jérôme Merlier,,44,,Lost Duel Day 20,7,0.315789,Day 20,Lost Duel Day 20,EPREUVE_ELIMINATOIRE,EPREUVE,EPREUVE,Lost Duel: épreuve éliminatoire en duel,False,True,False,7,,False,,False,False,7.0,STANDARD,1,False,7,2026-07-20T16:48:50.641302+00:00,jérôme merlier,KL31::jérôme merlier,,,,,,,,,,,,,
KL31,Koh-Lanta : L'Île au trésor,2016,https://en.wikipedia.org/wiki/Koh-Lanta:_L%27%C3%8Ele_au_Tr%C3%A9sor,"Laurent ""Lau"" Émilien",,30,,7th Voted Out 1st jury member Day 21,8,0.368421,Day 21,7th Voted Out 1st jury member Day 21,CONSEIL,DECISION_AVENTURIERS,DECISION_AVENTURIERS,Voted Out: élimination par conseil,False,True,False,8,,False,,False,False,8.0,STANDARD,1,False,8,2026-07-20T16:48:50.641302+00:00,"laurent ""lau"" émilien","KL31::laurent ""lau"" émilien",,,,,,,,,,,,,
KL31,Koh-Lanta : L'Île au trésor,2016,https://en.wikipedia.org/wiki/Koh-Lanta:_L%27%C3%8Ele_au_Tr%C3%A9sor,Béryl Libault de la Chevasnerie,,30,,8th Voted Out 2nd jury member Day 24,9,0.421053,Day 24,8th Voted Out 2nd jury member Day 24,CONSEIL,DECISION_AVENTURIERS,DECISION_AVENTURIERS,Voted Out: élimination par conseil,False,True,False,9,,False,,False,False,9.0,STANDARD,1,False,9,2026-07-20T16:48:50.641302+00:00,béryl libault de la chevasnerie,KL31::béryl libault de la chevasnerie,,,,,,,,,,,,,
KL31,Koh-Lanta : L'Île au trésor,2016,https://en.wikipedia.org/wiki/Koh-Lanta:_L%27%C3%8Ele_au_Tr%C3%A9sor,Alexandra Pharisien,,40,,9th Voted Out 3rd jury member Day 27,10,0.473684,Day 27,9th Voted Out 3rd jury member Day 27,CONSEIL,DECISION_AVENTURIERS,DECISION_AVENTURIERS,Voted Out: élimination par conseil,False,True,False,10,,False,,False,False,10.0,STANDARD,1,False,10,2026-07-20T16:48:50.641302+00:00,alexandra pharisien,KL31::alexandra pharisien,,,,,,,,,,,,,
KL31,Koh-Lanta : L'Île au trésor,2016,https://en.wikipedia.org/wiki/Koh-Lanta:_L%27%C3%8Ele_au_Tr%C3%A9sor,Yannick Delalleau,,41,,10th Voted Out Evacuated from jury Day 30 [ a ],11,0.526316,Day 30,10th Voted Out Evacuated from jury Day 30 [ a ],CONSEIL,DECISION_AVENTURIERS,DECISION_AVENTURIERS,Voted Out: élimination par conseil,False,True,False,11,,False,,False,False,11.0,STANDARD,1,False,11,2026-07-20T16:48:50.641302+00:00,yannick delalleau,KL31::yannick delalleau,,,,,,,,,,,,,
KL31,Koh-Lanta : L'Île au trésor,2016,https://en.wikipedia.org/wiki/Koh-Lanta:_L%27%C3%8Ele_au_Tr%C3%A9sor,Julie Navarro-Camilleri,,38,,Lost Challenge 4th jury member Day 32,12,0.578947,Day 32,Lost Challenge 4th jury member Day 32,EPREUVE_ELIMINATOIRE,EPREUVE,EPREUVE,Lost Challenge: épreuve éliminatoire,False,True,False,12,,False,,False,False,12.0,STANDARD,1,False,12,2026-07-20T16:48:50.641302+00:00,julie navarro-camilleri,KL31::julie navarro-camilleri,,,,,,,,,,,,,
KL31,Koh-Lanta : L'Île au trésor,2016,https://en.wikipedia.org/wiki/Koh-Lanta:_L%27%C3%8Ele_au_Tr%C3%A9sor,Jérémy Raffin,,26,,11th Voted Out 5th jury member Day 33,13,0.631579,Day 33,11th Voted Out 5th jury member Day 33,CONSEIL,DECISION_AVENTURIERS,DECISION_AVENTURIERS,Voted Out: élimination par conseil,False,True,False,13,,False,,False,False,13.0,STANDARD,1,False,13,2026-07-20T16:48:50.641302+00:00,jérémy raffin,KL31::jérémy raffin,,,,,,,,,,,,,
KL31,Koh-Lanta : L'Île au trésor,2016,https://en.wikipedia.org/wiki/Koh-Lanta:_L%27%C3%8Ele_au_Tr%C3%A9sor,Stéphane Cipolla,,45,,12th Voted Out 6th jury member Day 36,14,0.684211,Day 36,12th Voted Out 6th jury member Day 36,CONSEIL,DECISION_AVENTURIERS,DECISION_AVENTURIERS,Voted Out: élimination par conseil,False,True,False,14,,False,,False,False,14.0,STANDARD,1,False,14,2026-07-20T16:48:50.641302+00:00,stéphane cipolla,KL31::stéphane cipolla,,,,,,,,,,,,,
KL31,Koh-Lanta : L'Île au trésor,2016,https://en.wikipedia.org/wiki/Koh-Lanta:_L%27%C3%8Ele_au_Tr%C3%A9sor,Ludivine Wiart,,31,,13th Voted Out 7th jury member Day 39,15,0.736842,Day 39,13th Voted Out 7th jury member Day 39,CONSEIL,DECISION_AVENTURIERS,DECISION_AVENTURIERS,Voted Out: élimination par conseil,False,True,False,15,,False,,False,False,15.0,STANDARD,1,False,15,2026-07-20T16:48:50.641302+00:00,ludivine wiart,KL31::ludivine wiart,,,,,,,,,,,,,
KL31,Koh-Lanta : L'Île au trésor,2016,https://en.wikipedia.org/wiki/Koh-Lanta:_L%27%C3%8Ele_au_Tr%C3%A9sor,Candice Boisson,,19,,Lost Challenge 8th jury member Day 40,16,0.789474,Day 40,Lost Challenge 8th jury member Day 40,EPREUVE_ELIMINATOIRE,EPREUVE,EPREUVE,Lost Challenge: épreuve éliminatoire,False,True,False,16,,False,Day 40,True,True,16.0,STANDARD,1,False,16,2026-07-20T16:48:50.641302+00:00,candice boisson,KL31::candice boisson,,,,,,,,,,,,,
KL31,Koh-Lanta : L'Île au trésor,2016,https://en.wikipedia.org/wiki/Koh-Lanta:_L%27%C3%8Ele_au_Tr%C3%A9sor,Bruno Troester,,56,,Lost Challenge 9th jury member Day 40,17,0.842105,Day 40,Lost Challenge 9th jury member Day 40,EPREUVE_ELIMINATOIRE,EPREUVE,EPREUVE,Lost Challenge: épreuve éliminatoire,False,True,False,17,,False,Day 40,True,True,17.0,STANDARD,1,False,17,2026-07-20T16:48:50.641302+00:00,bruno troester,KL31::bruno troester,,,,,,,,,,,,,
KL31,Koh-Lanta : L'Île au trésor,2016,https://en.wikipedia.org/wiki/Koh-Lanta:_L%27%C3%8Ele_au_Tr%C3%A9sor,Freddy Bolzer,,28,,14th Voted Out 10th jury member Day 41,18,0.894737,Day 41,14th Voted Out 10th jury member Day 41,CONSEIL,DECISION_AVENTURIERS,DECISION_AVENTURIERS,Voted Out: élimination par conseil,False,True,False,18,,False,,False,False,18.0,STANDARD,1,False,18,2026-07-20T16:48:50.641302+00:00,freddy bolzer,KL31::freddy bolzer,,,,,,,,,,,,,
KL31,Koh-Lanta : L'Île au trésor,2016,https://en.wikipedia.org/wiki/Koh-Lanta:_L%27%C3%8Ele_au_Tr%C3%A9sor,Jesta Hillmann,,24,,Runner-up Day 42,19,0.947368,Day 42,Runner-up Day 42,FINALISTE,FIN_DE_JEU,AUTRE_SORTIE,Runner-up explicitement indiqué dans la source,False,True,False,19,,False,Day 42,True,True,19.0,STANDARD,1,False,19,2026-07-20T16:48:50.641302+00:00,jesta hillmann,KL31::jesta hillmann,,,,,,,,,,,,,
KL31,Koh-Lanta : L'Île au trésor,2016,https://en.wikipedia.org/wiki/Koh-Lanta:_L%27%C3%8Ele_au_Tr%C3%A9sor,Benoît Assadi,,22,,Sole Survivor Day 42,20,1.0,Day 42,Sole Survivor Day 42,VAINQUEUR,FIN_DE_JEU,AUTRE_SORTIE,Sole Survivor explicitement indiqué dans la source,False,True,False,20,,False,Day 42,True,True,20.0,STANDARD,0,True,20,2026-07-20T16:48:50.641302+00:00,benoît assadi,KL31::benoît assadi,,,,,,,,,,,,,
KL22,Koh-Lanta : La Guerre des Chefs,2019,https://fr.wikipedia.org/wiki/Koh-Lanta_:_La_Guerre_des_Chefs,Aliséa,,20 ans,,"Abandon médical [ 5 ] , [ 6 ]",1,0.0,,"Abandon médical [ 5 ] , [ 6 ]",ABANDON_MEDICAL,INDETERMINE,AUTRE_SORTIE,Source: https://fr.wikipedia.org/wiki/Koh-Lanta_:_La_Guerre_des_Chefs,False,True,False,1,,False,,False,False,1.0,STANDARD,1,False,1,2026-07-21T03:43:46.603247,aliséa,KL22::aliséa,,,,,,,,,,,,,
KL22,Koh-Lanta : La Guerre des Chefs,2019,https://fr.wikipedia.org/wiki/Koh-Lanta_:_La_Guerre_des_Chefs,Carinne,,45 ans,,Abandon médical [ 7 ] [source secondaire souhaitée],2,0.05,,Abandon médical [ 7 ] [source secondaire souhaitée],ABANDON_MEDICAL,INDETERMINE,AUTRE_SORTIE,Source: https://fr.wikipedia.org/wiki/Koh-Lanta_:_La_Guerre_des_Chefs,False,True,False,2,,False,,False,False,2.0,STANDARD,1,False,2,2026-07-21T03:43:46.603247,carinne,KL22::carinne,,,,,,,,,,,,,
KL22,Koh-Lanta : La Guerre des Chefs,2019,https://fr.wikipedia.org/wiki/Koh-Lanta_:_La_Guerre_des_Chefs,Émilie,,35 ans,,"Éliminée [ 8 ] , [ 9 ] [source secondaire souhaitée] , [ 10 ] [source secondaire souhaitée]",3,0.1,,"Éliminée [ 8 ] , [ 9 ] [source secondaire souhaitée] , [ 10 ] [source secondaire souhaitée]",INDETERMINE,INDETERMINE,INDETERMINE,Source: https://fr.wikipedia.org/wiki/Koh-Lanta_:_La_Guerre_des_Chefs,True,True,False,3,,False,,False,False,3.0,STANDARD,1,False,3,2026-07-21T03:43:46.603247,émilie,KL22::émilie,,,,,,,,,,,,,
KL22,Koh-Lanta : La Guerre des Chefs,2019,https://fr.wikipedia.org/wiki/Koh-Lanta_:_La_Guerre_des_Chefs,Victor,,25 ans,,"Éliminé [ 11 ] , [ 12 ] [source secondaire souhaitée] , [ 13 ] [source secondaire souhaitée]",4,0.15,,"Éliminé [ 11 ] , [ 12 ] [source secondaire souhaitée] , [ 13 ] [source secondaire souhaitée]",INDETERMINE,INDETERMINE,INDETERMINE,Source: https://fr.wikipedia.org/wiki/Koh-Lanta_:_La_Guerre_des_Chefs,True,True,False,4,,False,,False,False,4.0,STANDARD,1,False,4,2026-07-21T03:43:46.603247,victor,KL22::victor,,,,,,,,,,,,,
KL22,Koh-Lanta : La Guerre des Chefs,2019,https://fr.wikipedia.org/wiki/Koh-Lanta_:_La_Guerre_des_Chefs,Chloé,,32 ans,,"Éliminée [ 14 ] , [ 15 ] [source secondaire souhaitée]",5,0.2,,"Éliminée [ 14 ] , [ 15 ] [source secondaire souhaitée]",INDETERMINE,INDETERMINE,INDETERMINE,Source: https://fr.wikipedia.org/wiki/Koh-Lanta_:_La_Guerre_des_Chefs,True,True,False,5,,False,,False,False,5.0,STANDARD,1,False,5,2026-07-21T03:43:46.603247,chloé,KL22::chloé,,,,,,,,,,,,,
KL22,Koh-Lanta : La Guerre des Chefs,2019,https://fr.wikipedia.org/wiki/Koh-Lanta_:_La_Guerre_des_Chefs,Xavier,,53 ans,,Éliminé [ 16 ] [source secondaire souhaitée],6,0.25,,Éliminé [ 16 ] [source secondaire souhaitée],INDETERMINE,INDETERMINE,INDETERMINE,Source: https://fr.wikipedia.org/wiki/Koh-Lanta_:_La_Guerre_des_Chefs,True,True,False,6,,False,,False,False,6.0,STANDARD,1,False,6,2026-07-21T03:43:46.603247,xavier,KL22::xavier,,,,,,,,,,,,,
KL22,Koh-Lanta : La Guerre des Chefs,2019,https://fr.wikipedia.org/wiki/Koh-Lanta_:_La_Guerre_des_Chefs,Frédéric,,52 ans,,"Éliminé [ 17 ] , [ 18 ] [source secondaire souhaitée]",7,0.3,,"Éliminé [ 17 ] , [ 18 ] [source secondaire souhaitée]",INDETERMINE,INDETERMINE,INDETERMINE,Source: https://fr.wikipedia.org/wiki/Koh-Lanta_:_La_Guerre_des_Chefs,True,True,False,7,,False,,False,False,7.0,STANDARD,1,False,7,2026-07-21T03:43:46.603247,frédéric,KL22::frédéric,,,,,,,,,,,,,
KL22,Koh-Lanta : La Guerre des Chefs,2019,https://fr.wikipedia.org/wiki/Koh-Lanta_:_La_Guerre_des_Chefs,Alexandre,,28 ans,,"Éliminé [ 17 ] , [ 19 ] [source secondaire souhaitée]",8,0.35,,"Éliminé [ 17 ] , [ 19 ] [source secondaire souhaitée]",INDETERMINE,INDETERMINE,INDETERMINE,Source: https://fr.wikipedia.org/wiki/Koh-Lanta_:_La_Guerre_des_Chefs,True,True,False,8,,False,,False,False,8.0,STANDARD,1,False,8,2026-07-21T03:43:46.603247,alexandre,KL22::alexandre,,,,,,,,,,,,,
KL22,Koh-Lanta : La Guerre des Chefs,2019,https://fr.wikipedia.org/wiki/Koh-Lanta_:_La_Guerre_des_Chefs,Béatrice,,28 ans,,"Éliminée [ 20 ] , [ 21 ] [source secondaire souhaitée]",9,0.4,,"Éliminée [ 20 ] , [ 21 ] [source secondaire souhaitée]",INDETERMINE,INDETERMINE,INDETERMINE,Source: https://fr.wikipedia.org/wiki/Koh-Lanta_:_La_Guerre_des_Chefs,True,True,False,9,,False,,False,False,9.0,STANDARD,1,False,9,2026-07-21T03:43:46.603247,béatrice,KL22::béatrice,,,,,,,,,,,,,
KL22,Koh-Lanta : La Guerre des Chefs,2019,https://fr.wikipedia.org/wiki/Koh-Lanta_:_La_Guerre_des_Chefs,Brice,,24 ans,,"Éliminé [ 22 ] , [ 23 ] [source secondaire souhaitée] , [ 24 ] [source secondaire souhaitée]",10,0.45,,"Éliminé [ 22 ] , [ 23 ] [source secondaire souhaitée] , [ 24 ] [source secondaire souhaitée]",INDETERMINE,INDETERMINE,INDETERMINE,Source: https://fr.wikipedia.org/wiki/Koh-Lanta_:_La_Guerre_des_Chefs,True,True,False,10,,False,,False,False,10.0,STANDARD,1,False,10,2026-07-21T03:43:46.603247,brice,KL22::brice,,,,,,,,,,,,,
KL22,Koh-Lanta : La Guerre des Chefs,2019,https://fr.wikipedia.org/wiki/Koh-Lanta_:_La_Guerre_des_Chefs,Sophie,,34 ans,,Éliminée [ 25 ] [source secondaire souhaitée],11,0.5,,Éliminée [ 25 ] [source secondaire souhaitée],INDETERMINE,INDETERMINE,INDETERMINE,Source: https://fr.wikipedia.org/wiki/Koh-Lanta_:_La_Guerre_des_Chefs,True,True,False,11,,False,,False,False,11.0,STANDARD,1,False,11,2026-07-21T03:43:46.603247,sophie,KL22::sophie,,,,,,,,,,,,,
KL22,Koh-Lanta : La Guerre des Chefs,2019,https://fr.wikipedia.org/wiki/Koh-Lanta_:_La_Guerre_des_Chefs,Angélique,,24 ans,,Éliminée [ 26 ] [source secondaire souhaitée],12,0.55,,Éliminée [ 26 ] [source secondaire souhaitée],INDETERMINE,INDETERMINE,INDETERMINE,Source: https://fr.wikipedia.org/wiki/Koh-Lanta_:_La_Guerre_des_Chefs,True,True,False,12,,False,,False,False,12.0,STANDARD,1,False,12,2026-07-21T03:43:46.603247,angélique,KL22::angélique,,,,,,,,,,,,,
KL22,Koh-Lanta : La Guerre des Chefs,2019,https://fr.wikipedia.org/wiki/Koh-Lanta_:_La_Guerre_des_Chefs,Mohamed,,37 ans,,Éliminé [ 27 ] [source secondaire souhaitée],13,0.6,,Éliminé [ 27 ] [source secondaire souhaitée],INDETERMINE,INDETERMINE,INDETERMINE,Source: https://fr.wikipedia.org/wiki/Koh-Lanta_:_La_Guerre_des_Chefs,True,True,False,13,,False,,False,False,13.0,STANDARD,1,False,13,2026-07-21T03:43:46.603247,mohamed,KL22::mohamed,,,,,,,,,,,,,
KL22,Koh-Lanta : La Guerre des Chefs,2019,https://fr.wikipedia.org/wiki/Koh-Lanta_:_La_Guerre_des_Chefs,Nicolas,,35 ans,,Éliminé [ 28 ] [source secondaire souhaitée],14,0.65,,Éliminé [ 28 ] [source secondaire souhaitée],INDETERMINE,INDETERMINE,INDETERMINE,Source: https://fr.wikipedia.org/wiki/Koh-Lanta_:_La_Guerre_des_Chefs,True,True,False,14,,False,,False,False,14.0,STANDARD,1,False,14,2026-07-21T03:43:46.603247,nicolas,KL22::nicolas,,,,,,,,,,,,,
KL22,Koh-Lanta : La Guerre des Chefs,2019,https://fr.wikipedia.org/wiki/Koh-Lanta_:_La_Guerre_des_Chefs,Maxime,,32 ans,,Éliminé [ 29 ] [source secondaire souhaitée],15,0.7,,Éliminé [ 29 ] [source secondaire souhaitée],INDETERMINE,INDETERMINE,INDETERMINE,Source: https://fr.wikipedia.org/wiki/Koh-Lanta_:_La_Guerre_des_Chefs,True,True,False,15,,False,,False,False,15.0,STANDARD,1,False,15,2026-07-21T03:43:46.603247,maxime,KL22::maxime,,,,,,,,,,,,,
KL22,Koh-Lanta : La Guerre des Chefs,2019,https://fr.wikipedia.org/wiki/Koh-Lanta_:_La_Guerre_des_Chefs,Cyril,,37 ans,,"Éliminé [ 30 ] [source secondaire souhaitée] , [ 31 ]",16,0.75,,"Éliminé [ 30 ] [source secondaire souhaitée] , [ 31 ]",INDETERMINE,INDETERMINE,INDETERMINE,Source: https://fr.wikipedia.org/wiki/Koh-Lanta_:_La_Guerre_des_Chefs,True,True,False,16,,False,,False,False,16.0,STANDARD,1,False,16,2026-07-21T03:43:46.603247,cyril,KL22::cyril,,,,,,,,,,,,,
KL22,Koh-Lanta : La Guerre des Chefs,2019,https://fr.wikipedia.org/wiki/Koh-Lanta_:_La_Guerre_des_Chefs,Clo,,28 ans,,Éliminée,17,0.8,,Éliminée,INDETERMINE,INDETERMINE,INDETERMINE,Source: https://fr.wikipedia.org/wiki/Koh-Lanta_:_La_Guerre_des_Chefs,True,True,False,17,,False,,False,False,17.0,STANDARD,1,False,17,2026-07-21T03:43:46.603247,clo,KL22::clo,,,,,,,,,,,,,
KL22,Koh-Lanta : La Guerre des Chefs,2019,https://fr.wikipedia.org/wiki/Koh-Lanta_:_La_Guerre_des_Chefs,Aurélien,,23 ans,,Éliminé,18,0.85,,Éliminé,INDETERMINE,INDETERMINE,INDETERMINE,Source: https://fr.wikipedia.org/wiki/Koh-Lanta_:_La_Guerre_des_Chefs,True,True,False,18,,False,,False,False,18.0,STANDARD,1,False,18,2026-07-21T03:43:46.603247,aurélien,KL22::aurélien,,,,,,,,,,,,,
KL22,Koh-Lanta : La Guerre des Chefs,2019,https://fr.wikipedia.org/wiki/Koh-Lanta_:_La_Guerre_des_Chefs,Steeve,,46 ans,,Éliminé,19,0.9,,Éliminé,INDETERMINE,INDETERMINE,INDETERMINE,Source: https://fr.wikipedia.org/wiki/Koh-Lanta_:_La_Guerre_des_Chefs,True,True,False,19,,False,,False,False,19.0,STANDARD,1,False,19,2026-07-21T03:43:46.603247,steeve,KL22::steeve,,,,,,,,,,,,,
KL22,Koh-Lanta : La Guerre des Chefs,2019,https://fr.wikipedia.org/wiki/Koh-Lanta_:_La_Guerre_des_Chefs,Cindy,,31 ans,,Finaliste [ 32 ] [source secondaire souhaitée],20,0.95,,Finaliste [ 32 ] [source secondaire souhaitée],FINALISTE,FIN_DE_JEU,AUTRE_SORTIE,Source: https://fr.wikipedia.org/wiki/Koh-Lanta_:_La_Guerre_des_Chefs,False,True,False,20,,False,,False,False,20.0,STANDARD,1,False,20,2026-07-21T03:43:46.603247,cindy,KL22::cindy,,,,,,,,,,,,,
KL22,Koh-Lanta : La Guerre des Chefs,2019,https://fr.wikipedia.org/wiki/Koh-Lanta_:_La_Guerre_des_Chefs,Maud,,50 ans,,Gagnante [ 33 ] [source secondaire souhaitée],21,1.0,,Gagnante [ 33 ] [source secondaire souhaitée],VAINQUEUR,FIN_DE_JEU,AUTRE_SORTIE,Source: https://fr.wikipedia.org/wiki/Koh-Lanta_:_La_Guerre_des_Chefs,False,True,False,21,,False,,False,False,21.0,STANDARD,0,True,21,2026-07-21T03:43:46.603247,maud,KL22::maud,,,,,,,,,,,,,
KL29,Koh-Lanta : La Revanche des 4 Terres,2025,https://fr.wikipedia.org/wiki/Koh-Lanta_:_La_Revanche_des_4_Terres,Cynthiana,F,39 ans,Agent immobilier,"Éliminée [ 6 ] , [ 7 ] , [ 8 ]",1,0.0,,"Éliminée [ 6 ] , [ 7 ] , [ 8 ]",INDETERMINE,INDETERMINE,AUTRE_SORTIE,Éliminé(e) sans précision du mécanisme,True,True,False,1,,False,,False,False,1.0,STANDARD,1,False,1,2026-07-21T02:53:46.576248+00:00,cynthiana,KL29::cynthiana,,,,,,,,,,,,,
KL29,Koh-Lanta : La Revanche des 4 Terres,2025,https://fr.wikipedia.org/wiki/Koh-Lanta_:_La_Revanche_des_4_Terres,Allan,M,25 ans,Docker,"Abandon médical [ 9 ] , [ 10 ] , [ 11 ]",2,0.043478,,"Abandon médical [ 9 ] , [ 10 ] , [ 11 ]",ABANDON_MEDICAL,SANTE_ABANDON,AUTRE_SORTIE,Abandon médical dans la source,False,True,False,2,,False,,False,False,2.0,STANDARD,1,False,2,2026-07-21T02:53:46.576248+00:00,allan,KL29::allan,,,,,,,,,,,,,
KL29,Koh-Lanta : La Revanche des 4 Terres,2025,https://fr.wikipedia.org/wiki/Koh-Lanta_:_La_Revanche_des_4_Terres,Christian,M,63 ans,Brocanteur,"Éliminé [ 12 ] , [ 13 ] , [ 14 ]",3,0.086957,,"Éliminé [ 12 ] , [ 13 ] , [ 14 ]",INDETERMINE,INDETERMINE,AUTRE_SORTIE,Éliminé(e) sans précision du mécanisme,True,True,False,3,,False,,False,False,3.0,STANDARD,1,False,3,2026-07-21T02:53:46.576248+00:00,christian,KL29::christian,,,,,,,,,,,,,
KL29,Koh-Lanta : La Revanche des 4 Terres,2025,https://fr.wikipedia.org/wiki/Koh-Lanta_:_La_Revanche_des_4_Terres,Romane,F,20 ans,Coach sportive,"Éliminée [ 15 ] , [ 16 ] , [ 17 ]",4,0.130435,,"Éliminée [ 15 ] , [ 16 ] , [ 17 ]",INDETERMINE,INDETERMINE,AUTRE_SORTIE,Éliminé(e) sans précision du mécanisme,True,True,False,4,,False,,False,False,4.0,STANDARD,1,False,4,2026-07-21T02:53:46.576248+00:00,romane,KL29::romane,,,,,,,,,,,,,
KL29,Koh-Lanta : La Revanche des 4 Terres,2025,https://fr.wikipedia.org/wiki/Koh-Lanta_:_La_Revanche_des_4_Terres,Mehdi,M,27 ans,Chauffeur poids lourds,"Abandon volontaire [ 18 ] , [ 19 ] , [ 20 ]",5,0.173913,,"Abandon volontaire [ 18 ] , [ 19 ] , [ 20 ]",ABANDON_VOLONTAIRE,SANTE_ABANDON,AUTRE_SORTIE,Abandon volontaire dans la source,False,True,False,5,,False,,False,False,5.0,STANDARD,1,False,5,2026-07-21T02:53:46.576248+00:00,mehdi,KL29::mehdi,,,,,,,,,,,,,
KL29,Koh-Lanta : La Revanche des 4 Terres,2025,https://fr.wikipedia.org/wiki/Koh-Lanta_:_La_Revanche_des_4_Terres,Benoît,M,24 ans,Athlète en saut à la perche,"Éliminé [ 21 ] , [ 22 ] , [ 23 ]",6,0.217391,,"Éliminé [ 21 ] , [ 22 ] , [ 23 ]",INDETERMINE,INDETERMINE,AUTRE_SORTIE,Éliminé(e) sans précision du mécanisme,True,True,False,6,,False,,False,False,6.0,STANDARD,1,False,6,2026-07-21T02:53:46.576248+00:00,benoît,KL29::benoît,,,,,,,,,,,,,
KL29,Koh-Lanta : La Revanche des 4 Terres,2025,https://fr.wikipedia.org/wiki/Koh-Lanta_:_La_Revanche_des_4_Terres,Mohamed,M,30 ans,Éducateur sportif,"Éliminé [ 24 ] , [ 25 ] , [ 26 ]",7,0.26087,,"Éliminé [ 24 ] , [ 25 ] , [ 26 ]",INDETERMINE,INDETERMINE,AUTRE_SORTIE,Éliminé(e) sans précision du mécanisme,True,True,False,7,,False,,False,False,7.0,STANDARD,1,False,7,2026-07-21T02:53:46.576248+00:00,mohamed,KL29::mohamed,,,,,,,,,,,,,
KL29,Koh-Lanta : La Revanche des 4 Terres,2025,https://fr.wikipedia.org/wiki/Koh-Lanta_:_La_Revanche_des_4_Terres,Pauline,F,39 ans,Maître-nageuse,"Éliminée [ 27 ] , [ 28 ] , [ 29 ]",8,0.304348,,"Éliminée [ 27 ] , [ 28 ] , [ 29 ]",INDETERMINE,INDETERMINE,AUTRE_SORTIE,Éliminé(e) sans précision du mécanisme,True,True,False,8,,False,,False,False,8.0,STANDARD,1,False,8,2026-07-21T02:53:46.576248+00:00,pauline,KL29::pauline,,,,,,,,,,,,,
KL29,Koh-Lanta : La Revanche des 4 Terres,2025,https://fr.wikipedia.org/wiki/Koh-Lanta_:_La_Revanche_des_4_Terres,Andréa,F,24 ans,Étudiante,"Éliminée [ 30 ] , [ 31 ] , [ 32 ]",9,0.347826,,"Éliminée [ 30 ] , [ 31 ] , [ 32 ]",INDETERMINE,INDETERMINE,AUTRE_SORTIE,Éliminé(e) sans précision du mécanisme,True,True,False,9,,False,,False,False,9.0,STANDARD,1,False,9,2026-07-21T02:53:46.576248+00:00,andréa,KL29::andréa,,,,,,,,,,,,,
KL29,Koh-Lanta : La Revanche des 4 Terres,2025,https://fr.wikipedia.org/wiki/Koh-Lanta_:_La_Revanche_des_4_Terres,Adrien,M,23 ans,Ingénieur,"Éliminé [ 33 ] , [ 34 ] , [ 35 ]",10,0.391304,,"Éliminé [ 33 ] , [ 34 ] , [ 35 ]",INDETERMINE,INDETERMINE,AUTRE_SORTIE,Éliminé(e) sans précision du mécanisme,True,True,False,10,,False,,False,False,10.0,STANDARD,1,False,10,2026-07-21T02:53:46.576248+00:00,adrien,KL29::adrien,,,,,,,,,,,,,
KL29,Koh-Lanta : La Revanche des 4 Terres,2025,https://fr.wikipedia.org/wiki/Koh-Lanta_:_La_Revanche_des_4_Terres,Frédéric,M,56 ans,Directeur service des sports,"Abandon médical [ 36 ] , [ 37 ] , [ 38 ]",11,0.434783,,"Abandon médical [ 36 ] , [ 37 ] , [ 38 ]",ABANDON_MEDICAL,SANTE_ABANDON,AUTRE_SORTIE,Abandon médical dans la source,False,True,False,11,,False,,False,False,11.0,STANDARD,1,False,11,2026-07-21T02:53:46.576248+00:00,frédéric,KL29::frédéric,,,,,,,,,,,,,
KL29,Koh-Lanta : La Revanche des 4 Terres,2025,https://fr.wikipedia.org/wiki/Koh-Lanta_:_La_Revanche_des_4_Terres,Jessica,F,38 ans,Restauratrice,"Éliminée [ 39 ] , [ 40 ] , [ 41 ]",12,0.478261,,"Éliminée [ 39 ] , [ 40 ] , [ 41 ]",INDETERMINE,INDETERMINE,AUTRE_SORTIE,Éliminé(e) sans précision du mécanisme,True,True,False,12,,False,,False,False,12.0,STANDARD,1,False,12,2026-07-21T02:53:46.576248+00:00,jessica,KL29::jessica,,,,,,,,,,,,,
KL29,Koh-Lanta : La Revanche des 4 Terres,2025,https://fr.wikipedia.org/wiki/Koh-Lanta_:_La_Revanche_des_4_Terres,Louise,F,24 ans,Écogarde,"Éliminée [ 42 ] , [ 43 ] , [ 44 ]",13,0.521739,,"Éliminée [ 42 ] , [ 43 ] , [ 44 ]",INDETERMINE,INDETERMINE,AUTRE_SORTIE,Éliminé(e) sans précision du mécanisme,True,True,False,13,,False,,False,False,13.0,STANDARD,1,False,13,2026-07-21T02:53:46.576248+00:00,louise,KL29::louise,,,,,,,,,,,,,
KL29,Koh-Lanta : La Revanche des 4 Terres,2025,https://fr.wikipedia.org/wiki/Koh-Lanta_:_La_Revanche_des_4_Terres,Joana,F,32 ans,Gérante d'un salon de beauté,"Éliminée [ 45 ] , [ 46 ] , [ 47 ]",14,0.565217,,"Éliminée [ 45 ] , [ 46 ] , [ 47 ]",INDETERMINE,INDETERMINE,AUTRE_SORTIE,Éliminé(e) sans précision du mécanisme,True,True,False,14,,False,,False,False,14.0,STANDARD,1,False,14,2026-07-21T02:53:46.576248+00:00,joana,KL29::joana,,,,,,,,,,,,,
KL29,Koh-Lanta : La Revanche des 4 Terres,2025,https://fr.wikipedia.org/wiki/Koh-Lanta_:_La_Revanche_des_4_Terres,Naïs,F,25 ans,Éducatrice spécialisée,"Éliminée [ 48 ] , [ 49 ] , [ 50 ]",15,0.608696,,"Éliminée [ 48 ] , [ 49 ] , [ 50 ]",INDETERMINE,INDETERMINE,AUTRE_SORTIE,Éliminé(e) sans précision du mécanisme,True,True,False,15,,False,,False,False,15.0,STANDARD,1,False,15,2026-07-21T02:53:46.576248+00:00,naïs,KL29::naïs,,,,,,,,,,,,,
KL29,Koh-Lanta : La Revanche des 4 Terres,2025,https://fr.wikipedia.org/wiki/Koh-Lanta_:_La_Revanche_des_4_Terres,Pierre-Marie,M,39 ans,Chef d'entreprise dans le BTP,"Éliminé [ 51 ] , [ 52 ] , [ 53 ]",16,0.652174,,"Éliminé [ 51 ] , [ 52 ] , [ 53 ]",INDETERMINE,INDETERMINE,AUTRE_SORTIE,Éliminé(e) sans précision du mécanisme,True,True,False,16,,False,,False,False,16.0,STANDARD,1,False,16,2026-07-21T02:53:46.576248+00:00,pierre-marie,KL29::pierre-marie,,,,,,,,,,,,,
KL29,Koh-Lanta : La Revanche des 4 Terres,2025,https://fr.wikipedia.org/wiki/Koh-Lanta_:_La_Revanche_des_4_Terres,Maxime,M,33 ans,Responsable communication de la fédération de pêche,"Éliminé [ 54 ] , [ 55 ] , [ 56 ]",17,0.695652,,"Éliminé [ 54 ] , [ 55 ] , [ 56 ]",INDETERMINE,INDETERMINE,AUTRE_SORTIE,Éliminé(e) sans précision du mécanisme,True,True,False,17,,False,,False,False,17.0,STANDARD,1,False,17,2026-07-21T02:53:46.576248+00:00,maxime,KL29::maxime,,,,,,,,,,,,,
KL29,Koh-Lanta : La Revanche des 4 Terres,2025,https://fr.wikipedia.org/wiki/Koh-Lanta_:_La_Revanche_des_4_Terres,Noémie,F,32 ans,Cheffe d'entreprise,"Éliminée [ 57 ] , [ 58 ] , [ 59 ]",18,0.73913,,"Éliminée [ 57 ] , [ 58 ] , [ 59 ]",INDETERMINE,INDETERMINE,AUTRE_SORTIE,Éliminé(e) sans précision du mécanisme,True,True,False,18,,False,,False,False,18.0,STANDARD,1,False,18,2026-07-21T02:53:46.576248+00:00,noémie,KL29::noémie,,,,,,,,,,,,,
KL29,Koh-Lanta : La Revanche des 4 Terres,2025,https://fr.wikipedia.org/wiki/Koh-Lanta_:_La_Revanche_des_4_Terres,Céline,F,39 ans,Commerciale dans le sport,"Éliminée [ 60 ] , [ 61 ] , [ 62 ]",19,0.782609,,"Éliminée [ 60 ] , [ 61 ] , [ 62 ]",INDETERMINE,INDETERMINE,AUTRE_SORTIE,Éliminé(e) sans précision du mécanisme,True,True,False,19,,False,,False,False,19.0,STANDARD,1,False,19,2026-07-21T02:53:46.576248+00:00,céline,KL29::céline,,,,,,,,,,,,,
KL29,Koh-Lanta : La Revanche des 4 Terres,2025,https://fr.wikipedia.org/wiki/Koh-Lanta_:_La_Revanche_des_4_Terres,Jérôme,M,52 ans,Ex-militaire,"Éliminé [ 63 ] , [ 64 ] , [ 65 ]",20,0.826087,,"Éliminé [ 63 ] , [ 64 ] , [ 65 ]",INDETERMINE,INDETERMINE,AUTRE_SORTIE,Éliminé(e) sans précision du mécanisme,True,True,False,20,,False,,False,False,20.0,STANDARD,1,False,20,2026-07-21T02:53:46.576248+00:00,jérôme,KL29::jérôme#row20,,,,,,,,,,,,,
KL29,Koh-Lanta : La Revanche des 4 Terres,2025,https://fr.wikipedia.org/wiki/Koh-Lanta_:_La_Revanche_des_4_Terres,Claire,F,37 ans,Scénographe produit,"Éliminée [ 66 ] , [ 67 ] , [ 68 ]",21,0.869565,,"Éliminée [ 66 ] , [ 67 ] , [ 68 ]",INDETERMINE,INDETERMINE,AUTRE_SORTIE,Éliminé(e) sans précision du mécanisme,True,True,False,21,,False,,False,False,21.0,STANDARD,1,False,21,2026-07-21T02:53:46.576248+00:00,claire,KL29::claire,,,,,,,,,,,,,
KL29,Koh-Lanta : La Revanche des 4 Terres,2025,https://fr.wikipedia.org/wiki/Koh-Lanta_:_La_Revanche_des_4_Terres,Jérôme,M,43 ans,Peintre en bâtiment,"Éliminé [ 69 ] , [ 70 ] , [ 71 ]",22,0.913043,,"Éliminé [ 69 ] , [ 70 ] , [ 71 ]",INDETERMINE,INDETERMINE,AUTRE_SORTIE,Éliminé(e) sans précision du mécanisme,True,True,False,22,,False,,False,False,22.0,STANDARD,1,False,22,2026-07-21T02:53:46.576248+00:00,jérôme,KL29::jérôme#row22,,,,,,,,,,,,,
KL29,Koh-Lanta : La Revanche des 4 Terres,2025,https://fr.wikipedia.org/wiki/Koh-Lanta_:_La_Revanche_des_4_Terres,Maël,M,27 ans,Pâtissier,"Finaliste [ 72 ] , [ 73 ] , [ 74 ]",23,0.956522,,"Finaliste [ 72 ] , [ 73 ] , [ 74 ]",FINALISTE,FIN_DE_JEU,AUTRE_SORTIE,Finaliste dans la source,False,True,False,23,,False,,False,False,23.0,STANDARD,1,False,23,2026-07-21T02:53:46.576248+00:00,maël,KL29::maël,,,,,,,,,,,,,
KL29,Koh-Lanta : La Revanche des 4 Terres,2025,https://fr.wikipedia.org/wiki/Koh-Lanta_:_La_Revanche_des_4_Terres,Gaëlle,F,34 ans,Mère au foyer,"Vainqueur [ 75 ] , [ 76 ] , [ 77 ]",24,1.0,,"Vainqueur [ 75 ] , [ 76 ] , [ 77 ]",VAINQUEUR,FIN_DE_JEU,AUTRE_SORTIE,Vainqueur/Gagnant dans la source,False,True,False,24,,False,,False,False,24.0,STANDARD,0,True,24,2026-07-21T02:53:46.576248+00:00,gaëlle,KL29::gaëlle,,,,,,,,,,,,,
KL26,Koh-Lanta : Le Feu Sacré,2023,https://fr.wikipedia.org/wiki/Koh-Lanta_:_Le_Feu_Sacr%C3%A9,Célia,F,49 ans,Assistante familiale,Éliminée [ 11 ],1,0.0,,Éliminée [ 11 ],INDETERMINE,INDETERMINE,AUTRE_SORTIE,Éliminé(e) sans précision du mécanisme,True,True,False,1,,False,,False,False,1.0,STANDARD,1,False,1,2026-07-21T02:53:44.498411+00:00,célia,KL26::célia,,,,,,,,,,,,,
KL26,Koh-Lanta : Le Feu Sacré,2023,https://fr.wikipedia.org/wiki/Koh-Lanta_:_Le_Feu_Sacr%C3%A9,Emin,M,56 ans,Directeur général,Éliminé [ 12 ],2,0.052632,,Éliminé [ 12 ],INDETERMINE,INDETERMINE,AUTRE_SORTIE,Éliminé(e) sans précision du mécanisme,True,True,False,2,,False,,False,False,2.0,STANDARD,1,False,2,2026-07-21T02:53:44.498411+00:00,emin,KL26::emin,,,,,,,,,,,,,
KL26,Koh-Lanta : Le Feu Sacré,2023,https://fr.wikipedia.org/wiki/Koh-Lanta_:_Le_Feu_Sacr%C3%A9,Alexandre,M,34 ans,Responsable logistique,Éliminé [ 13 ],3,0.105263,,Éliminé [ 13 ],INDETERMINE,INDETERMINE,AUTRE_SORTIE,Éliminé(e) sans précision du mécanisme,True,True,False,3,,False,,False,False,3.0,STANDARD,1,False,3,2026-07-21T02:53:44.498411+00:00,alexandre,KL26::alexandre,,,,,,,,,,,,,
KL26,Koh-Lanta : Le Feu Sacré,2023,https://fr.wikipedia.org/wiki/Koh-Lanta_:_Le_Feu_Sacr%C3%A9,Élodie,F,35 ans,Responsable marketing,Éliminée [ 14 ],4,0.157895,,Éliminée [ 14 ],INDETERMINE,INDETERMINE,AUTRE_SORTIE,Éliminé(e) sans précision du mécanisme,True,True,False,4,,False,,False,False,4.0,STANDARD,1,False,4,2026-07-21T02:53:44.498411+00:00,élodie,KL26::élodie,,,,,,,,,,,,,
KL26,Koh-Lanta : Le Feu Sacré,2023,https://fr.wikipedia.org/wiki/Koh-Lanta_:_Le_Feu_Sacr%C3%A9,Benjamin,M,23 ans,Marin,Abandon volontaire [ 15 ],5,0.210526,,Abandon volontaire [ 15 ],ABANDON_VOLONTAIRE,SANTE_ABANDON,AUTRE_SORTIE,Abandon volontaire dans la source,False,True,False,5,,False,,False,False,5.0,STANDARD,1,False,5,2026-07-21T02:53:44.498411+00:00,benjamin,KL26::benjamin,,,,,,,,,,,,,
KL26,Koh-Lanta : Le Feu Sacré,2023,https://fr.wikipedia.org/wiki/Koh-Lanta_:_Le_Feu_Sacr%C3%A9,Martin,M,30 ans,Fromager,Abandon médical [ 16 ],6,0.263158,,Abandon médical [ 16 ],ABANDON_MEDICAL,SANTE_ABANDON,AUTRE_SORTIE,Abandon médical dans la source,False,True,False,6,,False,,False,False,6.0,STANDARD,1,False,6,2026-07-21T02:53:44.498411+00:00,martin,KL26::martin,,,,,,,,,,,,,
KL26,Koh-Lanta : Le Feu Sacré,2023,https://fr.wikipedia.org/wiki/Koh-Lanta_:_Le_Feu_Sacr%C3%A9,Christine,F,49 ans,Éducatrice canine,Éliminée [ 17 ],7,0.315789,,Éliminée [ 17 ],INDETERMINE,INDETERMINE,AUTRE_SORTIE,Éliminé(e) sans précision du mécanisme,True,True,False,7,,False,,False,False,7.0,STANDARD,1,False,7,2026-07-21T02:53:44.498411+00:00,christine,KL26::christine,,,,,,,,,,,,,
KL26,Koh-Lanta : Le Feu Sacré,2023,https://fr.wikipedia.org/wiki/Koh-Lanta_:_Le_Feu_Sacr%C3%A9,Rudy,M,41 ans,Conducteur de métro,Éliminé [ 18 ],8,0.368421,,Éliminé [ 18 ],INDETERMINE,INDETERMINE,AUTRE_SORTIE,Éliminé(e) sans précision du mécanisme,True,True,False,8,,False,,False,False,8.0,STANDARD,1,False,8,2026-07-21T02:53:44.498411+00:00,rudy,KL26::rudy,,,,,,,,,,,,,
KL26,Koh-Lanta : Le Feu Sacré,2023,https://fr.wikipedia.org/wiki/Koh-Lanta_:_Le_Feu_Sacr%C3%A9,Grâce,F,39 ans,Technicienne en plasturgie,"Abandon volontaire [ 19 ] , [ n 1 ]",9,0.421053,,"Abandon volontaire [ 19 ] , [ n 1 ]",ABANDON_VOLONTAIRE,SANTE_ABANDON,AUTRE_SORTIE,Abandon volontaire dans la source,False,True,False,9,,False,,False,False,9.0,STANDARD,1,False,9,2026-07-21T02:53:44.498411+00:00,grâce,KL26::grâce,,,,,,,,,,,,,
KL26,Koh-Lanta : Le Feu Sacré,2023,https://fr.wikipedia.org/wiki/Koh-Lanta_:_Le_Feu_Sacr%C3%A9,Anne-Sophie,F,35 ans,Professeure de Zumba,Éliminée [ 20 ],10,0.473684,,Éliminée [ 20 ],INDETERMINE,INDETERMINE,AUTRE_SORTIE,Éliminé(e) sans précision du mécanisme,True,True,False,10,,False,,False,False,10.0,STANDARD,1,False,10,2026-07-21T02:53:44.498411+00:00,anne-sophie,KL26::anne-sophie,,,,,,,,,,,,,
KL26,Koh-Lanta : Le Feu Sacré,2023,https://fr.wikipedia.org/wiki/Koh-Lanta_:_Le_Feu_Sacr%C3%A9,Helena,F,27 ans,Kinésithérapeute,Éliminée [ 21 ],11,0.526316,,Éliminée [ 21 ],INDETERMINE,INDETERMINE,AUTRE_SORTIE,Éliminé(e) sans précision du mécanisme,True,True,False,11,,False,,False,False,11.0,STANDARD,1,False,11,2026-07-21T02:53:44.498411+00:00,helena,KL26::helena,,,,,,,,,,,,,
KL26,Koh-Lanta : Le Feu Sacré,2023,https://fr.wikipedia.org/wiki/Koh-Lanta_:_Le_Feu_Sacr%C3%A9,Gilles,M,31 ans,Agriculteur,Éliminé [ 22 ],12,0.578947,,Éliminé [ 22 ],INDETERMINE,INDETERMINE,AUTRE_SORTIE,Éliminé(e) sans précision du mécanisme,True,True,False,12,,False,,False,False,12.0,STANDARD,1,False,12,2026-07-21T02:53:44.498411+00:00,gilles,KL26::gilles,,,,,,,,,,,,,
KL26,Koh-Lanta : Le Feu Sacré,2023,https://fr.wikipedia.org/wiki/Koh-Lanta_:_Le_Feu_Sacr%C3%A9,Clémence,F,27 ans,Raccordeuse de fibre optique,Éliminée [ 23 ],13,0.631579,,Éliminée [ 23 ],INDETERMINE,INDETERMINE,AUTRE_SORTIE,Éliminé(e) sans précision du mécanisme,True,True,False,13,,False,,False,False,13.0,STANDARD,1,False,13,2026-07-21T02:53:44.498411+00:00,clémence,KL26::clémence,,,,,,,,,,,,,
KL26,Koh-Lanta : Le Feu Sacré,2023,https://fr.wikipedia.org/wiki/Koh-Lanta_:_Le_Feu_Sacr%C3%A9,Esteban,M,40 ans,Vendeur-démonstrateur,Éliminé [ 24 ],14,0.684211,,Éliminé [ 24 ],INDETERMINE,INDETERMINE,AUTRE_SORTIE,Éliminé(e) sans précision du mécanisme,True,True,False,14,,False,,False,False,14.0,STANDARD,1,False,14,2026-07-21T02:53:44.498411+00:00,esteban,KL26::esteban,,,,,,,,,,,,,
KL26,Koh-Lanta : Le Feu Sacré,2023,https://fr.wikipedia.org/wiki/Koh-Lanta_:_Le_Feu_Sacr%C3%A9,Laura,F,32 ans,Photographe,Éliminée [ 25 ],15,0.736842,,Éliminée [ 25 ],INDETERMINE,INDETERMINE,AUTRE_SORTIE,Éliminé(e) sans précision du mécanisme,True,True,False,15,,False,,False,False,15.0,STANDARD,1,False,15,2026-07-21T02:53:44.498411+00:00,laura,KL26::laura,,,,,,,,,,,,,
KL26,Koh-Lanta : Le Feu Sacré,2023,https://fr.wikipedia.org/wiki/Koh-Lanta_:_Le_Feu_Sacr%C3%A9,Quentin,M,26 ans,Charpentier,Éliminé [ 26 ],16,0.789474,,Éliminé [ 26 ],INDETERMINE,INDETERMINE,AUTRE_SORTIE,Éliminé(e) sans précision du mécanisme,True,True,False,16,,False,,False,False,16.0,STANDARD,1,False,16,2026-07-21T02:53:44.498411+00:00,quentin,KL26::quentin,,,,,,,,,,,,,
KL26,Koh-Lanta : Le Feu Sacré,2023,https://fr.wikipedia.org/wiki/Koh-Lanta_:_Le_Feu_Sacr%C3%A9,Julie,F,33 ans,Footballeuse,Éliminée [ 27 ],17,0.842105,,Éliminée [ 27 ],INDETERMINE,INDETERMINE,AUTRE_SORTIE,Éliminé(e) sans précision du mécanisme,True,True,False,17,,False,,False,False,17.0,STANDARD,1,False,17,2026-07-21T02:53:44.498411+00:00,julie,KL26::julie,,,,,,,,,,,,,
KL26,Koh-Lanta : Le Feu Sacré,2023,https://fr.wikipedia.org/wiki/Koh-Lanta_:_Le_Feu_Sacr%C3%A9,Nicolas,M,43 ans,Entrepreneur,Éliminé [ 28 ],18,0.894737,,Éliminé [ 28 ],INDETERMINE,INDETERMINE,AUTRE_SORTIE,Éliminé(e) sans précision du mécanisme,True,True,False,18,,False,,False,False,18.0,STANDARD,1,False,18,2026-07-21T02:53:44.498411+00:00,nicolas,KL26::nicolas,,,,,,,,,,,,,
KL26,Koh-Lanta : Le Feu Sacré,2023,https://fr.wikipedia.org/wiki/Koh-Lanta_:_Le_Feu_Sacr%C3%A9,Tania,F,22 ans,Diététicienne,Finaliste [ 28 ],19,0.947368,,Finaliste [ 28 ],FINALISTE,FIN_DE_JEU,AUTRE_SORTIE,Finaliste dans la source,False,True,False,19,,False,,False,False,19.0,STANDARD,1,False,19,2026-07-21T02:53:44.498411+00:00,tania,KL26::tania,,,,,,,,,,,,,
KL26,Koh-Lanta : Le Feu Sacré,2023,https://fr.wikipedia.org/wiki/Koh-Lanta_:_Le_Feu_Sacr%C3%A9,Frédéric,M,33 ans,Directeur commercial,Vainqueur [ 28 ],20,1.0,,Vainqueur [ 28 ],VAINQUEUR,FIN_DE_JEU,AUTRE_SORTIE,Vainqueur/Gagnant dans la source,False,True,False,20,,False,,False,False,20.0,STANDARD,0,True,20,2026-07-21T02:53:44.498411+00:00,frédéric,KL26::frédéric,,,,,,,,,,,,,
KL25,Koh-Lanta : Le Totem Maudit,2022,https://en.wikipedia.org/wiki/Koh-Lanta:_Le_Totem_Maudit,"Céline ""Lili"" Gasnier",,40,,1st Voted Out Day 2,1,0.0,,1st Voted Out Day 2,CONSEIL,INDETERMINE,INDETERMINE,Source: https://en.wikipedia.org/wiki/Koh-Lanta:_Le_Totem_Maudit,False,True,False,1,,False,,False,False,1.0,STANDARD,1,False,1,2026-07-21T03:43:47.549398,"céline ""lili"" gasnier","KL25::céline ""lili"" gasnier",,,,,,,,,,,,,
KL25,Koh-Lanta : Le Totem Maudit,2022,https://en.wikipedia.org/wiki/Koh-Lanta:_Le_Totem_Maudit,Céline Dufrenoy,,41,,2nd Voted Out Day 3,2,0.043478,,2nd Voted Out Day 3,CONSEIL,INDETERMINE,INDETERMINE,Source: https://en.wikipedia.org/wiki/Koh-Lanta:_Le_Totem_Maudit,False,True,False,2,,False,,False,False,2.0,STANDARD,1,False,2,2026-07-21T03:43:47.549398,céline dufrenoy,KL25::céline dufrenoy,,,,,,,,,,,,,
KL25,Koh-Lanta : Le Totem Maudit,2022,https://en.wikipedia.org/wiki/Koh-Lanta:_Le_Totem_Maudit,Franck Macia,,52,,Left Competition Day 4,3,0.086957,,Left Competition Day 4,INDETERMINE,INDETERMINE,INDETERMINE,Source: https://en.wikipedia.org/wiki/Koh-Lanta:_Le_Totem_Maudit,True,True,False,3,,False,,False,False,3.0,STANDARD,1,False,3,2026-07-21T03:43:47.549398,franck macia,KL25::franck macia,,,,,,,,,,,,,
KL25,Koh-Lanta : Le Totem Maudit,2022,https://en.wikipedia.org/wiki/Koh-Lanta:_Le_Totem_Maudit,Mattéo Real,,20,,3rd Voted Out Day 6,4,0.130435,,3rd Voted Out Day 6,CONSEIL,INDETERMINE,INDETERMINE,Source: https://en.wikipedia.org/wiki/Koh-Lanta:_Le_Totem_Maudit,False,True,False,4,,False,,False,False,4.0,STANDARD,1,False,4,2026-07-21T03:43:47.549398,mattéo real,KL25::mattéo real,,,,,,,,,,,,,
KL25,Koh-Lanta : Le Totem Maudit,2022,https://en.wikipedia.org/wiki/Koh-Lanta:_Le_Totem_Maudit,Samira Aït-Brahim,,34,,4th Voted Out Day 9,5,0.173913,,4th Voted Out Day 9,CONSEIL,INDETERMINE,INDETERMINE,Source: https://en.wikipedia.org/wiki/Koh-Lanta:_Le_Totem_Maudit,False,True,False,5,,False,,False,False,5.0,STANDARD,1,False,5,2026-07-21T03:43:47.549398,samira aït-brahim,KL25::samira aït-brahim,,,,,,,,,,,,,
KL25,Koh-Lanta : Le Totem Maudit,2022,https://en.wikipedia.org/wiki/Koh-Lanta:_Le_Totem_Maudit,Benjamin Breerette,,24,,5th Voted Out Day 11,6,0.217391,,5th Voted Out Day 11,CONSEIL,INDETERMINE,INDETERMINE,Source: https://en.wikipedia.org/wiki/Koh-Lanta:_Le_Totem_Maudit,False,True,False,6,,False,,False,False,6.0,STANDARD,1,False,6,2026-07-21T03:43:47.549398,benjamin breerette,KL25::benjamin breerette,,,,,,,,,,,,,
KL25,Koh-Lanta : Le Totem Maudit,2022,https://en.wikipedia.org/wiki/Koh-Lanta:_Le_Totem_Maudit,Stéphanie Tribot,,35,,7th Voted Out Day 17,7,0.26087,,7th Voted Out Day 17,CONSEIL,INDETERMINE,INDETERMINE,Source: https://en.wikipedia.org/wiki/Koh-Lanta:_Le_Totem_Maudit,False,True,True,7,,True,,False,False,7.0,FIRST_EXIT_BEFORE_MEDICAL_RETURN,1,False,7,2026-07-21T03:43:47.549398,stéphanie tribot,KL25::stéphanie tribot,,,,,,,,,,,,,
KL25,Koh-Lanta : Le Totem Maudit,2022,https://en.wikipedia.org/wiki/Koh-Lanta:_Le_Totem_Maudit,Jean-Philippe Masy,,36,,Medically Evacuated Day 16,8,0.304348,,Medically Evacuated Day 16,ABANDON_MEDICAL,INDETERMINE,AUTRE_SORTIE,Source: https://en.wikipedia.org/wiki/Koh-Lanta:_Le_Totem_Maudit,False,True,False,8,,False,,False,False,8.0,STANDARD,1,False,8,2026-07-21T03:43:47.549398,jean-philippe masy,KL25::jean-philippe masy,,,,,,,,,,,,,
KL25,Koh-Lanta : Le Totem Maudit,2022,https://en.wikipedia.org/wiki/Koh-Lanta:_Le_Totem_Maudit,Alexandra Élizé,,35,,8th Voted Out Day 20,9,0.347826,,8th Voted Out Day 20,CONSEIL,INDETERMINE,INDETERMINE,Source: https://en.wikipedia.org/wiki/Koh-Lanta:_Le_Totem_Maudit,False,True,False,9,,False,,False,False,9.0,STANDARD,1,False,9,2026-07-21T03:43:47.549398,alexandra élizé,KL25::alexandra élizé,,,,,,,,,,,,,
KL25,Koh-Lanta : Le Totem Maudit,2022,https://en.wikipedia.org/wiki/Koh-Lanta:_Le_Totem_Maudit,Setha El Hajjami,,35,,9th Voted Out Day 22,10,0.391304,,9th Voted Out Day 22,CONSEIL,INDETERMINE,INDETERMINE,Source: https://en.wikipedia.org/wiki/Koh-Lanta:_Le_Totem_Maudit,False,True,False,10,,False,,False,False,10.0,STANDARD,1,False,10,2026-07-21T03:43:47.549398,setha el hajjami,KL25::setha el hajjami,,,,,,,,,,,,,
KL25,Koh-Lanta : Le Totem Maudit,2022,https://en.wikipedia.org/wiki/Koh-Lanta:_Le_Totem_Maudit,Colin Mottas,,25,,10th Voted Out 1st Jury Member Day 23,11,0.434783,,10th Voted Out 1st Jury Member Day 23,CONSEIL,INDETERMINE,INDETERMINE,Source: https://en.wikipedia.org/wiki/Koh-Lanta:_Le_Totem_Maudit,False,True,False,11,,False,,False,False,11.0,STANDARD,1,False,11,2026-07-21T03:43:47.549398,colin mottas,KL25::colin mottas,,,,,,,,,,,,,
KL25,Koh-Lanta : Le Totem Maudit,2022,https://en.wikipedia.org/wiki/Koh-Lanta:_Le_Totem_Maudit,Pauline Pourchaire,,24,,Eliminated 2nd Jury Member Day 25,12,0.478261,,Eliminated 2nd Jury Member Day 25,INDETERMINE,INDETERMINE,INDETERMINE,Source: https://en.wikipedia.org/wiki/Koh-Lanta:_Le_Totem_Maudit,True,True,False,12,,False,,False,False,12.0,STANDARD,1,False,12,2026-07-21T03:43:47.549398,pauline pourchaire,KL25::pauline pourchaire,,,,,,,,,,,,,
KL25,Koh-Lanta : Le Totem Maudit,2022,https://en.wikipedia.org/wiki/Koh-Lanta:_Le_Totem_Maudit,Yannick Zachée,,34,,11th Voted Out 3rd Jury Member Day 25,13,0.521739,,11th Voted Out 3rd Jury Member Day 25,CONSEIL,INDETERMINE,INDETERMINE,Source: https://en.wikipedia.org/wiki/Koh-Lanta:_Le_Totem_Maudit,False,True,False,13,,False,,False,False,13.0,STANDARD,1,False,13,2026-07-21T03:43:47.549398,yannick zachée,KL25::yannick zachée,,,,,,,,,,,,,
KL25,Koh-Lanta : Le Totem Maudit,2022,https://en.wikipedia.org/wiki/Koh-Lanta:_Le_Totem_Maudit,Anne-Sophie Mounier,,34,,12th Voted Out 4th Jury Member Day 28,14,0.565217,,12th Voted Out 4th Jury Member Day 28,CONSEIL,INDETERMINE,INDETERMINE,Source: https://en.wikipedia.org/wiki/Koh-Lanta:_Le_Totem_Maudit,False,True,False,14,,False,,False,False,14.0,STANDARD,1,False,14,2026-07-21T03:43:47.549398,anne-sophie mounier,KL25::anne-sophie mounier,,,,,,,,,,,,,
KL25,Koh-Lanta : Le Totem Maudit,2022,https://en.wikipedia.org/wiki/Koh-Lanta:_Le_Totem_Maudit,Maxime Tournoux,,33,,13th Voted Out 5th Jury Member Day 31,15,0.608696,,13th Voted Out 5th Jury Member Day 31,CONSEIL,INDETERMINE,INDETERMINE,Source: https://en.wikipedia.org/wiki/Koh-Lanta:_Le_Totem_Maudit,False,True,False,15,,False,,False,False,15.0,STANDARD,1,False,15,2026-07-21T03:43:47.549398,maxime tournoux,KL25::maxime tournoux,,,,,,,,,,,,,
KL25,Koh-Lanta : Le Totem Maudit,2022,https://en.wikipedia.org/wiki/Koh-Lanta:_Le_Totem_Maudit,Louana Roy,,28,,Eliminated 6th Jury Member Day 31,16,0.652174,,Eliminated 6th Jury Member Day 31,INDETERMINE,INDETERMINE,INDETERMINE,Source: https://en.wikipedia.org/wiki/Koh-Lanta:_Le_Totem_Maudit,True,True,False,16,,False,,False,False,16.0,STANDARD,1,False,16,2026-07-21T03:43:47.549398,louana roy,KL25::louana roy,,,,,,,,,,,,,
KL25,Koh-Lanta : Le Totem Maudit,2022,https://en.wikipedia.org/wiki/Koh-Lanta:_Le_Totem_Maudit,Fouzi Ould Bouamama,,28,,Eliminated 7th Jury Member Day 33,17,0.695652,,Eliminated 7th Jury Member Day 33,INDETERMINE,INDETERMINE,INDETERMINE,Source: https://en.wikipedia.org/wiki/Koh-Lanta:_Le_Totem_Maudit,True,True,False,17,,False,,False,False,17.0,STANDARD,1,False,17,2026-07-21T03:43:47.549398,fouzi ould bouamama,KL25::fouzi ould bouamama,,,,,,,,,,,,,
KL25,Koh-Lanta : Le Totem Maudit,2022,https://en.wikipedia.org/wiki/Koh-Lanta:_Le_Totem_Maudit,Nicolas Bellon,,39,,14th Voted Out 8th Jury Member Day 34,18,0.73913,,14th Voted Out 8th Jury Member Day 34,CONSEIL,INDETERMINE,INDETERMINE,Source: https://en.wikipedia.org/wiki/Koh-Lanta:_Le_Totem_Maudit,False,True,False,18,,False,,False,False,18.0,STANDARD,1,False,18,2026-07-21T03:43:47.549398,nicolas bellon,KL25::nicolas bellon,,,,,,,,,,,,,
KL25,Koh-Lanta : Le Totem Maudit,2022,https://en.wikipedia.org/wiki/Koh-Lanta:_Le_Totem_Maudit,Olga Khokhlova,,35,,15th Voted Out 9th Jury Member Day 37,19,0.782609,,15th Voted Out 9th Jury Member Day 37,CONSEIL,INDETERMINE,INDETERMINE,Source: https://en.wikipedia.org/wiki/Koh-Lanta:_Le_Totem_Maudit,False,True,False,19,,False,,False,False,19.0,STANDARD,1,False,19,2026-07-21T03:43:47.549398,olga khokhlova,KL25::olga khokhlova,,,,,,,,,,,,,
KL25,Koh-Lanta : Le Totem Maudit,2022,https://en.wikipedia.org/wiki/Koh-Lanta:_Le_Totem_Maudit,Ambre Daudet,,27,,Eliminated 10th Jury Member Day 38,20,0.826087,,Eliminated 10th Jury Member Day 38,INDETERMINE,INDETERMINE,INDETERMINE,Source: https://en.wikipedia.org/wiki/Koh-Lanta:_Le_Totem_Maudit,True,True,False,20,,False,,False,False,20.0,STANDARD,1,False,20,2026-07-21T03:43:47.549398,ambre daudet,KL25::ambre daudet,,,,,,,,,,,,,
KL25,Koh-Lanta : Le Totem Maudit,2022,https://en.wikipedia.org/wiki/Koh-Lanta:_Le_Totem_Maudit,Jean-Charles Chatelus,,40,,16th Voted Out 11th Jury Member Day 39,21,0.869565,,16th Voted Out 11th Jury Member Day 39,CONSEIL,INDETERMINE,INDETERMINE,Source: https://en.wikipedia.org/wiki/Koh-Lanta:_Le_Totem_Maudit,False,True,False,21,,False,,False,False,21.0,STANDARD,1,False,21,2026-07-21T03:43:47.549398,jean-charles chatelus,KL25::jean-charles chatelus,,,,,,,,,,,,,
KL25,Koh-Lanta : Le Totem Maudit,2022,https://en.wikipedia.org/wiki/Koh-Lanta:_Le_Totem_Maudit,Géraldine Nicolle,,47,,Runner-Up Day 39,22,0.913043,,Runner-Up Day 39,FINALISTE,FIN_DE_JEU,AUTRE_SORTIE,Source: https://en.wikipedia.org/wiki/Koh-Lanta:_Le_Totem_Maudit,False,True,False,22,,False,,False,False,22.0,STANDARD,1,False,22,2026-07-21T03:43:47.549398,géraldine nicolle,KL25::géraldine nicolle,,,,,,,,,,,,,
KL25,Koh-Lanta : Le Totem Maudit,2022,https://en.wikipedia.org/wiki/Koh-Lanta:_Le_Totem_Maudit,Bastien San Pedro,,32,,Dual Survivors Day 39,23,0.956522,,Dual Survivors Day 39,CO_VAINQUEUR,FIN_DE_JEU,AUTRE_SORTIE,Source: https://en.wikipedia.org/wiki/Koh-Lanta:_Le_Totem_Maudit,False,True,False,23,,False,,False,False,23.0,STANDARD,0,True,23,2026-07-21T03:43:47.549398,bastien san pedro,KL25::bastien san pedro,,,,,,,,,,,,,
KL25,Koh-Lanta : Le Totem Maudit,2022,https://en.wikipedia.org/wiki/Koh-Lanta:_Le_Totem_Maudit,François Descamp,,38,,Cadlao,24,1.0,,Cadlao,CO_VAINQUEUR,FIN_DE_JEU,AUTRE_SORTIE,Source: https://en.wikipedia.org/wiki/Koh-Lanta:_Le_Totem_Maudit,False,True,False,24,,False,,False,False,24.0,STANDARD,0,True,24,2026-07-21T03:43:47.549398,françois descamp,KL25::françois descamp,,,,,,,,,,,,,
KL32,Koh-Lanta : Les 4 Terres,2020,https://fr.wikipedia.org/wiki/Koh-Lanta_:_Les_4_Terres,François,,47 ans,,"Abandon médical [ 17 ] [source secondaire souhaitée] , [ 18 ] [source secondaire souhaitée] , [ 19 ] [source secondaire souhaitée] , [ 20 ]",1,0.0,,"Abandon médical [ 17 ] [source secondaire souhaitée] , [ 18 ] [source secondaire souhaitée] , [ 19 ] [source secondaire souhaitée] , [ 20 ]",ABANDON_MEDICAL,INDETERMINE,AUTRE_SORTIE,Source: https://fr.wikipedia.org/wiki/Koh-Lanta_:_Les_4_Terres,False,True,False,1,,False,,False,False,1.0,STANDARD,1,False,1,2026-07-21T03:43:47.155586,françois,KL32::françois,,,,,,,,,,,,,
KL32,Koh-Lanta : Les 4 Terres,2020,https://fr.wikipedia.org/wiki/Koh-Lanta_:_Les_4_Terres,Carole,,52 ans,,"Éliminée [ 21 ] [source secondaire souhaitée] , [ 22 ] [source secondaire souhaitée] , [ 23 ] [source secondaire souhaitée] , [ 20 ]",2,0.043478,,"Éliminée [ 21 ] [source secondaire souhaitée] , [ 22 ] [source secondaire souhaitée] , [ 23 ] [source secondaire souhaitée] , [ 20 ]",INDETERMINE,INDETERMINE,INDETERMINE,Source: https://fr.wikipedia.org/wiki/Koh-Lanta_:_Les_4_Terres,True,True,False,2,,False,,False,False,2.0,STANDARD,1,False,2,2026-07-21T03:43:47.155586,carole,KL32::carole,,,,,,,,,,,,,
KL32,Koh-Lanta : Les 4 Terres,2020,https://fr.wikipedia.org/wiki/Koh-Lanta_:_Les_4_Terres,Samuel,,39 ans,,"Abandon médical [ 24 ] [source secondaire souhaitée] , [ 25 ] [source secondaire souhaitée] , [ 26 ] [source secondaire souhaitée]",3,0.086957,,"Abandon médical [ 24 ] [source secondaire souhaitée] , [ 25 ] [source secondaire souhaitée] , [ 26 ] [source secondaire souhaitée]",ABANDON_MEDICAL,INDETERMINE,AUTRE_SORTIE,Source: https://fr.wikipedia.org/wiki/Koh-Lanta_:_Les_4_Terres,False,True,False,3,,False,,False,False,3.0,STANDARD,1,False,3,2026-07-21T03:43:47.155586,samuel,KL32::samuel,,,,,,,,,,,,,
KL32,Koh-Lanta : Les 4 Terres,2020,https://fr.wikipedia.org/wiki/Koh-Lanta_:_Les_4_Terres,Diane,,25 ans,,"Éliminée [ 27 ] [source secondaire souhaitée] , [ 28 ] [source secondaire souhaitée] , [ 29 ] [source secondaire souhaitée] , [ 30 ]",4,0.130435,,"Éliminée [ 27 ] [source secondaire souhaitée] , [ 28 ] [source secondaire souhaitée] , [ 29 ] [source secondaire souhaitée] , [ 30 ]",INDETERMINE,INDETERMINE,INDETERMINE,Source: https://fr.wikipedia.org/wiki/Koh-Lanta_:_Les_4_Terres,True,True,False,4,,False,,False,False,4.0,STANDARD,1,False,4,2026-07-21T03:43:47.155586,diane,KL32::diane,,,,,,,,,,,,,
KL32,Koh-Lanta : Les 4 Terres,2020,https://fr.wikipedia.org/wiki/Koh-Lanta_:_Les_4_Terres,Estelle,,47 ans,,"Éliminée [ 31 ] [source secondaire souhaitée] , [ 32 ] [source secondaire souhaitée] , [ 33 ] [source secondaire souhaitée] , [ 30 ]",5,0.173913,,"Éliminée [ 31 ] [source secondaire souhaitée] , [ 32 ] [source secondaire souhaitée] , [ 33 ] [source secondaire souhaitée] , [ 30 ]",INDETERMINE,INDETERMINE,INDETERMINE,Source: https://fr.wikipedia.org/wiki/Koh-Lanta_:_Les_4_Terres,True,True,False,5,,False,,False,False,5.0,STANDARD,1,False,5,2026-07-21T03:43:47.155586,estelle,KL32::estelle,,,,,,,,,,,,,
KL32,Koh-Lanta : Les 4 Terres,2020,https://fr.wikipedia.org/wiki/Koh-Lanta_:_Les_4_Terres,Mathieu,,31 ans,,"Éliminé [ 34 ] [source secondaire souhaitée] , [ 35 ] [source secondaire souhaitée] , [ 36 ] [source secondaire souhaitée] , [ 37 ] [source secondaire souhaitée]",6,0.217391,,"Éliminé [ 34 ] [source secondaire souhaitée] , [ 35 ] [source secondaire souhaitée] , [ 36 ] [source secondaire souhaitée] , [ 37 ] [source secondaire souhaitée]",INDETERMINE,INDETERMINE,INDETERMINE,Source: https://fr.wikipedia.org/wiki/Koh-Lanta_:_Les_4_Terres,True,True,False,6,,False,,False,False,6.0,STANDARD,1,False,6,2026-07-21T03:43:47.155586,mathieu,KL32::mathieu,,,,,,,,,,,,,
KL32,Koh-Lanta : Les 4 Terres,2020,https://fr.wikipedia.org/wiki/Koh-Lanta_:_Les_4_Terres,Adrien,,30 ans,,"Éliminé [ 38 ] [source secondaire souhaitée] , [ 39 ] [source secondaire souhaitée] , [ 40 ] [source secondaire souhaitée] , [ 41 ]",7,0.26087,,"Éliminé [ 38 ] [source secondaire souhaitée] , [ 39 ] [source secondaire souhaitée] , [ 40 ] [source secondaire souhaitée] , [ 41 ]",INDETERMINE,INDETERMINE,INDETERMINE,Source: https://fr.wikipedia.org/wiki/Koh-Lanta_:_Les_4_Terres,True,True,False,7,,False,,False,False,7.0,STANDARD,1,False,7,2026-07-21T03:43:47.155586,adrien,KL32::adrien,,,,,,,,,,,,,
KL32,Koh-Lanta : Les 4 Terres,2020,https://fr.wikipedia.org/wiki/Koh-Lanta_:_Les_4_Terres,Aubin,,23 ans,,"Éliminé [ 42 ] [source secondaire souhaitée] , [ 43 ] [source secondaire souhaitée] , [ 44 ] [source secondaire souhaitée] , [ 45 ] [source secondaire souhaitée]",8,0.304348,,"Éliminé [ 42 ] [source secondaire souhaitée] , [ 43 ] [source secondaire souhaitée] , [ 44 ] [source secondaire souhaitée] , [ 45 ] [source secondaire souhaitée]",INDETERMINE,INDETERMINE,INDETERMINE,Source: https://fr.wikipedia.org/wiki/Koh-Lanta_:_Les_4_Terres,True,True,False,8,,False,,False,False,8.0,STANDARD,1,False,8,2026-07-21T03:43:47.155586,aubin,KL32::aubin,,,,,,,,,,,,,
KL32,Koh-Lanta : Les 4 Terres,2020,https://fr.wikipedia.org/wiki/Koh-Lanta_:_Les_4_Terres,Sébastien,,37 ans,,"Éliminé [ 46 ] [source secondaire souhaitée] , [ 47 ] [source secondaire souhaitée] , [ 48 ] [source secondaire souhaitée] , [ 49 ] [source secondaire souhaitée]",9,0.347826,,"Éliminé [ 46 ] [source secondaire souhaitée] , [ 47 ] [source secondaire souhaitée] , [ 48 ] [source secondaire souhaitée] , [ 49 ] [source secondaire souhaitée]",INDETERMINE,INDETERMINE,INDETERMINE,Source: https://fr.wikipedia.org/wiki/Koh-Lanta_:_Les_4_Terres,True,True,False,9,,False,,False,False,9.0,STANDARD,1,False,9,2026-07-21T03:43:47.155586,sébastien,KL32::sébastien,,,,,,,,,,,,,
KL32,Koh-Lanta : Les 4 Terres,2020,https://fr.wikipedia.org/wiki/Koh-Lanta_:_Les_4_Terres,Marie-France,,49 ans,,"Éliminée [ 50 ] [source secondaire souhaitée] , [ 51 ] [source secondaire souhaitée] , [ 52 ] [source secondaire souhaitée]",10,0.391304,,"Éliminée [ 50 ] [source secondaire souhaitée] , [ 51 ] [source secondaire souhaitée] , [ 52 ] [source secondaire souhaitée]",INDETERMINE,INDETERMINE,INDETERMINE,Source: https://fr.wikipedia.org/wiki/Koh-Lanta_:_Les_4_Terres,True,True,False,10,,False,,False,False,10.0,STANDARD,1,False,10,2026-07-21T03:43:47.155586,marie-france,KL32::marie-france,,,,,,,,,,,,,
KL32,Koh-Lanta : Les 4 Terres,2020,https://fr.wikipedia.org/wiki/Koh-Lanta_:_Les_4_Terres,Hadja,,28 ans,,"Éliminée [ 53 ] [source secondaire souhaitée] , [ 54 ] [source secondaire souhaitée] , [ 55 ] [source secondaire souhaitée] , [ 56 ] [source secondaire souhaitée]",11,0.434783,,"Éliminée [ 53 ] [source secondaire souhaitée] , [ 54 ] [source secondaire souhaitée] , [ 55 ] [source secondaire souhaitée] , [ 56 ] [source secondaire souhaitée]",INDETERMINE,INDETERMINE,INDETERMINE,Source: https://fr.wikipedia.org/wiki/Koh-Lanta_:_Les_4_Terres,True,True,False,11,,False,,False,False,11.0,STANDARD,1,False,11,2026-07-21T03:43:47.155586,hadja,KL32::hadja,,,,,,,,,,,,,
KL32,Koh-Lanta : Les 4 Terres,2020,https://fr.wikipedia.org/wiki/Koh-Lanta_:_Les_4_Terres,Bertrand-Kamal († décédé avant la finale),,30 ans,,"Éliminé [ 57 ] , [ 58 ] , [ 59 ] , [ 60 ]",12,0.478261,,"Éliminé [ 57 ] , [ 58 ] , [ 59 ] , [ 60 ]",INDETERMINE,INDETERMINE,INDETERMINE,Source: https://fr.wikipedia.org/wiki/Koh-Lanta_:_Les_4_Terres,True,True,False,12,,False,,False,False,12.0,STANDARD,1,False,12,2026-07-21T03:43:47.155586,bertrand-kamal († décédé avant la finale),KL32::bertrand-kamal († décédé avant la finale),,,,,,,,,,,,,
KL32,Koh-Lanta : Les 4 Terres,2020,https://fr.wikipedia.org/wiki/Koh-Lanta_:_Les_4_Terres,Joaquina,,38 ans,,"Éliminée [ 61 ] [source secondaire souhaitée] , [ 62 ] [source secondaire souhaitée] , [ 63 ] [source secondaire souhaitée] , [ 64 ]",13,0.521739,,"Éliminée [ 61 ] [source secondaire souhaitée] , [ 62 ] [source secondaire souhaitée] , [ 63 ] [source secondaire souhaitée] , [ 64 ]",INDETERMINE,INDETERMINE,INDETERMINE,Source: https://fr.wikipedia.org/wiki/Koh-Lanta_:_Les_4_Terres,True,True,False,13,,False,,False,False,13.0,STANDARD,1,False,13,2026-07-21T03:43:47.155586,joaquina,KL32::joaquina,,,,,,,,,,,,,
KL32,Koh-Lanta : Les 4 Terres,2020,https://fr.wikipedia.org/wiki/Koh-Lanta_:_Les_4_Terres,Jody,,32 ans,,"Éliminée [ 65 ] [source secondaire souhaitée] , [ 66 ] [source secondaire souhaitée] , [ 67 ] [source secondaire souhaitée] , [ 68 ] [source secondaire souhaitée]",14,0.565217,,"Éliminée [ 65 ] [source secondaire souhaitée] , [ 66 ] [source secondaire souhaitée] , [ 67 ] [source secondaire souhaitée] , [ 68 ] [source secondaire souhaitée]",INDETERMINE,INDETERMINE,INDETERMINE,Source: https://fr.wikipedia.org/wiki/Koh-Lanta_:_Les_4_Terres,True,True,False,14,,False,,False,False,14.0,STANDARD,1,False,14,2026-07-21T03:43:47.155586,jody,KL32::jody,,,,,,,,,,,,,
KL32,Koh-Lanta : Les 4 Terres,2020,https://fr.wikipedia.org/wiki/Koh-Lanta_:_Les_4_Terres,Laurent,,48 ans,,"Éliminé [ 69 ] [source secondaire souhaitée] , [ 70 ] [source secondaire souhaitée] , [ 71 ] [source secondaire souhaitée] , [ 72 ] [source secondaire souhaitée]",15,0.608696,,"Éliminé [ 69 ] [source secondaire souhaitée] , [ 70 ] [source secondaire souhaitée] , [ 71 ] [source secondaire souhaitée] , [ 72 ] [source secondaire souhaitée]",INDETERMINE,INDETERMINE,INDETERMINE,Source: https://fr.wikipedia.org/wiki/Koh-Lanta_:_Les_4_Terres,True,True,False,15,,False,,False,False,15.0,STANDARD,1,False,15,2026-07-21T03:43:47.155586,laurent,KL32::laurent,,,,,,,,,,,,,
KL32,Koh-Lanta : Les 4 Terres,2020,https://fr.wikipedia.org/wiki/Koh-Lanta_:_Les_4_Terres,Alix,,28 ans,,"Éliminée [ 73 ] [source secondaire souhaitée] , [ 74 ] [source secondaire souhaitée] , [ 75 ] [source secondaire souhaitée] , [ 76 ] [source secondaire souhaitée]",16,0.652174,,"Éliminée [ 73 ] [source secondaire souhaitée] , [ 74 ] [source secondaire souhaitée] , [ 75 ] [source secondaire souhaitée] , [ 76 ] [source secondaire souhaitée]",INDETERMINE,INDETERMINE,INDETERMINE,Source: https://fr.wikipedia.org/wiki/Koh-Lanta_:_Les_4_Terres,True,True,False,16,,False,,False,False,16.0,STANDARD,1,False,16,2026-07-21T03:43:47.155586,alix,KL32::alix,,,,,,,,,,,,,
KL32,Koh-Lanta : Les 4 Terres,2020,https://fr.wikipedia.org/wiki/Koh-Lanta_:_Les_4_Terres,Fabrice,,54 ans,,"Éliminé [ 77 ] [source secondaire souhaitée] , [ 78 ] [source secondaire souhaitée] , [ 79 ] [source secondaire souhaitée] , [ 80 ] [source secondaire souhaitée]",17,0.695652,,"Éliminé [ 77 ] [source secondaire souhaitée] , [ 78 ] [source secondaire souhaitée] , [ 79 ] [source secondaire souhaitée] , [ 80 ] [source secondaire souhaitée]",INDETERMINE,INDETERMINE,INDETERMINE,Source: https://fr.wikipedia.org/wiki/Koh-Lanta_:_Les_4_Terres,True,True,False,17,,False,,False,False,17.0,STANDARD,1,False,17,2026-07-21T03:43:47.155586,fabrice,KL32::fabrice,,,,,,,,,,,,,
KL32,Koh-Lanta : Les 4 Terres,2020,https://fr.wikipedia.org/wiki/Koh-Lanta_:_Les_4_Terres,Ava,,26 ans,,"Éliminée [ 81 ] [source secondaire souhaitée] , [ 82 ] [source secondaire souhaitée] , [ 83 ] [source secondaire souhaitée] , [ 84 ] [source secondaire souhaitée]",18,0.73913,,"Éliminée [ 81 ] [source secondaire souhaitée] , [ 82 ] [source secondaire souhaitée] , [ 83 ] [source secondaire souhaitée] , [ 84 ] [source secondaire souhaitée]",INDETERMINE,INDETERMINE,INDETERMINE,Source: https://fr.wikipedia.org/wiki/Koh-Lanta_:_Les_4_Terres,True,True,False,18,,False,,False,False,18.0,STANDARD,1,False,18,2026-07-21T03:43:47.155586,ava,KL32::ava,,,,,,,,,,,,,
KL32,Koh-Lanta : Les 4 Terres,2020,https://fr.wikipedia.org/wiki/Koh-Lanta_:_Les_4_Terres,Angélique,,26 ans,,"Éliminée [ 85 ] [source secondaire souhaitée] , [ 86 ] [source secondaire souhaitée] , [ 87 ] [source secondaire souhaitée] , [ 88 ] [source secondaire souhaitée]",19,0.782609,,"Éliminée [ 85 ] [source secondaire souhaitée] , [ 86 ] [source secondaire souhaitée] , [ 87 ] [source secondaire souhaitée] , [ 88 ] [source secondaire souhaitée]",INDETERMINE,INDETERMINE,INDETERMINE,Source: https://fr.wikipedia.org/wiki/Koh-Lanta_:_Les_4_Terres,True,True,False,19,,False,,False,False,19.0,STANDARD,1,False,19,2026-07-21T03:43:47.155586,angélique,KL32::angélique,,,,,,,,,,,,,
KL32,Koh-Lanta : Les 4 Terres,2020,https://fr.wikipedia.org/wiki/Koh-Lanta_:_Les_4_Terres,Dorian,,30 ans,,"Éliminé [ 89 ] [source secondaire souhaitée] , [ 90 ] [source secondaire souhaitée] , [ 91 ] [source secondaire souhaitée] , [ 92 ] [source secondaire souhaitée]",20,0.826087,,"Éliminé [ 89 ] [source secondaire souhaitée] , [ 90 ] [source secondaire souhaitée] , [ 91 ] [source secondaire souhaitée] , [ 92 ] [source secondaire souhaitée]",INDETERMINE,INDETERMINE,INDETERMINE,Source: https://fr.wikipedia.org/wiki/Koh-Lanta_:_Les_4_Terres,True,True,False,20,,False,,False,False,20.0,STANDARD,1,False,20,2026-07-21T03:43:47.155586,dorian,KL32::dorian,,,,,,,,,,,,,
KL32,Koh-Lanta : Les 4 Terres,2020,https://fr.wikipedia.org/wiki/Koh-Lanta_:_Les_4_Terres,Lola,,23 ans,,"Éliminée [ 93 ] [source secondaire souhaitée] , [ 94 ] [source secondaire souhaitée] , [ 95 ] [source secondaire souhaitée] , [ 96 ] [source secondaire souhaitée]",21,0.869565,,"Éliminée [ 93 ] [source secondaire souhaitée] , [ 94 ] [source secondaire souhaitée] , [ 95 ] [source secondaire souhaitée] , [ 96 ] [source secondaire souhaitée]",INDETERMINE,INDETERMINE,INDETERMINE,Source: https://fr.wikipedia.org/wiki/Koh-Lanta_:_Les_4_Terres,True,True,False,21,,False,,False,False,21.0,STANDARD,1,False,21,2026-07-21T03:43:47.155586,lola,KL32::lola,,,,,,,,,,,,,
KL32,Koh-Lanta : Les 4 Terres,2020,https://fr.wikipedia.org/wiki/Koh-Lanta_:_Les_4_Terres,Loïc,,20 ans,,"Éliminé [ 97 ] [source secondaire souhaitée] , [ 98 ] [source secondaire souhaitée] , [ 99 ] [source secondaire souhaitée] , [ 100 ] [source secondaire souhaitée]",22,0.913043,,"Éliminé [ 97 ] [source secondaire souhaitée] , [ 98 ] [source secondaire souhaitée] , [ 99 ] [source secondaire souhaitée] , [ 100 ] [source secondaire souhaitée]",INDETERMINE,INDETERMINE,INDETERMINE,Source: https://fr.wikipedia.org/wiki/Koh-Lanta_:_Les_4_Terres,True,True,False,22,,False,,False,False,22.0,STANDARD,1,False,22,2026-07-21T03:43:47.155586,loïc,KL32::loïc,,,,,,,,,,,,,
KL32,Koh-Lanta : Les 4 Terres,2020,https://fr.wikipedia.org/wiki/Koh-Lanta_:_Les_4_Terres,Brice,,22 ans,,"Finaliste [ 101 ] [source secondaire souhaitée] , [ 102 ] [source secondaire souhaitée] , [ 103 ] [source secondaire souhaitée]",23,0.956522,,"Finaliste [ 101 ] [source secondaire souhaitée] , [ 102 ] [source secondaire souhaitée] , [ 103 ] [source secondaire souhaitée]",FINALISTE,FIN_DE_JEU,AUTRE_SORTIE,Source: https://fr.wikipedia.org/wiki/Koh-Lanta_:_Les_4_Terres,False,True,False,23,,False,,False,False,23.0,STANDARD,1,False,23,2026-07-21T03:43:47.155586,brice,KL32::brice,,,,,,,,,,,,,
KL32,Koh-Lanta : Les 4 Terres,2020,https://fr.wikipedia.org/wiki/Koh-Lanta_:_Les_4_Terres,Alexandra,,32 ans,,"Vainqueur [ 104 ] [source secondaire souhaitée] , [ 105 ] [source secondaire souhaitée] , [ 106 ] [source secondaire souhaitée] , [ 107 ] [source secondaire souhaitée]",24,1.0,,"Vainqueur [ 104 ] [source secondaire souhaitée] , [ 105 ] [source secondaire souhaitée] , [ 106 ] [source secondaire souhaitée] , [ 107 ] [source secondaire souhaitée]",VAINQUEUR,FIN_DE_JEU,AUTRE_SORTIE,Source: https://fr.wikipedia.org/wiki/Koh-Lanta_:_Les_4_Terres,False,True,False,24,,False,,False,False,24.0,STANDARD,0,True,24,2026-07-21T03:43:47.155586,alexandra,KL32::alexandra,,,,,,,,,,,,,
KL33,Koh-Lanta : Les Armes secrètes,2021,https://fr.wikipedia.org/wiki/Koh-Lanta_:_Les_Armes_secr%C3%A8tes,Sylviane,F,44 ans,Maître-nageur,"Éliminée [ 17 ] , [ 18 ] , [ 19 ] , [ 20 ]",1,0.0,,"Éliminée [ 17 ] , [ 18 ] , [ 19 ] , [ 20 ]",INDETERMINE,INDETERMINE,AUTRE_SORTIE,"Éliminé(e) sans précision du mécanisme (conseil, ambassadeurs, etc.)",True,True,False,1,,False,,False,False,1.0,STANDARD,1,False,1,2026-07-20T16:48:52.203864+00:00,sylviane,KL33::sylviane,,,,,,,,,,,,,
KL33,Koh-Lanta : Les Armes secrètes,2021,https://fr.wikipedia.org/wiki/Koh-Lanta_:_Les_Armes_secr%C3%A8tes,Marie,F,25 ans,Étudiante en événementiel,"Éliminée [ 21 ] , [ 22 ] , [ 23 ] , [ 24 ] , [ 25 ]",2,0.05,,"Éliminée [ 21 ] , [ 22 ] , [ 23 ] , [ 24 ] , [ 25 ]",INDETERMINE,INDETERMINE,AUTRE_SORTIE,"Éliminé(e) sans précision du mécanisme (conseil, ambassadeurs, etc.)",True,True,False,2,,False,,False,False,2.0,STANDARD,1,False,2,2026-07-20T16:48:52.203864+00:00,marie,KL33::marie,,,,,,,,,,,,,
KL33,Koh-Lanta : Les Armes secrètes,2021,https://fr.wikipedia.org/wiki/Koh-Lanta_:_Les_Armes_secr%C3%A8tes,Élodie,F,35 ans,Coach sportive,"Éliminée [ 26 ] , [ 27 ] , [ 28 ] , [ 29 ] , [ 30 ]",3,0.1,,"Éliminée [ 26 ] , [ 27 ] , [ 28 ] , [ 29 ] , [ 30 ]",INDETERMINE,INDETERMINE,AUTRE_SORTIE,"Éliminé(e) sans précision du mécanisme (conseil, ambassadeurs, etc.)",True,True,False,3,,False,,False,False,3.0,STANDARD,1,False,3,2026-07-20T16:48:52.203864+00:00,élodie,KL33::élodie,,,,,,,,,,,,,
KL33,Koh-Lanta : Les Armes secrètes,2021,https://fr.wikipedia.org/wiki/Koh-Lanta_:_Les_Armes_secr%C3%A8tes,Candice,F,25 ans,Instructrice de survie,"Éliminée [ 31 ] , [ 32 ] , [ 33 ] , [ 34 ] , [ 35 ]",4,0.15,,"Éliminée [ 31 ] , [ 32 ] , [ 33 ] , [ 34 ] , [ 35 ]",INDETERMINE,INDETERMINE,AUTRE_SORTIE,"Éliminé(e) sans précision du mécanisme (conseil, ambassadeurs, etc.)",True,True,False,4,,False,,False,False,4.0,STANDARD,1,False,4,2026-07-20T16:48:52.203864+00:00,candice,KL33::candice,,,,,,,,,,,,,
KL33,Koh-Lanta : Les Armes secrètes,2021,https://fr.wikipedia.org/wiki/Koh-Lanta_:_Les_Armes_secr%C3%A8tes,Gabin,M,27 ans,Saisonnier,"Abandon médical [ 36 ] , [ 37 ] , [ 38 ] , [ 39 ] , [ 40 ]",5,0.2,,"Abandon médical [ 36 ] , [ 37 ] , [ 38 ] , [ 39 ] , [ 40 ]",ABANDON_MEDICAL,SANTE_ABANDON,AUTRE_SORTIE,Abandon médical explicitement indiqué dans la source,False,True,False,5,,False,,False,False,5.0,STANDARD,1,False,5,2026-07-20T16:48:52.203864+00:00,gabin,KL33::gabin,,,,,,,,,,,,,
KL33,Koh-Lanta : Les Armes secrètes,2021,https://fr.wikipedia.org/wiki/Koh-Lanta_:_Les_Armes_secr%C3%A8tes,Aurélien,M,34 ans,Pharmacien,"Éliminé [ 41 ] , [ 42 ] , [ 43 ] , [ 44 ] , [ 45 ]",6,0.25,,"Éliminé [ 41 ] , [ 42 ] , [ 43 ] , [ 44 ] , [ 45 ]",INDETERMINE,INDETERMINE,AUTRE_SORTIE,"Éliminé(e) sans précision du mécanisme (conseil, ambassadeurs, etc.)",True,True,False,6,,False,,False,False,6.0,STANDARD,1,False,6,2026-07-20T16:48:52.203864+00:00,aurélien,KL33::aurélien,,,,,,,,,,,,,
KL33,Koh-Lanta : Les Armes secrètes,2021,https://fr.wikipedia.org/wiki/Koh-Lanta_:_Les_Armes_secr%C3%A8tes,Frédéric,M,48 ans,Restaurateur,"Éliminé [ 46 ] , [ 47 ] , [ 48 ] , [ 49 ] , [ 50 ]",7,0.3,,"Éliminé [ 46 ] , [ 47 ] , [ 48 ] , [ 49 ] , [ 50 ]",INDETERMINE,INDETERMINE,AUTRE_SORTIE,"Éliminé(e) sans précision du mécanisme (conseil, ambassadeurs, etc.)",True,True,False,7,,False,,False,False,7.0,STANDARD,1,False,7,2026-07-20T16:48:52.203864+00:00,frédéric,KL33::frédéric,,,,,,,,,,,,,
KL33,Koh-Lanta : Les Armes secrètes,2021,https://fr.wikipedia.org/wiki/Koh-Lanta_:_Les_Armes_secr%C3%A8tes,Hervé,M,44 ans,Boulanger,"Éliminé [ 51 ] , [ 52 ] , [ 53 ] , [ 54 ] , [ 55 ]",8,0.35,,"Éliminé [ 51 ] , [ 52 ] , [ 53 ] , [ 54 ] , [ 55 ]",INDETERMINE,INDETERMINE,AUTRE_SORTIE,"Éliminé(e) sans précision du mécanisme (conseil, ambassadeurs, etc.)",True,True,False,8,,False,,False,False,8.0,STANDARD,1,False,8,2026-07-20T16:48:52.203864+00:00,hervé,KL33::hervé,,,,,,,,,,,,,
KL33,Koh-Lanta : Les Armes secrètes,2021,https://fr.wikipedia.org/wiki/Koh-Lanta_:_Les_Armes_secr%C3%A8tes,Mathieu,M,29 ans,Élagueur,"Éliminé [ 56 ] , [ 57 ] , [ 58 ] , [ 59 ] , [ 60 ]",9,0.4,,"Éliminé [ 56 ] , [ 57 ] , [ 58 ] , [ 59 ] , [ 60 ]",INDETERMINE,INDETERMINE,AUTRE_SORTIE,"Éliminé(e) sans précision du mécanisme (conseil, ambassadeurs, etc.)",True,True,False,9,,False,,False,False,9.0,STANDARD,1,False,9,2026-07-20T16:48:52.203864+00:00,mathieu,KL33::mathieu,,,,,,,,,,,,,
KL33,Koh-Lanta : Les Armes secrètes,2021,https://fr.wikipedia.org/wiki/Koh-Lanta_:_Les_Armes_secr%C3%A8tes,Shanice,F,26 ans,Chef de projet en marketing social,"Éliminée [ 61 ] , [ 62 ] , [ 63 ] , [ 64 ] , [ 65 ]",10,0.45,,"Éliminée [ 61 ] , [ 62 ] , [ 63 ] , [ 64 ] , [ 65 ]",INDETERMINE,INDETERMINE,AUTRE_SORTIE,"Éliminé(e) sans précision du mécanisme (conseil, ambassadeurs, etc.)",True,True,False,10,,False,,False,False,10.0,STANDARD,1,False,10,2026-07-20T16:48:52.203864+00:00,shanice,KL33::shanice,,,,,,,,,,,,,
KL33,Koh-Lanta : Les Armes secrètes,2021,https://fr.wikipedia.org/wiki/Koh-Lanta_:_Les_Armes_secr%C3%A8tes,Myriam,F,36 ans,Professeur d'anglais,"Éliminée [ 66 ] , [ 67 ] , [ 68 ] , [ 69 ]",11,0.5,,"Éliminée [ 66 ] , [ 67 ] , [ 68 ] , [ 69 ]",INDETERMINE,INDETERMINE,AUTRE_SORTIE,"Éliminé(e) sans précision du mécanisme (conseil, ambassadeurs, etc.)",True,True,False,11,,False,,False,False,11.0,STANDARD,1,False,11,2026-07-20T16:48:52.203864+00:00,myriam,KL33::myriam,,,,,,,,,,,,,
KL33,Koh-Lanta : Les Armes secrètes,2021,https://fr.wikipedia.org/wiki/Koh-Lanta_:_Les_Armes_secr%C3%A8tes,Vincent,M,28 ans,Analyste financier,"Éliminé [ 70 ] , [ 71 ] , [ 72 ] , [ 73 ] , [ 74 ]",12,0.55,,"Éliminé [ 70 ] , [ 71 ] , [ 72 ] , [ 73 ] , [ 74 ]",INDETERMINE,INDETERMINE,AUTRE_SORTIE,"Éliminé(e) sans précision du mécanisme (conseil, ambassadeurs, etc.)",True,True,False,12,,False,,False,False,12.0,STANDARD,1,False,12,2026-07-20T16:48:52.203864+00:00,vincent,KL33::vincent,,,,,,,,,,,,,
KL33,Koh-Lanta : Les Armes secrètes,2021,https://fr.wikipedia.org/wiki/Koh-Lanta_:_Les_Armes_secr%C3%A8tes,Laëtitia,F,37 ans,Employée multi-services,"Éliminée [ 75 ] , [ 76 ] , [ 77 ] , [ 78 ] , [ 79 ]",13,0.6,,"Éliminée [ 75 ] , [ 76 ] , [ 77 ] , [ 78 ] , [ 79 ]",INDETERMINE,INDETERMINE,AUTRE_SORTIE,"Éliminé(e) sans précision du mécanisme (conseil, ambassadeurs, etc.)",True,True,False,13,,False,,False,False,13.0,STANDARD,1,False,13,2026-07-20T16:48:52.203864+00:00,laëtitia,KL33::laëtitia,,,,,,,,,,,,,
KL33,Koh-Lanta : Les Armes secrètes,2021,https://fr.wikipedia.org/wiki/Koh-Lanta_:_Les_Armes_secr%C3%A8tes,Thomas,M,37 ans,Chauffeur-routier,"Éliminé [ 80 ] , [ 81 ] , [ 82 ] , [ 83 ] , [ 84 ]",14,0.65,,"Éliminé [ 80 ] , [ 81 ] , [ 82 ] , [ 83 ] , [ 84 ]",INDETERMINE,INDETERMINE,AUTRE_SORTIE,"Éliminé(e) sans précision du mécanisme (conseil, ambassadeurs, etc.)",True,True,False,14,,False,,False,False,14.0,STANDARD,1,False,14,2026-07-20T16:48:52.203864+00:00,thomas,KL33::thomas,,,,,,,,,,,,,
KL33,Koh-Lanta : Les Armes secrètes,2021,https://fr.wikipedia.org/wiki/Koh-Lanta_:_Les_Armes_secr%C3%A8tes,Flavio,M,31 ans,Directeur de centre de loisirs,"Éliminé [ 85 ] , [ 86 ] , [ 87 ] , [ 88 ] , [ 89 ]",15,0.7,,"Éliminé [ 85 ] , [ 86 ] , [ 87 ] , [ 88 ] , [ 89 ]",INDETERMINE,INDETERMINE,AUTRE_SORTIE,"Éliminé(e) sans précision du mécanisme (conseil, ambassadeurs, etc.)",True,True,False,15,,False,,False,False,15.0,STANDARD,1,False,15,2026-07-20T16:48:52.203864+00:00,flavio,KL33::flavio,,,,,,,,,,,,,
KL33,Koh-Lanta : Les Armes secrètes,2021,https://fr.wikipedia.org/wiki/Koh-Lanta_:_Les_Armes_secr%C3%A8tes,Magali,F,47 ans,Coach sportive,"Éliminée [ 90 ] , [ 91 ] , [ 92 ] , [ 93 ] , [ 94 ]",16,0.75,,"Éliminée [ 90 ] , [ 91 ] , [ 92 ] , [ 93 ] , [ 94 ]",INDETERMINE,INDETERMINE,AUTRE_SORTIE,"Éliminé(e) sans précision du mécanisme (conseil, ambassadeurs, etc.)",True,True,True,16,,True,,False,False,16.0,FIRST_EXIT_BEFORE_MEDICAL_RETURN,1,False,16,2026-07-20T16:48:52.203864+00:00,magali,KL33::magali,,,,,,,,,,,,,
KL33,Koh-Lanta : Les Armes secrètes,2021,https://fr.wikipedia.org/wiki/Koh-Lanta_:_Les_Armes_secr%C3%A8tes,Arnaud,M,36 ans,Maraîcher,"Éliminé [ 95 ] , [ 96 ] , [ 97 ] , [ 98 ] , [ 99 ]",17,0.8,,"Éliminé [ 95 ] , [ 96 ] , [ 97 ] , [ 98 ] , [ 99 ]",INDETERMINE,INDETERMINE,AUTRE_SORTIE,"Éliminé(e) sans précision du mécanisme (conseil, ambassadeurs, etc.)",True,True,False,17,,False,,False,False,17.0,STANDARD,1,False,17,2026-07-20T16:48:52.203864+00:00,arnaud,KL33::arnaud,,,,,,,,,,,,,
KL33,Koh-Lanta : Les Armes secrètes,2021,https://fr.wikipedia.org/wiki/Koh-Lanta_:_Les_Armes_secr%C3%A8tes,Laure,F,26 ans,Agricultrice,"Éliminée [ 100 ] , [ 101 ] , [ 102 ] , [ 103 ] , [ 104 ]",18,0.85,,"Éliminée [ 100 ] , [ 101 ] , [ 102 ] , [ 103 ] , [ 104 ]",INDETERMINE,INDETERMINE,AUTRE_SORTIE,"Éliminé(e) sans précision du mécanisme (conseil, ambassadeurs, etc.)",True,True,False,18,,False,,False,False,18.0,STANDARD,1,False,18,2026-07-20T16:48:52.203864+00:00,laure,KL33::laure,,,,,,,,,,,,,
KL33,Koh-Lanta : Les Armes secrètes,2021,https://fr.wikipedia.org/wiki/Koh-Lanta_:_Les_Armes_secr%C3%A8tes,Jonathan,M,31 ans,Moniteur d'escalade,"Éliminé [ 105 ] , [ 106 ] , [ 107 ] , [ 108 ] , [ 109 ]",19,0.9,,"Éliminé [ 105 ] , [ 106 ] , [ 107 ] , [ 108 ] , [ 109 ]",INDETERMINE,INDETERMINE,AUTRE_SORTIE,"Éliminé(e) sans précision du mécanisme (conseil, ambassadeurs, etc.)",True,True,False,19,,False,,False,False,19.0,STANDARD,1,False,19,2026-07-20T16:48:52.203864+00:00,jonathan,KL33::jonathan,,,,,,,,,,,,,
KL33,Koh-Lanta : Les Armes secrètes,2021,https://fr.wikipedia.org/wiki/Koh-Lanta_:_Les_Armes_secr%C3%A8tes,Lucie,F,35 ans,Championne de MMA,"Finaliste [ 110 ] , [ 111 ] , [ 112 ] , [ 113 ] , [ 114 ]",20,0.95,,"Finaliste [ 110 ] , [ 111 ] , [ 112 ] , [ 113 ] , [ 114 ]",FINALISTE,FIN_DE_JEU,AUTRE_SORTIE,Finaliste explicitement indiqué dans la source,False,True,False,20,,False,,False,False,20.0,STANDARD,1,False,20,2026-07-20T16:48:52.203864+00:00,lucie,KL33::lucie,,,,,,,,,,,,,
KL33,Koh-Lanta : Les Armes secrètes,2021,https://fr.wikipedia.org/wiki/Koh-Lanta_:_Les_Armes_secr%C3%A8tes,Maxine,F,25 ans,Journaliste sportive,"Vainqueur [ 115 ] , [ 116 ] , [ 117 ] , [ 118 ] , [ 119 ]",21,1.0,,"Vainqueur [ 115 ] , [ 116 ] , [ 117 ] , [ 118 ] , [ 119 ]",VAINQUEUR,FIN_DE_JEU,AUTRE_SORTIE,Vainqueur explicitement indiqué dans la source,False,True,False,21,,False,,False,False,21.0,STANDARD,0,True,21,2026-07-20T16:48:52.203864+00:00,maxine,KL33::maxine,,,,,,,,,,,,,
KL27,Koh-Lanta : Les Chasseurs d'Immunité,2024,https://en.wikipedia.org/wiki/Koh-Lanta:_Les_Chasseurs_d%27Immunit%C3%A9,Steve Grenier,,34.0,,1st Voted Out Day 3,1,0.0,Day 3,1st Voted Out Day 3,CONSEIL,DECISION_AVENTURIERS,DECISION_AVENTURIERS,Voted Out: élimination par conseil,False,True,False,1,,False,,False,False,1.0,STANDARD,1,False,1,2026-07-21T02:53:45.028561+00:00,steve grenier,KL27::steve grenier,,,,,,,,,,,,,
KL27,Koh-Lanta : Les Chasseurs d'Immunité,2024,https://en.wikipedia.org/wiki/Koh-Lanta:_Les_Chasseurs_d%27Immunit%C3%A9,Alicia Bouly,,23.0,,2nd Voted Out Day 6,2,0.045455,Day 6,2nd Voted Out Day 6,CONSEIL,DECISION_AVENTURIERS,DECISION_AVENTURIERS,Voted Out: élimination par conseil,False,True,False,2,,False,,False,False,2.0,STANDARD,1,False,2,2026-07-21T02:53:45.028561+00:00,alicia bouly,KL27::alicia bouly,,,,,,,,,,,,,
KL27,Koh-Lanta : Les Chasseurs d'Immunité,2024,https://en.wikipedia.org/wiki/Koh-Lanta:_Les_Chasseurs_d%27Immunit%C3%A9,Nathalie Suhard,,55.0,,Lost Duel Day 7,3,0.090909,Day 7,Lost Duel Day 7,EPREUVE_ELIMINATOIRE,EPREUVE,EPREUVE,Lost Duel: épreuve éliminatoire en duel,False,True,False,3,,False,,False,False,3.0,STANDARD,1,False,3,2026-07-21T02:53:45.028561+00:00,nathalie suhard,KL27::nathalie suhard,,,,,,,,,,,,,
KL27,Koh-Lanta : Les Chasseurs d'Immunité,2024,https://en.wikipedia.org/wiki/Koh-Lanta:_Les_Chasseurs_d%27Immunit%C3%A9,William Plancq,,62.0,,3rd Voted Out Day 9,4,0.136364,Day 9,3rd Voted Out Day 9,CONSEIL,DECISION_AVENTURIERS,DECISION_AVENTURIERS,Voted Out: élimination par conseil,False,True,False,4,,False,,False,False,4.0,STANDARD,1,False,4,2026-07-21T02:53:45.028561+00:00,william plancq,KL27::william plancq,,,,,,,,,,,,,
KL27,Koh-Lanta : Les Chasseurs d'Immunité,2024,https://en.wikipedia.org/wiki/Koh-Lanta:_Les_Chasseurs_d%27Immunit%C3%A9,Alexis Tchernychev,,21.0,,4th Voted Out Day 12,5,0.181818,Day 12,4th Voted Out Day 12,CONSEIL,DECISION_AVENTURIERS,DECISION_AVENTURIERS,Voted Out: élimination par conseil,False,True,False,5,,False,,False,False,5.0,STANDARD,1,False,5,2026-07-21T02:53:45.028561+00:00,alexis tchernychev,KL27::alexis tchernychev,,,,,,,,,,,,,
KL27,Koh-Lanta : Les Chasseurs d'Immunité,2024,https://en.wikipedia.org/wiki/Koh-Lanta:_Les_Chasseurs_d%27Immunit%C3%A9,Émilie Clavis,,45.0,,5th Voted Out Day 14,6,0.227273,Day 14,5th Voted Out Day 14,CONSEIL,DECISION_AVENTURIERS,DECISION_AVENTURIERS,Voted Out: élimination par conseil,False,True,False,6,,False,,False,False,6.0,STANDARD,1,False,6,2026-07-21T02:53:45.028561+00:00,émilie clavis,KL27::émilie clavis,,,,,,,,,,,,,
KL27,Koh-Lanta : Les Chasseurs d'Immunité,2024,https://en.wikipedia.org/wiki/Koh-Lanta:_Les_Chasseurs_d%27Immunit%C3%A9,Sarah Diawara,,34.0,,6th Voted Out Day 17,7,0.272727,Day 17,6th Voted Out Day 17,CONSEIL,DECISION_AVENTURIERS,DECISION_AVENTURIERS,Voted Out: élimination par conseil,False,True,False,7,,False,,False,False,7.0,STANDARD,1,False,7,2026-07-21T02:53:45.028561+00:00,sarah diawara,KL27::sarah diawara,,,,,,,,,,,,,
KL27,Koh-Lanta : Les Chasseurs d'Immunité,2024,https://en.wikipedia.org/wiki/Koh-Lanta:_Les_Chasseurs_d%27Immunit%C3%A9,Maxime Barbet,,43.0,,7th Voted Out Day 20,8,0.318182,Day 20,7th Voted Out Day 20,CONSEIL,DECISION_AVENTURIERS,DECISION_AVENTURIERS,Voted Out: élimination par conseil,False,True,False,8,,False,,False,False,8.0,STANDARD,1,False,8,2026-07-21T02:53:45.028561+00:00,maxime barbet,KL27::maxime barbet,,,,,,,,,,,,,
KL27,Koh-Lanta : Les Chasseurs d'Immunité,2024,https://en.wikipedia.org/wiki/Koh-Lanta:_Les_Chasseurs_d%27Immunit%C3%A9,Ricky Poyet,,23.0,,Eliminated Day 22,9,0.363636,Day 22,Eliminated Day 22,INDETERMINE,INDETERMINE,AUTRE_SORTIE,Eliminated sans précision du mécanisme,True,True,False,9,,False,,False,False,9.0,STANDARD,1,False,9,2026-07-21T02:53:45.028561+00:00,ricky poyet,KL27::ricky poyet,,,,,,,,,,,,,
KL27,Koh-Lanta : Les Chasseurs d'Immunité,2024,https://en.wikipedia.org/wiki/Koh-Lanta:_Les_Chasseurs_d%27Immunit%C3%A9,Léa Notardonato,,22.0,,8th Voted Out 1st Jury Member Day 23,10,0.409091,Day 23,8th Voted Out 1st Jury Member Day 23,CONSEIL,DECISION_AVENTURIERS,DECISION_AVENTURIERS,Voted Out: élimination par conseil,False,True,False,10,,False,,False,False,10.0,STANDARD,1,False,10,2026-07-21T02:53:45.028561+00:00,léa notardonato,KL27::léa notardonato,,,,,,,,,,,,,
KL27,Koh-Lanta : Les Chasseurs d'Immunité,2024,https://en.wikipedia.org/wiki/Koh-Lanta:_Les_Chasseurs_d%27Immunit%C3%A9,Océane Montenegro,,35.0,,Eliminated 2nd Jury Member Day 26,11,0.454545,Day 26,Eliminated 2nd Jury Member Day 26,INDETERMINE,INDETERMINE,AUTRE_SORTIE,Eliminated sans précision du mécanisme,True,True,False,11,,False,Day 26,True,True,11.0,STANDARD,1,False,11,2026-07-21T02:53:45.028561+00:00,océane montenegro,KL27::océane montenegro,,,,,,,,,,,,,
KL27,Koh-Lanta : Les Chasseurs d'Immunité,2024,https://en.wikipedia.org/wiki/Koh-Lanta:_Les_Chasseurs_d%27Immunit%C3%A9,Cécile Poprawa,,41.0,,9th Voted Out 3rd Jury Member Day 26,12,0.5,Day 26,9th Voted Out 3rd Jury Member Day 26,CONSEIL,DECISION_AVENTURIERS,DECISION_AVENTURIERS,Voted Out: élimination par conseil,False,True,False,12,,False,Day 26,True,True,12.0,STANDARD,1,False,12,2026-07-21T02:53:45.028561+00:00,cécile poprawa,KL27::cécile poprawa,,,,,,,,,,,,,
KL27,Koh-Lanta : Les Chasseurs d'Immunité,2024,https://en.wikipedia.org/wiki/Koh-Lanta:_Les_Chasseurs_d%27Immunit%C3%A9,Sébastien Cazaux Returned to Game,,,,10th Voted Out Removed from Jury Day 29,13,0.545455,Day 29,10th Voted Out Removed from Jury Day 29,CONSEIL,DECISION_AVENTURIERS,DECISION_AVENTURIERS,Voted Out: élimination par conseil,False,True,False,13,,False,Day 29,True,True,13.0,STANDARD,1,False,13,2026-07-21T02:53:45.028561+00:00,sébastien cazaux returned to game,KL27::sébastien cazaux returned to game,,,,,,,,,,,,,
KL27,Koh-Lanta : Les Chasseurs d'Immunité,2024,https://en.wikipedia.org/wiki/Koh-Lanta:_Les_Chasseurs_d%27Immunit%C3%A9,Aurélien Dulau,,37.0,,Eliminated 4th Jury Member Day 29,14,0.590909,Day 29,Eliminated 4th Jury Member Day 29,INDETERMINE,INDETERMINE,AUTRE_SORTIE,Eliminated sans précision du mécanisme,True,True,False,14,,False,Day 29,True,True,14.0,STANDARD,1,False,14,2026-07-21T02:53:45.028561+00:00,aurélien dulau,KL27::aurélien dulau,,,,,,,,,,,,,
KL27,Koh-Lanta : Les Chasseurs d'Immunité,2024,https://en.wikipedia.org/wiki/Koh-Lanta:_Les_Chasseurs_d%27Immunit%C3%A9,Jean Belmonte,,26.0,,Medically Evacuated 5th Jury Member Day 32,15,0.636364,Day 32,Medically Evacuated 5th Jury Member Day 32,ABANDON_MEDICAL,SANTE_ABANDON,AUTRE_SORTIE,Évacuation médicale,False,True,False,15,,False,Day 32,True,True,15.0,STANDARD,1,False,15,2026-07-21T02:53:45.028561+00:00,jean belmonte,KL27::jean belmonte,,,,,,,,,,,,,
KL27,Koh-Lanta : Les Chasseurs d'Immunité,2024,https://en.wikipedia.org/wiki/Koh-Lanta:_Les_Chasseurs_d%27Immunit%C3%A9,Mégane Rouland,,28.0,,12th Voted Out 6th Jury Member Day 32,16,0.681818,Day 32,12th Voted Out 6th Jury Member Day 32,CONSEIL,DECISION_AVENTURIERS,DECISION_AVENTURIERS,Voted Out: élimination par conseil,False,True,False,16,,False,Day 32,True,True,16.0,STANDARD,1,False,16,2026-07-21T02:53:45.028561+00:00,mégane rouland,KL27::mégane rouland,,,,,,,,,,,,,
KL27,Koh-Lanta : Les Chasseurs d'Immunité,2024,https://en.wikipedia.org/wiki/Koh-Lanta:_Les_Chasseurs_d%27Immunit%C3%A9,David Murail,,36.0,,13th Voted Out 7th Jury Member Day 34,17,0.727273,Day 34,13th Voted Out 7th Jury Member Day 34,CONSEIL,DECISION_AVENTURIERS,DECISION_AVENTURIERS,Voted Out: élimination par conseil,False,True,False,17,,False,,False,False,17.0,STANDARD,1,False,17,2026-07-21T02:53:45.028561+00:00,david murail,KL27::david murail,,,,,,,,,,,,,
KL27,Koh-Lanta : Les Chasseurs d'Immunité,2024,https://en.wikipedia.org/wiki/Koh-Lanta:_Les_Chasseurs_d%27Immunit%C3%A9,Sébastien Cazaux,,30.0,,14th Voted Out 8th Jury Member Day 36,18,0.772727,Day 36,14th Voted Out 8th Jury Member Day 36,CONSEIL,DECISION_AVENTURIERS,DECISION_AVENTURIERS,Voted Out: élimination par conseil,False,True,False,18,,False,,False,False,18.0,STANDARD,1,False,18,2026-07-21T02:53:45.028561+00:00,sébastien cazaux,KL27::sébastien cazaux,,,,,,,,,,,,,
KL27,Koh-Lanta : Les Chasseurs d'Immunité,2024,https://en.wikipedia.org/wiki/Koh-Lanta:_Les_Chasseurs_d%27Immunit%C3%A9,Amri Madani,,42.0,,Lost Challenge 9th Jury Member Day 37,19,0.818182,Day 37,Lost Challenge 9th Jury Member Day 37,EPREUVE_ELIMINATOIRE,EPREUVE,EPREUVE,Lost Challenge: épreuve éliminatoire,False,True,False,19,,False,Day 37,True,True,19.0,STANDARD,1,False,19,2026-07-21T02:53:45.028561+00:00,amri madani,KL27::amri madani,,,,,,,,,,,,,
KL27,Koh-Lanta : Les Chasseurs d'Immunité,2024,https://en.wikipedia.org/wiki/Koh-Lanta:_Les_Chasseurs_d%27Immunit%C3%A9,Pauline Bonneil,,29.0,,Lost Challenge 10th Jury Member Day 37,20,0.863636,Day 37,Lost Challenge 10th Jury Member Day 37,EPREUVE_ELIMINATOIRE,EPREUVE,EPREUVE,Lost Challenge: épreuve éliminatoire,False,True,False,20,,False,Day 37,True,True,20.0,STANDARD,1,False,20,2026-07-21T02:53:45.028561+00:00,pauline bonneil,KL27::pauline bonneil,,,,,,,,,,,,,
KL27,Koh-Lanta : Les Chasseurs d'Immunité,2024,https://en.wikipedia.org/wiki/Koh-Lanta:_Les_Chasseurs_d%27Immunit%C3%A9,Julie Rignault,,37.0,,15th Voted Out 11th Jury Member Day 38,21,0.909091,Day 38,15th Voted Out 11th Jury Member Day 38,CONSEIL,DECISION_AVENTURIERS,DECISION_AVENTURIERS,Voted Out: élimination par conseil,False,True,False,21,,False,Day 38,True,True,21.0,STANDARD,1,False,21,2026-07-21T02:53:45.028561+00:00,julie rignault,KL27::julie rignault,,,,,,,,,,,,,
KL27,Koh-Lanta : Les Chasseurs d'Immunité,2024,https://en.wikipedia.org/wiki/Koh-Lanta:_Les_Chasseurs_d%27Immunit%C3%A9,Meïssa Seck,,29.0,,Runner-up Day 38,22,0.954545,Day 38,Runner-up Day 38,FINALISTE,FIN_DE_JEU,AUTRE_SORTIE,Runner-up dans la source,False,True,False,22,,False,Day 38,True,True,22.0,STANDARD,1,False,22,2026-07-21T02:53:45.028561+00:00,meïssa seck,KL27::meïssa seck,,,,,,,,,,,,,
KL27,Koh-Lanta : Les Chasseurs d'Immunité,2024,https://en.wikipedia.org/wiki/Koh-Lanta:_Les_Chasseurs_d%27Immunit%C3%A9,Léa Sahin,,40.0,,Sole Survivor Day 38,23,1.0,Day 38,Sole Survivor Day 38,VAINQUEUR,FIN_DE_JEU,AUTRE_SORTIE,Sole Survivor dans la source,False,True,False,23,,False,Day 38,True,True,23.0,STANDARD,0,True,23,2026-07-21T02:53:45.028561+00:00,léa sahin,KL27::léa sahin,,,,,,,,,,,,,
KL15,Koh-Lanta : Malaisie,2012,https://fr.wikipedia.org/wiki/Koh-Lanta_:_Malaisie,Mélanie,,30 ans,,Éliminée,1,0.0,,Éliminée,INDETERMINE,INDETERMINE,AUTRE_SORTIE,Source: https://fr.wikipedia.org/wiki/Koh-Lanta_:_Malaisie,True,True,False,1,,False,,False,False,1.0,STANDARD,1,False,1,2026-07-21T02:14:08.627530,mélanie,KL15::mélanie,,,,,,,,,,,,,
KL15,Koh-Lanta : Malaisie,2012,https://fr.wikipedia.org/wiki/Koh-Lanta_:_Malaisie,Mickaël,,57 ans,,Éliminé,2,0.052632,,Éliminé,INDETERMINE,INDETERMINE,AUTRE_SORTIE,Source: https://fr.wikipedia.org/wiki/Koh-Lanta_:_Malaisie,True,True,False,2,,False,,False,False,2.0,STANDARD,1,False,2,2026-07-21T02:14:08.627530,mickaël,KL15::mickaël,,,,,,,,,,,,,
KL15,Koh-Lanta : Malaisie,2012,https://fr.wikipedia.org/wiki/Koh-Lanta_:_Malaisie,Sara [ N 1 ],,42 ans,,Abandon médical,3,0.105263,,Abandon médical,ABANDON_MEDICAL,INDETERMINE,AUTRE_SORTIE,Source: https://fr.wikipedia.org/wiki/Koh-Lanta_:_Malaisie,False,True,False,3,,False,,False,False,3.0,STANDARD,1,False,3,2026-07-21T02:14:08.627530,sara [ n 1 ],KL15::sara [ n 1 ],,,,,,,,,,,,,
KL15,Koh-Lanta : Malaisie,2012,https://fr.wikipedia.org/wiki/Koh-Lanta_:_Malaisie,Nadine,,57 ans,,Éliminée,4,0.157895,,Éliminée,INDETERMINE,INDETERMINE,AUTRE_SORTIE,Source: https://fr.wikipedia.org/wiki/Koh-Lanta_:_Malaisie,True,True,False,4,,False,,False,False,4.0,STANDARD,1,False,4,2026-07-21T02:14:08.627530,nadine,KL15::nadine,,,,,,,,,,,,,
KL15,Koh-Lanta : Malaisie,2012,https://fr.wikipedia.org/wiki/Koh-Lanta_:_Malaisie,Élodie,,36 ans,,Éliminée,5,0.210526,,Éliminée,INDETERMINE,INDETERMINE,AUTRE_SORTIE,Source: https://fr.wikipedia.org/wiki/Koh-Lanta_:_Malaisie,True,True,False,5,,False,,False,False,5.0,STANDARD,1,False,5,2026-07-21T02:14:08.627530,élodie,KL15::élodie,,,,,,,,,,,,,
KL15,Koh-Lanta : Malaisie,2012,https://fr.wikipedia.org/wiki/Koh-Lanta_:_Malaisie,Marie [ N 2 ],,23 ans,,Éliminée,6,0.263158,,Éliminée,INDETERMINE,INDETERMINE,AUTRE_SORTIE,Source: https://fr.wikipedia.org/wiki/Koh-Lanta_:_Malaisie,True,True,False,6,,False,,False,False,6.0,STANDARD,1,False,6,2026-07-21T02:14:08.627530,marie [ n 2 ],KL15::marie [ n 2 ],,,,,,,,,,,,,
KL15,Koh-Lanta : Malaisie,2012,https://fr.wikipedia.org/wiki/Koh-Lanta_:_Malaisie,Anthony,,24 ans,,Éliminé,7,0.315789,,Éliminé,INDETERMINE,INDETERMINE,AUTRE_SORTIE,Source: https://fr.wikipedia.org/wiki/Koh-Lanta_:_Malaisie,True,True,False,7,,False,,False,False,7.0,STANDARD,1,False,7,2026-07-21T02:14:08.627530,anthony,KL15::anthony,,,,,,,,,,,,,
KL15,Koh-Lanta : Malaisie,2012,https://fr.wikipedia.org/wiki/Koh-Lanta_:_Malaisie,Javier [ N 3 ],,39 ans,,Éliminé,8,0.368421,,Éliminé,INDETERMINE,INDETERMINE,AUTRE_SORTIE,Source: https://fr.wikipedia.org/wiki/Koh-Lanta_:_Malaisie,True,True,False,8,,False,,False,False,8.0,STANDARD,1,False,8,2026-07-21T02:14:08.627530,javier [ n 3 ],KL15::javier [ n 3 ],,,,,,,,,,,,,
KL15,Koh-Lanta : Malaisie,2012,https://fr.wikipedia.org/wiki/Koh-Lanta_:_Malaisie,Namadia [ N 4 ],,28 ans,,Éliminé,9,0.421053,,Éliminé,INDETERMINE,INDETERMINE,AUTRE_SORTIE,Source: https://fr.wikipedia.org/wiki/Koh-Lanta_:_Malaisie,True,True,False,9,,False,,False,False,9.0,STANDARD,1,False,9,2026-07-21T02:14:08.627530,namadia [ n 4 ],KL15::namadia [ n 4 ],,,,,,,,,,,,,
KL15,Koh-Lanta : Malaisie,2012,https://fr.wikipedia.org/wiki/Koh-Lanta_:_Malaisie,Marylou,,22 ans,,Éliminée,10,0.473684,,Éliminée,INDETERMINE,INDETERMINE,AUTRE_SORTIE,Source: https://fr.wikipedia.org/wiki/Koh-Lanta_:_Malaisie,True,True,False,10,,False,,False,False,10.0,STANDARD,1,False,10,2026-07-21T02:14:08.627530,marylou,KL15::marylou,,,,,,,,,,,,,
KL15,Koh-Lanta : Malaisie,2012,https://fr.wikipedia.org/wiki/Koh-Lanta_:_Malaisie,Catherine,,41 ans,,Éliminée,11,0.526316,,Éliminée,INDETERMINE,INDETERMINE,AUTRE_SORTIE,Source: https://fr.wikipedia.org/wiki/Koh-Lanta_:_Malaisie,True,True,False,11,,False,,False,False,11.0,STANDARD,1,False,11,2026-07-21T02:14:08.627530,catherine,KL15::catherine,,,,,,,,,,,,,
KL15,Koh-Lanta : Malaisie,2012,https://fr.wikipedia.org/wiki/Koh-Lanta_:_Malaisie,Camille,,18 ans,,Éliminée,12,0.578947,,Éliminée,INDETERMINE,INDETERMINE,AUTRE_SORTIE,Source: https://fr.wikipedia.org/wiki/Koh-Lanta_:_Malaisie,True,True,False,12,,False,,False,False,12.0,STANDARD,1,False,12,2026-07-21T02:14:08.627530,camille,KL15::camille,,,,,,,,,,,,,
KL15,Koh-Lanta : Malaisie,2012,https://fr.wikipedia.org/wiki/Koh-Lanta_:_Malaisie,Charles,,20 ans,,Abandon médical,13,0.631579,,Abandon médical,ABANDON_MEDICAL,INDETERMINE,AUTRE_SORTIE,Source: https://fr.wikipedia.org/wiki/Koh-Lanta_:_Malaisie,False,True,False,13,,False,,False,False,13.0,STANDARD,1,False,13,2026-07-21T02:14:08.627530,charles,KL15::charles,,,,,,,,,,,,,
KL15,Koh-Lanta : Malaisie,2012,https://fr.wikipedia.org/wiki/Koh-Lanta_:_Malaisie,Thierry,,44 ans,,Éliminé,14,0.684211,,Éliminé,INDETERMINE,INDETERMINE,AUTRE_SORTIE,Source: https://fr.wikipedia.org/wiki/Koh-Lanta_:_Malaisie,True,True,False,14,,False,,False,False,14.0,STANDARD,1,False,14,2026-07-21T02:14:08.627530,thierry,KL15::thierry,,,,,,,,,,,,,
KL15,Koh-Lanta : Malaisie,2012,https://fr.wikipedia.org/wiki/Koh-Lanta_:_Malaisie,Myriam,,34 ans,,Éliminée,15,0.736842,,Éliminée,INDETERMINE,INDETERMINE,AUTRE_SORTIE,Source: https://fr.wikipedia.org/wiki/Koh-Lanta_:_Malaisie,True,True,False,15,,False,,False,False,15.0,STANDARD,1,False,15,2026-07-21T02:14:08.627530,myriam,KL15::myriam,,,,,,,,,,,,,
KL15,Koh-Lanta : Malaisie,2012,https://fr.wikipedia.org/wiki/Koh-Lanta_:_Malaisie,Bernard,,60 ans,,Éliminé,16,0.789474,,Éliminé,INDETERMINE,INDETERMINE,AUTRE_SORTIE,Source: https://fr.wikipedia.org/wiki/Koh-Lanta_:_Malaisie,True,True,False,16,,False,,False,False,16.0,STANDARD,1,False,16,2026-07-21T02:14:08.627530,bernard,KL15::bernard,,,,,,,,,,,,,
KL15,Koh-Lanta : Malaisie,2012,https://fr.wikipedia.org/wiki/Koh-Lanta_:_Malaisie,Philippe [ N 5 ],,41 ans,,Éliminé,17,0.842105,,Éliminé,INDETERMINE,INDETERMINE,AUTRE_SORTIE,Source: https://fr.wikipedia.org/wiki/Koh-Lanta_:_Malaisie,True,True,False,17,,False,,False,False,17.0,STANDARD,1,False,17,2026-07-21T02:14:08.627530,philippe [ n 5 ],KL15::philippe [ n 5 ],,,,,,,,,,,,,
KL15,Koh-Lanta : Malaisie,2012,https://fr.wikipedia.org/wiki/Koh-Lanta_:_Malaisie,Vanessa,,37 ans,,Éliminée,18,0.894737,,Éliminée,INDETERMINE,INDETERMINE,AUTRE_SORTIE,Source: https://fr.wikipedia.org/wiki/Koh-Lanta_:_Malaisie,True,True,False,18,,False,,False,False,18.0,STANDARD,1,False,18,2026-07-21T02:14:08.627530,vanessa,KL15::vanessa,,,,,,,,,,,,,
KL15,Koh-Lanta : Malaisie,2012,https://fr.wikipedia.org/wiki/Koh-Lanta_:_Malaisie,Brice [ N 6 ],,30 ans,,Finaliste,19,0.947368,,Finaliste,FINALISTE,FIN_DE_JEU,AUTRE_SORTIE,Source: https://fr.wikipedia.org/wiki/Koh-Lanta_:_Malaisie,False,True,False,19,,False,,False,False,19.0,STANDARD,1,False,19,2026-07-21T02:14:08.627530,brice [ n 6 ],KL15::brice [ n 6 ],,,,,,,,,,,,,
KL15,Koh-Lanta : Malaisie,2012,https://fr.wikipedia.org/wiki/Koh-Lanta_:_Malaisie,Ugo [ N 7 ],,30 ans,,Gagnant,20,1.0,,Gagnant,VAINQUEUR,FIN_DE_JEU,AUTRE_SORTIE,Source: https://fr.wikipedia.org/wiki/Koh-Lanta_:_Malaisie,False,True,False,20,,False,,False,False,20.0,STANDARD,0,True,20,2026-07-21T02:14:08.627530,ugo [ n 7 ],KL15::ugo [ n 7 ],,,,,,,,,,,,,
KL02,KL KL02,2002,https://en.wikipedia.org/wiki/Koh-Lanta:_Nicoya,Xavier,,,Tambor,INDETERMINE,1,0.0,,INDETERMINE,INDETERMINE,INDETERMINE,INDETERMINE,Extrait du tableau des votes Wikipedia,True,True,False,1,,False,,False,False,1.0,STANDARD,1,False,1,2026-07-21T01:58:30.948916,xavier,KL02::xavier,,,,,,,,,,,,,
KL02,KL KL02,2002,https://en.wikipedia.org/wiki/Koh-Lanta:_Nicoya,Caroline Mercier,,29.0,Mornant,INDETERMINE,2,0.066667,,INDETERMINE,INDETERMINE,INDETERMINE,INDETERMINE,Extrait du tableau des votes Wikipedia,True,True,False,2,,False,,False,False,2.0,STANDARD,1,False,2,2026-07-21T01:58:30.948916,caroline mercier,KL02::caroline mercier,,,,,,,,,,,,,
KL02,KL KL02,2002,https://en.wikipedia.org/wiki/Koh-Lanta:_Nicoya,Céline Genty,,28.0,Paris,INDETERMINE,3,0.133333,,INDETERMINE,INDETERMINE,INDETERMINE,INDETERMINE,Extrait du tableau des votes Wikipedia,True,True,False,3,,False,,False,False,3.0,STANDARD,1,False,3,2026-07-21T01:58:30.948916,céline genty,KL02::céline genty,,,,,,,,,,,,,
KL02,KL KL02,2002,https://en.wikipedia.org/wiki/Koh-Lanta:_Nicoya,Nelly,,22.0,Toulouse,INDETERMINE,4,0.2,,INDETERMINE,INDETERMINE,INDETERMINE,INDETERMINE,Extrait du tableau des votes Wikipedia,True,True,False,4,,False,,False,False,4.0,STANDARD,1,False,4,2026-07-21T01:58:30.948916,nelly,KL02::nelly,,,,,,,,,,,,,
KL02,KL KL02,2002,https://en.wikipedia.org/wiki/Koh-Lanta:_Nicoya,Pierre,,24.0,Bordeaux,INDETERMINE,5,0.266667,,INDETERMINE,INDETERMINE,INDETERMINE,INDETERMINE,Extrait du tableau des votes Wikipedia,True,True,False,5,,False,,False,False,5.0,STANDARD,1,False,5,2026-07-21T01:58:30.948916,pierre,KL02::pierre,,,,,,,,,,,,,
KL02,KL KL02,2002,https://en.wikipedia.org/wiki/Koh-Lanta:_Nicoya,Jacky,,51.0,Brignoles,INDETERMINE,6,0.333333,,INDETERMINE,INDETERMINE,INDETERMINE,INDETERMINE,Extrait du tableau des votes Wikipedia,True,True,False,6,,False,,False,False,6.0,STANDARD,1,False,6,2026-07-21T01:58:30.948916,jacky,KL02::jacky,,,,,,,,,,,,,
KL02,KL KL02,2002,https://en.wikipedia.org/wiki/Koh-Lanta:_Nicoya,Adonis,,29.0,Lille,INDETERMINE,7,0.4,,INDETERMINE,INDETERMINE,INDETERMINE,INDETERMINE,Extrait du tableau des votes Wikipedia,True,True,False,7,,False,,False,False,7.0,STANDARD,1,False,7,2026-07-21T01:58:30.948916,adonis,KL02::adonis,,,,,,,,,,,,,
KL02,KL KL02,2002,https://en.wikipedia.org/wiki/Koh-Lanta:_Nicoya,Jimmy,,33.0,Noisy-le-Grand,INDETERMINE,8,0.466667,,INDETERMINE,INDETERMINE,INDETERMINE,INDETERMINE,Extrait du tableau des votes Wikipedia,True,True,False,8,,False,,False,False,8.0,STANDARD,1,False,8,2026-07-21T01:58:30.948916,jimmy,KL02::jimmy,,,,,,,,,,,,,
KL02,KL KL02,2002,https://en.wikipedia.org/wiki/Koh-Lanta:_Nicoya,Béatrice,,22.0,Paris,INDETERMINE,9,0.533333,,INDETERMINE,INDETERMINE,INDETERMINE,INDETERMINE,Extrait du tableau des votes Wikipedia,True,True,False,9,,False,,False,False,9.0,STANDARD,1,False,9,2026-07-21T01:58:30.948916,béatrice,KL02::béatrice,,,,,,,,,,,,,
KL02,KL KL02,2002,https://en.wikipedia.org/wiki/Koh-Lanta:_Nicoya,François-Xavier,,35.0,Bandol,INDETERMINE,10,0.6,,INDETERMINE,INDETERMINE,INDETERMINE,INDETERMINE,Extrait du tableau des votes Wikipedia,True,True,False,10,,False,,False,False,10.0,STANDARD,1,False,10,2026-07-21T01:58:30.948916,françois-xavier,KL02::françois-xavier,,,,,,,,,,,,,
KL02,KL KL02,2002,https://en.wikipedia.org/wiki/Koh-Lanta:_Nicoya,Isabelle,,25.0,Rueil-Malmaison,INDETERMINE,11,0.666667,,INDETERMINE,INDETERMINE,INDETERMINE,INDETERMINE,Extrait du tableau des votes Wikipedia,True,True,False,11,,False,,False,False,11.0,STANDARD,1,False,11,2026-07-21T01:58:30.948916,isabelle,KL02::isabelle,,,,,,,,,,,,,
KL02,KL KL02,2002,https://en.wikipedia.org/wiki/Koh-Lanta:_Nicoya,Maud,,36.0,Nice,INDETERMINE,12,0.733333,,INDETERMINE,INDETERMINE,INDETERMINE,INDETERMINE,Extrait du tableau des votes Wikipedia,True,True,False,12,,False,,False,False,12.0,STANDARD,1,False,12,2026-07-21T01:58:30.948916,maud,KL02::maud,,,,,,,,,,,,,
KL02,KL KL02,2002,https://en.wikipedia.org/wiki/Koh-Lanta:_Nicoya,Marianne,,25.0,Nantes,INDETERMINE,13,0.8,,INDETERMINE,INDETERMINE,INDETERMINE,INDETERMINE,Extrait du tableau des votes Wikipedia,True,True,False,13,,False,,False,False,13.0,STANDARD,1,False,13,2026-07-21T01:58:30.948916,marianne,KL02::marianne,,,,,,,,,,,,,
KL02,KL KL02,2002,https://en.wikipedia.org/wiki/Koh-Lanta:_Nicoya,Bernard,,34.0,Mauléon-Licharre,INDETERMINE,14,0.866667,,INDETERMINE,INDETERMINE,INDETERMINE,INDETERMINE,Extrait du tableau des votes Wikipedia,True,True,False,14,,False,,False,False,14.0,STANDARD,1,False,14,2026-07-21T01:58:30.948916,bernard,KL02::bernard,,,,,,,,,,,,,
KL02,KL KL02,2002,https://en.wikipedia.org/wiki/Koh-Lanta:_Nicoya,Nicolas Roy,,47.0,Lyon,FINALISTE,15,0.933333,,FINALISTE,FINALISTE,FIN_DE_JEU,AUTRE_SORTIE,Extrait du tableau des votes Wikipedia,False,True,False,15,,False,,False,False,15.0,STANDARD,1,False,15,2026-07-21T01:58:30.948916,nicolas roy,KL02::nicolas roy,,,,,,,,,,,,,
KL02,KL KL02,2002,https://en.wikipedia.org/wiki/Koh-Lanta:_Nicoya,Amel Fatnassi,,29.0,Bressuire,VAINQUEUR,16,1.0,,VAINQUEUR,VAINQUEUR,FIN_DE_JEU,AUTRE_SORTIE,Extrait du tableau des votes Wikipedia,False,True,False,16,,False,,False,False,16.0,STANDARD,0,True,16,2026-07-21T01:58:30.948916,amel fatnassi,KL02::amel fatnassi,,,,,,,,,,,,,
KL07,KL KL07,2007,https://en.wikipedia.org/wiki/Koh-Lanta:_Palawan,Ali,,,Guntao,INDETERMINE,1,0.0,,INDETERMINE,INDETERMINE,INDETERMINE,INDETERMINE,Extrait du tableau des votes Wikipedia,True,True,False,1,,False,,False,False,1.0,STANDARD,1,False,1,2026-07-21T01:58:32.598315,ali,KL07::ali,,,,,,,,,,,,,
KL07,KL KL07,2007,https://en.wikipedia.org/wiki/Koh-Lanta:_Palawan,Pascale,,35.0,Stains,INDETERMINE,2,0.066667,,INDETERMINE,INDETERMINE,INDETERMINE,INDETERMINE,Extrait du tableau des votes Wikipedia,True,True,False,2,,False,,False,False,2.0,STANDARD,1,False,2,2026-07-21T01:58:32.598315,pascale,KL07::pascale,,,,,,,,,,,,,
KL07,KL KL07,2007,https://en.wikipedia.org/wiki/Koh-Lanta:_Palawan,Marie-Laure,,39.0,Semussac,INDETERMINE,3,0.133333,,INDETERMINE,INDETERMINE,INDETERMINE,INDETERMINE,Extrait du tableau des votes Wikipedia,True,True,False,3,,False,,False,False,3.0,STANDARD,1,False,3,2026-07-21T01:58:32.598315,marie-laure,KL07::marie-laure,,,,,,,,,,,,,
KL07,KL KL07,2007,https://en.wikipedia.org/wiki/Koh-Lanta:_Palawan,Mélanie,,23.0,Paris,INDETERMINE,4,0.2,,INDETERMINE,INDETERMINE,INDETERMINE,INDETERMINE,Extrait du tableau des votes Wikipedia,True,True,False,4,,False,,False,False,4.0,STANDARD,1,False,4,2026-07-21T01:58:32.598315,mélanie,KL07::mélanie,,,,,,,,,,,,,
KL07,KL KL07,2007,https://en.wikipedia.org/wiki/Koh-Lanta:_Palawan,Véronique Barriol,,24.0,Besançon,INDETERMINE,5,0.266667,,INDETERMINE,INDETERMINE,INDETERMINE,INDETERMINE,Extrait du tableau des votes Wikipedia,True,True,False,5,,False,,False,False,5.0,STANDARD,1,False,5,2026-07-21T01:58:32.598315,véronique barriol,KL07::véronique barriol,,,,,,,,,,,,,
KL07,KL KL07,2007,https://en.wikipedia.org/wiki/Koh-Lanta:_Palawan,Chloé,,50.0,Lille,INDETERMINE,6,0.333333,,INDETERMINE,INDETERMINE,INDETERMINE,INDETERMINE,Extrait du tableau des votes Wikipedia,True,True,False,6,,False,,False,False,6.0,STANDARD,1,False,6,2026-07-21T01:58:32.598315,chloé,KL07::chloé,,,,,,,,,,,,,
KL07,KL KL07,2007,https://en.wikipedia.org/wiki/Koh-Lanta:_Palawan,Érick,,25.0,Rouen,INDETERMINE,7,0.4,,INDETERMINE,INDETERMINE,INDETERMINE,INDETERMINE,Extrait du tableau des votes Wikipedia,True,True,False,7,,False,,False,False,7.0,STANDARD,1,False,7,2026-07-21T01:58:32.598315,érick,KL07::érick,,,,,,,,,,,,,
KL07,KL KL07,2007,https://en.wikipedia.org/wiki/Koh-Lanta:_Palawan,Filomène,,32.0,Nîmes,INDETERMINE,8,0.466667,,INDETERMINE,INDETERMINE,INDETERMINE,INDETERMINE,Extrait du tableau des votes Wikipedia,True,True,False,8,,False,,False,False,8.0,STANDARD,1,False,8,2026-07-21T01:58:32.598315,filomène,KL07::filomène,,,,,,,,,,,,,
KL07,KL KL07,2007,https://en.wikipedia.org/wiki/Koh-Lanta:_Palawan,Adrien,,35.0,Boulogne-Billancourt,INDETERMINE,9,0.533333,,INDETERMINE,INDETERMINE,INDETERMINE,INDETERMINE,Extrait du tableau des votes Wikipedia,True,True,False,9,,False,,False,False,9.0,STANDARD,1,False,9,2026-07-21T01:58:32.598315,adrien,KL07::adrien,,,,,,,,,,,,,
KL07,KL KL07,2007,https://en.wikipedia.org/wiki/Koh-Lanta:_Palawan,Grégoire,,,Guntao,INDETERMINE,10,0.6,,INDETERMINE,INDETERMINE,INDETERMINE,INDETERMINE,Extrait du tableau des votes Wikipedia,True,True,False,10,,False,,False,False,10.0,STANDARD,1,False,10,2026-07-21T01:58:32.598315,grégoire,KL07::grégoire,,,,,,,,,,,,,
KL07,KL KL07,2007,https://en.wikipedia.org/wiki/Koh-Lanta:_Palawan,Laurent,,55.0,Modane,INDETERMINE,11,0.666667,,INDETERMINE,INDETERMINE,INDETERMINE,INDETERMINE,Extrait du tableau des votes Wikipedia,True,True,False,11,,False,,False,False,11.0,STANDARD,1,False,11,2026-07-21T01:58:32.598315,laurent,KL07::laurent,,,,,,,,,,,,,
KL07,KL KL07,2007,https://en.wikipedia.org/wiki/Koh-Lanta:_Palawan,Patrick,,24.0,Orgeval,INDETERMINE,12,0.733333,,INDETERMINE,INDETERMINE,INDETERMINE,INDETERMINE,Extrait du tableau des votes Wikipedia,True,True,False,12,,False,,False,False,12.0,STANDARD,1,False,12,2026-07-21T01:58:32.598315,patrick,KL07::patrick,,,,,,,,,,,,,
KL07,KL KL07,2007,https://en.wikipedia.org/wiki/Koh-Lanta:_Palawan,Simon,,34.0,Sète,INDETERMINE,13,0.8,,INDETERMINE,INDETERMINE,INDETERMINE,INDETERMINE,Extrait du tableau des votes Wikipedia,True,True,False,13,,False,,False,False,13.0,STANDARD,1,False,13,2026-07-21T01:58:32.598315,simon,KL07::simon,,,,,,,,,,,,,
KL07,KL KL07,2007,https://en.wikipedia.org/wiki/Koh-Lanta:_Palawan,Maryline,,40.0,Villeneuve d'Ascq,INDETERMINE,14,0.866667,,INDETERMINE,INDETERMINE,INDETERMINE,INDETERMINE,Extrait du tableau des votes Wikipedia,True,True,False,14,,False,,False,False,14.0,STANDARD,1,False,14,2026-07-21T01:58:32.598315,maryline,KL07::maryline,,,,,,,,,,,,,
KL07,KL KL07,2007,https://en.wikipedia.org/wiki/Koh-Lanta:_Palawan,Kévin Cuoco,,26.0,Narbonne,CO_VAINQUEUR,15,0.933333,,CO_VAINQUEUR,CO_VAINQUEUR,FIN_DE_JEU,AUTRE_SORTIE,Extrait du tableau des votes Wikipedia,False,True,False,15,,False,,False,False,15.0,STANDARD,0,True,15,2026-07-21T01:58:32.598315,kévin cuoco,KL07::kévin cuoco,,,,,,,,,,,,,
KL07,KL KL07,2007,https://en.wikipedia.org/wiki/Koh-Lanta:_Palawan,Jade Handi,,36.0,Sainghin-en-Weppes,CO_VAINQUEUR,16,1.0,,CO_VAINQUEUR,CO_VAINQUEUR,FIN_DE_JEU,AUTRE_SORTIE,Extrait du tableau des votes Wikipedia,False,True,False,16,,False,,False,False,16.0,STANDARD,0,True,16,2026-07-21T01:58:32.598315,jade handi,KL07::jade handi,,,,,,,,,,,,,
KL13,Koh-Lanta : Raja Ampat,2011,https://en.wikipedia.org/wiki/Koh-Lanta:_Raja_Ampat,Lisa Legouverneur,,25,,1st Voted Out Day 3,1,0.0,,1st Voted Out Day 3,CONSEIL,INDETERMINE,DECISION_AVENTURIERS,Source: https://en.wikipedia.org/wiki/Koh-Lanta:_Raja_Ampat,False,True,False,1,,False,,False,False,1.0,STANDARD,1,False,1,2026-07-21T02:14:07.643980,lisa legouverneur,KL13::lisa legouverneur,,,,,,,,,,,,,
KL13,Koh-Lanta : Raja Ampat,2011,https://en.wikipedia.org/wiki/Koh-Lanta:_Raja_Ampat,Catherine Diard,,53,,2nd Voted Out Day 6,2,0.052632,,2nd Voted Out Day 6,CONSEIL,INDETERMINE,DECISION_AVENTURIERS,Source: https://en.wikipedia.org/wiki/Koh-Lanta:_Raja_Ampat,False,True,False,2,,False,,False,False,2.0,STANDARD,1,False,2,2026-07-21T02:14:07.643980,catherine diard,KL13::catherine diard,,,,,,,,,,,,,
KL13,Koh-Lanta : Raja Ampat,2011,https://en.wikipedia.org/wiki/Koh-Lanta:_Raja_Ampat,Steve Lemercier,,24,,Left Competition Day 8,3,0.105263,,Left Competition Day 8,INDETERMINE,INDETERMINE,AUTRE_SORTIE,Source: https://en.wikipedia.org/wiki/Koh-Lanta:_Raja_Ampat,True,True,False,3,,False,,False,False,3.0,STANDARD,1,False,3,2026-07-21T02:14:07.643980,steve lemercier,KL13::steve lemercier,,,,,,,,,,,,,
KL13,Koh-Lanta : Raja Ampat,2011,https://en.wikipedia.org/wiki/Koh-Lanta:_Raja_Ampat,"Gérard ""Gégé"" Icardi",,65,,3rd Voted Out Day 9,4,0.157895,,3rd Voted Out Day 9,CONSEIL,INDETERMINE,DECISION_AVENTURIERS,Source: https://en.wikipedia.org/wiki/Koh-Lanta:_Raja_Ampat,False,True,False,4,,False,,False,False,4.0,STANDARD,1,False,4,2026-07-21T02:14:07.643980,"gérard ""gégé"" icardi","KL13::gérard ""gégé"" icardi",,,,,,,,,,,,,
KL13,Koh-Lanta : Raja Ampat,2011,https://en.wikipedia.org/wiki/Koh-Lanta:_Raja_Ampat,"Nawal ""Naouel"" Hadjaf",,25,,Left Competition Day 10,5,0.210526,,Left Competition Day 10,INDETERMINE,INDETERMINE,AUTRE_SORTIE,Source: https://en.wikipedia.org/wiki/Koh-Lanta:_Raja_Ampat,True,True,False,5,,False,,False,False,5.0,STANDARD,1,False,5,2026-07-21T02:14:07.643980,"nawal ""naouel"" hadjaf","KL13::nawal ""naouel"" hadjaf",,,,,,,,,,,,,
KL13,Koh-Lanta : Raja Ampat,2011,https://en.wikipedia.org/wiki/Koh-Lanta:_Raja_Ampat,Benoît Mahieux,,31,,4th Voted Out Day 12,6,0.263158,,4th Voted Out Day 12,CONSEIL,INDETERMINE,DECISION_AVENTURIERS,Source: https://en.wikipedia.org/wiki/Koh-Lanta:_Raja_Ampat,False,True,False,6,,False,,False,False,6.0,STANDARD,1,False,6,2026-07-21T02:14:07.643980,benoît mahieux,KL13::benoît mahieux,,,,,,,,,,,,,
KL13,Koh-Lanta : Raja Ampat,2011,https://en.wikipedia.org/wiki/Koh-Lanta:_Raja_Ampat,Délisia Fettache,,21,,5th Voted Out Day 15,7,0.315789,,5th Voted Out Day 15,CONSEIL,INDETERMINE,DECISION_AVENTURIERS,Source: https://en.wikipedia.org/wiki/Koh-Lanta:_Raja_Ampat,False,True,False,7,,False,,False,False,7.0,STANDARD,1,False,7,2026-07-21T02:14:07.643980,délisia fettache,KL13::délisia fettache,,,,,,,,,,,,,
KL13,Koh-Lanta : Raja Ampat,2011,https://en.wikipedia.org/wiki/Koh-Lanta:_Raja_Ampat,Caroline Matteucci,,40,,6th Voted Out Day 18,8,0.368421,,6th Voted Out Day 18,CONSEIL,INDETERMINE,DECISION_AVENTURIERS,Source: https://en.wikipedia.org/wiki/Koh-Lanta:_Raja_Ampat,False,True,False,8,,False,,False,False,8.0,STANDARD,1,False,8,2026-07-21T02:14:07.643980,caroline matteucci,KL13::caroline matteucci,,,,,,,,,,,,,
KL13,Koh-Lanta : Raja Ampat,2011,https://en.wikipedia.org/wiki/Koh-Lanta:_Raja_Ampat,Maxime Boulet,,20,,7th Voted Out Day 20,9,0.421053,,7th Voted Out Day 20,CONSEIL,INDETERMINE,DECISION_AVENTURIERS,Source: https://en.wikipedia.org/wiki/Koh-Lanta:_Raja_Ampat,False,True,False,9,,False,,False,False,9.0,STANDARD,1,False,9,2026-07-21T02:14:07.643980,maxime boulet,KL13::maxime boulet,,,,,,,,,,,,,
KL13,Koh-Lanta : Raja Ampat,2011,https://en.wikipedia.org/wiki/Koh-Lanta:_Raja_Ampat,Anthony Amar,,23,,8th Voted Out 1st jury member Day 21,10,0.473684,,8th Voted Out 1st jury member Day 21,CONSEIL,INDETERMINE,DECISION_AVENTURIERS,Source: https://en.wikipedia.org/wiki/Koh-Lanta:_Raja_Ampat,False,True,False,10,,False,,False,False,10.0,STANDARD,1,False,10,2026-07-21T02:14:07.643980,anthony amar,KL13::anthony amar,,,,,,,,,,,,,
KL13,Koh-Lanta : Raja Ampat,2011,https://en.wikipedia.org/wiki/Koh-Lanta:_Raja_Ampat,Olivier Moenaert,,43,,9th Voted Out 2nd jury member Day 24,11,0.526316,,9th Voted Out 2nd jury member Day 24,CONSEIL,INDETERMINE,DECISION_AVENTURIERS,Source: https://en.wikipedia.org/wiki/Koh-Lanta:_Raja_Ampat,False,True,False,11,,False,,False,False,11.0,STANDARD,1,False,11,2026-07-21T02:14:07.643980,olivier moenaert,KL13::olivier moenaert,,,,,,,,,,,,,
KL13,Koh-Lanta : Raja Ampat,2011,https://en.wikipedia.org/wiki/Koh-Lanta:_Raja_Ampat,Florence Delbarre Reuter,,39,,10th Voted Out 3rd jury member Day 27,12,0.578947,,10th Voted Out 3rd jury member Day 27,CONSEIL,INDETERMINE,DECISION_AVENTURIERS,Source: https://en.wikipedia.org/wiki/Koh-Lanta:_Raja_Ampat,False,True,False,12,,False,,False,False,12.0,STANDARD,1,False,12,2026-07-21T02:14:07.643980,florence delbarre reuter,KL13::florence delbarre reuter,,,,,,,,,,,,,
KL13,Koh-Lanta : Raja Ampat,2011,https://en.wikipedia.org/wiki/Koh-Lanta:_Raja_Ampat,Virginie Jarry,,32,,Medically evacuated 4th jury member Day 33,13,0.631579,,Medically evacuated 4th jury member Day 33,ABANDON_MEDICAL,INDETERMINE,AUTRE_SORTIE,Source: https://en.wikipedia.org/wiki/Koh-Lanta:_Raja_Ampat,False,True,False,13,,False,,False,False,13.0,STANDARD,1,False,13,2026-07-21T02:14:07.643980,virginie jarry,KL13::virginie jarry,,,,,,,,,,,,,
KL13,Koh-Lanta : Raja Ampat,2011,https://en.wikipedia.org/wiki/Koh-Lanta:_Raja_Ampat,Patricia Morel,,36,,12th Voted Out 5th jury member Day 33,14,0.684211,,12th Voted Out 5th jury member Day 33,CONSEIL,INDETERMINE,DECISION_AVENTURIERS,Source: https://en.wikipedia.org/wiki/Koh-Lanta:_Raja_Ampat,False,True,False,14,,False,,False,False,14.0,STANDARD,1,False,14,2026-07-21T02:14:07.643980,patricia morel,KL13::patricia morel,,,,,,,,,,,,,
KL13,Koh-Lanta : Raja Ampat,2011,https://en.wikipedia.org/wiki/Koh-Lanta:_Raja_Ampat,Alexandra Pouillon,,29,,13th Voted Out 6th jury member Day 36,15,0.736842,,13th Voted Out 6th jury member Day 36,CONSEIL,INDETERMINE,DECISION_AVENTURIERS,Source: https://en.wikipedia.org/wiki/Koh-Lanta:_Raja_Ampat,False,True,False,15,,False,,False,False,15.0,STANDARD,1,False,15,2026-07-21T02:14:07.643980,alexandra pouillon,KL13::alexandra pouillon,,,,,,,,,,,,,
KL13,Koh-Lanta : Raja Ampat,2011,https://en.wikipedia.org/wiki/Koh-Lanta:_Raja_Ampat,Martin Bazin,,23,,14th Voted Out 7th jury member Day 39,16,0.789474,,14th Voted Out 7th jury member Day 39,CONSEIL,INDETERMINE,DECISION_AVENTURIERS,Source: https://en.wikipedia.org/wiki/Koh-Lanta:_Raja_Ampat,False,True,False,16,,False,,False,False,16.0,STANDARD,1,False,16,2026-07-21T02:14:07.643980,martin bazin,KL13::martin bazin,,,,,,,,,,,,,
KL13,Koh-Lanta : Raja Ampat,2011,https://en.wikipedia.org/wiki/Koh-Lanta:_Raja_Ampat,Ella Gbezan,,24,,Lost Challenge 8th jury member Day 40,17,0.842105,,Lost Challenge 8th jury member Day 40,EPREUVE_ELIMINATOIRE,INDETERMINE,EPREUVE,Source: https://en.wikipedia.org/wiki/Koh-Lanta:_Raja_Ampat,False,True,False,17,,False,,False,False,17.0,STANDARD,1,False,17,2026-07-21T02:14:07.643980,ella gbezan,KL13::ella gbezan,,,,,,,,,,,,,
KL13,Koh-Lanta : Raja Ampat,2011,https://en.wikipedia.org/wiki/Koh-Lanta:_Raja_Ampat,Laurent Maistret,,29,,15th Voted Out 9th jury member Day 41,18,0.894737,,15th Voted Out 9th jury member Day 41,CONSEIL,INDETERMINE,DECISION_AVENTURIERS,Source: https://en.wikipedia.org/wiki/Koh-Lanta:_Raja_Ampat,False,True,False,18,,False,,False,False,18.0,STANDARD,1,False,18,2026-07-21T02:14:07.643980,laurent maistret,KL13::laurent maistret,,,,,,,,,,,,,
KL13,Koh-Lanta : Raja Ampat,2011,https://en.wikipedia.org/wiki/Koh-Lanta:_Raja_Ampat,Teheiura Teahui,,32,,Runner-up Day 41,19,0.947368,,Runner-up Day 41,FINALISTE,FIN_DE_JEU,AUTRE_SORTIE,Source: https://en.wikipedia.org/wiki/Koh-Lanta:_Raja_Ampat,False,True,False,19,,False,,False,False,19.0,STANDARD,1,False,19,2026-07-21T02:14:07.643980,teheiura teahui,KL13::teheiura teahui,,,,,,,,,,,,,
KL13,Koh-Lanta : Raja Ampat,2011,https://en.wikipedia.org/wiki/Koh-Lanta:_Raja_Ampat,Gérard Urdampilleta,,41,,Sole Survivor Day 41,20,1.0,,Sole Survivor Day 41,VAINQUEUR,FIN_DE_JEU,AUTRE_SORTIE,Source: https://en.wikipedia.org/wiki/Koh-Lanta:_Raja_Ampat,False,True,False,20,,False,,False,False,20.0,STANDARD,0,True,20,2026-07-21T02:14:07.643980,gérard urdampilleta,KL13::gérard urdampilleta,,,,,,,,,,,,,
KL18,Koh-Lanta : Thaïlande,2016,https://en.wikipedia.org/wiki/Koh-Lanta:_Tha%C3%AFlande,Charlie Vincent-Mussard,,28,,Left Competition Day 3,1,0.0,Day 3,Left Competition Day 3,INDETERMINE,INDETERMINE,AUTRE_SORTIE,Left Competition est ambigu : recherche complémentaire nécessaire (abandon volontaire ou médical non précisé),True,True,False,1,,,Day 3,,,,,1,False,1,2026-07-19T16:27:48.672159+00:00,charlie vincent-mussard,KL18::charlie vincent-mussard,False,INDETERMINE,AUTRE_SORTIE,Left Competition Day 3,INDETERMINE,AUTRE_SORTIE,Left Competition Day 3,1.0,INDETERMINE,AUTRE_SORTIE,0.0,,
KL18,Koh-Lanta : Thaïlande,2016,https://en.wikipedia.org/wiki/Koh-Lanta:_Tha%C3%AFlande,Laurence Corbellotti,,37,,1st Voted Out Day 3,2,0.05,Day 3,1st Voted Out Day 3,CONSEIL,DECISION_AVENTURIERS,DECISION_AVENTURIERS,Voted Out explicitement indiqué dans la source,False,True,False,2,,,Day 3,,,,,1,False,2,2026-07-19T16:27:48.672159+00:00,laurence corbellotti,KL18::laurence corbellotti,False,CONSEIL,DECISION_AVENTURIERS,1st Voted Out Day 3,CONSEIL,DECISION_AVENTURIERS,1st Voted Out Day 3,2.0,CONSEIL,DECISION_AVENTURIERS,0.0,,
KL18,Koh-Lanta : Thaïlande,2016,https://en.wikipedia.org/wiki/Koh-Lanta:_Tha%C3%AFlande,Marius Torterat,,21,,Left Competition Day 6,3,0.1,Day 6,Left Competition Day 6,INDETERMINE,INDETERMINE,AUTRE_SORTIE,Left Competition est ambigu : recherche complémentaire nécessaire (abandon volontaire ou médical non précisé),True,True,False,3,,,Day 6,,,,,1,False,3,2026-07-19T16:27:48.672159+00:00,marius torterat,KL18::marius torterat,False,INDETERMINE,AUTRE_SORTIE,Left Competition Day 6,INDETERMINE,AUTRE_SORTIE,Left Competition Day 6,3.0,INDETERMINE,AUTRE_SORTIE,0.0,,
KL18,Koh-Lanta : Thaïlande,2016,https://en.wikipedia.org/wiki/Koh-Lanta:_Tha%C3%AFlande,Céline Parat-Yeghiayan,,44,,2nd Voted Out Day 6,4,0.15,Day 6,2nd Voted Out Day 6,CONSEIL,DECISION_AVENTURIERS,DECISION_AVENTURIERS,Voted Out explicitement indiqué dans la source,False,True,False,4,,,Day 6,,,,,1,False,4,2026-07-19T16:27:48.672159+00:00,céline parat-yeghiayan,KL18::céline parat-yeghiayan,False,CONSEIL,DECISION_AVENTURIERS,2nd Voted Out Day 6,CONSEIL,DECISION_AVENTURIERS,2nd Voted Out Day 6,4.0,CONSEIL,DECISION_AVENTURIERS,1.0,,
KL18,Koh-Lanta : Thaïlande,2016,https://en.wikipedia.org/wiki/Koh-Lanta:_Tha%C3%AFlande,Huw Francis,,38,,3rd Voted Out Day 9,5,0.2,Day 9,3rd Voted Out Day 9,CONSEIL,DECISION_AVENTURIERS,DECISION_AVENTURIERS,Voted Out explicitement indiqué dans la source,False,True,False,5,,,,,,,,1,False,5,2026-07-19T16:27:48.672159+00:00,huw francis,KL18::huw francis,False,CONSEIL,DECISION_AVENTURIERS,3rd Voted Out Day 9,CONSEIL,DECISION_AVENTURIERS,3rd Voted Out Day 9,5.0,CONSEIL,DECISION_AVENTURIERS,1.0,,
KL18,Koh-Lanta : Thaïlande,2016,https://en.wikipedia.org/wiki/Koh-Lanta:_Tha%C3%AFlande,Carole Poncelet,,51,,4th Voted Out Day 12,6,0.25,Day 12,4th Voted Out Day 12,CONSEIL,DECISION_AVENTURIERS,DECISION_AVENTURIERS,Voted Out explicitement indiqué dans la source,False,True,False,6,,,,,,,,1,False,6,2026-07-19T16:27:48.672159+00:00,carole poncelet,KL18::carole poncelet,False,CONSEIL,DECISION_AVENTURIERS,4th Voted Out Day 12,CONSEIL,DECISION_AVENTURIERS,4th Voted Out Day 12,6.0,CONSEIL,DECISION_AVENTURIERS,1.0,,
KL18,Koh-Lanta : Thaïlande,2016,https://en.wikipedia.org/wiki/Koh-Lanta:_Tha%C3%AFlande,"Laurence ""Lolo"" Facione",,45,,5th Voted Out Day 15,7,0.3,Day 15,5th Voted Out Day 15,CONSEIL,DECISION_AVENTURIERS,DECISION_AVENTURIERS,Voted Out explicitement indiqué dans la source,False,True,False,7,,,,,,,,1,False,7,2026-07-19T16:27:48.672159+00:00,"laurence ""lolo"" facione","KL18::laurence ""lolo"" facione",False,CONSEIL,DECISION_AVENTURIERS,5th Voted Out Day 15,CONSEIL,DECISION_AVENTURIERS,5th Voted Out Day 15,7.0,CONSEIL,DECISION_AVENTURIERS,1.0,,
KL18,Koh-Lanta : Thaïlande,2016,https://en.wikipedia.org/wiki/Koh-Lanta:_Tha%C3%AFlande,Amir Doukhan,,46,,6th Voted Out Day 17,8,0.35,Day 17,6th Voted Out Day 17,CONSEIL,DECISION_AVENTURIERS,DECISION_AVENTURIERS,Voted Out explicitement indiqué dans la source,False,True,False,8,,,,,,,,1,False,8,2026-07-19T16:27:48.672159+00:00,amir doukhan,KL18::amir doukhan,False,CONSEIL,DECISION_AVENTURIERS,6th Voted Out Day 17,CONSEIL,DECISION_AVENTURIERS,6th Voted Out Day 17,8.0,CONSEIL,DECISION_AVENTURIERS,0.0,,
KL18,Koh-Lanta : Thaïlande,2016,https://en.wikipedia.org/wiki/Koh-Lanta:_Tha%C3%AFlande,Cassandre Girard,,22,,Lost Duel 1st jury member Day 19,9,0.4,Day 19,Lost Duel 1st jury member Day 19,DUEL_EXIL_PERDU,MECANIQUE_RETOUR,EPREUVE,Lost Duel explicitement indiqué dans la source,False,True,False,9,,,,,,,,1,False,9,2026-07-19T16:27:48.672159+00:00,cassandre girard,KL18::cassandre girard,False,DUEL_EXIL_PERDU,EPREUVE,Lost Duel 1st jury member Day 19,DUEL_EXIL_PERDU,EPREUVE,Lost Duel 1st jury member Day 19,9.0,DUEL_EXIL_PERDU,EPREUVE,0.0,,
KL18,Koh-Lanta : Thaïlande,2016,https://en.wikipedia.org/wiki/Koh-Lanta:_Tha%C3%AFlande,Romain Palazzetti,,28,,7th Voted Out 2nd jury member Day 20,10,0.45,Day 20,7th Voted Out 2nd jury member Day 20,CONSEIL,DECISION_AVENTURIERS,DECISION_AVENTURIERS,Voted Out explicitement indiqué dans la source,False,True,False,10,,,,,,,,1,False,10,2026-07-19T16:27:48.672159+00:00,romain palazzetti,KL18::romain palazzetti,False,CONSEIL,DECISION_AVENTURIERS,7th Voted Out 2nd jury member Day 20,CONSEIL,DECISION_AVENTURIERS,7th Voted Out 2nd jury member Day 20,10.0,CONSEIL,DECISION_AVENTURIERS,1.0,,
KL18,Koh-Lanta : Thaïlande,2016,https://en.wikipedia.org/wiki/Koh-Lanta:_Tha%C3%AFlande,Julien Castro,,29,,8th Voted Out 3rd jury member Day 23,11,0.5,Day 23,8th Voted Out 3rd jury member Day 23,CONSEIL,DECISION_AVENTURIERS,DECISION_AVENTURIERS,Voted Out explicitement indiqué dans la source,False,True,False,11,,,,,,,,1,False,11,2026-07-19T16:27:48.672159+00:00,julien castro,KL18::julien castro,False,CONSEIL,DECISION_AVENTURIERS,8th Voted Out 3rd jury member Day 23,CONSEIL,DECISION_AVENTURIERS,8th Voted Out 3rd jury member Day 23,11.0,CONSEIL,DECISION_AVENTURIERS,0.0,,
KL18,Koh-Lanta : Thaïlande,2016,https://en.wikipedia.org/wiki/Koh-Lanta:_Tha%C3%AFlande,Laureen Hugel,,26,,9th Voted Out 4th jury member Day 26,12,0.55,Day 26,9th Voted Out 4th jury member Day 26,CONSEIL,DECISION_AVENTURIERS,DECISION_AVENTURIERS,Voted Out explicitement indiqué dans la source,False,True,False,12,,,Day 26,,,,,1,False,12,2026-07-19T16:27:48.672159+00:00,laureen hugel,KL18::laureen hugel,False,CONSEIL,DECISION_AVENTURIERS,9th Voted Out 4th jury member Day 26,CONSEIL,DECISION_AVENTURIERS,9th Voted Out 4th jury member Day 26,12.0,CONSEIL,DECISION_AVENTURIERS,0.0,,
KL18,Koh-Lanta : Thaïlande,2016,https://en.wikipedia.org/wiki/Koh-Lanta:_Tha%C3%AFlande,Steve Best,,33,,10th Voted Out 5th jury member Day 26,13,0.6,Day 26,10th Voted Out 5th jury member Day 26,CONSEIL,DECISION_AVENTURIERS,DECISION_AVENTURIERS,Voted Out explicitement indiqué dans la source,False,True,False,13,,,Day 26,,,,,1,False,13,2026-07-19T16:27:48.672159+00:00,steve best,KL18::steve best,False,CONSEIL,DECISION_AVENTURIERS,10th Voted Out 5th jury member Day 26,CONSEIL,DECISION_AVENTURIERS,10th Voted Out 5th jury member Day 26,13.0,CONSEIL,DECISION_AVENTURIERS,0.0,,
KL18,Koh-Lanta : Thaïlande,2016,https://en.wikipedia.org/wiki/Koh-Lanta:_Tha%C3%AFlande,Carine Cazals,,34,,11th Voted Out 6th jury member Day 29,14,0.65,Day 29,11th Voted Out 6th jury member Day 29,CONSEIL,DECISION_AVENTURIERS,DECISION_AVENTURIERS,Voted Out explicitement indiqué dans la source,False,True,False,14,,,,,,,,1,False,14,2026-07-19T16:27:48.672159+00:00,carine cazals,KL18::carine cazals,False,CONSEIL,DECISION_AVENTURIERS,11th Voted Out 6th jury member Day 29,CONSEIL,DECISION_AVENTURIERS,11th Voted Out 6th jury member Day 29,14.0,CONSEIL,DECISION_AVENTURIERS,1.0,,
KL18,Koh-Lanta : Thaïlande,2016,https://en.wikipedia.org/wiki/Koh-Lanta:_Tha%C3%AFlande,Karima Neggaz,,26,,12th Voted Out 7th jury member Day 32,15,0.7,Day 32,12th Voted Out 7th jury member Day 32,CONSEIL,DECISION_AVENTURIERS,DECISION_AVENTURIERS,Voted Out explicitement indiqué dans la source,False,True,False,15,,,,,,,,1,False,15,2026-07-19T16:27:48.672159+00:00,karima neggaz,KL18::karima neggaz,False,CONSEIL,DECISION_AVENTURIERS,12th Voted Out 7th jury member Day 32,CONSEIL,DECISION_AVENTURIERS,12th Voted Out 7th jury member Day 32,15.0,CONSEIL,DECISION_AVENTURIERS,1.0,,
KL18,Koh-Lanta : Thaïlande,2016,https://en.wikipedia.org/wiki/Koh-Lanta:_Tha%C3%AFlande,Nicolas Rouyé,,32,,13th Voted Out 8th jury member Day 34,16,0.75,Day 34,13th Voted Out 8th jury member Day 34,CONSEIL,DECISION_AVENTURIERS,DECISION_AVENTURIERS,Voted Out explicitement indiqué dans la source,False,True,False,16,,,,,,,,1,False,16,2026-07-19T16:27:48.672159+00:00,nicolas rouyé,KL18::nicolas rouyé,False,CONSEIL,DECISION_AVENTURIERS,13th Voted Out 8th jury member Day 34,CONSEIL,DECISION_AVENTURIERS,13th Voted Out 8th jury member Day 34,16.0,CONSEIL,DECISION_AVENTURIERS,1.0,,
KL18,Koh-Lanta : Thaïlande,2016,https://en.wikipedia.org/wiki/Koh-Lanta:_Tha%C3%AFlande,Alain Chrisostome,,56,,14th Voted Out 9th jury member Day 37,17,0.8,Day 37,14th Voted Out 9th jury member Day 37,CONSEIL,DECISION_AVENTURIERS,DECISION_AVENTURIERS,Voted Out explicitement indiqué dans la source,False,True,False,17,,,,,,,,1,False,17,2026-07-19T16:27:48.672159+00:00,alain chrisostome,KL18::alain chrisostome,False,CONSEIL,DECISION_AVENTURIERS,14th Voted Out 9th jury member Day 37,CONSEIL,DECISION_AVENTURIERS,14th Voted Out 9th jury member Day 37,17.0,CONSEIL,DECISION_AVENTURIERS,1.0,,
KL18,Koh-Lanta : Thaïlande,2016,https://en.wikipedia.org/wiki/Koh-Lanta:_Tha%C3%AFlande,Cécilia Siharaj,,28,,Lost Challenge 10th jury member Day 38,18,0.85,Day 38,Lost Challenge 10th jury member Day 38,EPREUVE_ELIMINATOIRE,EPREUVE,EPREUVE,Lost Challenge explicitement indiqué dans la source,False,True,False,18,,,,,,,,1,False,18,2026-07-19T16:27:48.672159+00:00,cécilia siharaj,KL18::cécilia siharaj,False,EPREUVE_ELIMINATOIRE,EPREUVE,Lost Challenge 10th jury member Day 38,EPREUVE_ELIMINATOIRE,EPREUVE,Lost Challenge 10th jury member Day 38,18.0,EPREUVE_ELIMINATOIRE,EPREUVE,1.0,,
KL18,Koh-Lanta : Thaïlande,2016,https://en.wikipedia.org/wiki/Koh-Lanta:_Tha%C3%AFlande,Gabriel Gubbels,,40,,15th Voted Out 11th jury member Day 39,19,0.9,Day 39,15th Voted Out 11th jury member Day 39,CONSEIL,DECISION_AVENTURIERS,DECISION_AVENTURIERS,Voted Out explicitement indiqué dans la source,False,True,False,19,,,,,,,,1,False,19,2026-07-19T16:27:48.672159+00:00,gabriel gubbels,KL18::gabriel gubbels,False,CONSEIL,DECISION_AVENTURIERS,15th Voted Out 11th jury member Day 39,CONSEIL,DECISION_AVENTURIERS,15th Voted Out 11th jury member Day 39,19.0,CONSEIL,DECISION_AVENTURIERS,1.0,,
KL18,Koh-Lanta : Thaïlande,2016,https://en.wikipedia.org/wiki/Koh-Lanta:_Tha%C3%AFlande,Pascal Salviani,,48,,Runner-up Day 40,20,0.95,Day 40,Runner-up Day 40,FINALISTE,FIN_DE_JEU,AUTRE_SORTIE,Runner-up explicitement indiqué dans la source,False,True,False,20,,,Day 40,,,,,1,False,20,2026-07-19T16:27:48.672159+00:00,pascal salviani,KL18::pascal salviani,False,FINALISTE,AUTRE_SORTIE,Runner-up Day 40,FINALISTE,AUTRE_SORTIE,Runner-up Day 40,20.0,FINALISTE,AUTRE_SORTIE,0.0,,
KL18,Koh-Lanta : Thaïlande,2016,https://en.wikipedia.org/wiki/Koh-Lanta:_Tha%C3%AFlande,Wendy Gervois,,26,,Sole Survivor Day 40,21,1.0,Day 40,Sole Survivor Day 40,VAINQUEUR,FIN_DE_JEU,AUTRE_SORTIE,Sole Survivor explicitement indiqué dans la source,False,True,False,21,,,Day 40,,,,,0,True,21,2026-07-19T16:27:48.672159+00:00,wendy gervois,KL18::wendy gervois,False,VAINQUEUR,AUTRE_SORTIE,Sole Survivor Day 40,VAINQUEUR,AUTRE_SORTIE,Sole Survivor Day 40,21.0,VAINQUEUR,AUTRE_SORTIE,1.0,,
KL01,KL KL01,2001,https://en.wikipedia.org/wiki/Koh-Lanta_(season_1),Marie,,22.0,Saint-Marcellin,INDETERMINE,1,0.0,,INDETERMINE,INDETERMINE,INDETERMINE,INDETERMINE,Extrait du tableau des votes Wikipedia,True,True,False,1,,False,,False,False,1.0,STANDARD,1,False,1,2026-07-21T01:58:29.727357,marie,KL01::marie,,,,,,,,,,,,,
KL01,KL KL01,2001,https://en.wikipedia.org/wiki/Koh-Lanta_(season_1),Guillaume Noël,,24.0,Saint-Brieuc,INDETERMINE,2,0.066667,,INDETERMINE,INDETERMINE,INDETERMINE,INDETERMINE,Extrait du tableau des votes Wikipedia,True,True,False,2,,False,,False,False,2.0,STANDARD,1,False,2,2026-07-21T01:58:29.727357,guillaume noël,KL01::guillaume noël,,,,,,,,,,,,,
KL01,KL KL01,2001,https://en.wikipedia.org/wiki/Koh-Lanta_(season_1),Jean-Luc,,50.0,Toulon,INDETERMINE,3,0.133333,,INDETERMINE,INDETERMINE,INDETERMINE,INDETERMINE,Extrait du tableau des votes Wikipedia,True,True,False,3,,False,,False,False,3.0,STANDARD,1,False,3,2026-07-21T01:58:29.727357,jean-luc,KL01::jean-luc,,,,,,,,,,,,,
KL01,KL KL01,2001,https://en.wikipedia.org/wiki/Koh-Lanta_(season_1),Gaël,,18.0,Brest,INDETERMINE,4,0.2,,INDETERMINE,INDETERMINE,INDETERMINE,INDETERMINE,Extrait du tableau des votes Wikipedia,True,True,False,4,,False,,False,False,4.0,STANDARD,1,False,4,2026-07-21T01:58:29.727357,gaël,KL01::gaël,,,,,,,,,,,,,
KL01,KL KL01,2001,https://en.wikipedia.org/wiki/Koh-Lanta_(season_1),Harry,,44.0,Marseille,INDETERMINE,5,0.266667,,INDETERMINE,INDETERMINE,INDETERMINE,INDETERMINE,Extrait du tableau des votes Wikipedia,True,True,False,5,,False,,False,False,5.0,STANDARD,1,False,5,2026-07-21T01:58:29.727357,harry,KL01::harry,,,,,,,,,,,,,
KL01,KL KL01,2001,https://en.wikipedia.org/wiki/Koh-Lanta_(season_1),Sandra,,19.0,Athis-Mons,INDETERMINE,6,0.333333,,INDETERMINE,INDETERMINE,INDETERMINE,INDETERMINE,Extrait du tableau des votes Wikipedia,True,True,False,6,,False,,False,False,6.0,STANDARD,1,False,6,2026-07-21T01:58:29.727357,sandra,KL01::sandra,,,,,,,,,,,,,
KL01,KL KL01,2001,https://en.wikipedia.org/wiki/Koh-Lanta_(season_1),David,,24.0,Estérençuby,INDETERMINE,7,0.4,,INDETERMINE,INDETERMINE,INDETERMINE,INDETERMINE,Extrait du tableau des votes Wikipedia,True,True,False,7,,False,,False,False,7.0,STANDARD,1,False,7,2026-07-21T01:58:29.727357,david,KL01::david,,,,,,,,,,,,,
KL01,KL KL01,2001,https://en.wikipedia.org/wiki/Koh-Lanta_(season_1),Stéphane,,24.0,Nanterre,INDETERMINE,8,0.466667,,INDETERMINE,INDETERMINE,INDETERMINE,INDETERMINE,Extrait du tableau des votes Wikipedia,True,True,False,8,,False,,False,False,8.0,STANDARD,1,False,8,2026-07-21T01:58:29.727357,stéphane,KL01::stéphane,,,,,,,,,,,,,
KL01,KL KL01,2001,https://en.wikipedia.org/wiki/Koh-Lanta_(season_1),Géraldine Drouhet,,27.0,Avignon,INDETERMINE,9,0.533333,,INDETERMINE,INDETERMINE,INDETERMINE,INDETERMINE,Extrait du tableau des votes Wikipedia,True,True,False,9,,False,,False,False,9.0,STANDARD,1,False,9,2026-07-21T01:58:29.727357,géraldine drouhet,KL01::géraldine drouhet,,,,,,,,,,,,,
KL01,KL KL01,2001,https://en.wikipedia.org/wiki/Koh-Lanta_(season_1),Michèle,,58.0,Toulon-sur-Allier,INDETERMINE,10,0.6,,INDETERMINE,INDETERMINE,INDETERMINE,INDETERMINE,Extrait du tableau des votes Wikipedia,True,True,False,10,,False,,False,False,10.0,STANDARD,1,False,10,2026-07-21T01:58:29.727357,michèle,KL01::michèle,,,,,,,,,,,,,
KL01,KL KL01,2001,https://en.wikipedia.org/wiki/Koh-Lanta_(season_1),William,,32.0,Tours,INDETERMINE,11,0.666667,,INDETERMINE,INDETERMINE,INDETERMINE,INDETERMINE,Extrait du tableau des votes Wikipedia,True,True,False,11,,False,,False,False,11.0,STANDARD,1,False,11,2026-07-21T01:58:29.727357,william,KL01::william,,,,,,,,,,,,,
KL01,KL KL01,2001,https://en.wikipedia.org/wiki/Koh-Lanta_(season_1),Françoise,,41.0,Arras,INDETERMINE,12,0.733333,,INDETERMINE,INDETERMINE,INDETERMINE,INDETERMINE,Extrait du tableau des votes Wikipedia,True,True,False,12,,False,,False,False,12.0,STANDARD,1,False,12,2026-07-21T01:58:29.727357,françoise,KL01::françoise,,,,,,,,,,,,,
KL01,KL KL01,2001,https://en.wikipedia.org/wiki/Koh-Lanta_(season_1),Romain,,27.0,Vigneux-sur-Seine,INDETERMINE,13,0.8,,INDETERMINE,INDETERMINE,INDETERMINE,INDETERMINE,Extrait du tableau des votes Wikipedia,True,True,False,13,,False,,False,False,13.0,STANDARD,1,False,13,2026-07-21T01:58:29.727357,romain,KL01::romain,,,,,,,,,,,,,
KL01,KL KL01,2001,https://en.wikipedia.org/wiki/Koh-Lanta_(season_1),Patricia,,31.0,La Garenne-Colombes,INDETERMINE,14,0.866667,,INDETERMINE,INDETERMINE,INDETERMINE,INDETERMINE,Extrait du tableau des votes Wikipedia,True,True,False,14,,False,,False,False,14.0,STANDARD,1,False,14,2026-07-21T01:58:29.727357,patricia,KL01::patricia,,,,,,,,,,,,,
KL01,KL KL01,2001,https://en.wikipedia.org/wiki/Koh-Lanta_(season_1),Guénaëlle Biras,,25.0,Paris,FINALISTE,15,0.933333,,FINALISTE,FINALISTE,FIN_DE_JEU,AUTRE_SORTIE,Extrait du tableau des votes Wikipedia,False,True,False,15,,False,,False,False,15.0,STANDARD,1,False,15,2026-07-21T01:58:29.727357,guénaëlle biras,KL01::guénaëlle biras,,,,,,,,,,,,,
KL01,KL KL01,2001,https://en.wikipedia.org/wiki/Koh-Lanta_(season_1),Gilles Nicolet,,35.0,Bordeaux,VAINQUEUR,16,1.0,,VAINQUEUR,VAINQUEUR,FIN_DE_JEU,AUTRE_SORTIE,Extrait du tableau des votes Wikipedia,False,True,False,16,,False,,False,False,16.0,STANDARD,0,True,16,2026-07-21T01:58:29.727357,gilles nicolet,KL01::gilles nicolet,,,,,,,,,,,,,
