candidate_season_key,season_id,season_name,season_year,candidate_name,age_missing,gender_missing,profession_missing,physical_score_missing,current_age,current_gender,current_profession,current_physical_score,search_query_identity,search_query_gender,search_query_profession,search_query_physical_1,external_research_priority,external_research_request,research_status,review_status
KL03::alexandra denikine,KL03,Koh-Lanta : Bocas del Toro,2003,Alexandra Denikine,False,True,False,True,,UNKNOWN,,,"""""""Alexandra Denikine"""" """"Koh-Lanta"""" Koh-Lanta : Bocas del Toro 2003","""""""Alexandra Denikine"""" """"Koh-Lanta"""" candidat candidate homme femme","""""""Alexandra Denikine"""" """"Koh-Lanta"""" 2003 portrait métier profession","""""""Alexandra Denikine"""" """"Koh-Lanta"""" sport entrainement musclé athlétique",HIGH,"Rechercher: profession exacte, pratique sportive, intensité, musculature pour Alexandra Denikine (Koh-Lanta : Bocas del Toro, 2003)",NOT_STARTED,A_REVOIR
KL03::candice cohen,KL03,Koh-Lanta : Bocas del Toro,2003,Candice Cohen,False,True,False,True,,UNKNOWN,,,"""""""Candice Cohen"""" """"Koh-Lanta"""" Koh-Lanta : Bocas del Toro 2003","""""""Candice Cohen"""" """"Koh-Lanta"""" candidat candidate homme femme","""""""Candice Cohen"""" """"Koh-Lanta"""" 2003 portrait métier profession","""""""Candice Cohen"""" """"Koh-Lanta"""" sport entrainement musclé athlétique",HIGH,"Rechercher: profession exacte, pratique sportive, intensité, musculature pour Candice Cohen (Koh-Lanta : Bocas del Toro, 2003)",NOT_STARTED,A_REVOIR
KL03::michel jeandel,KL03,Koh-Lanta : Bocas del Toro,2003,Michel Jeandel,False,True,False,True,,UNKNOWN,,,"""""""Michel Jeandel"""" """"Koh-Lanta"""" Koh-Lanta : Bocas del Toro 2003","""""""Michel Jeandel"""" """"Koh-Lanta"""" candidat candidate homme femme","""""""Michel Jeandel"""" """"Koh-Lanta"""" 2003 portrait métier profession","""""""Michel Jeandel"""" """"Koh-Lanta"""" sport entrainement musclé athlétique",HIGH,"Rechercher: profession exacte, pratique sportive, intensité, musculature pour Michel Jeandel (Koh-Lanta : Bocas del Toro, 2003)",NOT_STARTED,A_REVOIR
KL03::sophie guilloix,KL03,Koh-Lanta : Bocas del Toro,2003,Sophie Guilloix,False,True,False,True,,UNKNOWN,,,"""""""Sophie Guilloix"""" """"Koh-Lanta"""" Koh-Lanta : Bocas del Toro 2003","""""""Sophie Guilloix"""" """"Koh-Lanta"""" candidat candidate homme femme","""""""Sophie Guilloix"""" """"Koh-Lanta"""" 2003 portrait métier profession","""""""Sophie Guilloix"""" """"Koh-Lanta"""" sport entrainement musclé athlétique",HIGH,"Rechercher: profession exacte, pratique sportive, intensité, musculature pour Sophie Guilloix (Koh-Lanta : Bocas del Toro, 2003)",NOT_STARTED,A_REVOIR
KL03::julie bourdon,KL03,Koh-Lanta : Bocas del Toro,2003,Julie Bourdon,False,True,False,True,,UNKNOWN,,,"""""""Julie Bourdon"""" """"Koh-Lanta"""" Koh-Lanta : Bocas del Toro 2003","""""""Julie Bourdon"""" """"Koh-Lanta"""" candidat candidate homme femme","""""""Julie Bourdon"""" """"Koh-Lanta"""" 2003 portrait métier profession","""""""Julie Bourdon"""" """"Koh-Lanta"""" sport entrainement musclé athlétique",HIGH,"Rechercher: profession exacte, pratique sportive, intensité, musculature pour Julie Bourdon (Koh-Lanta : Bocas del Toro, 2003)",NOT_STARTED,A_REVOIR
KL03::linda delamarre,KL03,Koh-Lanta : Bocas del Toro,2003,Linda Delamarre,False,True,False,True,,UNKNOWN,,,"""""""Linda Delamarre"""" """"Koh-Lanta"""" Koh-Lanta : Bocas del Toro 2003","""""""Linda Delamarre"""" """"Koh-Lanta"""" candidat candidate homme femme","""""""Linda Delamarre"""" """"Koh-Lanta"""" 2003 portrait métier profession","""""""Linda Delamarre"""" """"Koh-Lanta"""" sport entrainement musclé athlétique",HIGH,"Rechercher: profession exacte, pratique sportive, intensité, musculature pour Linda Delamarre (Koh-Lanta : Bocas del Toro, 2003)",NOT_STARTED,A_REVOIR
KL03::philippe huquet,KL03,Koh-Lanta : Bocas del Toro,2003,Philippe Huquet,False,True,False,True,,UNKNOWN,,,"""""""Philippe Huquet"""" """"Koh-Lanta"""" Koh-Lanta : Bocas del Toro 2003","""""""Philippe Huquet"""" """"Koh-Lanta"""" candidat candidate homme femme","""""""Philippe Huquet"""" """"Koh-Lanta"""" 2003 portrait métier profession","""""""Philippe Huquet"""" """"Koh-Lanta"""" sport entrainement musclé athlétique",HIGH,"Rechercher: profession exacte, pratique sportive, intensité, musculature pour Philippe Huquet (Koh-Lanta : Bocas del Toro, 2003)",NOT_STARTED,A_REVOIR
KL03::alexandre bérard,KL03,Koh-Lanta : Bocas del Toro,2003,Alexandre Bérard,False,True,False,True,,UNKNOWN,,,"""""""Alexandre Bérard"""" """"Koh-Lanta"""" Koh-Lanta : Bocas del Toro 2003","""""""Alexandre Bérard"""" """"Koh-Lanta"""" candidat candidate homme femme","""""""Alexandre Bérard"""" """"Koh-Lanta"""" 2003 portrait métier profession","""""""Alexandre Bérard"""" """"Koh-Lanta"""" sport entrainement musclé athlétique",HIGH,"Rechercher: profession exacte, pratique sportive, intensité, musculature pour Alexandre Bérard (Koh-Lanta : Bocas del Toro, 2003)",NOT_STARTED,A_REVOIR
KL03::richard lecourt,KL03,Koh-Lanta : Bocas del Toro,2003,Richard Lecourt,False,True,False,True,,UNKNOWN,,,"""""""Richard Lecourt"""" """"Koh-Lanta"""" Koh-Lanta : Bocas del Toro 2003","""""""Richard Lecourt"""" """"Koh-Lanta"""" candidat candidate homme femme","""""""Richard Lecourt"""" """"Koh-Lanta"""" 2003 portrait métier profession","""""""Richard Lecourt"""" """"Koh-Lanta"""" sport entrainement musclé athlétique",HIGH,"Rechercher: profession exacte, pratique sportive, intensité, musculature pour Richard Lecourt (Koh-Lanta : Bocas del Toro, 2003)",NOT_STARTED,A_REVOIR
KL03::sylvie rivoal,KL03,Koh-Lanta : Bocas del Toro,2003,Sylvie Rivoal,False,True,False,True,,UNKNOWN,,,"""""""Sylvie Rivoal"""" """"Koh-Lanta"""" Koh-Lanta : Bocas del Toro 2003","""""""Sylvie Rivoal"""" """"Koh-Lanta"""" candidat candidate homme femme","""""""Sylvie Rivoal"""" """"Koh-Lanta"""" 2003 portrait métier profession","""""""Sylvie Rivoal"""" """"Koh-Lanta"""" sport entrainement musclé athlétique",HIGH,"Rechercher: profession exacte, pratique sportive, intensité, musculature pour Sylvie Rivoal (Koh-Lanta : Bocas del Toro, 2003)",NOT_STARTED,A_REVOIR
KL03::sébastien loew,KL03,Koh-Lanta : Bocas del Toro,2003,Sébastien Loew,False,True,False,True,,UNKNOWN,,,"""""""Sébastien Loew"""" """"Koh-Lanta"""" Koh-Lanta : Bocas del Toro 2003","""""""Sébastien Loew"""" """"Koh-Lanta"""" candidat candidate homme femme","""""""Sébastien Loew"""" """"Koh-Lanta"""" 2003 portrait métier profession","""""""Sébastien Loew"""" """"Koh-Lanta"""" sport entrainement musclé athlétique",HIGH,"Rechercher: profession exacte, pratique sportive, intensité, musculature pour Sébastien Loew (Koh-Lanta : Bocas del Toro, 2003)",NOT_STARTED,A_REVOIR
KL03::valérie dot,KL03,Koh-Lanta : Bocas del Toro,2003,Valérie Dot,False,True,False,True,,UNKNOWN,,,"""""""Valérie Dot"""" """"Koh-Lanta"""" Koh-Lanta : Bocas del Toro 2003","""""""Valérie Dot"""" """"Koh-Lanta"""" candidat candidate homme femme","""""""Valérie Dot"""" """"Koh-Lanta"""" 2003 portrait métier profession","""""""Valérie Dot"""" """"Koh-Lanta"""" sport entrainement musclé athlétique",HIGH,"Rechercher: profession exacte, pratique sportive, intensité, musculature pour Valérie Dot (Koh-Lanta : Bocas del Toro, 2003)",NOT_STARTED,A_REVOIR
KL03::hélène patry,KL03,Koh-Lanta : Bocas del Toro,2003,Hélène Patry,False,True,False,True,,UNKNOWN,,,"""""""Hélène Patry"""" """"Koh-Lanta"""" Koh-Lanta : Bocas del Toro 2003","""""""Hélène Patry"""" """"Koh-Lanta"""" candidat candidate homme femme","""""""Hélène Patry"""" """"Koh-Lanta"""" 2003 portrait métier profession","""""""Hélène Patry"""" """"Koh-Lanta"""" sport entrainement musclé athlétique",HIGH,"Rechercher: profession exacte, pratique sportive, intensité, musculature pour Hélène Patry (Koh-Lanta : Bocas del Toro, 2003)",NOT_STARTED,A_REVOIR
KL03::moundir zoughari,KL03,Koh-Lanta : Bocas del Toro,2003,Moundir Zoughari,False,True,False,True,,UNKNOWN,,,"""""""Moundir Zoughari"""" """"Koh-Lanta"""" Koh-Lanta : Bocas del Toro 2003","""""""Moundir Zoughari"""" """"Koh-Lanta"""" candidat candidate homme femme","""""""Moundir Zoughari"""" """"Koh-Lanta"""" 2003 portrait métier profession","""""""Moundir Zoughari"""" """"Koh-Lanta"""" sport entrainement musclé athlétique",HIGH,"Rechercher: profession exacte, pratique sportive, intensité, musculature pour Moundir Zoughari (Koh-Lanta : Bocas del Toro, 2003)",NOT_STARTED,A_REVOIR
KL03::antoine sanchez,KL03,Koh-Lanta : Bocas del Toro,2003,Antoine Sanchez,False,True,False,True,,UNKNOWN,,,"""""""Antoine Sanchez"""" """"Koh-Lanta"""" Koh-Lanta : Bocas del Toro 2003","""""""Antoine Sanchez"""" """"Koh-Lanta"""" candidat candidate homme femme","""""""Antoine Sanchez"""" """"Koh-Lanta"""" 2003 portrait métier profession","""""""Antoine Sanchez"""" """"Koh-Lanta"""" sport entrainement musclé athlétique",HIGH,"Rechercher: profession exacte, pratique sportive, intensité, musculature pour Antoine Sanchez (Koh-Lanta : Bocas del Toro, 2003)",NOT_STARTED,A_REVOIR
KL03::moussa niangane,KL03,Koh-Lanta : Bocas del Toro,2003,Moussa Niangane,False,True,False,True,,UNKNOWN,,,"""""""Moussa Niangane"""" """"Koh-Lanta"""" Koh-Lanta : Bocas del Toro 2003","""""""Moussa Niangane"""" """"Koh-Lanta"""" candidat candidate homme femme","""""""Moussa Niangane"""" """"Koh-Lanta"""" 2003 portrait métier profession","""""""Moussa Niangane"""" """"Koh-Lanta"""" sport entrainement musclé athlétique",HIGH,"Rechercher: profession exacte, pratique sportive, intensité, musculature pour Moussa Niangane (Koh-Lanta : Bocas del Toro, 2003)",NOT_STARTED,A_REVOIR
KL03::delphine bano,KL03,Koh-Lanta : Bocas del Toro,2003,Delphine Bano,False,True,False,True,,UNKNOWN,,,"""""""Delphine Bano"""" """"Koh-Lanta"""" Koh-Lanta : Bocas del Toro 2003","""""""Delphine Bano"""" """"Koh-Lanta"""" candidat candidate homme femme","""""""Delphine Bano"""" """"Koh-Lanta"""" 2003 portrait métier profession","""""""Delphine Bano"""" """"Koh-Lanta"""" sport entrainement musclé athlétique",HIGH,"Rechercher: profession exacte, pratique sportive, intensité, musculature pour Delphine Bano (Koh-Lanta : Bocas del Toro, 2003)",NOT_STARTED,A_REVOIR
KL03::isabelle seguin,KL03,Koh-Lanta : Bocas del Toro,2003,Isabelle Seguin,False,True,False,True,,UNKNOWN,,,"""""""Isabelle Seguin"""" """"Koh-Lanta"""" Koh-Lanta : Bocas del Toro 2003","""""""Isabelle Seguin"""" """"Koh-Lanta"""" candidat candidate homme femme","""""""Isabelle Seguin"""" """"Koh-Lanta"""" 2003 portrait métier profession","""""""Isabelle Seguin"""" """"Koh-Lanta"""" sport entrainement musclé athlétique",HIGH,"Rechercher: profession exacte, pratique sportive, intensité, musculature pour Isabelle Seguin (Koh-Lanta : Bocas del Toro, 2003)",NOT_STARTED,A_REVOIR
KL17::babeth delettre,KL17,Koh-Lanta : Johor,2015,Babeth Delettre,False,True,False,True,52.0,UNKNOWN,,,"""Babeth Delettre"" ""Koh-Lanta"" Koh-Lanta : Johor 2015","""Babeth Delettre"" ""Koh-Lanta"" candidat candidate homme femme","""Babeth Delettre"" ""Koh-Lanta"" 2015 portrait métier profession","""Babeth Delettre"" ""Koh-Lanta"" sport entrainement musclé athlétique",HIGH,"Rechercher: profession exacte, pratique sportive, intensité, musculature pour Babeth Delettre (Koh-Lanta : Johor, 2015)",NOT_STARTED,A_REVOIR
KL17::marie-anne queniart,KL17,Koh-Lanta : Johor,2015,Marie-Anne Queniart,False,True,False,True,38.0,UNKNOWN,,,"""Marie-Anne Queniart"" ""Koh-Lanta"" Koh-Lanta : Johor 2015","""Marie-Anne Queniart"" ""Koh-Lanta"" candidat candidate homme femme","""Marie-Anne Queniart"" ""Koh-Lanta"" 2015 portrait métier profession","""Marie-Anne Queniart"" ""Koh-Lanta"" sport entrainement musclé athlétique",HIGH,"Rechercher: profession exacte, pratique sportive, intensité, musculature pour Marie-Anne Queniart (Koh-Lanta : Johor, 2015)",NOT_STARTED,A_REVOIR
KL17::benoît jorion-fahy,KL17,Koh-Lanta : Johor,2015,Benoît Jorion-Fahy,False,True,False,True,27.0,UNKNOWN,,,"""Benoît Jorion-Fahy"" ""Koh-Lanta"" Koh-Lanta : Johor 2015","""Benoît Jorion-Fahy"" ""Koh-Lanta"" candidat candidate homme femme","""Benoît Jorion-Fahy"" ""Koh-Lanta"" 2015 portrait métier profession","""Benoît Jorion-Fahy"" ""Koh-Lanta"" sport entrainement musclé athlétique",HIGH,"Rechercher: profession exacte, pratique sportive, intensité, musculature pour Benoît Jorion-Fahy (Koh-Lanta : Johor, 2015)",NOT_STARTED,A_REVOIR
KL17::manon allender,KL17,Koh-Lanta : Johor,2015,Manon Allender,False,True,False,True,24.0,UNKNOWN,,,"""Manon Allender"" ""Koh-Lanta"" Koh-Lanta : Johor 2015","""Manon Allender"" ""Koh-Lanta"" candidat candidate homme femme","""Manon Allender"" ""Koh-Lanta"" 2015 portrait métier profession","""Manon Allender"" ""Koh-Lanta"" sport entrainement musclé athlétique",HIGH,"Rechercher: profession exacte, pratique sportive, intensité, musculature pour Manon Allender (Koh-Lanta : Johor, 2015)",NOT_STARTED,A_REVOIR
KL17::loïc crespin,KL17,Koh-Lanta : Johor,2015,Loïc Crespin,False,True,False,True,20.0,UNKNOWN,,,"""Loïc Crespin"" ""Koh-Lanta"" Koh-Lanta : Johor 2015","""Loïc Crespin"" ""Koh-Lanta"" candidat candidate homme femme","""Loïc Crespin"" ""Koh-Lanta"" 2015 portrait métier profession","""Loïc Crespin"" ""Koh-Lanta"" sport entrainement musclé athlétique",HIGH,"Rechercher: profession exacte, pratique sportive, intensité, musculature pour Loïc Crespin (Koh-Lanta : Johor, 2015)",NOT_STARTED,A_REVOIR
KL17::isabelle haouzi,KL17,Koh-Lanta : Johor,2015,Isabelle Haouzi,False,True,False,True,54.0,UNKNOWN,,,"""Isabelle Haouzi"" ""Koh-Lanta"" Koh-Lanta : Johor 2015","""Isabelle Haouzi"" ""Koh-Lanta"" candidat candidate homme femme","""Isabelle Haouzi"" ""Koh-Lanta"" 2015 portrait métier profession","""Isabelle Haouzi"" ""Koh-Lanta"" sport entrainement musclé athlétique",HIGH,"Rechercher: profession exacte, pratique sportive, intensité, musculature pour Isabelle Haouzi (Koh-Lanta : Johor, 2015)",NOT_STARTED,A_REVOIR
KL17::margot perrot houwaer,KL17,Koh-Lanta : Johor,2015,Margot Perrot Houwaer,False,True,False,True,22.0,UNKNOWN,,,"""Margot Perrot Houwaer"" ""Koh-Lanta"" Koh-Lanta : Johor 2015","""Margot Perrot Houwaer"" ""Koh-Lanta"" candidat candidate homme femme","""Margot Perrot Houwaer"" ""Koh-Lanta"" 2015 portrait métier profession","""Margot Perrot Houwaer"" ""Koh-Lanta"" sport entrainement musclé athlétique",HIGH,"Rechercher: profession exacte, pratique sportive, intensité, musculature pour Margot Perrot Houwaer (Koh-Lanta : Johor, 2015)",NOT_STARTED,A_REVOIR
KL17::alban pellegrin,KL17,Koh-Lanta : Johor,2015,Alban Pellegrin,False,True,False,True,28.0,UNKNOWN,,,"""Alban Pellegrin"" ""Koh-Lanta"" Koh-Lanta : Johor 2015","""Alban Pellegrin"" ""Koh-Lanta"" candidat candidate homme femme","""Alban Pellegrin"" ""Koh-Lanta"" 2015 portrait métier profession","""Alban Pellegrin"" ""Koh-Lanta"" sport entrainement musclé athlétique",HIGH,"Rechercher: profession exacte, pratique sportive, intensité, musculature pour Alban Pellegrin (Koh-Lanta : Johor, 2015)",NOT_STARTED,A_REVOIR
KL17::corinne bargoin samuelian,KL17,Koh-Lanta : Johor,2015,Corinne Bargoin Samuelian,False,True,False,True,45.0,UNKNOWN,,,"""Corinne Bargoin Samuelian"" ""Koh-Lanta"" Koh-Lanta : Johor 2015","""Corinne Bargoin Samuelian"" ""Koh-Lanta"" candidat candidate homme femme","""Corinne Bargoin Samuelian"" ""Koh-Lanta"" 2015 portrait métier profession","""Corinne Bargoin Samuelian"" ""Koh-Lanta"" sport entrainement musclé athlétique",HIGH,"Rechercher: profession exacte, pratique sportive, intensité, musculature pour Corinne Bargoin Samuelian (Koh-Lanta : Johor, 2015)",NOT_STARTED,A_REVOIR
KL17::cédric giosserand-lucas,KL17,Koh-Lanta : Johor,2015,Cédric Giosserand-Lucas,False,True,False,True,36.0,UNKNOWN,,,"""Cédric Giosserand-Lucas"" ""Koh-Lanta"" Koh-Lanta : Johor 2015","""Cédric Giosserand-Lucas"" ""Koh-Lanta"" candidat candidate homme femme","""Cédric Giosserand-Lucas"" ""Koh-Lanta"" 2015 portrait métier profession","""Cédric Giosserand-Lucas"" ""Koh-Lanta"" sport entrainement musclé athlétique",HIGH,"Rechercher: profession exacte, pratique sportive, intensité, musculature pour Cédric Giosserand-Lucas (Koh-Lanta : Johor, 2015)",NOT_STARTED,A_REVOIR
KL17::charlaine cuny,KL17,Koh-Lanta : Johor,2015,Charlaine Cuny,False,True,False,True,21.0,UNKNOWN,,,"""Charlaine Cuny"" ""Koh-Lanta"" Koh-Lanta : Johor 2015","""Charlaine Cuny"" ""Koh-Lanta"" candidat candidate homme femme","""Charlaine Cuny"" ""Koh-Lanta"" 2015 portrait métier profession","""Charlaine Cuny"" ""Koh-Lanta"" sport entrainement musclé athlétique",HIGH,"Rechercher: profession exacte, pratique sportive, intensité, musculature pour Charlaine Cuny (Koh-Lanta : Johor, 2015)",NOT_STARTED,A_REVOIR
KL17::nessim kouachi,KL17,Koh-Lanta : Johor,2015,Nessim Kouachi,False,True,False,True,26.0,UNKNOWN,,,"""Nessim Kouachi"" ""Koh-Lanta"" Koh-Lanta : Johor 2015","""Nessim Kouachi"" ""Koh-Lanta"" candidat candidate homme femme","""Nessim Kouachi"" ""Koh-Lanta"" 2015 portrait métier profession","""Nessim Kouachi"" ""Koh-Lanta"" sport entrainement musclé athlétique",HIGH,"Rechercher: profession exacte, pratique sportive, intensité, musculature pour Nessim Kouachi (Koh-Lanta : Johor, 2015)",NOT_STARTED,A_REVOIR
KL17::jeff santiago,KL17,Koh-Lanta : Johor,2015,Jeff Santiago,False,True,False,True,32.0,UNKNOWN,,,"""Jeff Santiago"" ""Koh-Lanta"" Koh-Lanta : Johor 2015","""Jeff Santiago"" ""Koh-Lanta"" candidat candidate homme femme","""Jeff Santiago"" ""Koh-Lanta"" 2015 portrait métier profession","""Jeff Santiago"" ""Koh-Lanta"" sport entrainement musclé athlétique",HIGH,"Rechercher: profession exacte, pratique sportive, intensité, musculature pour Jeff Santiago (Koh-Lanta : Johor, 2015)",NOT_STARTED,A_REVOIR
KL17::christophe pendon,KL17,Koh-Lanta : Johor,2015,Christophe Pendon,False,True,False,True,30.0,UNKNOWN,,,"""Christophe Pendon"" ""Koh-Lanta"" Koh-Lanta : Johor 2015","""Christophe Pendon"" ""Koh-Lanta"" candidat candidate homme femme","""Christophe Pendon"" ""Koh-Lanta"" 2015 portrait métier profession","""Christophe Pendon"" ""Koh-Lanta"" sport entrainement musclé athlétique",HIGH,"Rechercher: profession exacte, pratique sportive, intensité, musculature pour Christophe Pendon (Koh-Lanta : Johor, 2015)",NOT_STARTED,A_REVOIR
KL17::jessica potel,KL17,Koh-Lanta : Johor,2015,Jessica Potel,False,True,False,True,31.0,UNKNOWN,,,"""Jessica Potel"" ""Koh-Lanta"" Koh-Lanta : Johor 2015","""Jessica Potel"" ""Koh-Lanta"" candidat candidate homme femme","""Jessica Potel"" ""Koh-Lanta"" 2015 portrait métier profession","""Jessica Potel"" ""Koh-Lanta"" sport entrainement musclé athlétique",HIGH,"Rechercher: profession exacte, pratique sportive, intensité, musculature pour Jessica Potel (Koh-Lanta : Johor, 2015)",NOT_STARTED,A_REVOIR
KL17::sébastien ballesteros,KL17,Koh-Lanta : Johor,2015,Sébastien Ballesteros,False,True,False,True,25.0,UNKNOWN,,,"""Sébastien Ballesteros"" ""Koh-Lanta"" Koh-Lanta : Johor 2015","""Sébastien Ballesteros"" ""Koh-Lanta"" candidat candidate homme femme","""Sébastien Ballesteros"" ""Koh-Lanta"" 2015 portrait métier profession","""Sébastien Ballesteros"" ""Koh-Lanta"" sport entrainement musclé athlétique",HIGH,"Rechercher: profession exacte, pratique sportive, intensité, musculature pour Sébastien Ballesteros (Koh-Lanta : Johor, 2015)",NOT_STARTED,A_REVOIR
KL17::bruno peisey,KL17,Koh-Lanta : Johor,2015,Bruno Peisey,False,True,False,True,52.0,UNKNOWN,,,"""Bruno Peisey"" ""Koh-Lanta"" Koh-Lanta : Johor 2015","""Bruno Peisey"" ""Koh-Lanta"" candidat candidate homme femme","""Bruno Peisey"" ""Koh-Lanta"" 2015 portrait métier profession","""Bruno Peisey"" ""Koh-Lanta"" sport entrainement musclé athlétique",HIGH,"Rechercher: profession exacte, pratique sportive, intensité, musculature pour Bruno Peisey (Koh-Lanta : Johor, 2015)",NOT_STARTED,A_REVOIR
KL17::mélissa bastin,KL17,Koh-Lanta : Johor,2015,Mélissa Bastin,False,True,False,True,28.0,UNKNOWN,,,"""Mélissa Bastin"" ""Koh-Lanta"" Koh-Lanta : Johor 2015","""Mélissa Bastin"" ""Koh-Lanta"" candidat candidate homme femme","""Mélissa Bastin"" ""Koh-Lanta"" 2015 portrait métier profession","""Mélissa Bastin"" ""Koh-Lanta"" sport entrainement musclé athlétique",HIGH,"Rechercher: profession exacte, pratique sportive, intensité, musculature pour Mélissa Bastin (Koh-Lanta : Johor, 2015)",NOT_STARTED,A_REVOIR
KL17::chantel ménard,KL17,Koh-Lanta : Johor,2015,Chantel Ménard,False,True,False,True,45.0,UNKNOWN,,,"""Chantel Ménard"" ""Koh-Lanta"" Koh-Lanta : Johor 2015","""Chantel Ménard"" ""Koh-Lanta"" candidat candidate homme femme","""Chantel Ménard"" ""Koh-Lanta"" 2015 portrait métier profession","""Chantel Ménard"" ""Koh-Lanta"" sport entrainement musclé athlétique",HIGH,"Rechercher: profession exacte, pratique sportive, intensité, musculature pour Chantel Ménard (Koh-Lanta : Johor, 2015)",NOT_STARTED,A_REVOIR
KL17::marc rambaud,KL17,Koh-Lanta : Johor,2015,Marc Rambaud,False,True,False,True,43.0,UNKNOWN,,,"""Marc Rambaud"" ""Koh-Lanta"" Koh-Lanta : Johor 2015","""Marc Rambaud"" ""Koh-Lanta"" candidat candidate homme femme","""Marc Rambaud"" ""Koh-Lanta"" 2015 portrait métier profession","""Marc Rambaud"" ""Koh-Lanta"" sport entrainement musclé athlétique",HIGH,"Rechercher: profession exacte, pratique sportive, intensité, musculature pour Marc Rambaud (Koh-Lanta : Johor, 2015)",NOT_STARTED,A_REVOIR
KL31::myriam zenasni,KL31,Koh-Lanta : L'Île au trésor,2016,Myriam Zenasni,False,True,False,True,36.0,UNKNOWN,,,"""Myriam Zenasni"" ""Koh-Lanta"" Koh-Lanta : L'Île au trésor 2016","""Myriam Zenasni"" ""Koh-Lanta"" candidat candidate homme femme","""Myriam Zenasni"" ""Koh-Lanta"" 2016 portrait métier profession","""Myriam Zenasni"" ""Koh-Lanta"" sport entrainement musclé athlétique",HIGH,"Rechercher: profession exacte, pratique sportive, intensité, musculature pour Myriam Zenasni (Koh-Lanta : L'Île au trésor, 2016)",NOT_STARTED,A_REVOIR
KL31::amandine schmitt,KL31,Koh-Lanta : L'Île au trésor,2016,Amandine Schmitt,False,True,False,True,33.0,UNKNOWN,,,"""Amandine Schmitt"" ""Koh-Lanta"" Koh-Lanta : L'Île au trésor 2016","""Amandine Schmitt"" ""Koh-Lanta"" candidat candidate homme femme","""Amandine Schmitt"" ""Koh-Lanta"" 2016 portrait métier profession","""Amandine Schmitt"" ""Koh-Lanta"" sport entrainement musclé athlétique",HIGH,"Rechercher: profession exacte, pratique sportive, intensité, musculature pour Amandine Schmitt (Koh-Lanta : L'Île au trésor, 2016)",NOT_STARTED,A_REVOIR
KL31::sophie le nestic sabattier,KL31,Koh-Lanta : L'Île au trésor,2016,Sophie Le Nestic Sabattier,False,True,False,True,48.0,UNKNOWN,,,"""Sophie Le Nestic Sabattier"" ""Koh-Lanta"" Koh-Lanta : L'Île au trésor 2016","""Sophie Le Nestic Sabattier"" ""Koh-Lanta"" candidat candidate homme femme","""Sophie Le Nestic Sabattier"" ""Koh-Lanta"" 2016 portrait métier profession","""Sophie Le Nestic Sabattier"" ""Koh-Lanta"" sport entrainement musclé athlétique",HIGH,"Rechercher: profession exacte, pratique sportive, intensité, musculature pour Sophie Le Nestic Sabattier (Koh-Lanta : L'Île au trésor, 2016)",NOT_STARTED,A_REVOIR
KL31::sandrine bouzekri,KL31,Koh-Lanta : L'Île au trésor,2016,Sandrine Bouzekri,False,True,False,True,33.0,UNKNOWN,,,"""Sandrine Bouzekri"" ""Koh-Lanta"" Koh-Lanta : L'Île au trésor 2016","""Sandrine Bouzekri"" ""Koh-Lanta"" candidat candidate homme femme","""Sandrine Bouzekri"" ""Koh-Lanta"" 2016 portrait métier profession","""Sandrine Bouzekri"" ""Koh-Lanta"" sport entrainement musclé athlétique",HIGH,"Rechercher: profession exacte, pratique sportive, intensité, musculature pour Sandrine Bouzekri (Koh-Lanta : L'Île au trésor, 2016)",NOT_STARTED,A_REVOIR
KL31::laurent mischkind,KL31,Koh-Lanta : L'Île au trésor,2016,Laurent Mischkind,False,True,False,True,36.0,UNKNOWN,,,"""Laurent Mischkind"" ""Koh-Lanta"" Koh-Lanta : L'Île au trésor 2016","""Laurent Mischkind"" ""Koh-Lanta"" candidat candidate homme femme","""Laurent Mischkind"" ""Koh-Lanta"" 2016 portrait métier profession","""Laurent Mischkind"" ""Koh-Lanta"" sport entrainement musclé athlétique",HIGH,"Rechercher: profession exacte, pratique sportive, intensité, musculature pour Laurent Mischkind (Koh-Lanta : L'Île au trésor, 2016)",NOT_STARTED,A_REVOIR
KL31::jean-luc duboscq,KL31,Koh-Lanta : L'Île au trésor,2016,Jean-Luc Duboscq,False,True,False,True,50.0,UNKNOWN,,,"""Jean-Luc Duboscq"" ""Koh-Lanta"" Koh-Lanta : L'Île au trésor 2016","""Jean-Luc Duboscq"" ""Koh-Lanta"" candidat candidate homme femme","""Jean-Luc Duboscq"" ""Koh-Lanta"" 2016 portrait métier profession","""Jean-Luc Duboscq"" ""Koh-Lanta"" sport entrainement musclé athlétique",HIGH,"Rechercher: profession exacte, pratique sportive, intensité, musculature pour Jean-Luc Duboscq (Koh-Lanta : L'Île au trésor, 2016)",NOT_STARTED,A_REVOIR
KL31::jérôme merlier,KL31,Koh-Lanta : L'Île au trésor,2016,Jérôme Merlier,False,True,False,True,44.0,UNKNOWN,,,"""Jérôme Merlier"" ""Koh-Lanta"" Koh-Lanta : L'Île au trésor 2016","""Jérôme Merlier"" ""Koh-Lanta"" candidat candidate homme femme","""Jérôme Merlier"" ""Koh-Lanta"" 2016 portrait métier profession","""Jérôme Merlier"" ""Koh-Lanta"" sport entrainement musclé athlétique",HIGH,"Rechercher: profession exacte, pratique sportive, intensité, musculature pour Jérôme Merlier (Koh-Lanta : L'Île au trésor, 2016)",NOT_STARTED,A_REVOIR
"KL31::laurent ""lau"" émilien",KL31,Koh-Lanta : L'Île au trésor,2016,"Laurent ""Lau"" Émilien",False,True,False,True,30.0,UNKNOWN,,,"""Laurent ""Lau"" Émilien"" ""Koh-Lanta"" Koh-Lanta : L'Île au trésor 2016","""Laurent ""Lau"" Émilien"" ""Koh-Lanta"" candidat candidate homme femme","""Laurent ""Lau"" Émilien"" ""Koh-Lanta"" 2016 portrait métier profession","""Laurent ""Lau"" Émilien"" ""Koh-Lanta"" sport entrainement musclé athlétique",HIGH,"Rechercher: profession exacte, pratique sportive, intensité, musculature pour Laurent ""Lau"" Émilien (Koh-Lanta : L'Île au trésor, 2016)",NOT_STARTED,A_REVOIR
KL31::béryl libault de la chevasnerie,KL31,Koh-Lanta : L'Île au trésor,2016,Béryl Libault de la Chevasnerie,False,True,False,True,30.0,UNKNOWN,,,"""Béryl Libault de la Chevasnerie"" ""Koh-Lanta"" Koh-Lanta : L'Île au trésor 2016","""Béryl Libault de la Chevasnerie"" ""Koh-Lanta"" candidat candidate homme femme","""Béryl Libault de la Chevasnerie"" ""Koh-Lanta"" 2016 portrait métier profession","""Béryl Libault de la Chevasnerie"" ""Koh-Lanta"" sport entrainement musclé athlétique",HIGH,"Rechercher: profession exacte, pratique sportive, intensité, musculature pour Béryl Libault de la Chevasnerie (Koh-Lanta : L'Île au trésor, 2016)",NOT_STARTED,A_REVOIR
KL31::alexandra pharisien,KL31,Koh-Lanta : L'Île au trésor,2016,Alexandra Pharisien,False,True,False,True,40.0,UNKNOWN,,,"""Alexandra Pharisien"" ""Koh-Lanta"" Koh-Lanta : L'Île au trésor 2016","""Alexandra Pharisien"" ""Koh-Lanta"" candidat candidate homme femme","""Alexandra Pharisien"" ""Koh-Lanta"" 2016 portrait métier profession","""Alexandra Pharisien"" ""Koh-Lanta"" sport entrainement musclé athlétique",HIGH,"Rechercher: profession exacte, pratique sportive, intensité, musculature pour Alexandra Pharisien (Koh-Lanta : L'Île au trésor, 2016)",NOT_STARTED,A_REVOIR
KL31::yannick delalleau,KL31,Koh-Lanta : L'Île au trésor,2016,Yannick Delalleau,False,True,False,True,41.0,UNKNOWN,,,"""Yannick Delalleau"" ""Koh-Lanta"" Koh-Lanta : L'Île au trésor 2016","""Yannick Delalleau"" ""Koh-Lanta"" candidat candidate homme femme","""Yannick Delalleau"" ""Koh-Lanta"" 2016 portrait métier profession","""Yannick Delalleau"" ""Koh-Lanta"" sport entrainement musclé athlétique",HIGH,"Rechercher: profession exacte, pratique sportive, intensité, musculature pour Yannick Delalleau (Koh-Lanta : L'Île au trésor, 2016)",NOT_STARTED,A_REVOIR
KL31::julie navarro-camilleri,KL31,Koh-Lanta : L'Île au trésor,2016,Julie Navarro-Camilleri,False,True,False,True,38.0,UNKNOWN,,,"""Julie Navarro-Camilleri"" ""Koh-Lanta"" Koh-Lanta : L'Île au trésor 2016","""Julie Navarro-Camilleri"" ""Koh-Lanta"" candidat candidate homme femme","""Julie Navarro-Camilleri"" ""Koh-Lanta"" 2016 portrait métier profession","""Julie Navarro-Camilleri"" ""Koh-Lanta"" sport entrainement musclé athlétique",HIGH,"Rechercher: profession exacte, pratique sportive, intensité, musculature pour Julie Navarro-Camilleri (Koh-Lanta : L'Île au trésor, 2016)",NOT_STARTED,A_REVOIR
KL31::jérémy raffin,KL31,Koh-Lanta : L'Île au trésor,2016,Jérémy Raffin,False,True,False,True,26.0,UNKNOWN,,,"""Jérémy Raffin"" ""Koh-Lanta"" Koh-Lanta : L'Île au trésor 2016","""Jérémy Raffin"" ""Koh-Lanta"" candidat candidate homme femme","""Jérémy Raffin"" ""Koh-Lanta"" 2016 portrait métier profession","""Jérémy Raffin"" ""Koh-Lanta"" sport entrainement musclé athlétique",HIGH,"Rechercher: profession exacte, pratique sportive, intensité, musculature pour Jérémy Raffin (Koh-Lanta : L'Île au trésor, 2016)",NOT_STARTED,A_REVOIR
KL31::stéphane cipolla,KL31,Koh-Lanta : L'Île au trésor,2016,Stéphane Cipolla,False,True,False,True,45.0,UNKNOWN,,,"""Stéphane Cipolla"" ""Koh-Lanta"" Koh-Lanta : L'Île au trésor 2016","""Stéphane Cipolla"" ""Koh-Lanta"" candidat candidate homme femme","""Stéphane Cipolla"" ""Koh-Lanta"" 2016 portrait métier profession","""Stéphane Cipolla"" ""Koh-Lanta"" sport entrainement musclé athlétique",HIGH,"Rechercher: profession exacte, pratique sportive, intensité, musculature pour Stéphane Cipolla (Koh-Lanta : L'Île au trésor, 2016)",NOT_STARTED,A_REVOIR
KL31::ludivine wiart,KL31,Koh-Lanta : L'Île au trésor,2016,Ludivine Wiart,False,True,False,True,31.0,UNKNOWN,,,"""Ludivine Wiart"" ""Koh-Lanta"" Koh-Lanta : L'Île au trésor 2016","""Ludivine Wiart"" ""Koh-Lanta"" candidat candidate homme femme","""Ludivine Wiart"" ""Koh-Lanta"" 2016 portrait métier profession","""Ludivine Wiart"" ""Koh-Lanta"" sport entrainement musclé athlétique",HIGH,"Rechercher: profession exacte, pratique sportive, intensité, musculature pour Ludivine Wiart (Koh-Lanta : L'Île au trésor, 2016)",NOT_STARTED,A_REVOIR
KL31::candice boisson,KL31,Koh-Lanta : L'Île au trésor,2016,Candice Boisson,False,True,False,True,19.0,UNKNOWN,,,"""Candice Boisson"" ""Koh-Lanta"" Koh-Lanta : L'Île au trésor 2016","""Candice Boisson"" ""Koh-Lanta"" candidat candidate homme femme","""Candice Boisson"" ""Koh-Lanta"" 2016 portrait métier profession","""Candice Boisson"" ""Koh-Lanta"" sport entrainement musclé athlétique",HIGH,"Rechercher: profession exacte, pratique sportive, intensité, musculature pour Candice Boisson (Koh-Lanta : L'Île au trésor, 2016)",NOT_STARTED,A_REVOIR
KL31::bruno troester,KL31,Koh-Lanta : L'Île au trésor,2016,Bruno Troester,False,True,False,True,56.0,UNKNOWN,,,"""Bruno Troester"" ""Koh-Lanta"" Koh-Lanta : L'Île au trésor 2016","""Bruno Troester"" ""Koh-Lanta"" candidat candidate homme femme","""Bruno Troester"" ""Koh-Lanta"" 2016 portrait métier profession","""Bruno Troester"" ""Koh-Lanta"" sport entrainement musclé athlétique",HIGH,"Rechercher: profession exacte, pratique sportive, intensité, musculature pour Bruno Troester (Koh-Lanta : L'Île au trésor, 2016)",NOT_STARTED,A_REVOIR
KL31::freddy bolzer,KL31,Koh-Lanta : L'Île au trésor,2016,Freddy Bolzer,False,True,False,True,28.0,UNKNOWN,,,"""Freddy Bolzer"" ""Koh-Lanta"" Koh-Lanta : L'Île au trésor 2016","""Freddy Bolzer"" ""Koh-Lanta"" candidat candidate homme femme","""Freddy Bolzer"" ""Koh-Lanta"" 2016 portrait métier profession","""Freddy Bolzer"" ""Koh-Lanta"" sport entrainement musclé athlétique",HIGH,"Rechercher: profession exacte, pratique sportive, intensité, musculature pour Freddy Bolzer (Koh-Lanta : L'Île au trésor, 2016)",NOT_STARTED,A_REVOIR
KL31::jesta hillmann,KL31,Koh-Lanta : L'Île au trésor,2016,Jesta Hillmann,False,True,False,True,24.0,UNKNOWN,,,"""Jesta Hillmann"" ""Koh-Lanta"" Koh-Lanta : L'Île au trésor 2016","""Jesta Hillmann"" ""Koh-Lanta"" candidat candidate homme femme","""Jesta Hillmann"" ""Koh-Lanta"" 2016 portrait métier profession","""Jesta Hillmann"" ""Koh-Lanta"" sport entrainement musclé athlétique",HIGH,"Rechercher: profession exacte, pratique sportive, intensité, musculature pour Jesta Hillmann (Koh-Lanta : L'Île au trésor, 2016)",NOT_STARTED,A_REVOIR
KL31::benoît assadi,KL31,Koh-Lanta : L'Île au trésor,2016,Benoît Assadi,False,True,False,True,22.0,UNKNOWN,,,"""Benoît Assadi"" ""Koh-Lanta"" Koh-Lanta : L'Île au trésor 2016","""Benoît Assadi"" ""Koh-Lanta"" candidat candidate homme femme","""Benoît Assadi"" ""Koh-Lanta"" 2016 portrait métier profession","""Benoît Assadi"" ""Koh-Lanta"" sport entrainement musclé athlétique",HIGH,"Rechercher: profession exacte, pratique sportive, intensité, musculature pour Benoît Assadi (Koh-Lanta : L'Île au trésor, 2016)",NOT_STARTED,A_REVOIR
KL22::aliséa,KL22,Koh-Lanta : La Guerre des Chefs,2019,Aliséa,False,True,False,True,20.0,UNKNOWN,,,"""Aliséa"" ""Koh-Lanta"" Koh-Lanta : La Guerre des Chefs 2019","""Aliséa"" ""Koh-Lanta"" candidat candidate homme femme","""Aliséa"" ""Koh-Lanta"" 2019 portrait métier profession","""Aliséa"" ""Koh-Lanta"" sport entrainement musclé athlétique",HIGH,"Rechercher: profession exacte, pratique sportive, intensité, musculature pour Aliséa (Koh-Lanta : La Guerre des Chefs, 2019)",NOT_STARTED,A_REVOIR
KL22::carinne,KL22,Koh-Lanta : La Guerre des Chefs,2019,Carinne,False,True,False,True,45.0,UNKNOWN,,,"""Carinne"" ""Koh-Lanta"" Koh-Lanta : La Guerre des Chefs 2019","""Carinne"" ""Koh-Lanta"" candidat candidate homme femme","""Carinne"" ""Koh-Lanta"" 2019 portrait métier profession","""Carinne"" ""Koh-Lanta"" sport entrainement musclé athlétique",HIGH,"Rechercher: profession exacte, pratique sportive, intensité, musculature pour Carinne (Koh-Lanta : La Guerre des Chefs, 2019)",NOT_STARTED,A_REVOIR
KL22::émilie,KL22,Koh-Lanta : La Guerre des Chefs,2019,Émilie,False,True,False,True,35.0,UNKNOWN,,,"""Émilie"" ""Koh-Lanta"" Koh-Lanta : La Guerre des Chefs 2019","""Émilie"" ""Koh-Lanta"" candidat candidate homme femme","""Émilie"" ""Koh-Lanta"" 2019 portrait métier profession","""Émilie"" ""Koh-Lanta"" sport entrainement musclé athlétique",HIGH,"Rechercher: profession exacte, pratique sportive, intensité, musculature pour Émilie (Koh-Lanta : La Guerre des Chefs, 2019)",NOT_STARTED,A_REVOIR
KL22::victor,KL22,Koh-Lanta : La Guerre des Chefs,2019,Victor,False,True,False,True,25.0,UNKNOWN,,,"""Victor"" ""Koh-Lanta"" Koh-Lanta : La Guerre des Chefs 2019","""Victor"" ""Koh-Lanta"" candidat candidate homme femme","""Victor"" ""Koh-Lanta"" 2019 portrait métier profession","""Victor"" ""Koh-Lanta"" sport entrainement musclé athlétique",HIGH,"Rechercher: profession exacte, pratique sportive, intensité, musculature pour Victor (Koh-Lanta : La Guerre des Chefs, 2019)",NOT_STARTED,A_REVOIR
KL22::chloé,KL22,Koh-Lanta : La Guerre des Chefs,2019,Chloé,False,True,False,True,32.0,UNKNOWN,,,"""Chloé"" ""Koh-Lanta"" Koh-Lanta : La Guerre des Chefs 2019","""Chloé"" ""Koh-Lanta"" candidat candidate homme femme","""Chloé"" ""Koh-Lanta"" 2019 portrait métier profession","""Chloé"" ""Koh-Lanta"" sport entrainement musclé athlétique",HIGH,"Rechercher: profession exacte, pratique sportive, intensité, musculature pour Chloé (Koh-Lanta : La Guerre des Chefs, 2019)",NOT_STARTED,A_REVOIR
KL22::xavier,KL22,Koh-Lanta : La Guerre des Chefs,2019,Xavier,False,True,False,True,53.0,UNKNOWN,,,"""Xavier"" ""Koh-Lanta"" Koh-Lanta : La Guerre des Chefs 2019","""Xavier"" ""Koh-Lanta"" candidat candidate homme femme","""Xavier"" ""Koh-Lanta"" 2019 portrait métier profession","""Xavier"" ""Koh-Lanta"" sport entrainement musclé athlétique",HIGH,"Rechercher: profession exacte, pratique sportive, intensité, musculature pour Xavier (Koh-Lanta : La Guerre des Chefs, 2019)",NOT_STARTED,A_REVOIR
KL22::frédéric,KL22,Koh-Lanta : La Guerre des Chefs,2019,Frédéric,False,True,False,True,52.0,UNKNOWN,,,"""Frédéric"" ""Koh-Lanta"" Koh-Lanta : La Guerre des Chefs 2019","""Frédéric"" ""Koh-Lanta"" candidat candidate homme femme","""Frédéric"" ""Koh-Lanta"" 2019 portrait métier profession","""Frédéric"" ""Koh-Lanta"" sport entrainement musclé athlétique",HIGH,"Rechercher: profession exacte, pratique sportive, intensité, musculature pour Frédéric (Koh-Lanta : La Guerre des Chefs, 2019)",NOT_STARTED,A_REVOIR
KL22::alexandre,KL22,Koh-Lanta : La Guerre des Chefs,2019,Alexandre,False,True,False,True,28.0,UNKNOWN,,,"""Alexandre"" ""Koh-Lanta"" Koh-Lanta : La Guerre des Chefs 2019","""Alexandre"" ""Koh-Lanta"" candidat candidate homme femme","""Alexandre"" ""Koh-Lanta"" 2019 portrait métier profession","""Alexandre"" ""Koh-Lanta"" sport entrainement musclé athlétique",HIGH,"Rechercher: profession exacte, pratique sportive, intensité, musculature pour Alexandre (Koh-Lanta : La Guerre des Chefs, 2019)",NOT_STARTED,A_REVOIR
KL22::béatrice,KL22,Koh-Lanta : La Guerre des Chefs,2019,Béatrice,False,True,False,True,28.0,UNKNOWN,,,"""Béatrice"" ""Koh-Lanta"" Koh-Lanta : La Guerre des Chefs 2019","""Béatrice"" ""Koh-Lanta"" candidat candidate homme femme","""Béatrice"" ""Koh-Lanta"" 2019 portrait métier profession","""Béatrice"" ""Koh-Lanta"" sport entrainement musclé athlétique",HIGH,"Rechercher: profession exacte, pratique sportive, intensité, musculature pour Béatrice (Koh-Lanta : La Guerre des Chefs, 2019)",NOT_STARTED,A_REVOIR
KL22::brice,KL22,Koh-Lanta : La Guerre des Chefs,2019,Brice,False,True,False,True,24.0,UNKNOWN,,,"""Brice"" ""Koh-Lanta"" Koh-Lanta : La Guerre des Chefs 2019","""Brice"" ""Koh-Lanta"" candidat candidate homme femme","""Brice"" ""Koh-Lanta"" 2019 portrait métier profession","""Brice"" ""Koh-Lanta"" sport entrainement musclé athlétique",HIGH,"Rechercher: profession exacte, pratique sportive, intensité, musculature pour Brice (Koh-Lanta : La Guerre des Chefs, 2019)",NOT_STARTED,A_REVOIR
KL22::sophie,KL22,Koh-Lanta : La Guerre des Chefs,2019,Sophie,False,True,False,True,34.0,UNKNOWN,,,"""Sophie"" ""Koh-Lanta"" Koh-Lanta : La Guerre des Chefs 2019","""Sophie"" ""Koh-Lanta"" candidat candidate homme femme","""Sophie"" ""Koh-Lanta"" 2019 portrait métier profession","""Sophie"" ""Koh-Lanta"" sport entrainement musclé athlétique",HIGH,"Rechercher: profession exacte, pratique sportive, intensité, musculature pour Sophie (Koh-Lanta : La Guerre des Chefs, 2019)",NOT_STARTED,A_REVOIR
KL22::angélique,KL22,Koh-Lanta : La Guerre des Chefs,2019,Angélique,False,True,False,True,24.0,UNKNOWN,,,"""Angélique"" ""Koh-Lanta"" Koh-Lanta : La Guerre des Chefs 2019","""Angélique"" ""Koh-Lanta"" candidat candidate homme femme","""Angélique"" ""Koh-Lanta"" 2019 portrait métier profession","""Angélique"" ""Koh-Lanta"" sport entrainement musclé athlétique",HIGH,"Rechercher: profession exacte, pratique sportive, intensité, musculature pour Angélique (Koh-Lanta : La Guerre des Chefs, 2019)",NOT_STARTED,A_REVOIR
KL22::mohamed,KL22,Koh-Lanta : La Guerre des Chefs,2019,Mohamed,False,True,False,True,37.0,UNKNOWN,,,"""Mohamed"" ""Koh-Lanta"" Koh-Lanta : La Guerre des Chefs 2019","""Mohamed"" ""Koh-Lanta"" candidat candidate homme femme","""Mohamed"" ""Koh-Lanta"" 2019 portrait métier profession","""Mohamed"" ""Koh-Lanta"" sport entrainement musclé athlétique",HIGH,"Rechercher: profession exacte, pratique sportive, intensité, musculature pour Mohamed (Koh-Lanta : La Guerre des Chefs, 2019)",NOT_STARTED,A_REVOIR
KL22::nicolas,KL22,Koh-Lanta : La Guerre des Chefs,2019,Nicolas,False,True,False,True,35.0,UNKNOWN,,,"""Nicolas"" ""Koh-Lanta"" Koh-Lanta : La Guerre des Chefs 2019","""Nicolas"" ""Koh-Lanta"" candidat candidate homme femme","""Nicolas"" ""Koh-Lanta"" 2019 portrait métier profession","""Nicolas"" ""Koh-Lanta"" sport entrainement musclé athlétique",HIGH,"Rechercher: profession exacte, pratique sportive, intensité, musculature pour Nicolas (Koh-Lanta : La Guerre des Chefs, 2019)",NOT_STARTED,A_REVOIR
KL22::maxime,KL22,Koh-Lanta : La Guerre des Chefs,2019,Maxime,False,True,False,True,32.0,UNKNOWN,,,"""Maxime"" ""Koh-Lanta"" Koh-Lanta : La Guerre des Chefs 2019","""Maxime"" ""Koh-Lanta"" candidat candidate homme femme","""Maxime"" ""Koh-Lanta"" 2019 portrait métier profession","""Maxime"" ""Koh-Lanta"" sport entrainement musclé athlétique",HIGH,"Rechercher: profession exacte, pratique sportive, intensité, musculature pour Maxime (Koh-Lanta : La Guerre des Chefs, 2019)",NOT_STARTED,A_REVOIR
KL22::cyril,KL22,Koh-Lanta : La Guerre des Chefs,2019,Cyril,False,True,False,True,37.0,UNKNOWN,,,"""Cyril"" ""Koh-Lanta"" Koh-Lanta : La Guerre des Chefs 2019","""Cyril"" ""Koh-Lanta"" candidat candidate homme femme","""Cyril"" ""Koh-Lanta"" 2019 portrait métier profession","""Cyril"" ""Koh-Lanta"" sport entrainement musclé athlétique",HIGH,"Rechercher: profession exacte, pratique sportive, intensité, musculature pour Cyril (Koh-Lanta : La Guerre des Chefs, 2019)",NOT_STARTED,A_REVOIR
KL22::clo,KL22,Koh-Lanta : La Guerre des Chefs,2019,Clo,False,True,False,True,28.0,UNKNOWN,,,"""Clo"" ""Koh-Lanta"" Koh-Lanta : La Guerre des Chefs 2019","""Clo"" ""Koh-Lanta"" candidat candidate homme femme","""Clo"" ""Koh-Lanta"" 2019 portrait métier profession","""Clo"" ""Koh-Lanta"" sport entrainement musclé athlétique",HIGH,"Rechercher: profession exacte, pratique sportive, intensité, musculature pour Clo (Koh-Lanta : La Guerre des Chefs, 2019)",NOT_STARTED,A_REVOIR
KL22::aurélien,KL22,Koh-Lanta : La Guerre des Chefs,2019,Aurélien,False,True,False,True,23.0,UNKNOWN,,,"""Aurélien"" ""Koh-Lanta"" Koh-Lanta : La Guerre des Chefs 2019","""Aurélien"" ""Koh-Lanta"" candidat candidate homme femme","""Aurélien"" ""Koh-Lanta"" 2019 portrait métier profession","""Aurélien"" ""Koh-Lanta"" sport entrainement musclé athlétique",HIGH,"Rechercher: profession exacte, pratique sportive, intensité, musculature pour Aurélien (Koh-Lanta : La Guerre des Chefs, 2019)",NOT_STARTED,A_REVOIR
KL22::steeve,KL22,Koh-Lanta : La Guerre des Chefs,2019,Steeve,False,True,False,True,46.0,UNKNOWN,,,"""Steeve"" ""Koh-Lanta"" Koh-Lanta : La Guerre des Chefs 2019","""Steeve"" ""Koh-Lanta"" candidat candidate homme femme","""Steeve"" ""Koh-Lanta"" 2019 portrait métier profession","""Steeve"" ""Koh-Lanta"" sport entrainement musclé athlétique",HIGH,"Rechercher: profession exacte, pratique sportive, intensité, musculature pour Steeve (Koh-Lanta : La Guerre des Chefs, 2019)",NOT_STARTED,A_REVOIR
KL22::cindy,KL22,Koh-Lanta : La Guerre des Chefs,2019,Cindy,False,True,False,True,31.0,UNKNOWN,,,"""Cindy"" ""Koh-Lanta"" Koh-Lanta : La Guerre des Chefs 2019","""Cindy"" ""Koh-Lanta"" candidat candidate homme femme","""Cindy"" ""Koh-Lanta"" 2019 portrait métier profession","""Cindy"" ""Koh-Lanta"" sport entrainement musclé athlétique",HIGH,"Rechercher: profession exacte, pratique sportive, intensité, musculature pour Cindy (Koh-Lanta : La Guerre des Chefs, 2019)",NOT_STARTED,A_REVOIR
KL22::maud,KL22,Koh-Lanta : La Guerre des Chefs,2019,Maud,False,True,False,True,50.0,UNKNOWN,,,"""Maud"" ""Koh-Lanta"" Koh-Lanta : La Guerre des Chefs 2019","""Maud"" ""Koh-Lanta"" candidat candidate homme femme","""Maud"" ""Koh-Lanta"" 2019 portrait métier profession","""Maud"" ""Koh-Lanta"" sport entrainement musclé athlétique",HIGH,"Rechercher: profession exacte, pratique sportive, intensité, musculature pour Maud (Koh-Lanta : La Guerre des Chefs, 2019)",NOT_STARTED,A_REVOIR
"KL25::céline ""lili"" gasnier",KL25,Koh-Lanta : Le Totem Maudit,2022,"Céline ""Lili"" Gasnier",False,True,False,True,40.0,UNKNOWN,,,"""Céline ""Lili"" Gasnier"" ""Koh-Lanta"" Koh-Lanta : Le Totem Maudit 2022","""Céline ""Lili"" Gasnier"" ""Koh-Lanta"" candidat candidate homme femme","""Céline ""Lili"" Gasnier"" ""Koh-Lanta"" 2022 portrait métier profession","""Céline ""Lili"" Gasnier"" ""Koh-Lanta"" sport entrainement musclé athlétique",HIGH,"Rechercher: profession exacte, pratique sportive, intensité, musculature pour Céline ""Lili"" Gasnier (Koh-Lanta : Le Totem Maudit, 2022)",NOT_STARTED,A_REVOIR
KL25::céline dufrenoy,KL25,Koh-Lanta : Le Totem Maudit,2022,Céline Dufrenoy,False,True,False,True,41.0,UNKNOWN,,,"""Céline Dufrenoy"" ""Koh-Lanta"" Koh-Lanta : Le Totem Maudit 2022","""Céline Dufrenoy"" ""Koh-Lanta"" candidat candidate homme femme","""Céline Dufrenoy"" ""Koh-Lanta"" 2022 portrait métier profession","""Céline Dufrenoy"" ""Koh-Lanta"" sport entrainement musclé athlétique",HIGH,"Rechercher: profession exacte, pratique sportive, intensité, musculature pour Céline Dufrenoy (Koh-Lanta : Le Totem Maudit, 2022)",NOT_STARTED,A_REVOIR
KL25::franck macia,KL25,Koh-Lanta : Le Totem Maudit,2022,Franck Macia,False,True,False,True,52.0,UNKNOWN,,,"""Franck Macia"" ""Koh-Lanta"" Koh-Lanta : Le Totem Maudit 2022","""Franck Macia"" ""Koh-Lanta"" candidat candidate homme femme","""Franck Macia"" ""Koh-Lanta"" 2022 portrait métier profession","""Franck Macia"" ""Koh-Lanta"" sport entrainement musclé athlétique",HIGH,"Rechercher: profession exacte, pratique sportive, intensité, musculature pour Franck Macia (Koh-Lanta : Le Totem Maudit, 2022)",NOT_STARTED,A_REVOIR
KL25::mattéo real,KL25,Koh-Lanta : Le Totem Maudit,2022,Mattéo Real,False,True,False,True,20.0,UNKNOWN,,,"""Mattéo Real"" ""Koh-Lanta"" Koh-Lanta : Le Totem Maudit 2022","""Mattéo Real"" ""Koh-Lanta"" candidat candidate homme femme","""Mattéo Real"" ""Koh-Lanta"" 2022 portrait métier profession","""Mattéo Real"" ""Koh-Lanta"" sport entrainement musclé athlétique",HIGH,"Rechercher: profession exacte, pratique sportive, intensité, musculature pour Mattéo Real (Koh-Lanta : Le Totem Maudit, 2022)",NOT_STARTED,A_REVOIR
KL25::samira aït-brahim,KL25,Koh-Lanta : Le Totem Maudit,2022,Samira Aït-Brahim,False,True,False,True,34.0,UNKNOWN,,,"""Samira Aït-Brahim"" ""Koh-Lanta"" Koh-Lanta : Le Totem Maudit 2022","""Samira Aït-Brahim"" ""Koh-Lanta"" candidat candidate homme femme","""Samira Aït-Brahim"" ""Koh-Lanta"" 2022 portrait métier profession","""Samira Aït-Brahim"" ""Koh-Lanta"" sport entrainement musclé athlétique",HIGH,"Rechercher: profession exacte, pratique sportive, intensité, musculature pour Samira Aït-Brahim (Koh-Lanta : Le Totem Maudit, 2022)",NOT_STARTED,A_REVOIR
KL25::benjamin breerette,KL25,Koh-Lanta : Le Totem Maudit,2022,Benjamin Breerette,False,True,False,True,24.0,UNKNOWN,,,"""Benjamin Breerette"" ""Koh-Lanta"" Koh-Lanta : Le Totem Maudit 2022","""Benjamin Breerette"" ""Koh-Lanta"" candidat candidate homme femme","""Benjamin Breerette"" ""Koh-Lanta"" 2022 portrait métier profession","""Benjamin Breerette"" ""Koh-Lanta"" sport entrainement musclé athlétique",HIGH,"Rechercher: profession exacte, pratique sportive, intensité, musculature pour Benjamin Breerette (Koh-Lanta : Le Totem Maudit, 2022)",NOT_STARTED,A_REVOIR
KL25::stéphanie tribot,KL25,Koh-Lanta : Le Totem Maudit,2022,Stéphanie Tribot,False,True,False,True,35.0,UNKNOWN,,,"""Stéphanie Tribot"" ""Koh-Lanta"" Koh-Lanta : Le Totem Maudit 2022","""Stéphanie Tribot"" ""Koh-Lanta"" candidat candidate homme femme","""Stéphanie Tribot"" ""Koh-Lanta"" 2022 portrait métier profession","""Stéphanie Tribot"" ""Koh-Lanta"" sport entrainement musclé athlétique",HIGH,"Rechercher: profession exacte, pratique sportive, intensité, musculature pour Stéphanie Tribot (Koh-Lanta : Le Totem Maudit, 2022)",NOT_STARTED,A_REVOIR
KL25::jean-philippe masy,KL25,Koh-Lanta : Le Totem Maudit,2022,Jean-Philippe Masy,False,True,False,True,36.0,UNKNOWN,,,"""Jean-Philippe Masy"" ""Koh-Lanta"" Koh-Lanta : Le Totem Maudit 2022","""Jean-Philippe Masy"" ""Koh-Lanta"" candidat candidate homme femme","""Jean-Philippe Masy"" ""Koh-Lanta"" 2022 portrait métier profession","""Jean-Philippe Masy"" ""Koh-Lanta"" sport entrainement musclé athlétique",HIGH,"Rechercher: profession exacte, pratique sportive, intensité, musculature pour Jean-Philippe Masy (Koh-Lanta : Le Totem Maudit, 2022)",NOT_STARTED,A_REVOIR
KL25::alexandra élizé,KL25,Koh-Lanta : Le Totem Maudit,2022,Alexandra Élizé,False,True,False,True,35.0,UNKNOWN,,,"""Alexandra Élizé"" ""Koh-Lanta"" Koh-Lanta : Le Totem Maudit 2022","""Alexandra Élizé"" ""Koh-Lanta"" candidat candidate homme femme","""Alexandra Élizé"" ""Koh-Lanta"" 2022 portrait métier profession","""Alexandra Élizé"" ""Koh-Lanta"" sport entrainement musclé athlétique",HIGH,"Rechercher: profession exacte, pratique sportive, intensité, musculature pour Alexandra Élizé (Koh-Lanta : Le Totem Maudit, 2022)",NOT_STARTED,A_REVOIR
KL25::setha el hajjami,KL25,Koh-Lanta : Le Totem Maudit,2022,Setha El Hajjami,False,True,False,True,35.0,UNKNOWN,,,"""Setha El Hajjami"" ""Koh-Lanta"" Koh-Lanta : Le Totem Maudit 2022","""Setha El Hajjami"" ""Koh-Lanta"" candidat candidate homme femme","""Setha El Hajjami"" ""Koh-Lanta"" 2022 portrait métier profession","""Setha El Hajjami"" ""Koh-Lanta"" sport entrainement musclé athlétique",HIGH,"Rechercher: profession exacte, pratique sportive, intensité, musculature pour Setha El Hajjami (Koh-Lanta : Le Totem Maudit, 2022)",NOT_STARTED,A_REVOIR
KL25::colin mottas,KL25,Koh-Lanta : Le Totem Maudit,2022,Colin Mottas,False,True,False,True,25.0,UNKNOWN,,,"""Colin Mottas"" ""Koh-Lanta"" Koh-Lanta : Le Totem Maudit 2022","""Colin Mottas"" ""Koh-Lanta"" candidat candidate homme femme","""Colin Mottas"" ""Koh-Lanta"" 2022 portrait métier profession","""Colin Mottas"" ""Koh-Lanta"" sport entrainement musclé athlétique",HIGH,"Rechercher: profession exacte, pratique sportive, intensité, musculature pour Colin Mottas (Koh-Lanta : Le Totem Maudit, 2022)",NOT_STARTED,A_REVOIR
KL25::pauline pourchaire,KL25,Koh-Lanta : Le Totem Maudit,2022,Pauline Pourchaire,False,True,False,True,24.0,UNKNOWN,,,"""Pauline Pourchaire"" ""Koh-Lanta"" Koh-Lanta : Le Totem Maudit 2022","""Pauline Pourchaire"" ""Koh-Lanta"" candidat candidate homme femme","""Pauline Pourchaire"" ""Koh-Lanta"" 2022 portrait métier profession","""Pauline Pourchaire"" ""Koh-Lanta"" sport entrainement musclé athlétique",HIGH,"Rechercher: profession exacte, pratique sportive, intensité, musculature pour Pauline Pourchaire (Koh-Lanta : Le Totem Maudit, 2022)",NOT_STARTED,A_REVOIR
KL25::yannick zachée,KL25,Koh-Lanta : Le Totem Maudit,2022,Yannick Zachée,False,True,False,True,34.0,UNKNOWN,,,"""Yannick Zachée"" ""Koh-Lanta"" Koh-Lanta : Le Totem Maudit 2022","""Yannick Zachée"" ""Koh-Lanta"" candidat candidate homme femme","""Yannick Zachée"" ""Koh-Lanta"" 2022 portrait métier profession","""Yannick Zachée"" ""Koh-Lanta"" sport entrainement musclé athlétique",HIGH,"Rechercher: profession exacte, pratique sportive, intensité, musculature pour Yannick Zachée (Koh-Lanta : Le Totem Maudit, 2022)",NOT_STARTED,A_REVOIR
KL25::anne-sophie mounier,KL25,Koh-Lanta : Le Totem Maudit,2022,Anne-Sophie Mounier,False,True,False,True,34.0,UNKNOWN,,,"""Anne-Sophie Mounier"" ""Koh-Lanta"" Koh-Lanta : Le Totem Maudit 2022","""Anne-Sophie Mounier"" ""Koh-Lanta"" candidat candidate homme femme","""Anne-Sophie Mounier"" ""Koh-Lanta"" 2022 portrait métier profession","""Anne-Sophie Mounier"" ""Koh-Lanta"" sport entrainement musclé athlétique",HIGH,"Rechercher: profession exacte, pratique sportive, intensité, musculature pour Anne-Sophie Mounier (Koh-Lanta : Le Totem Maudit, 2022)",NOT_STARTED,A_REVOIR
KL25::maxime tournoux,KL25,Koh-Lanta : Le Totem Maudit,2022,Maxime Tournoux,False,True,False,True,33.0,UNKNOWN,,,"""Maxime Tournoux"" ""Koh-Lanta"" Koh-Lanta : Le Totem Maudit 2022","""Maxime Tournoux"" ""Koh-Lanta"" candidat candidate homme femme","""Maxime Tournoux"" ""Koh-Lanta"" 2022 portrait métier profession","""Maxime Tournoux"" ""Koh-Lanta"" sport entrainement musclé athlétique",HIGH,"Rechercher: profession exacte, pratique sportive, intensité, musculature pour Maxime Tournoux (Koh-Lanta : Le Totem Maudit, 2022)",NOT_STARTED,A_REVOIR
KL25::louana roy,KL25,Koh-Lanta : Le Totem Maudit,2022,Louana Roy,False,True,False,True,28.0,UNKNOWN,,,"""Louana Roy"" ""Koh-Lanta"" Koh-Lanta : Le Totem Maudit 2022","""Louana Roy"" ""Koh-Lanta"" candidat candidate homme femme","""Louana Roy"" ""Koh-Lanta"" 2022 portrait métier profession","""Louana Roy"" ""Koh-Lanta"" sport entrainement musclé athlétique",HIGH,"Rechercher: profession exacte, pratique sportive, intensité, musculature pour Louana Roy (Koh-Lanta : Le Totem Maudit, 2022)",NOT_STARTED,A_REVOIR
KL25::fouzi ould bouamama,KL25,Koh-Lanta : Le Totem Maudit,2022,Fouzi Ould Bouamama,False,True,False,True,28.0,UNKNOWN,,,"""Fouzi Ould Bouamama"" ""Koh-Lanta"" Koh-Lanta : Le Totem Maudit 2022","""Fouzi Ould Bouamama"" ""Koh-Lanta"" candidat candidate homme femme","""Fouzi Ould Bouamama"" ""Koh-Lanta"" 2022 portrait métier profession","""Fouzi Ould Bouamama"" ""Koh-Lanta"" sport entrainement musclé athlétique",HIGH,"Rechercher: profession exacte, pratique sportive, intensité, musculature pour Fouzi Ould Bouamama (Koh-Lanta : Le Totem Maudit, 2022)",NOT_STARTED,A_REVOIR
KL25::nicolas bellon,KL25,Koh-Lanta : Le Totem Maudit,2022,Nicolas Bellon,False,True,False,True,39.0,UNKNOWN,,,"""Nicolas Bellon"" ""Koh-Lanta"" Koh-Lanta : Le Totem Maudit 2022","""Nicolas Bellon"" ""Koh-Lanta"" candidat candidate homme femme","""Nicolas Bellon"" ""Koh-Lanta"" 2022 portrait métier profession","""Nicolas Bellon"" ""Koh-Lanta"" sport entrainement musclé athlétique",HIGH,"Rechercher: profession exacte, pratique sportive, intensité, musculature pour Nicolas Bellon (Koh-Lanta : Le Totem Maudit, 2022)",NOT_STARTED,A_REVOIR
KL25::olga khokhlova,KL25,Koh-Lanta : Le Totem Maudit,2022,Olga Khokhlova,False,True,False,True,35.0,UNKNOWN,,,"""Olga Khokhlova"" ""Koh-Lanta"" Koh-Lanta : Le Totem Maudit 2022","""Olga Khokhlova"" ""Koh-Lanta"" candidat candidate homme femme","""Olga Khokhlova"" ""Koh-Lanta"" 2022 portrait métier profession","""Olga Khokhlova"" ""Koh-Lanta"" sport entrainement musclé athlétique",HIGH,"Rechercher: profession exacte, pratique sportive, intensité, musculature pour Olga Khokhlova (Koh-Lanta : Le Totem Maudit, 2022)",NOT_STARTED,A_REVOIR
KL25::ambre daudet,KL25,Koh-Lanta : Le Totem Maudit,2022,Ambre Daudet,False,True,False,True,27.0,UNKNOWN,,,"""Ambre Daudet"" ""Koh-Lanta"" Koh-Lanta : Le Totem Maudit 2022","""Ambre Daudet"" ""Koh-Lanta"" candidat candidate homme femme","""Ambre Daudet"" ""Koh-Lanta"" 2022 portrait métier profession","""Ambre Daudet"" ""Koh-Lanta"" sport entrainement musclé athlétique",HIGH,"Rechercher: profession exacte, pratique sportive, intensité, musculature pour Ambre Daudet (Koh-Lanta : Le Totem Maudit, 2022)",NOT_STARTED,A_REVOIR
KL25::jean-charles chatelus,KL25,Koh-Lanta : Le Totem Maudit,2022,Jean-Charles Chatelus,False,True,False,True,40.0,UNKNOWN,,,"""Jean-Charles Chatelus"" ""Koh-Lanta"" Koh-Lanta : Le Totem Maudit 2022","""Jean-Charles Chatelus"" ""Koh-Lanta"" candidat candidate homme femme","""Jean-Charles Chatelus"" ""Koh-Lanta"" 2022 portrait métier profession","""Jean-Charles Chatelus"" ""Koh-Lanta"" sport entrainement musclé athlétique",HIGH,"Rechercher: profession exacte, pratique sportive, intensité, musculature pour Jean-Charles Chatelus (Koh-Lanta : Le Totem Maudit, 2022)",NOT_STARTED,A_REVOIR
KL25::géraldine nicolle,KL25,Koh-Lanta : Le Totem Maudit,2022,Géraldine Nicolle,False,True,False,True,47.0,UNKNOWN,,,"""Géraldine Nicolle"" ""Koh-Lanta"" Koh-Lanta : Le Totem Maudit 2022","""Géraldine Nicolle"" ""Koh-Lanta"" candidat candidate homme femme","""Géraldine Nicolle"" ""Koh-Lanta"" 2022 portrait métier profession","""Géraldine Nicolle"" ""Koh-Lanta"" sport entrainement musclé athlétique",HIGH,"Rechercher: profession exacte, pratique sportive, intensité, musculature pour Géraldine Nicolle (Koh-Lanta : Le Totem Maudit, 2022)",NOT_STARTED,A_REVOIR
KL25::bastien san pedro,KL25,Koh-Lanta : Le Totem Maudit,2022,Bastien San Pedro,False,True,False,True,32.0,UNKNOWN,,,"""Bastien San Pedro"" ""Koh-Lanta"" Koh-Lanta : Le Totem Maudit 2022","""Bastien San Pedro"" ""Koh-Lanta"" candidat candidate homme femme","""Bastien San Pedro"" ""Koh-Lanta"" 2022 portrait métier profession","""Bastien San Pedro"" ""Koh-Lanta"" sport entrainement musclé athlétique",HIGH,"Rechercher: profession exacte, pratique sportive, intensité, musculature pour Bastien San Pedro (Koh-Lanta : Le Totem Maudit, 2022)",NOT_STARTED,A_REVOIR
KL25::françois descamp,KL25,Koh-Lanta : Le Totem Maudit,2022,François Descamp,False,True,False,True,38.0,UNKNOWN,,,"""François Descamp"" ""Koh-Lanta"" Koh-Lanta : Le Totem Maudit 2022","""François Descamp"" ""Koh-Lanta"" candidat candidate homme femme","""François Descamp"" ""Koh-Lanta"" 2022 portrait métier profession","""François Descamp"" ""Koh-Lanta"" sport entrainement musclé athlétique",HIGH,"Rechercher: profession exacte, pratique sportive, intensité, musculature pour François Descamp (Koh-Lanta : Le Totem Maudit, 2022)",NOT_STARTED,A_REVOIR
KL32::françois,KL32,Koh-Lanta : Les 4 Terres,2020,François,False,True,False,True,47.0,UNKNOWN,,,"""François"" ""Koh-Lanta"" Koh-Lanta : Les 4 Terres 2020","""François"" ""Koh-Lanta"" candidat candidate homme femme","""François"" ""Koh-Lanta"" 2020 portrait métier profession","""François"" ""Koh-Lanta"" sport entrainement musclé athlétique",HIGH,"Rechercher: profession exacte, pratique sportive, intensité, musculature pour François (Koh-Lanta : Les 4 Terres, 2020)",NOT_STARTED,A_REVOIR
KL32::carole,KL32,Koh-Lanta : Les 4 Terres,2020,Carole,False,True,False,True,52.0,UNKNOWN,,,"""Carole"" ""Koh-Lanta"" Koh-Lanta : Les 4 Terres 2020","""Carole"" ""Koh-Lanta"" candidat candidate homme femme","""Carole"" ""Koh-Lanta"" 2020 portrait métier profession","""Carole"" ""Koh-Lanta"" sport entrainement musclé athlétique",HIGH,"Rechercher: profession exacte, pratique sportive, intensité, musculature pour Carole (Koh-Lanta : Les 4 Terres, 2020)",NOT_STARTED,A_REVOIR
KL32::samuel,KL32,Koh-Lanta : Les 4 Terres,2020,Samuel,False,True,False,True,39.0,UNKNOWN,,,"""Samuel"" ""Koh-Lanta"" Koh-Lanta : Les 4 Terres 2020","""Samuel"" ""Koh-Lanta"" candidat candidate homme femme","""Samuel"" ""Koh-Lanta"" 2020 portrait métier profession","""Samuel"" ""Koh-Lanta"" sport entrainement musclé athlétique",HIGH,"Rechercher: profession exacte, pratique sportive, intensité, musculature pour Samuel (Koh-Lanta : Les 4 Terres, 2020)",NOT_STARTED,A_REVOIR
KL32::diane,KL32,Koh-Lanta : Les 4 Terres,2020,Diane,False,True,False,True,25.0,UNKNOWN,,,"""Diane"" ""Koh-Lanta"" Koh-Lanta : Les 4 Terres 2020","""Diane"" ""Koh-Lanta"" candidat candidate homme femme","""Diane"" ""Koh-Lanta"" 2020 portrait métier profession","""Diane"" ""Koh-Lanta"" sport entrainement musclé athlétique",HIGH,"Rechercher: profession exacte, pratique sportive, intensité, musculature pour Diane (Koh-Lanta : Les 4 Terres, 2020)",NOT_STARTED,A_REVOIR
KL32::estelle,KL32,Koh-Lanta : Les 4 Terres,2020,Estelle,False,True,False,True,47.0,UNKNOWN,,,"""Estelle"" ""Koh-Lanta"" Koh-Lanta : Les 4 Terres 2020","""Estelle"" ""Koh-Lanta"" candidat candidate homme femme","""Estelle"" ""Koh-Lanta"" 2020 portrait métier profession","""Estelle"" ""Koh-Lanta"" sport entrainement musclé athlétique",HIGH,"Rechercher: profession exacte, pratique sportive, intensité, musculature pour Estelle (Koh-Lanta : Les 4 Terres, 2020)",NOT_STARTED,A_REVOIR
KL32::mathieu,KL32,Koh-Lanta : Les 4 Terres,2020,Mathieu,False,True,False,True,31.0,UNKNOWN,,,"""Mathieu"" ""Koh-Lanta"" Koh-Lanta : Les 4 Terres 2020","""Mathieu"" ""Koh-Lanta"" candidat candidate homme femme","""Mathieu"" ""Koh-Lanta"" 2020 portrait métier profession","""Mathieu"" ""Koh-Lanta"" sport entrainement musclé athlétique",HIGH,"Rechercher: profession exacte, pratique sportive, intensité, musculature pour Mathieu (Koh-Lanta : Les 4 Terres, 2020)",NOT_STARTED,A_REVOIR
KL32::adrien,KL32,Koh-Lanta : Les 4 Terres,2020,Adrien,False,True,False,True,30.0,UNKNOWN,,,"""Adrien"" ""Koh-Lanta"" Koh-Lanta : Les 4 Terres 2020","""Adrien"" ""Koh-Lanta"" candidat candidate homme femme","""Adrien"" ""Koh-Lanta"" 2020 portrait métier profession","""Adrien"" ""Koh-Lanta"" sport entrainement musclé athlétique",HIGH,"Rechercher: profession exacte, pratique sportive, intensité, musculature pour Adrien (Koh-Lanta : Les 4 Terres, 2020)",NOT_STARTED,A_REVOIR
KL32::aubin,KL32,Koh-Lanta : Les 4 Terres,2020,Aubin,False,True,False,True,23.0,UNKNOWN,,,"""Aubin"" ""Koh-Lanta"" Koh-Lanta : Les 4 Terres 2020","""Aubin"" ""Koh-Lanta"" candidat candidate homme femme","""Aubin"" ""Koh-Lanta"" 2020 portrait métier profession","""Aubin"" ""Koh-Lanta"" sport entrainement musclé athlétique",HIGH,"Rechercher: profession exacte, pratique sportive, intensité, musculature pour Aubin (Koh-Lanta : Les 4 Terres, 2020)",NOT_STARTED,A_REVOIR
KL32::sébastien,KL32,Koh-Lanta : Les 4 Terres,2020,Sébastien,False,True,False,True,37.0,UNKNOWN,,,"""Sébastien"" ""Koh-Lanta"" Koh-Lanta : Les 4 Terres 2020","""Sébastien"" ""Koh-Lanta"" candidat candidate homme femme","""Sébastien"" ""Koh-Lanta"" 2020 portrait métier profession","""Sébastien"" ""Koh-Lanta"" sport entrainement musclé athlétique",HIGH,"Rechercher: profession exacte, pratique sportive, intensité, musculature pour Sébastien (Koh-Lanta : Les 4 Terres, 2020)",NOT_STARTED,A_REVOIR
KL32::marie-france,KL32,Koh-Lanta : Les 4 Terres,2020,Marie-France,False,True,False,True,49.0,UNKNOWN,,,"""Marie-France"" ""Koh-Lanta"" Koh-Lanta : Les 4 Terres 2020","""Marie-France"" ""Koh-Lanta"" candidat candidate homme femme","""Marie-France"" ""Koh-Lanta"" 2020 portrait métier profession","""Marie-France"" ""Koh-Lanta"" sport entrainement musclé athlétique",HIGH,"Rechercher: profession exacte, pratique sportive, intensité, musculature pour Marie-France (Koh-Lanta : Les 4 Terres, 2020)",NOT_STARTED,A_REVOIR
KL32::hadja,KL32,Koh-Lanta : Les 4 Terres,2020,Hadja,False,True,False,True,28.0,UNKNOWN,,,"""Hadja"" ""Koh-Lanta"" Koh-Lanta : Les 4 Terres 2020","""Hadja"" ""Koh-Lanta"" candidat candidate homme femme","""Hadja"" ""Koh-Lanta"" 2020 portrait métier profession","""Hadja"" ""Koh-Lanta"" sport entrainement musclé athlétique",HIGH,"Rechercher: profession exacte, pratique sportive, intensité, musculature pour Hadja (Koh-Lanta : Les 4 Terres, 2020)",NOT_STARTED,A_REVOIR
KL32::bertrand-kamal († décédé avant la finale),KL32,Koh-Lanta : Les 4 Terres,2020,Bertrand-Kamal († décédé avant la finale),False,True,False,True,30.0,UNKNOWN,,,"""Bertrand-Kamal († décédé avant la finale)"" ""Koh-Lanta"" Koh-Lanta : Les 4 Terres 2020","""Bertrand-Kamal († décédé avant la finale)"" ""Koh-Lanta"" candidat candidate homme femme","""Bertrand-Kamal († décédé avant la finale)"" ""Koh-Lanta"" 2020 portrait métier profession","""Bertrand-Kamal († décédé avant la finale)"" ""Koh-Lanta"" sport entrainement musclé athlétique",HIGH,"Rechercher: profession exacte, pratique sportive, intensité, musculature pour Bertrand-Kamal († décédé avant la finale) (Koh-Lanta : Les 4 Terres, 2020)",NOT_STARTED,A_REVOIR
KL32::joaquina,KL32,Koh-Lanta : Les 4 Terres,2020,Joaquina,False,True,False,True,38.0,UNKNOWN,,,"""Joaquina"" ""Koh-Lanta"" Koh-Lanta : Les 4 Terres 2020","""Joaquina"" ""Koh-Lanta"" candidat candidate homme femme","""Joaquina"" ""Koh-Lanta"" 2020 portrait métier profession","""Joaquina"" ""Koh-Lanta"" sport entrainement musclé athlétique",HIGH,"Rechercher: profession exacte, pratique sportive, intensité, musculature pour Joaquina (Koh-Lanta : Les 4 Terres, 2020)",NOT_STARTED,A_REVOIR
KL32::jody,KL32,Koh-Lanta : Les 4 Terres,2020,Jody,False,True,False,True,32.0,UNKNOWN,,,"""Jody"" ""Koh-Lanta"" Koh-Lanta : Les 4 Terres 2020","""Jody"" ""Koh-Lanta"" candidat candidate homme femme","""Jody"" ""Koh-Lanta"" 2020 portrait métier profession","""Jody"" ""Koh-Lanta"" sport entrainement musclé athlétique",HIGH,"Rechercher: profession exacte, pratique sportive, intensité, musculature pour Jody (Koh-Lanta : Les 4 Terres, 2020)",NOT_STARTED,A_REVOIR
KL32::laurent,KL32,Koh-Lanta : Les 4 Terres,2020,Laurent,False,True,False,True,48.0,UNKNOWN,,,"""Laurent"" ""Koh-Lanta"" Koh-Lanta : Les 4 Terres 2020","""Laurent"" ""Koh-Lanta"" candidat candidate homme femme","""Laurent"" ""Koh-Lanta"" 2020 portrait métier profession","""Laurent"" ""Koh-Lanta"" sport entrainement musclé athlétique",HIGH,"Rechercher: profession exacte, pratique sportive, intensité, musculature pour Laurent (Koh-Lanta : Les 4 Terres, 2020)",NOT_STARTED,A_REVOIR
KL32::alix,KL32,Koh-Lanta : Les 4 Terres,2020,Alix,False,True,False,True,28.0,UNKNOWN,,,"""Alix"" ""Koh-Lanta"" Koh-Lanta : Les 4 Terres 2020","""Alix"" ""Koh-Lanta"" candidat candidate homme femme","""Alix"" ""Koh-Lanta"" 2020 portrait métier profession","""Alix"" ""Koh-Lanta"" sport entrainement musclé athlétique",HIGH,"Rechercher: profession exacte, pratique sportive, intensité, musculature pour Alix (Koh-Lanta : Les 4 Terres, 2020)",NOT_STARTED,A_REVOIR
KL32::fabrice,KL32,Koh-Lanta : Les 4 Terres,2020,Fabrice,False,True,False,True,54.0,UNKNOWN,,,"""Fabrice"" ""Koh-Lanta"" Koh-Lanta : Les 4 Terres 2020","""Fabrice"" ""Koh-Lanta"" candidat candidate homme femme","""Fabrice"" ""Koh-Lanta"" 2020 portrait métier profession","""Fabrice"" ""Koh-Lanta"" sport entrainement musclé athlétique",HIGH,"Rechercher: profession exacte, pratique sportive, intensité, musculature pour Fabrice (Koh-Lanta : Les 4 Terres, 2020)",NOT_STARTED,A_REVOIR
KL32::ava,KL32,Koh-Lanta : Les 4 Terres,2020,Ava,False,True,False,True,26.0,UNKNOWN,,,"""Ava"" ""Koh-Lanta"" Koh-Lanta : Les 4 Terres 2020","""Ava"" ""Koh-Lanta"" candidat candidate homme femme","""Ava"" ""Koh-Lanta"" 2020 portrait métier profession","""Ava"" ""Koh-Lanta"" sport entrainement musclé athlétique",HIGH,"Rechercher: profession exacte, pratique sportive, intensité, musculature pour Ava (Koh-Lanta : Les 4 Terres, 2020)",NOT_STARTED,A_REVOIR
KL32::angélique,KL32,Koh-Lanta : Les 4 Terres,2020,Angélique,False,True,False,True,26.0,UNKNOWN,,,"""Angélique"" ""Koh-Lanta"" Koh-Lanta : Les 4 Terres 2020","""Angélique"" ""Koh-Lanta"" candidat candidate homme femme","""Angélique"" ""Koh-Lanta"" 2020 portrait métier profession","""Angélique"" ""Koh-Lanta"" sport entrainement musclé athlétique",HIGH,"Rechercher: profession exacte, pratique sportive, intensité, musculature pour Angélique (Koh-Lanta : Les 4 Terres, 2020)",NOT_STARTED,A_REVOIR
KL32::dorian,KL32,Koh-Lanta : Les 4 Terres,2020,Dorian,False,True,False,True,30.0,UNKNOWN,,,"""Dorian"" ""Koh-Lanta"" Koh-Lanta : Les 4 Terres 2020","""Dorian"" ""Koh-Lanta"" candidat candidate homme femme","""Dorian"" ""Koh-Lanta"" 2020 portrait métier profession","""Dorian"" ""Koh-Lanta"" sport entrainement musclé athlétique",HIGH,"Rechercher: profession exacte, pratique sportive, intensité, musculature pour Dorian (Koh-Lanta : Les 4 Terres, 2020)",NOT_STARTED,A_REVOIR
KL32::lola,KL32,Koh-Lanta : Les 4 Terres,2020,Lola,False,True,False,True,23.0,UNKNOWN,,,"""Lola"" ""Koh-Lanta"" Koh-Lanta : Les 4 Terres 2020","""Lola"" ""Koh-Lanta"" candidat candidate homme femme","""Lola"" ""Koh-Lanta"" 2020 portrait métier profession","""Lola"" ""Koh-Lanta"" sport entrainement musclé athlétique",HIGH,"Rechercher: profession exacte, pratique sportive, intensité, musculature pour Lola (Koh-Lanta : Les 4 Terres, 2020)",NOT_STARTED,A_REVOIR
KL32::loïc,KL32,Koh-Lanta : Les 4 Terres,2020,Loïc,False,True,False,True,20.0,UNKNOWN,,,"""Loïc"" ""Koh-Lanta"" Koh-Lanta : Les 4 Terres 2020","""Loïc"" ""Koh-Lanta"" candidat candidate homme femme","""Loïc"" ""Koh-Lanta"" 2020 portrait métier profession","""Loïc"" ""Koh-Lanta"" sport entrainement musclé athlétique",HIGH,"Rechercher: profession exacte, pratique sportive, intensité, musculature pour Loïc (Koh-Lanta : Les 4 Terres, 2020)",NOT_STARTED,A_REVOIR
KL32::brice,KL32,Koh-Lanta : Les 4 Terres,2020,Brice,False,True,False,True,22.0,UNKNOWN,,,"""Brice"" ""Koh-Lanta"" Koh-Lanta : Les 4 Terres 2020","""Brice"" ""Koh-Lanta"" candidat candidate homme femme","""Brice"" ""Koh-Lanta"" 2020 portrait métier profession","""Brice"" ""Koh-Lanta"" sport entrainement musclé athlétique",HIGH,"Rechercher: profession exacte, pratique sportive, intensité, musculature pour Brice (Koh-Lanta : Les 4 Terres, 2020)",NOT_STARTED,A_REVOIR
KL32::alexandra,KL32,Koh-Lanta : Les 4 Terres,2020,Alexandra,False,True,False,True,32.0,UNKNOWN,,,"""Alexandra"" ""Koh-Lanta"" Koh-Lanta : Les 4 Terres 2020","""Alexandra"" ""Koh-Lanta"" candidat candidate homme femme","""Alexandra"" ""Koh-Lanta"" 2020 portrait métier profession","""Alexandra"" ""Koh-Lanta"" sport entrainement musclé athlétique",HIGH,"Rechercher: profession exacte, pratique sportive, intensité, musculature pour Alexandra (Koh-Lanta : Les 4 Terres, 2020)",NOT_STARTED,A_REVOIR
KL27::steve grenier,KL27,Koh-Lanta : Les Chasseurs d'Immunité,2024,Steve Grenier,False,True,False,True,34.0,UNKNOWN,,,"""Steve Grenier"" ""Koh-Lanta"" Koh-Lanta : Les Chasseurs d'Immunité 2024","""Steve Grenier"" ""Koh-Lanta"" candidat candidate homme femme","""Steve Grenier"" ""Koh-Lanta"" 2024 portrait métier profession","""Steve Grenier"" ""Koh-Lanta"" sport entrainement musclé athlétique",HIGH,"Rechercher: profession exacte, pratique sportive, intensité, musculature pour Steve Grenier (Koh-Lanta : Les Chasseurs d'Immunité, 2024)",NOT_STARTED,A_REVOIR
KL27::alicia bouly,KL27,Koh-Lanta : Les Chasseurs d'Immunité,2024,Alicia Bouly,False,True,False,True,23.0,UNKNOWN,,,"""Alicia Bouly"" ""Koh-Lanta"" Koh-Lanta : Les Chasseurs d'Immunité 2024","""Alicia Bouly"" ""Koh-Lanta"" candidat candidate homme femme","""Alicia Bouly"" ""Koh-Lanta"" 2024 portrait métier profession","""Alicia Bouly"" ""Koh-Lanta"" sport entrainement musclé athlétique",HIGH,"Rechercher: profession exacte, pratique sportive, intensité, musculature pour Alicia Bouly (Koh-Lanta : Les Chasseurs d'Immunité, 2024)",NOT_STARTED,A_REVOIR
KL27::nathalie suhard,KL27,Koh-Lanta : Les Chasseurs d'Immunité,2024,Nathalie Suhard,False,True,False,True,55.0,UNKNOWN,,,"""Nathalie Suhard"" ""Koh-Lanta"" Koh-Lanta : Les Chasseurs d'Immunité 2024","""Nathalie Suhard"" ""Koh-Lanta"" candidat candidate homme femme","""Nathalie Suhard"" ""Koh-Lanta"" 2024 portrait métier profession","""Nathalie Suhard"" ""Koh-Lanta"" sport entrainement musclé athlétique",HIGH,"Rechercher: profession exacte, pratique sportive, intensité, musculature pour Nathalie Suhard (Koh-Lanta : Les Chasseurs d'Immunité, 2024)",NOT_STARTED,A_REVOIR
KL27::william plancq,KL27,Koh-Lanta : Les Chasseurs d'Immunité,2024,William Plancq,False,True,False,True,62.0,UNKNOWN,,,"""William Plancq"" ""Koh-Lanta"" Koh-Lanta : Les Chasseurs d'Immunité 2024","""William Plancq"" ""Koh-Lanta"" candidat candidate homme femme","""William Plancq"" ""Koh-Lanta"" 2024 portrait métier profession","""William Plancq"" ""Koh-Lanta"" sport entrainement musclé athlétique",HIGH,"Rechercher: profession exacte, pratique sportive, intensité, musculature pour William Plancq (Koh-Lanta : Les Chasseurs d'Immunité, 2024)",NOT_STARTED,A_REVOIR
KL27::alexis tchernychev,KL27,Koh-Lanta : Les Chasseurs d'Immunité,2024,Alexis Tchernychev,False,True,False,True,21.0,UNKNOWN,,,"""Alexis Tchernychev"" ""Koh-Lanta"" Koh-Lanta : Les Chasseurs d'Immunité 2024","""Alexis Tchernychev"" ""Koh-Lanta"" candidat candidate homme femme","""Alexis Tchernychev"" ""Koh-Lanta"" 2024 portrait métier profession","""Alexis Tchernychev"" ""Koh-Lanta"" sport entrainement musclé athlétique",HIGH,"Rechercher: profession exacte, pratique sportive, intensité, musculature pour Alexis Tchernychev (Koh-Lanta : Les Chasseurs d'Immunité, 2024)",NOT_STARTED,A_REVOIR
KL27::émilie clavis,KL27,Koh-Lanta : Les Chasseurs d'Immunité,2024,Émilie Clavis,False,True,False,True,45.0,UNKNOWN,,,"""Émilie Clavis"" ""Koh-Lanta"" Koh-Lanta : Les Chasseurs d'Immunité 2024","""Émilie Clavis"" ""Koh-Lanta"" candidat candidate homme femme","""Émilie Clavis"" ""Koh-Lanta"" 2024 portrait métier profession","""Émilie Clavis"" ""Koh-Lanta"" sport entrainement musclé athlétique",HIGH,"Rechercher: profession exacte, pratique sportive, intensité, musculature pour Émilie Clavis (Koh-Lanta : Les Chasseurs d'Immunité, 2024)",NOT_STARTED,A_REVOIR
KL27::sarah diawara,KL27,Koh-Lanta : Les Chasseurs d'Immunité,2024,Sarah Diawara,False,True,False,True,34.0,UNKNOWN,,,"""Sarah Diawara"" ""Koh-Lanta"" Koh-Lanta : Les Chasseurs d'Immunité 2024","""Sarah Diawara"" ""Koh-Lanta"" candidat candidate homme femme","""Sarah Diawara"" ""Koh-Lanta"" 2024 portrait métier profession","""Sarah Diawara"" ""Koh-Lanta"" sport entrainement musclé athlétique",HIGH,"Rechercher: profession exacte, pratique sportive, intensité, musculature pour Sarah Diawara (Koh-Lanta : Les Chasseurs d'Immunité, 2024)",NOT_STARTED,A_REVOIR
KL27::maxime barbet,KL27,Koh-Lanta : Les Chasseurs d'Immunité,2024,Maxime Barbet,False,True,False,True,43.0,UNKNOWN,,,"""Maxime Barbet"" ""Koh-Lanta"" Koh-Lanta : Les Chasseurs d'Immunité 2024","""Maxime Barbet"" ""Koh-Lanta"" candidat candidate homme femme","""Maxime Barbet"" ""Koh-Lanta"" 2024 portrait métier profession","""Maxime Barbet"" ""Koh-Lanta"" sport entrainement musclé athlétique",HIGH,"Rechercher: profession exacte, pratique sportive, intensité, musculature pour Maxime Barbet (Koh-Lanta : Les Chasseurs d'Immunité, 2024)",NOT_STARTED,A_REVOIR
KL27::ricky poyet,KL27,Koh-Lanta : Les Chasseurs d'Immunité,2024,Ricky Poyet,False,True,False,True,23.0,UNKNOWN,,,"""Ricky Poyet"" ""Koh-Lanta"" Koh-Lanta : Les Chasseurs d'Immunité 2024","""Ricky Poyet"" ""Koh-Lanta"" candidat candidate homme femme","""Ricky Poyet"" ""Koh-Lanta"" 2024 portrait métier profession","""Ricky Poyet"" ""Koh-Lanta"" sport entrainement musclé athlétique",HIGH,"Rechercher: profession exacte, pratique sportive, intensité, musculature pour Ricky Poyet (Koh-Lanta : Les Chasseurs d'Immunité, 2024)",NOT_STARTED,A_REVOIR
KL27::léa notardonato,KL27,Koh-Lanta : Les Chasseurs d'Immunité,2024,Léa Notardonato,False,True,False,True,22.0,UNKNOWN,,,"""Léa Notardonato"" ""Koh-Lanta"" Koh-Lanta : Les Chasseurs d'Immunité 2024","""Léa Notardonato"" ""Koh-Lanta"" candidat candidate homme femme","""Léa Notardonato"" ""Koh-Lanta"" 2024 portrait métier profession","""Léa Notardonato"" ""Koh-Lanta"" sport entrainement musclé athlétique",HIGH,"Rechercher: profession exacte, pratique sportive, intensité, musculature pour Léa Notardonato (Koh-Lanta : Les Chasseurs d'Immunité, 2024)",NOT_STARTED,A_REVOIR
KL27::océane montenegro,KL27,Koh-Lanta : Les Chasseurs d'Immunité,2024,Océane Montenegro,False,True,False,True,35.0,UNKNOWN,,,"""Océane Montenegro"" ""Koh-Lanta"" Koh-Lanta : Les Chasseurs d'Immunité 2024","""Océane Montenegro"" ""Koh-Lanta"" candidat candidate homme femme","""Océane Montenegro"" ""Koh-Lanta"" 2024 portrait métier profession","""Océane Montenegro"" ""Koh-Lanta"" sport entrainement musclé athlétique",HIGH,"Rechercher: profession exacte, pratique sportive, intensité, musculature pour Océane Montenegro (Koh-Lanta : Les Chasseurs d'Immunité, 2024)",NOT_STARTED,A_REVOIR
KL27::cécile poprawa,KL27,Koh-Lanta : Les Chasseurs d'Immunité,2024,Cécile Poprawa,False,True,False,True,41.0,UNKNOWN,,,"""Cécile Poprawa"" ""Koh-Lanta"" Koh-Lanta : Les Chasseurs d'Immunité 2024","""Cécile Poprawa"" ""Koh-Lanta"" candidat candidate homme femme","""Cécile Poprawa"" ""Koh-Lanta"" 2024 portrait métier profession","""Cécile Poprawa"" ""Koh-Lanta"" sport entrainement musclé athlétique",HIGH,"Rechercher: profession exacte, pratique sportive, intensité, musculature pour Cécile Poprawa (Koh-Lanta : Les Chasseurs d'Immunité, 2024)",NOT_STARTED,A_REVOIR
KL27::sébastien cazaux returned to game,KL27,Koh-Lanta : Les Chasseurs d'Immunité,2024,Sébastien Cazaux Returned to Game,False,True,False,True,,UNKNOWN,,,"""Sébastien Cazaux Returned to Game"" ""Koh-Lanta"" Koh-Lanta : Les Chasseurs d'Immunité 2024","""Sébastien Cazaux Returned to Game"" ""Koh-Lanta"" candidat candidate homme femme","""Sébastien Cazaux Returned to Game"" ""Koh-Lanta"" 2024 portrait métier profession","""Sébastien Cazaux Returned to Game"" ""Koh-Lanta"" sport entrainement musclé athlétique",HIGH,"Rechercher: profession exacte, pratique sportive, intensité, musculature pour Sébastien Cazaux Returned to Game (Koh-Lanta : Les Chasseurs d'Immunité, 2024)",NOT_STARTED,A_REVOIR
KL27::aurélien dulau,KL27,Koh-Lanta : Les Chasseurs d'Immunité,2024,Aurélien Dulau,False,True,False,True,37.0,UNKNOWN,,,"""Aurélien Dulau"" ""Koh-Lanta"" Koh-Lanta : Les Chasseurs d'Immunité 2024","""Aurélien Dulau"" ""Koh-Lanta"" candidat candidate homme femme","""Aurélien Dulau"" ""Koh-Lanta"" 2024 portrait métier profession","""Aurélien Dulau"" ""Koh-Lanta"" sport entrainement musclé athlétique",HIGH,"Rechercher: profession exacte, pratique sportive, intensité, musculature pour Aurélien Dulau (Koh-Lanta : Les Chasseurs d'Immunité, 2024)",NOT_STARTED,A_REVOIR
KL27::jean belmonte,KL27,Koh-Lanta : Les Chasseurs d'Immunité,2024,Jean Belmonte,False,True,False,True,26.0,UNKNOWN,,,"""Jean Belmonte"" ""Koh-Lanta"" Koh-Lanta : Les Chasseurs d'Immunité 2024","""Jean Belmonte"" ""Koh-Lanta"" candidat candidate homme femme","""Jean Belmonte"" ""Koh-Lanta"" 2024 portrait métier profession","""Jean Belmonte"" ""Koh-Lanta"" sport entrainement musclé athlétique",HIGH,"Rechercher: profession exacte, pratique sportive, intensité, musculature pour Jean Belmonte (Koh-Lanta : Les Chasseurs d'Immunité, 2024)",NOT_STARTED,A_REVOIR
KL27::mégane rouland,KL27,Koh-Lanta : Les Chasseurs d'Immunité,2024,Mégane Rouland,False,True,False,True,28.0,UNKNOWN,,,"""Mégane Rouland"" ""Koh-Lanta"" Koh-Lanta : Les Chasseurs d'Immunité 2024","""Mégane Rouland"" ""Koh-Lanta"" candidat candidate homme femme","""Mégane Rouland"" ""Koh-Lanta"" 2024 portrait métier profession","""Mégane Rouland"" ""Koh-Lanta"" sport entrainement musclé athlétique",HIGH,"Rechercher: profession exacte, pratique sportive, intensité, musculature pour Mégane Rouland (Koh-Lanta : Les Chasseurs d'Immunité, 2024)",NOT_STARTED,A_REVOIR
KL27::david murail,KL27,Koh-Lanta : Les Chasseurs d'Immunité,2024,David Murail,False,True,False,True,36.0,UNKNOWN,,,"""David Murail"" ""Koh-Lanta"" Koh-Lanta : Les Chasseurs d'Immunité 2024","""David Murail"" ""Koh-Lanta"" candidat candidate homme femme","""David Murail"" ""Koh-Lanta"" 2024 portrait métier profession","""David Murail"" ""Koh-Lanta"" sport entrainement musclé athlétique",HIGH,"Rechercher: profession exacte, pratique sportive, intensité, musculature pour David Murail (Koh-Lanta : Les Chasseurs d'Immunité, 2024)",NOT_STARTED,A_REVOIR
KL27::sébastien cazaux,KL27,Koh-Lanta : Les Chasseurs d'Immunité,2024,Sébastien Cazaux,False,True,False,True,30.0,UNKNOWN,,,"""Sébastien Cazaux"" ""Koh-Lanta"" Koh-Lanta : Les Chasseurs d'Immunité 2024","""Sébastien Cazaux"" ""Koh-Lanta"" candidat candidate homme femme","""Sébastien Cazaux"" ""Koh-Lanta"" 2024 portrait métier profession","""Sébastien Cazaux"" ""Koh-Lanta"" sport entrainement musclé athlétique",HIGH,"Rechercher: profession exacte, pratique sportive, intensité, musculature pour Sébastien Cazaux (Koh-Lanta : Les Chasseurs d'Immunité, 2024)",NOT_STARTED,A_REVOIR
KL27::amri madani,KL27,Koh-Lanta : Les Chasseurs d'Immunité,2024,Amri Madani,False,True,False,True,42.0,UNKNOWN,,,"""Amri Madani"" ""Koh-Lanta"" Koh-Lanta : Les Chasseurs d'Immunité 2024","""Amri Madani"" ""Koh-Lanta"" candidat candidate homme femme","""Amri Madani"" ""Koh-Lanta"" 2024 portrait métier profession","""Amri Madani"" ""Koh-Lanta"" sport entrainement musclé athlétique",HIGH,"Rechercher: profession exacte, pratique sportive, intensité, musculature pour Amri Madani (Koh-Lanta : Les Chasseurs d'Immunité, 2024)",NOT_STARTED,A_REVOIR
KL27::pauline bonneil,KL27,Koh-Lanta : Les Chasseurs d'Immunité,2024,Pauline Bonneil,False,True,False,True,29.0,UNKNOWN,,,"""Pauline Bonneil"" ""Koh-Lanta"" Koh-Lanta : Les Chasseurs d'Immunité 2024","""Pauline Bonneil"" ""Koh-Lanta"" candidat candidate homme femme","""Pauline Bonneil"" ""Koh-Lanta"" 2024 portrait métier profession","""Pauline Bonneil"" ""Koh-Lanta"" sport entrainement musclé athlétique",HIGH,"Rechercher: profession exacte, pratique sportive, intensité, musculature pour Pauline Bonneil (Koh-Lanta : Les Chasseurs d'Immunité, 2024)",NOT_STARTED,A_REVOIR
KL27::julie rignault,KL27,Koh-Lanta : Les Chasseurs d'Immunité,2024,Julie Rignault,False,True,False,True,37.0,UNKNOWN,,,"""Julie Rignault"" ""Koh-Lanta"" Koh-Lanta : Les Chasseurs d'Immunité 2024","""Julie Rignault"" ""Koh-Lanta"" candidat candidate homme femme","""Julie Rignault"" ""Koh-Lanta"" 2024 portrait métier profession","""Julie Rignault"" ""Koh-Lanta"" sport entrainement musclé athlétique",HIGH,"Rechercher: profession exacte, pratique sportive, intensité, musculature pour Julie Rignault (Koh-Lanta : Les Chasseurs d'Immunité, 2024)",NOT_STARTED,A_REVOIR
KL27::meïssa seck,KL27,Koh-Lanta : Les Chasseurs d'Immunité,2024,Meïssa Seck,False,True,False,True,29.0,UNKNOWN,,,"""Meïssa Seck"" ""Koh-Lanta"" Koh-Lanta : Les Chasseurs d'Immunité 2024","""Meïssa Seck"" ""Koh-Lanta"" candidat candidate homme femme","""Meïssa Seck"" ""Koh-Lanta"" 2024 portrait métier profession","""Meïssa Seck"" ""Koh-Lanta"" sport entrainement musclé athlétique",HIGH,"Rechercher: profession exacte, pratique sportive, intensité, musculature pour Meïssa Seck (Koh-Lanta : Les Chasseurs d'Immunité, 2024)",NOT_STARTED,A_REVOIR
KL27::léa sahin,KL27,Koh-Lanta : Les Chasseurs d'Immunité,2024,Léa Sahin,False,True,False,True,40.0,UNKNOWN,,,"""Léa Sahin"" ""Koh-Lanta"" Koh-Lanta : Les Chasseurs d'Immunité 2024","""Léa Sahin"" ""Koh-Lanta"" candidat candidate homme femme","""Léa Sahin"" ""Koh-Lanta"" 2024 portrait métier profession","""Léa Sahin"" ""Koh-Lanta"" sport entrainement musclé athlétique",HIGH,"Rechercher: profession exacte, pratique sportive, intensité, musculature pour Léa Sahin (Koh-Lanta : Les Chasseurs d'Immunité, 2024)",NOT_STARTED,A_REVOIR
KL15::mélanie,KL15,Koh-Lanta : Malaisie,2012,Mélanie,False,True,False,True,30.0,UNKNOWN,,,"""Mélanie"" ""Koh-Lanta"" Koh-Lanta : Malaisie 2012","""Mélanie"" ""Koh-Lanta"" candidat candidate homme femme","""Mélanie"" ""Koh-Lanta"" 2012 portrait métier profession","""Mélanie"" ""Koh-Lanta"" sport entrainement musclé athlétique",HIGH,"Rechercher: profession exacte, pratique sportive, intensité, musculature pour Mélanie (Koh-Lanta : Malaisie, 2012)",NOT_STARTED,A_REVOIR
KL15::mickaël,KL15,Koh-Lanta : Malaisie,2012,Mickaël,False,True,False,True,57.0,UNKNOWN,,,"""Mickaël"" ""Koh-Lanta"" Koh-Lanta : Malaisie 2012","""Mickaël"" ""Koh-Lanta"" candidat candidate homme femme","""Mickaël"" ""Koh-Lanta"" 2012 portrait métier profession","""Mickaël"" ""Koh-Lanta"" sport entrainement musclé athlétique",HIGH,"Rechercher: profession exacte, pratique sportive, intensité, musculature pour Mickaël (Koh-Lanta : Malaisie, 2012)",NOT_STARTED,A_REVOIR
KL15::sara [ n 1 ],KL15,Koh-Lanta : Malaisie,2012,Sara [ N 1 ],False,True,False,True,42.0,UNKNOWN,,,"""Sara [ N 1 ]"" ""Koh-Lanta"" Koh-Lanta : Malaisie 2012","""Sara [ N 1 ]"" ""Koh-Lanta"" candidat candidate homme femme","""Sara [ N 1 ]"" ""Koh-Lanta"" 2012 portrait métier profession","""Sara [ N 1 ]"" ""Koh-Lanta"" sport entrainement musclé athlétique",HIGH,"Rechercher: profession exacte, pratique sportive, intensité, musculature pour Sara [ N 1 ] (Koh-Lanta : Malaisie, 2012)",NOT_STARTED,A_REVOIR
KL15::nadine,KL15,Koh-Lanta : Malaisie,2012,Nadine,False,True,False,True,57.0,UNKNOWN,,,"""Nadine"" ""Koh-Lanta"" Koh-Lanta : Malaisie 2012","""Nadine"" ""Koh-Lanta"" candidat candidate homme femme","""Nadine"" ""Koh-Lanta"" 2012 portrait métier profession","""Nadine"" ""Koh-Lanta"" sport entrainement musclé athlétique",HIGH,"Rechercher: profession exacte, pratique sportive, intensité, musculature pour Nadine (Koh-Lanta : Malaisie, 2012)",NOT_STARTED,A_REVOIR
KL15::élodie,KL15,Koh-Lanta : Malaisie,2012,Élodie,False,True,False,True,36.0,UNKNOWN,,,"""Élodie"" ""Koh-Lanta"" Koh-Lanta : Malaisie 2012","""Élodie"" ""Koh-Lanta"" candidat candidate homme femme","""Élodie"" ""Koh-Lanta"" 2012 portrait métier profession","""Élodie"" ""Koh-Lanta"" sport entrainement musclé athlétique",HIGH,"Rechercher: profession exacte, pratique sportive, intensité, musculature pour Élodie (Koh-Lanta : Malaisie, 2012)",NOT_STARTED,A_REVOIR
KL15::marie [ n 2 ],KL15,Koh-Lanta : Malaisie,2012,Marie [ N 2 ],False,True,False,True,23.0,UNKNOWN,,,"""Marie [ N 2 ]"" ""Koh-Lanta"" Koh-Lanta : Malaisie 2012","""Marie [ N 2 ]"" ""Koh-Lanta"" candidat candidate homme femme","""Marie [ N 2 ]"" ""Koh-Lanta"" 2012 portrait métier profession","""Marie [ N 2 ]"" ""Koh-Lanta"" sport entrainement musclé athlétique",HIGH,"Rechercher: profession exacte, pratique sportive, intensité, musculature pour Marie [ N 2 ] (Koh-Lanta : Malaisie, 2012)",NOT_STARTED,A_REVOIR
KL15::anthony,KL15,Koh-Lanta : Malaisie,2012,Anthony,False,True,False,True,24.0,UNKNOWN,,,"""Anthony"" ""Koh-Lanta"" Koh-Lanta : Malaisie 2012","""Anthony"" ""Koh-Lanta"" candidat candidate homme femme","""Anthony"" ""Koh-Lanta"" 2012 portrait métier profession","""Anthony"" ""Koh-Lanta"" sport entrainement musclé athlétique",HIGH,"Rechercher: profession exacte, pratique sportive, intensité, musculature pour Anthony (Koh-Lanta : Malaisie, 2012)",NOT_STARTED,A_REVOIR
KL15::javier [ n 3 ],KL15,Koh-Lanta : Malaisie,2012,Javier [ N 3 ],False,True,False,True,39.0,UNKNOWN,,,"""Javier [ N 3 ]"" ""Koh-Lanta"" Koh-Lanta : Malaisie 2012","""Javier [ N 3 ]"" ""Koh-Lanta"" candidat candidate homme femme","""Javier [ N 3 ]"" ""Koh-Lanta"" 2012 portrait métier profession","""Javier [ N 3 ]"" ""Koh-Lanta"" sport entrainement musclé athlétique",HIGH,"Rechercher: profession exacte, pratique sportive, intensité, musculature pour Javier [ N 3 ] (Koh-Lanta : Malaisie, 2012)",NOT_STARTED,A_REVOIR
KL15::namadia [ n 4 ],KL15,Koh-Lanta : Malaisie,2012,Namadia [ N 4 ],False,True,False,True,28.0,UNKNOWN,,,"""Namadia [ N 4 ]"" ""Koh-Lanta"" Koh-Lanta : Malaisie 2012","""Namadia [ N 4 ]"" ""Koh-Lanta"" candidat candidate homme femme","""Namadia [ N 4 ]"" ""Koh-Lanta"" 2012 portrait métier profession","""Namadia [ N 4 ]"" ""Koh-Lanta"" sport entrainement musclé athlétique",HIGH,"Rechercher: profession exacte, pratique sportive, intensité, musculature pour Namadia [ N 4 ] (Koh-Lanta : Malaisie, 2012)",NOT_STARTED,A_REVOIR
KL15::marylou,KL15,Koh-Lanta : Malaisie,2012,Marylou,False,True,False,True,22.0,UNKNOWN,,,"""Marylou"" ""Koh-Lanta"" Koh-Lanta : Malaisie 2012","""Marylou"" ""Koh-Lanta"" candidat candidate homme femme","""Marylou"" ""Koh-Lanta"" 2012 portrait métier profession","""Marylou"" ""Koh-Lanta"" sport entrainement musclé athlétique",HIGH,"Rechercher: profession exacte, pratique sportive, intensité, musculature pour Marylou (Koh-Lanta : Malaisie, 2012)",NOT_STARTED,A_REVOIR
KL15::catherine,KL15,Koh-Lanta : Malaisie,2012,Catherine,False,True,False,True,41.0,UNKNOWN,,,"""Catherine"" ""Koh-Lanta"" Koh-Lanta : Malaisie 2012","""Catherine"" ""Koh-Lanta"" candidat candidate homme femme","""Catherine"" ""Koh-Lanta"" 2012 portrait métier profession","""Catherine"" ""Koh-Lanta"" sport entrainement musclé athlétique",HIGH,"Rechercher: profession exacte, pratique sportive, intensité, musculature pour Catherine (Koh-Lanta : Malaisie, 2012)",NOT_STARTED,A_REVOIR
KL15::camille,KL15,Koh-Lanta : Malaisie,2012,Camille,False,True,False,True,18.0,UNKNOWN,,,"""Camille"" ""Koh-Lanta"" Koh-Lanta : Malaisie 2012","""Camille"" ""Koh-Lanta"" candidat candidate homme femme","""Camille"" ""Koh-Lanta"" 2012 portrait métier profession","""Camille"" ""Koh-Lanta"" sport entrainement musclé athlétique",HIGH,"Rechercher: profession exacte, pratique sportive, intensité, musculature pour Camille (Koh-Lanta : Malaisie, 2012)",NOT_STARTED,A_REVOIR
KL15::charles,KL15,Koh-Lanta : Malaisie,2012,Charles,False,True,False,True,20.0,UNKNOWN,,,"""Charles"" ""Koh-Lanta"" Koh-Lanta : Malaisie 2012","""Charles"" ""Koh-Lanta"" candidat candidate homme femme","""Charles"" ""Koh-Lanta"" 2012 portrait métier profession","""Charles"" ""Koh-Lanta"" sport entrainement musclé athlétique",HIGH,"Rechercher: profession exacte, pratique sportive, intensité, musculature pour Charles (Koh-Lanta : Malaisie, 2012)",NOT_STARTED,A_REVOIR
KL15::thierry,KL15,Koh-Lanta : Malaisie,2012,Thierry,False,True,False,True,44.0,UNKNOWN,,,"""Thierry"" ""Koh-Lanta"" Koh-Lanta : Malaisie 2012","""Thierry"" ""Koh-Lanta"" candidat candidate homme femme","""Thierry"" ""Koh-Lanta"" 2012 portrait métier profession","""Thierry"" ""Koh-Lanta"" sport entrainement musclé athlétique",HIGH,"Rechercher: profession exacte, pratique sportive, intensité, musculature pour Thierry (Koh-Lanta : Malaisie, 2012)",NOT_STARTED,A_REVOIR
KL15::myriam,KL15,Koh-Lanta : Malaisie,2012,Myriam,False,True,False,True,34.0,UNKNOWN,,,"""Myriam"" ""Koh-Lanta"" Koh-Lanta : Malaisie 2012","""Myriam"" ""Koh-Lanta"" candidat candidate homme femme","""Myriam"" ""Koh-Lanta"" 2012 portrait métier profession","""Myriam"" ""Koh-Lanta"" sport entrainement musclé athlétique",HIGH,"Rechercher: profession exacte, pratique sportive, intensité, musculature pour Myriam (Koh-Lanta : Malaisie, 2012)",NOT_STARTED,A_REVOIR
KL15::bernard,KL15,Koh-Lanta : Malaisie,2012,Bernard,False,True,False,True,60.0,UNKNOWN,,,"""Bernard"" ""Koh-Lanta"" Koh-Lanta : Malaisie 2012","""Bernard"" ""Koh-Lanta"" candidat candidate homme femme","""Bernard"" ""Koh-Lanta"" 2012 portrait métier profession","""Bernard"" ""Koh-Lanta"" sport entrainement musclé athlétique",HIGH,"Rechercher: profession exacte, pratique sportive, intensité, musculature pour Bernard (Koh-Lanta : Malaisie, 2012)",NOT_STARTED,A_REVOIR
KL15::philippe [ n 5 ],KL15,Koh-Lanta : Malaisie,2012,Philippe [ N 5 ],False,True,False,True,41.0,UNKNOWN,,,"""Philippe [ N 5 ]"" ""Koh-Lanta"" Koh-Lanta : Malaisie 2012","""Philippe [ N 5 ]"" ""Koh-Lanta"" candidat candidate homme femme","""Philippe [ N 5 ]"" ""Koh-Lanta"" 2012 portrait métier profession","""Philippe [ N 5 ]"" ""Koh-Lanta"" sport entrainement musclé athlétique",HIGH,"Rechercher: profession exacte, pratique sportive, intensité, musculature pour Philippe [ N 5 ] (Koh-Lanta : Malaisie, 2012)",NOT_STARTED,A_REVOIR
KL15::vanessa,KL15,Koh-Lanta : Malaisie,2012,Vanessa,False,True,False,True,37.0,UNKNOWN,,,"""Vanessa"" ""Koh-Lanta"" Koh-Lanta : Malaisie 2012","""Vanessa"" ""Koh-Lanta"" candidat candidate homme femme","""Vanessa"" ""Koh-Lanta"" 2012 portrait métier profession","""Vanessa"" ""Koh-Lanta"" sport entrainement musclé athlétique",HIGH,"Rechercher: profession exacte, pratique sportive, intensité, musculature pour Vanessa (Koh-Lanta : Malaisie, 2012)",NOT_STARTED,A_REVOIR
KL15::brice [ n 6 ],KL15,Koh-Lanta : Malaisie,2012,Brice [ N 6 ],False,True,False,True,30.0,UNKNOWN,,,"""Brice [ N 6 ]"" ""Koh-Lanta"" Koh-Lanta : Malaisie 2012","""Brice [ N 6 ]"" ""Koh-Lanta"" candidat candidate homme femme","""Brice [ N 6 ]"" ""Koh-Lanta"" 2012 portrait métier profession","""Brice [ N 6 ]"" ""Koh-Lanta"" sport entrainement musclé athlétique",HIGH,"Rechercher: profession exacte, pratique sportive, intensité, musculature pour Brice [ N 6 ] (Koh-Lanta : Malaisie, 2012)",NOT_STARTED,A_REVOIR
KL15::ugo [ n 7 ],KL15,Koh-Lanta : Malaisie,2012,Ugo [ N 7 ],False,True,False,True,30.0,UNKNOWN,,,"""Ugo [ N 7 ]"" ""Koh-Lanta"" Koh-Lanta : Malaisie 2012","""Ugo [ N 7 ]"" ""Koh-Lanta"" candidat candidate homme femme","""Ugo [ N 7 ]"" ""Koh-Lanta"" 2012 portrait métier profession","""Ugo [ N 7 ]"" ""Koh-Lanta"" sport entrainement musclé athlétique",HIGH,"Rechercher: profession exacte, pratique sportive, intensité, musculature pour Ugo [ N 7 ] (Koh-Lanta : Malaisie, 2012)",NOT_STARTED,A_REVOIR
KL13::lisa legouverneur,KL13,Koh-Lanta : Raja Ampat,2011,Lisa Legouverneur,False,True,False,True,25.0,UNKNOWN,,,"""Lisa Legouverneur"" ""Koh-Lanta"" Koh-Lanta : Raja Ampat 2011","""Lisa Legouverneur"" ""Koh-Lanta"" candidat candidate homme femme","""Lisa Legouverneur"" ""Koh-Lanta"" 2011 portrait métier profession","""Lisa Legouverneur"" ""Koh-Lanta"" sport entrainement musclé athlétique",HIGH,"Rechercher: profession exacte, pratique sportive, intensité, musculature pour Lisa Legouverneur (Koh-Lanta : Raja Ampat, 2011)",NOT_STARTED,A_REVOIR
KL13::catherine diard,KL13,Koh-Lanta : Raja Ampat,2011,Catherine Diard,False,True,False,True,53.0,UNKNOWN,,,"""Catherine Diard"" ""Koh-Lanta"" Koh-Lanta : Raja Ampat 2011","""Catherine Diard"" ""Koh-Lanta"" candidat candidate homme femme","""Catherine Diard"" ""Koh-Lanta"" 2011 portrait métier profession","""Catherine Diard"" ""Koh-Lanta"" sport entrainement musclé athlétique",HIGH,"Rechercher: profession exacte, pratique sportive, intensité, musculature pour Catherine Diard (Koh-Lanta : Raja Ampat, 2011)",NOT_STARTED,A_REVOIR
KL13::steve lemercier,KL13,Koh-Lanta : Raja Ampat,2011,Steve Lemercier,False,True,False,True,24.0,UNKNOWN,,,"""Steve Lemercier"" ""Koh-Lanta"" Koh-Lanta : Raja Ampat 2011","""Steve Lemercier"" ""Koh-Lanta"" candidat candidate homme femme","""Steve Lemercier"" ""Koh-Lanta"" 2011 portrait métier profession","""Steve Lemercier"" ""Koh-Lanta"" sport entrainement musclé athlétique",HIGH,"Rechercher: profession exacte, pratique sportive, intensité, musculature pour Steve Lemercier (Koh-Lanta : Raja Ampat, 2011)",NOT_STARTED,A_REVOIR
"KL13::gérard ""gégé"" icardi",KL13,Koh-Lanta : Raja Ampat,2011,"Gérard ""Gégé"" Icardi",False,True,False,True,65.0,UNKNOWN,,,"""Gérard ""Gégé"" Icardi"" ""Koh-Lanta"" Koh-Lanta : Raja Ampat 2011","""Gérard ""Gégé"" Icardi"" ""Koh-Lanta"" candidat candidate homme femme","""Gérard ""Gégé"" Icardi"" ""Koh-Lanta"" 2011 portrait métier profession","""Gérard ""Gégé"" Icardi"" ""Koh-Lanta"" sport entrainement musclé athlétique",HIGH,"Rechercher: profession exacte, pratique sportive, intensité, musculature pour Gérard ""Gégé"" Icardi (Koh-Lanta : Raja Ampat, 2011)",NOT_STARTED,A_REVOIR
"KL13::nawal ""naouel"" hadjaf",KL13,Koh-Lanta : Raja Ampat,2011,"Nawal ""Naouel"" Hadjaf",False,True,False,True,25.0,UNKNOWN,,,"""Nawal ""Naouel"" Hadjaf"" ""Koh-Lanta"" Koh-Lanta : Raja Ampat 2011","""Nawal ""Naouel"" Hadjaf"" ""Koh-Lanta"" candidat candidate homme femme","""Nawal ""Naouel"" Hadjaf"" ""Koh-Lanta"" 2011 portrait métier profession","""Nawal ""Naouel"" Hadjaf"" ""Koh-Lanta"" sport entrainement musclé athlétique",HIGH,"Rechercher: profession exacte, pratique sportive, intensité, musculature pour Nawal ""Naouel"" Hadjaf (Koh-Lanta : Raja Ampat, 2011)",NOT_STARTED,A_REVOIR
KL13::benoît mahieux,KL13,Koh-Lanta : Raja Ampat,2011,Benoît Mahieux,False,True,False,True,31.0,UNKNOWN,,,"""Benoît Mahieux"" ""Koh-Lanta"" Koh-Lanta : Raja Ampat 2011","""Benoît Mahieux"" ""Koh-Lanta"" candidat candidate homme femme","""Benoît Mahieux"" ""Koh-Lanta"" 2011 portrait métier profession","""Benoît Mahieux"" ""Koh-Lanta"" sport entrainement musclé athlétique",HIGH,"Rechercher: profession exacte, pratique sportive, intensité, musculature pour Benoît Mahieux (Koh-Lanta : Raja Ampat, 2011)",NOT_STARTED,A_REVOIR
KL13::délisia fettache,KL13,Koh-Lanta : Raja Ampat,2011,Délisia Fettache,False,True,False,True,21.0,UNKNOWN,,,"""Délisia Fettache"" ""Koh-Lanta"" Koh-Lanta : Raja Ampat 2011","""Délisia Fettache"" ""Koh-Lanta"" candidat candidate homme femme","""Délisia Fettache"" ""Koh-Lanta"" 2011 portrait métier profession","""Délisia Fettache"" ""Koh-Lanta"" sport entrainement musclé athlétique",HIGH,"Rechercher: profession exacte, pratique sportive, intensité, musculature pour Délisia Fettache (Koh-Lanta : Raja Ampat, 2011)",NOT_STARTED,A_REVOIR
KL13::caroline matteucci,KL13,Koh-Lanta : Raja Ampat,2011,Caroline Matteucci,False,True,False,True,40.0,UNKNOWN,,,"""Caroline Matteucci"" ""Koh-Lanta"" Koh-Lanta : Raja Ampat 2011","""Caroline Matteucci"" ""Koh-Lanta"" candidat candidate homme femme","""Caroline Matteucci"" ""Koh-Lanta"" 2011 portrait métier profession","""Caroline Matteucci"" ""Koh-Lanta"" sport entrainement musclé athlétique",HIGH,"Rechercher: profession exacte, pratique sportive, intensité, musculature pour Caroline Matteucci (Koh-Lanta : Raja Ampat, 2011)",NOT_STARTED,A_REVOIR
KL13::maxime boulet,KL13,Koh-Lanta : Raja Ampat,2011,Maxime Boulet,False,True,False,True,20.0,UNKNOWN,,,"""Maxime Boulet"" ""Koh-Lanta"" Koh-Lanta : Raja Ampat 2011","""Maxime Boulet"" ""Koh-Lanta"" candidat candidate homme femme","""Maxime Boulet"" ""Koh-Lanta"" 2011 portrait métier profession","""Maxime Boulet"" ""Koh-Lanta"" sport entrainement musclé athlétique",HIGH,"Rechercher: profession exacte, pratique sportive, intensité, musculature pour Maxime Boulet (Koh-Lanta : Raja Ampat, 2011)",NOT_STARTED,A_REVOIR
KL13::anthony amar,KL13,Koh-Lanta : Raja Ampat,2011,Anthony Amar,False,True,False,True,23.0,UNKNOWN,,,"""Anthony Amar"" ""Koh-Lanta"" Koh-Lanta : Raja Ampat 2011","""Anthony Amar"" ""Koh-Lanta"" candidat candidate homme femme","""Anthony Amar"" ""Koh-Lanta"" 2011 portrait métier profession","""Anthony Amar"" ""Koh-Lanta"" sport entrainement musclé athlétique",HIGH,"Rechercher: profession exacte, pratique sportive, intensité, musculature pour Anthony Amar (Koh-Lanta : Raja Ampat, 2011)",NOT_STARTED,A_REVOIR
KL13::olivier moenaert,KL13,Koh-Lanta : Raja Ampat,2011,Olivier Moenaert,False,True,False,True,43.0,UNKNOWN,,,"""Olivier Moenaert"" ""Koh-Lanta"" Koh-Lanta : Raja Ampat 2011","""Olivier Moenaert"" ""Koh-Lanta"" candidat candidate homme femme","""Olivier Moenaert"" ""Koh-Lanta"" 2011 portrait métier profession","""Olivier Moenaert"" ""Koh-Lanta"" sport entrainement musclé athlétique",HIGH,"Rechercher: profession exacte, pratique sportive, intensité, musculature pour Olivier Moenaert (Koh-Lanta : Raja Ampat, 2011)",NOT_STARTED,A_REVOIR
KL13::florence delbarre reuter,KL13,Koh-Lanta : Raja Ampat,2011,Florence Delbarre Reuter,False,True,False,True,39.0,UNKNOWN,,,"""Florence Delbarre Reuter"" ""Koh-Lanta"" Koh-Lanta : Raja Ampat 2011","""Florence Delbarre Reuter"" ""Koh-Lanta"" candidat candidate homme femme","""Florence Delbarre Reuter"" ""Koh-Lanta"" 2011 portrait métier profession","""Florence Delbarre Reuter"" ""Koh-Lanta"" sport entrainement musclé athlétique",HIGH,"Rechercher: profession exacte, pratique sportive, intensité, musculature pour Florence Delbarre Reuter (Koh-Lanta : Raja Ampat, 2011)",NOT_STARTED,A_REVOIR
KL13::virginie jarry,KL13,Koh-Lanta : Raja Ampat,2011,Virginie Jarry,False,True,False,True,32.0,UNKNOWN,,,"""Virginie Jarry"" ""Koh-Lanta"" Koh-Lanta : Raja Ampat 2011","""Virginie Jarry"" ""Koh-Lanta"" candidat candidate homme femme","""Virginie Jarry"" ""Koh-Lanta"" 2011 portrait métier profession","""Virginie Jarry"" ""Koh-Lanta"" sport entrainement musclé athlétique",HIGH,"Rechercher: profession exacte, pratique sportive, intensité, musculature pour Virginie Jarry (Koh-Lanta : Raja Ampat, 2011)",NOT_STARTED,A_REVOIR
KL13::patricia morel,KL13,Koh-Lanta : Raja Ampat,2011,Patricia Morel,False,True,False,True,36.0,UNKNOWN,,,"""Patricia Morel"" ""Koh-Lanta"" Koh-Lanta : Raja Ampat 2011","""Patricia Morel"" ""Koh-Lanta"" candidat candidate homme femme","""Patricia Morel"" ""Koh-Lanta"" 2011 portrait métier profession","""Patricia Morel"" ""Koh-Lanta"" sport entrainement musclé athlétique",HIGH,"Rechercher: profession exacte, pratique sportive, intensité, musculature pour Patricia Morel (Koh-Lanta : Raja Ampat, 2011)",NOT_STARTED,A_REVOIR
KL13::alexandra pouillon,KL13,Koh-Lanta : Raja Ampat,2011,Alexandra Pouillon,False,True,False,True,29.0,UNKNOWN,,,"""Alexandra Pouillon"" ""Koh-Lanta"" Koh-Lanta : Raja Ampat 2011","""Alexandra Pouillon"" ""Koh-Lanta"" candidat candidate homme femme","""Alexandra Pouillon"" ""Koh-Lanta"" 2011 portrait métier profession","""Alexandra Pouillon"" ""Koh-Lanta"" sport entrainement musclé athlétique",HIGH,"Rechercher: profession exacte, pratique sportive, intensité, musculature pour Alexandra Pouillon (Koh-Lanta : Raja Ampat, 2011)",NOT_STARTED,A_REVOIR
KL13::martin bazin,KL13,Koh-Lanta : Raja Ampat,2011,Martin Bazin,False,True,False,True,23.0,UNKNOWN,,,"""Martin Bazin"" ""Koh-Lanta"" Koh-Lanta : Raja Ampat 2011","""Martin Bazin"" ""Koh-Lanta"" candidat candidate homme femme","""Martin Bazin"" ""Koh-Lanta"" 2011 portrait métier profession","""Martin Bazin"" ""Koh-Lanta"" sport entrainement musclé athlétique",HIGH,"Rechercher: profession exacte, pratique sportive, intensité, musculature pour Martin Bazin (Koh-Lanta : Raja Ampat, 2011)",NOT_STARTED,A_REVOIR
KL13::ella gbezan,KL13,Koh-Lanta : Raja Ampat,2011,Ella Gbezan,False,True,False,True,24.0,UNKNOWN,,,"""Ella Gbezan"" ""Koh-Lanta"" Koh-Lanta : Raja Ampat 2011","""Ella Gbezan"" ""Koh-Lanta"" candidat candidate homme femme","""Ella Gbezan"" ""Koh-Lanta"" 2011 portrait métier profession","""Ella Gbezan"" ""Koh-Lanta"" sport entrainement musclé athlétique",HIGH,"Rechercher: profession exacte, pratique sportive, intensité, musculature pour Ella Gbezan (Koh-Lanta : Raja Ampat, 2011)",NOT_STARTED,A_REVOIR
KL13::laurent maistret,KL13,Koh-Lanta : Raja Ampat,2011,Laurent Maistret,False,True,False,True,29.0,UNKNOWN,,,"""Laurent Maistret"" ""Koh-Lanta"" Koh-Lanta : Raja Ampat 2011","""Laurent Maistret"" ""Koh-Lanta"" candidat candidate homme femme","""Laurent Maistret"" ""Koh-Lanta"" 2011 portrait métier profession","""Laurent Maistret"" ""Koh-Lanta"" sport entrainement musclé athlétique",HIGH,"Rechercher: profession exacte, pratique sportive, intensité, musculature pour Laurent Maistret (Koh-Lanta : Raja Ampat, 2011)",NOT_STARTED,A_REVOIR
KL13::teheiura teahui,KL13,Koh-Lanta : Raja Ampat,2011,Teheiura Teahui,False,True,False,True,32.0,UNKNOWN,,,"""Teheiura Teahui"" ""Koh-Lanta"" Koh-Lanta : Raja Ampat 2011","""Teheiura Teahui"" ""Koh-Lanta"" candidat candidate homme femme","""Teheiura Teahui"" ""Koh-Lanta"" 2011 portrait métier profession","""Teheiura Teahui"" ""Koh-Lanta"" sport entrainement musclé athlétique",HIGH,"Rechercher: profession exacte, pratique sportive, intensité, musculature pour Teheiura Teahui (Koh-Lanta : Raja Ampat, 2011)",NOT_STARTED,A_REVOIR
KL13::gérard urdampilleta,KL13,Koh-Lanta : Raja Ampat,2011,Gérard Urdampilleta,False,True,False,True,41.0,UNKNOWN,,,"""Gérard Urdampilleta"" ""Koh-Lanta"" Koh-Lanta : Raja Ampat 2011","""Gérard Urdampilleta"" ""Koh-Lanta"" candidat candidate homme femme","""Gérard Urdampilleta"" ""Koh-Lanta"" 2011 portrait métier profession","""Gérard Urdampilleta"" ""Koh-Lanta"" sport entrainement musclé athlétique",HIGH,"Rechercher: profession exacte, pratique sportive, intensité, musculature pour Gérard Urdampilleta (Koh-Lanta : Raja Ampat, 2011)",NOT_STARTED,A_REVOIR
