candidate_season_key,season_id,season_name,candidate_name,survival_time,departure_type_normalized,departure_category,departure_model_category,final_position_raw,proposed_departure_cause,proposed_confidence,proposal_reason,manual_final_cause,manual_review_status,source_url_1,source_excerpt_1,source_url_2,source_excerpt_2,source_quality,season_year,age,gender,physical_score,event,censored,returned_to_game,first_exit_order,final_exit_order,physical_score_confidence,gender_male,physical_score_available,complete_case_main_model,complete_case_physical_model,effective_departure_cause
KL13::ella gbezan,KL13,Koh-Lanta : Raja Ampat,Ella Gbezan,17.0,EPREUVE_ELIMINATOIRE,INDETERMINE,EPREUVE,Lost Challenge 8th jury member Day 40,FINALE_ORIENTATION,HIGH,Élimination pendant l'épreuve finale d'orientation.,FINALE_ORIENTATION,VALIDATED_FINAL_AUDIT_CORRECTION,https://kohlanta.fandom.com/fr/wiki/Koh-Lanta_%3A_Raja_Ampat,Ella est éliminée lors de l'épreuve finale d'orientation.,,,,,,,,,,,,,,,,,,FINALE_ORIENTATION
KL17::bruno peisey,KL17,Koh-Lanta : Johor,Bruno Peisey,17.0,EPREUVE_ELIMINATOIRE,INDETERMINE,EPREUVE,Lost Challenge 10th jury member Day 38,FINALE_ORIENTATION,HIGH,Élimination pendant l'épreuve finale d'orientation.,FINALE_ORIENTATION,VALIDATED_FINAL_AUDIT_CORRECTION,https://kohlanta.fandom.com/fr/wiki/Koh-Lanta_%3A_Johor,Bruno ne trouve pas de poignard lors de l'épreuve d'orientation et est éliminé.,,,,,,,,,,,,,,,,,,FINALE_ORIENTATION
KL18::cassandre girard,KL18,Koh-Lanta : Thaïlande,Cassandre Girard,9.0,DUEL_EXIL_PERDU,MECANIQUE_RETOUR,EPREUVE,Lost Duel 1st jury member Day 19,AMBASSADEURS,HIGH,"Le tirage au sort appartient ici au mécanisme des ambassadeurs, pas à une épreuve éliminatoire.",AMBASSADEURS,VALIDATED_FINAL_AUDIT_CORRECTION,https://kohlanta.fandom.com/fr/wiki/Koh-Lanta_%3A_Tha%C3%AFlande,Cassandre est éliminée au tirage au sort entre les ambassadeurs.,,,,,,,,,,,,,,,,,,AMBASSADEURS
KL18::cécilia siharaj,KL18,Koh-Lanta : Thaïlande,Cécilia Siharaj,18.0,EPREUVE_ELIMINATOIRE,EPREUVE,EPREUVE,Lost Challenge 10th jury member Day 38,FINALE_ORIENTATION,HIGH,Élimination pendant l'épreuve finale d'orientation.,FINALE_ORIENTATION,VALIDATED_FINAL_AUDIT_CORRECTION,https://kohlanta.fandom.com/fr/wiki/Koh-Lanta_%3A_Tha%C3%AFlande,Cécilia est éliminée lors de l'épreuve finale d'orientation.,,,,,,,,,,,,,,,,,,FINALE_ORIENTATION
KL27::nathalie suhard,KL27,Koh-Lanta : Les Chasseurs d'Immunité,Nathalie Suhard,3.0,EPREUVE_ELIMINATOIRE,EPREUVE,EPREUVE,Lost Duel Day 7,ELIMINATION_CHALLENGE,HIGH,departure_type_normalized=EPREUVE_ELIMINATOIRE,,AUTO_ACCEPT_CANDIDATE,,,,,,,,,,,,,,,,,,,,ELIMINATION_CHALLENGE
KL27::amri madani,KL27,Koh-Lanta : Les Chasseurs d'Immunité,Amri Madani,19.0,EPREUVE_ELIMINATOIRE,EPREUVE,EPREUVE,Lost Challenge 9th Jury Member Day 37,FINALE_ORIENTATION,HIGH,Élimination pendant l'épreuve finale d'orientation.,FINALE_ORIENTATION,VALIDATED_FINAL_AUDIT_CORRECTION,https://kohlanta.fandom.com/fr/wiki/Koh-Lanta_%3A_Les_Chasseurs_d%27Immunit%C3%A9,Amri est éliminé lors de l'épreuve finale d'orientation.,,,,,,,,,,,,,,,,,,FINALE_ORIENTATION
KL27::pauline bonneil,KL27,Koh-Lanta : Les Chasseurs d'Immunité,Pauline Bonneil,20.0,EPREUVE_ELIMINATOIRE,EPREUVE,EPREUVE,Lost Challenge 10th Jury Member Day 37,FINALE_ORIENTATION,HIGH,Élimination pendant l'épreuve finale d'orientation.,FINALE_ORIENTATION,VALIDATED_FINAL_AUDIT_CORRECTION,https://kohlanta.fandom.com/fr/wiki/Koh-Lanta_%3A_Les_Chasseurs_d%27Immunit%C3%A9,Pauline est éliminée lors de l'épreuve finale d'orientation.,,,,,,,,,,,,,,,,,,FINALE_ORIENTATION
KL31::jérôme merlier,KL31,Koh-Lanta : L'Île au trésor,Jérôme Merlier,7.0,EPREUVE_ELIMINATOIRE,EPREUVE,EPREUVE,Lost Duel Day 20,AMBASSADEURS,HIGH,Le tirage au sort appartient ici au mécanisme des ambassadeurs.,AMBASSADEURS,VALIDATED_FINAL_AUDIT_CORRECTION,https://kohlanta.fandom.com/fr/wiki/Koh-Lanta_%3A_L%27%C3%AEle_au_tr%C3%A9sor,Jérôme est éliminé au tirage au sort entre les deux ambassadeurs.,,,,,,,,,,,,,,,,,,AMBASSADEURS
KL31::julie navarro-camilleri,KL31,Koh-Lanta : L'Île au trésor,Julie Navarro-Camilleri,12.0,EPREUVE_ELIMINATOIRE,EPREUVE,EPREUVE,Lost Challenge 4th jury member Day 32,ELIMINATION_CHALLENGE,HIGH,departure_type_normalized=EPREUVE_ELIMINATOIRE,,AUTO_ACCEPT_CANDIDATE,,,,,,,,,,,,,,,,,,,,ELIMINATION_CHALLENGE
KL31::candice boisson,KL31,Koh-Lanta : L'Île au trésor,Candice Boisson,16.0,EPREUVE_ELIMINATOIRE,EPREUVE,EPREUVE,Lost Challenge 8th jury member Day 40,ELIMINATION_CHALLENGE,HIGH,departure_type_normalized=EPREUVE_ELIMINATOIRE,,AUTO_ACCEPT_CANDIDATE,,,,,,,,,,,,,,,,,,,,ELIMINATION_CHALLENGE
KL31::bruno troester,KL31,Koh-Lanta : L'Île au trésor,Bruno Troester,17.0,EPREUVE_ELIMINATOIRE,EPREUVE,EPREUVE,Lost Challenge 9th jury member Day 40,FINALE_ORIENTATION,HIGH,Élimination pendant l'épreuve finale d'orientation.,FINALE_ORIENTATION,VALIDATED_FINAL_AUDIT_CORRECTION,https://kohlanta.fandom.com/fr/wiki/Koh-Lanta_%3A_L%27%C3%AEle_au_tr%C3%A9sor,Bruno est éliminé lors de l'épreuve finale d'orientation.,,,,,,,,,,,,,,,,,,FINALE_ORIENTATION
KL01::guénaëlle biras,KL01,KL KL01,Guénaëlle Biras,15.0,FINALISTE,FIN_DE_JEU,AUTRE_SORTIE,FINALISTE,JURY_FINAL_DECISION,HIGH,Le candidat atteint le jury final mais perd la décision finale des jurés. Cette sortie est distincte de l'orientation et des poteaux.,JURY_FINAL_DECISION,VALIDATED_JURY_FINAL_DECISION,,,,,,,,,,,,,,,,,,,,JURY_FINAL_DECISION
KL02::nicolas roy,KL02,KL KL02,Nicolas Roy,15.0,FINALISTE,FIN_DE_JEU,AUTRE_SORTIE,FINALISTE,JURY_FINAL_DECISION,HIGH,Le candidat atteint le jury final mais perd la décision finale des jurés. Cette sortie est distincte de l'orientation et des poteaux.,JURY_FINAL_DECISION,VALIDATED_JURY_FINAL_DECISION,,,,,,,,,,,,,,,,,,,,JURY_FINAL_DECISION
KL08::frédéric favier,KL08,KL KL08,Frédéric Favier,16.0,FINALISTE,FIN_DE_JEU,AUTRE_SORTIE,FINALISTE,JURY_FINAL_DECISION,HIGH,Le candidat atteint le jury final mais perd la décision finale des jurés. Cette sortie est distincte de l'orientation et des poteaux.,JURY_FINAL_DECISION,VALIDATED_JURY_FINAL_DECISION,,,,,,,,,,,,,,,,,,,,JURY_FINAL_DECISION
KL13::teheiura teahui,KL13,Koh-Lanta : Raja Ampat,Teheiura Teahui,19.0,FINALISTE,FIN_DE_JEU,AUTRE_SORTIE,Runner-up Day 41,JURY_FINAL_DECISION,HIGH,Le candidat atteint le jury final mais perd la décision finale des jurés. Cette sortie est distincte de l'orientation et des poteaux.,JURY_FINAL_DECISION,VALIDATED_JURY_FINAL_DECISION,,,,,,,,,,,,,,,,,,,,JURY_FINAL_DECISION
KL15::brice [ n 6 ],KL15,Koh-Lanta : Malaisie,Brice [ N 6 ],19.0,FINALISTE,FIN_DE_JEU,AUTRE_SORTIE,Finaliste,JURY_FINAL_DECISION,HIGH,Le candidat atteint le jury final mais perd la décision finale des jurés. Cette sortie est distincte de l'orientation et des poteaux.,JURY_FINAL_DECISION,VALIDATED_JURY_FINAL_DECISION,,,,,,,,,,,,,,,,,,,,JURY_FINAL_DECISION
KL17::chantel ménard,KL17,Koh-Lanta : Johor,Chantel Ménard,19.0,FINALISTE,FIN_DE_JEU,AUTRE_SORTIE,Runner-up Day 40,JURY_FINAL_DECISION,HIGH,Le candidat atteint le jury final mais perd la décision finale des jurés. Cette sortie est distincte de l'orientation et des poteaux.,JURY_FINAL_DECISION,VALIDATED_JURY_FINAL_DECISION,,,,,,,,,,,,,,,,,,,,JURY_FINAL_DECISION
KL18::pascal salviani,KL18,Koh-Lanta : Thaïlande,Pascal Salviani,20.0,FINALISTE,FIN_DE_JEU,AUTRE_SORTIE,Runner-up Day 40,JURY_FINAL_DECISION,HIGH,Le candidat atteint le jury final mais perd la décision finale des jurés. Cette sortie est distincte de l'orientation et des poteaux.,JURY_FINAL_DECISION,VALIDATED_JURY_FINAL_DECISION,,,,,,,,,,,,,,,,,,,,JURY_FINAL_DECISION
KL22::cindy,KL22,Koh-Lanta : La Guerre des Chefs,Cindy,20.0,FINALISTE,FIN_DE_JEU,AUTRE_SORTIE,Finaliste [ 32 ] [source secondaire souhaitée],JURY_FINAL_DECISION,HIGH,Le candidat atteint le jury final mais perd la décision finale des jurés. Cette sortie est distincte de l'orientation et des poteaux.,JURY_FINAL_DECISION,VALIDATED_JURY_FINAL_DECISION,,,,,,,,,,,,,,,,,,,,JURY_FINAL_DECISION
KL25::géraldine nicolle,KL25,Koh-Lanta : Le Totem Maudit,Géraldine Nicolle,22.0,FINALISTE,FIN_DE_JEU,AUTRE_SORTIE,Runner-Up Day 39,JURY_FINAL_DECISION,HIGH,Le candidat atteint le jury final mais perd la décision finale des jurés. Cette sortie est distincte de l'orientation et des poteaux.,JURY_FINAL_DECISION,VALIDATED_JURY_FINAL_DECISION,,,,,,,,,,,,,,,,,,,,JURY_FINAL_DECISION
KL26::tania,KL26,Koh-Lanta : Le Feu Sacré,Tania,19.0,FINALISTE,FIN_DE_JEU,AUTRE_SORTIE,Finaliste [ 28 ],JURY_FINAL_DECISION,HIGH,Le candidat atteint le jury final mais perd la décision finale des jurés. Cette sortie est distincte de l'orientation et des poteaux.,JURY_FINAL_DECISION,VALIDATED_JURY_FINAL_DECISION,,,,,,,,,,,,,,,,,,,,JURY_FINAL_DECISION
KL27::meïssa seck,KL27,Koh-Lanta : Les Chasseurs d'Immunité,Meïssa Seck,22.0,FINALISTE,FIN_DE_JEU,AUTRE_SORTIE,Runner-up Day 38,JURY_FINAL_DECISION,HIGH,Le candidat atteint le jury final mais perd la décision finale des jurés. Cette sortie est distincte de l'orientation et des poteaux.,JURY_FINAL_DECISION,VALIDATED_JURY_FINAL_DECISION,,,,,,,,,,,,,,,,,,,,JURY_FINAL_DECISION
KL29::maël,KL29,Koh-Lanta : La Revanche des 4 Terres,Maël,23.0,FINALISTE,FIN_DE_JEU,AUTRE_SORTIE,"Finaliste [ 72 ] , [ 73 ] , [ 74 ]",JURY_FINAL_DECISION,HIGH,Le candidat atteint le jury final mais perd la décision finale des jurés. Cette sortie est distincte de l'orientation et des poteaux.,JURY_FINAL_DECISION,VALIDATED_JURY_FINAL_DECISION,,,,,,,,,,,,,,,,,,,,JURY_FINAL_DECISION
KL31::jesta hillmann,KL31,Koh-Lanta : L'Île au trésor,Jesta Hillmann,19.0,FINALISTE,FIN_DE_JEU,AUTRE_SORTIE,Runner-up Day 42,JURY_FINAL_DECISION,HIGH,Le candidat atteint le jury final mais perd la décision finale des jurés. Cette sortie est distincte de l'orientation et des poteaux.,JURY_FINAL_DECISION,VALIDATED_JURY_FINAL_DECISION,,,,,,,,,,,,,,,,,,,,JURY_FINAL_DECISION
KL32::brice,KL32,Koh-Lanta : Les 4 Terres,Brice,23.0,FINALISTE,FIN_DE_JEU,AUTRE_SORTIE,"Finaliste [ 101 ] [source secondaire souhaitée] , [ 102 ] [source secondaire souhaitée] , [ 103 ] [source secondaire souhaitée]",JURY_FINAL_DECISION,HIGH,Le candidat atteint le jury final mais perd la décision finale des jurés. Cette sortie est distincte de l'orientation et des poteaux.,JURY_FINAL_DECISION,VALIDATED_JURY_FINAL_DECISION,,,,,,,,,,,,,,,,,,,,JURY_FINAL_DECISION
KL33::lucie,KL33,Koh-Lanta : Les Armes secrètes,Lucie,20.0,FINALISTE,FIN_DE_JEU,AUTRE_SORTIE,"Finaliste [ 110 ] , [ 111 ] , [ 112 ] , [ 113 ] , [ 114 ]",JURY_FINAL_DECISION,HIGH,Le candidat atteint le jury final mais perd la décision finale des jurés. Cette sortie est distincte de l'orientation et des poteaux.,JURY_FINAL_DECISION,VALIDATED_JURY_FINAL_DECISION,,,,,,,,,,,,,,,,,,,,JURY_FINAL_DECISION
KL13::virginie jarry,KL13,Koh-Lanta : Raja Ampat,Virginie Jarry,13.0,ABANDON_MEDICAL,INDETERMINE,AUTRE_SORTIE,Medically evacuated 4th jury member Day 33,MEDICAL,HIGH,departure_type_normalized=ABANDON_MEDICAL,,AUTO_ACCEPT_CANDIDATE,,,,,,,,,,,,,,,,,,,,MEDICAL
KL15::sara [ n 1 ],KL15,Koh-Lanta : Malaisie,Sara [ N 1 ],3.0,ABANDON_MEDICAL,INDETERMINE,AUTRE_SORTIE,Abandon médical,MEDICAL,HIGH,departure_type_normalized=ABANDON_MEDICAL,,AUTO_ACCEPT_CANDIDATE,,,,,,,,,,,,,,,,,,,,MEDICAL
KL15::charles,KL15,Koh-Lanta : Malaisie,Charles,13.0,ABANDON_MEDICAL,INDETERMINE,AUTRE_SORTIE,Abandon médical,MEDICAL,HIGH,departure_type_normalized=ABANDON_MEDICAL,,AUTO_ACCEPT_CANDIDATE,,,,,,,,,,,,,,,,,,,,MEDICAL
KL17::loïc crespin,KL17,Koh-Lanta : Johor,Loïc Crespin,5.0,ABANDON_MEDICAL,INDETERMINE,AUTRE_SORTIE,Medically evacuated Day 13,MEDICAL,HIGH,departure_type_normalized=ABANDON_MEDICAL,,AUTO_ACCEPT_CANDIDATE,,,,,,,,,,,,,,,,,,,,MEDICAL
KL17::margot perrot houwaer,KL17,Koh-Lanta : Johor,Margot Perrot Houwaer,7.0,ABANDON_MEDICAL,INDETERMINE,AUTRE_SORTIE,Medically evacuated Day 19,MEDICAL,HIGH,departure_type_normalized=ABANDON_MEDICAL,,AUTO_ACCEPT_CANDIDATE,,,,,,,,,,,,,,,,,,,,MEDICAL
KL17::corinne bargoin samuelian,KL17,Koh-Lanta : Johor,Corinne Bargoin Samuelian,9.0,ABANDON_MEDICAL,INDETERMINE,AUTRE_SORTIE,Medically evacuated 2nd jury member Day 21,MEDICAL,HIGH,departure_type_normalized=ABANDON_MEDICAL,,AUTO_ACCEPT_CANDIDATE,,,,,,,,,,,,,,,,,,,,MEDICAL
KL22::aliséa,KL22,Koh-Lanta : La Guerre des Chefs,Aliséa,1.0,ABANDON_MEDICAL,INDETERMINE,AUTRE_SORTIE,"Abandon médical [ 5 ] , [ 6 ]",MEDICAL,HIGH,departure_type_normalized=ABANDON_MEDICAL,,AUTO_ACCEPT_CANDIDATE,,,,,,,,,,,,,,,,,,,,MEDICAL
KL22::carinne,KL22,Koh-Lanta : La Guerre des Chefs,Carinne,2.0,ABANDON_MEDICAL,INDETERMINE,AUTRE_SORTIE,Abandon médical [ 7 ] [source secondaire souhaitée],MEDICAL,HIGH,departure_type_normalized=ABANDON_MEDICAL,,AUTO_ACCEPT_CANDIDATE,,,,,,,,,,,,,,,,,,,,MEDICAL
KL25::jean-philippe masy,KL25,Koh-Lanta : Le Totem Maudit,Jean-Philippe Masy,8.0,ABANDON_MEDICAL,INDETERMINE,AUTRE_SORTIE,Medically Evacuated Day 16,MEDICAL,HIGH,departure_type_normalized=ABANDON_MEDICAL,,AUTO_ACCEPT_CANDIDATE,,,,,,,,,,,,,,,,,,,,MEDICAL
KL26::martin,KL26,Koh-Lanta : Le Feu Sacré,Martin,6.0,ABANDON_MEDICAL,SANTE_ABANDON,AUTRE_SORTIE,Abandon médical [ 16 ],MEDICAL,HIGH,departure_type_normalized=ABANDON_MEDICAL,,AUTO_ACCEPT_CANDIDATE,,,,,,,,,,,,,,,,,,,,MEDICAL
KL27::jean belmonte,KL27,Koh-Lanta : Les Chasseurs d'Immunité,Jean Belmonte,15.0,ABANDON_MEDICAL,SANTE_ABANDON,AUTRE_SORTIE,Medically Evacuated 5th Jury Member Day 32,MEDICAL,HIGH,departure_type_normalized=ABANDON_MEDICAL,,AUTO_ACCEPT_CANDIDATE,,,,,,,,,,,,,,,,,,,,MEDICAL
KL29::allan,KL29,Koh-Lanta : La Revanche des 4 Terres,Allan,2.0,ABANDON_MEDICAL,SANTE_ABANDON,AUTRE_SORTIE,"Abandon médical [ 9 ] , [ 10 ] , [ 11 ]",MEDICAL,HIGH,departure_type_normalized=ABANDON_MEDICAL,,AUTO_ACCEPT_CANDIDATE,,,,,,,,,,,,,,,,,,,,MEDICAL
KL29::frédéric,KL29,Koh-Lanta : La Revanche des 4 Terres,Frédéric,11.0,ABANDON_MEDICAL,SANTE_ABANDON,AUTRE_SORTIE,"Abandon médical [ 36 ] , [ 37 ] , [ 38 ]",MEDICAL,HIGH,departure_type_normalized=ABANDON_MEDICAL,,AUTO_ACCEPT_CANDIDATE,,,,,,,,,,,,,,,,,,,,MEDICAL
KL32::françois,KL32,Koh-Lanta : Les 4 Terres,François,1.0,ABANDON_MEDICAL,INDETERMINE,AUTRE_SORTIE,"Abandon médical [ 17 ] [source secondaire souhaitée] , [ 18 ] [source secondaire souhaitée] , [ 19 ] [source secondaire souhaitée] , [ 20 ]",MEDICAL,HIGH,departure_type_normalized=ABANDON_MEDICAL,,AUTO_ACCEPT_CANDIDATE,,,,,,,,,,,,,,,,,,,,MEDICAL
KL32::samuel,KL32,Koh-Lanta : Les 4 Terres,Samuel,3.0,ABANDON_MEDICAL,INDETERMINE,AUTRE_SORTIE,"Abandon médical [ 24 ] [source secondaire souhaitée] , [ 25 ] [source secondaire souhaitée] , [ 26 ] [source secondaire souhaitée]",MEDICAL,HIGH,departure_type_normalized=ABANDON_MEDICAL,,AUTO_ACCEPT_CANDIDATE,,,,,,,,,,,,,,,,,,,,MEDICAL
KL33::gabin,KL33,Koh-Lanta : Les Armes secrètes,Gabin,5.0,ABANDON_MEDICAL,SANTE_ABANDON,AUTRE_SORTIE,"Abandon médical [ 36 ] , [ 37 ] , [ 38 ] , [ 39 ] , [ 40 ]",MEDICAL,HIGH,departure_type_normalized=ABANDON_MEDICAL,,AUTO_ACCEPT_CANDIDATE,,,,,,,,,,,,,,,,,,,,MEDICAL
KL01::marie,KL01,KL KL01,Marie,1.0,INDETERMINE,INDETERMINE,INDETERMINE,INDETERMINE,VOTE_CONSEIL,HIGH,Élimination décidée par vote au Conseil.,VOTE_CONSEIL,VALIDATED_BATCH_001,https://kohlanta.fandom.com/fr/wiki/Les_Aventuriers_de_Koh-Lanta_%28Saison_1%29,Le tableau de saison indique une élimination au conseil au jour 3.,,,SECONDARY_DATABASE,,,,,,,,,,,,,,,VOTE_CONSEIL
KL01::guillaume noël,KL01,KL KL01,Guillaume Noël,2.0,INDETERMINE,INDETERMINE,INDETERMINE,INDETERMINE,VOTE_CONSEIL,HIGH,Élimination décidée par vote au Conseil.,VOTE_CONSEIL,VALIDATED_BATCH_001,https://kohlanta.fandom.com/fr/wiki/Les_Aventuriers_de_Koh-Lanta_%28Saison_1%29,Le tableau de saison indique une élimination au conseil au jour 7.,,,SECONDARY_DATABASE,,,,,,,,,,,,,,,VOTE_CONSEIL
KL01::jean-luc,KL01,KL KL01,Jean-Luc,3.0,INDETERMINE,INDETERMINE,INDETERMINE,INDETERMINE,VOTE_CONSEIL,HIGH,Élimination décidée par vote au Conseil.,VOTE_CONSEIL,VALIDATED_BATCH_001,https://kohlanta.fandom.com/fr/wiki/Les_Aventuriers_de_Koh-Lanta_%28Saison_1%29,Le tableau de saison indique une élimination au conseil au jour 10.,,,SECONDARY_DATABASE,,,,,,,,,,,,,,,VOTE_CONSEIL
KL01::gaël,KL01,KL KL01,Gaël,4.0,INDETERMINE,INDETERMINE,INDETERMINE,INDETERMINE,VOTE_CONSEIL,HIGH,Élimination décidée par vote au Conseil.,VOTE_CONSEIL,VALIDATED_BATCH_001,https://kohlanta.fandom.com/fr/wiki/Les_Aventuriers_de_Koh-Lanta_%28Saison_1%29,Le tableau de saison indique une élimination au conseil au jour 13.,,,SECONDARY_DATABASE,,,,,,,,,,,,,,,VOTE_CONSEIL
KL01::harry,KL01,KL KL01,Harry,5.0,INDETERMINE,INDETERMINE,INDETERMINE,INDETERMINE,VOTE_CONSEIL,HIGH,Élimination décidée par vote au Conseil.,VOTE_CONSEIL,VALIDATED_BATCH_001,https://kohlanta.fandom.com/fr/wiki/Les_Aventuriers_de_Koh-Lanta_%28Saison_1%29,Le tableau de saison indique une élimination au conseil au jour 16.,,,SECONDARY_DATABASE,,,,,,,,,,,,,,,VOTE_CONSEIL
KL01::sandra,KL01,KL KL01,Sandra,6.0,INDETERMINE,INDETERMINE,INDETERMINE,INDETERMINE,VOTE_CONSEIL,HIGH,Élimination décidée par vote au Conseil.,VOTE_CONSEIL,VALIDATED_BATCH_001,https://kohlanta.fandom.com/fr/wiki/Les_Aventuriers_de_Koh-Lanta_%28Saison_1%29,Le tableau de saison indique une élimination au conseil au jour 19.,,,SECONDARY_DATABASE,,,,,,,,,,,,,,,VOTE_CONSEIL
KL01::david,KL01,KL KL01,David,7.0,INDETERMINE,INDETERMINE,INDETERMINE,INDETERMINE,VOTE_CONSEIL,HIGH,Élimination décidée par vote au Conseil.,VOTE_CONSEIL,VALIDATED_BATCH_001,https://kohlanta.fandom.com/fr/wiki/Les_Aventuriers_de_Koh-Lanta_%28Saison_1%29,Le tableau de saison indique une élimination au conseil au jour 22.,,,SECONDARY_DATABASE,,,,,,,,,,,,,,,VOTE_CONSEIL
KL01::stéphane,KL01,KL KL01,Stéphane,8.0,INDETERMINE,INDETERMINE,INDETERMINE,INDETERMINE,VOTE_CONSEIL,HIGH,Élimination décidée par vote au Conseil.,VOTE_CONSEIL,VALIDATED_BATCH_001,https://kohlanta.fandom.com/fr/wiki/Les_Aventuriers_de_Koh-Lanta_%28Saison_1%29,Le tableau de saison indique une élimination au conseil au jour 25.,,,SECONDARY_DATABASE,,,,,,,,,,,,,,,VOTE_CONSEIL
KL01::géraldine drouhet,KL01,KL KL01,Géraldine Drouhet,9.0,INDETERMINE,INDETERMINE,INDETERMINE,INDETERMINE,VOTE_CONSEIL,HIGH,Élimination décidée par vote au Conseil.,VOTE_CONSEIL,VALIDATED_BATCH_001,https://kohlanta.fandom.com/fr/wiki/Les_Aventuriers_de_Koh-Lanta_%28Saison_1%29,Le tableau de saison indique une élimination au conseil au jour 30.,,,SECONDARY_DATABASE,,,,,,,,,,,,,,,VOTE_CONSEIL
KL01::michèle,KL01,KL KL01,Michèle,10.0,INDETERMINE,INDETERMINE,INDETERMINE,INDETERMINE,VOTE_CONSEIL,HIGH,Élimination décidée par vote au Conseil.,VOTE_CONSEIL,VALIDATED_BATCH_001,https://kohlanta.fandom.com/fr/wiki/Les_Aventuriers_de_Koh-Lanta_%28Saison_1%29,Le tableau de saison indique une élimination au conseil au jour 33.,,,SECONDARY_DATABASE,,,,,,,,,,,,,,,VOTE_CONSEIL
KL01::william,KL01,KL KL01,William,11.0,INDETERMINE,INDETERMINE,INDETERMINE,INDETERMINE,VOTE_CONSEIL,HIGH,Élimination décidée par vote au Conseil.,VOTE_CONSEIL,VALIDATED_BATCH_001,https://kohlanta.fandom.com/fr/wiki/Les_Aventuriers_de_Koh-Lanta_%28Saison_1%29,Le tableau de saison indique une élimination au conseil au jour 36.,,,SECONDARY_DATABASE,,,,,,,,,,,,,,,VOTE_CONSEIL
KL01::françoise,KL01,KL KL01,Françoise,12.0,INDETERMINE,INDETERMINE,INDETERMINE,INDETERMINE,VOTE_CONSEIL,HIGH,Élimination décidée par vote au Conseil.,VOTE_CONSEIL,VALIDATED_BATCH_001,https://kohlanta.fandom.com/fr/wiki/Les_Aventuriers_de_Koh-Lanta_%28Saison_1%29,Le tableau de saison indique une élimination au conseil au jour 40.,,,SECONDARY_DATABASE,,,,,,,,,,,,,,,VOTE_CONSEIL
KL01::romain,KL01,KL KL01,Romain,13.0,INDETERMINE,INDETERMINE,INDETERMINE,INDETERMINE,ELIMINATION_CHALLENGE,HIGH,Élimination directe après une épreuve à enjeu éliminatoire.,ELIMINATION_CHALLENGE,VALIDATED_BATCH_001,https://kohlanta.fandom.com/fr/wiki/Les_Aventuriers_de_Koh-Lanta_%28Saison_1%29,Le tableau de saison précise qu'il termine dernier de l'épreuve du quiz et est éliminé directement.,,,SECONDARY_DATABASE,,,,,,,,,,,,,,,ELIMINATION_CHALLENGE
KL01::patricia,KL01,KL KL01,Patricia,14.0,INDETERMINE,INDETERMINE,INDETERMINE,INDETERMINE,ELIMINATION_CHALLENGE,HIGH,Élimination directe après une épreuve à enjeu éliminatoire.,ELIMINATION_CHALLENGE,VALIDATED_BATCH_001,https://kohlanta.fandom.com/fr/wiki/Les_Aventuriers_de_Koh-Lanta_%28Saison_1%29,Le tableau de saison indique une élimination directe lors de l'épreuve de l'idole en finale.,,,SECONDARY_DATABASE,,,,,,,,,,,,,,,ELIMINATION_CHALLENGE
KL02::xavier,KL02,KL KL02,Xavier,1.0,INDETERMINE,INDETERMINE,INDETERMINE,INDETERMINE,MEDICAL,HIGH,Sortie imposée par le médecin ou évacuation sanitaire.,MEDICAL,VALIDATED_BATCH_001,https://kohlanta.fandom.com/fr/wiki/Koh-Lanta_%3A_Nicoya,La saison indique une évacuation médicale après une chute et une fracture cervicale.,,,SECONDARY_DATABASE,,,,,,,,,,,,,,,MEDICAL
KL02::caroline mercier,KL02,KL KL02,Caroline Mercier,2.0,INDETERMINE,INDETERMINE,INDETERMINE,INDETERMINE,VOTE_CONSEIL,HIGH,Élimination décidée par vote au Conseil.,VOTE_CONSEIL,VALIDATED_BATCH_001,https://kohlanta.fandom.com/fr/wiki/Koh-Lanta_%3A_Nicoya,Le tableau de saison indique une élimination au conseil.,,,SECONDARY_DATABASE,,,,,,,,,,,,,,,VOTE_CONSEIL
KL02::céline genty,KL02,KL KL02,Céline Genty,3.0,INDETERMINE,INDETERMINE,INDETERMINE,INDETERMINE,VOTE_CONSEIL,HIGH,Élimination décidée par vote au Conseil.,VOTE_CONSEIL,VALIDATED_BATCH_001,https://kohlanta.fandom.com/fr/wiki/Koh-Lanta_%3A_Nicoya,Le tableau de saison indique une élimination au conseil au jour 9.,,,SECONDARY_DATABASE,,,,,,,,,,,,,,,VOTE_CONSEIL
KL02::nelly,KL02,KL KL02,Nelly,4.0,INDETERMINE,INDETERMINE,INDETERMINE,INDETERMINE,VOTE_CONSEIL,HIGH,Élimination décidée par vote au Conseil.,VOTE_CONSEIL,VALIDATED_BATCH_001,https://kohlanta.fandom.com/fr/wiki/Koh-Lanta_%3A_Nicoya,Le tableau de saison indique une élimination au conseil au jour 12.,,,SECONDARY_DATABASE,,,,,,,,,,,,,,,VOTE_CONSEIL
KL02::pierre,KL02,KL KL02,Pierre,5.0,INDETERMINE,INDETERMINE,INDETERMINE,INDETERMINE,VOTE_CONSEIL,HIGH,Élimination décidée par vote au Conseil.,VOTE_CONSEIL,VALIDATED_BATCH_001,https://kohlanta.fandom.com/fr/wiki/Koh-Lanta_%3A_Nicoya,Le résumé de saison décrit son élimination par quatre voix au conseil.,,,SECONDARY_DATABASE,,,,,,,,,,,,,,,VOTE_CONSEIL
KL02::jacky,KL02,KL KL02,Jacky,6.0,INDETERMINE,INDETERMINE,INDETERMINE,INDETERMINE,VOTE_CONSEIL,HIGH,Élimination décidée par vote au Conseil.,VOTE_CONSEIL,VALIDATED_BATCH_001,https://kohlanta.fandom.com/fr/wiki/Koh-Lanta_%3A_Nicoya,La fiche de saison et la fiche candidat indiquent une élimination au conseil.,,,SECONDARY_DATABASE,,,,,,,,,,,,,,,VOTE_CONSEIL
KL02::adonis,KL02,KL KL02,Adonis,7.0,INDETERMINE,INDETERMINE,INDETERMINE,INDETERMINE,VOTE_CONSEIL,HIGH,Élimination décidée par vote au Conseil.,VOTE_CONSEIL,VALIDATED_BATCH_001,https://kohlanta.fandom.com/fr/wiki/Koh-Lanta_%3A_Nicoya,Le résumé de saison décrit son élimination à l'unanimité au conseil.,,,SECONDARY_DATABASE,,,,,,,,,,,,,,,VOTE_CONSEIL
KL02::jimmy,KL02,KL KL02,Jimmy,8.0,INDETERMINE,INDETERMINE,INDETERMINE,INDETERMINE,VOTE_CONSEIL,HIGH,Élimination décidée par vote au Conseil.,VOTE_CONSEIL,VALIDATED_BATCH_001,https://kohlanta.fandom.com/fr/wiki/Koh-Lanta_%3A_Nicoya,Le résumé de saison indique qu'il est éliminé par cinq voix contre quatre au conseil.,,,SECONDARY_DATABASE,,,,,,,,,,,,,,,VOTE_CONSEIL
KL02::béatrice,KL02,KL KL02,Béatrice,9.0,INDETERMINE,INDETERMINE,INDETERMINE,INDETERMINE,VOTE_CONSEIL,HIGH,Élimination décidée par vote au Conseil.,VOTE_CONSEIL,VALIDATED_BATCH_001,https://kohlanta.fandom.com/fr/wiki/Koh-Lanta_%3A_Nicoya,La fiche candidat et le résumé de saison indiquent une élimination au conseil.,,,SECONDARY_DATABASE,,,,,,,,,,,,,,,VOTE_CONSEIL
KL02::françois-xavier,KL02,KL KL02,François-Xavier,10.0,INDETERMINE,INDETERMINE,INDETERMINE,INDETERMINE,VOTE_CONSEIL,HIGH,Élimination décidée par vote au Conseil.,VOTE_CONSEIL,VALIDATED_BATCH_001,https://kohlanta.fandom.com/fr/wiki/Koh-Lanta_%3A_Nicoya,Le résumé de saison indique une élimination par quatre voix au conseil.,,,SECONDARY_DATABASE,,,,,,,,,,,,,,,VOTE_CONSEIL
KL02::isabelle,KL02,KL KL02,Isabelle,11.0,INDETERMINE,INDETERMINE,INDETERMINE,INDETERMINE,VOTE_CONSEIL,HIGH,Élimination décidée par vote au Conseil.,VOTE_CONSEIL,VALIDATED_BATCH_001,https://kohlanta.fandom.com/fr/wiki/Koh-Lanta_%3A_Nicoya,Le tableau de saison indique une élimination au conseil.,,,SECONDARY_DATABASE,,,,,,,,,,,,,,,VOTE_CONSEIL
KL02::maud,KL02,KL KL02,Maud,12.0,INDETERMINE,INDETERMINE,INDETERMINE,INDETERMINE,VOTE_CONSEIL,HIGH,Élimination décidée par vote au Conseil.,VOTE_CONSEIL,VALIDATED_BATCH_001,https://kohlanta.fandom.com/fr/wiki/Koh-Lanta_%3A_Nicoya,Le tableau de saison indique une élimination au conseil.,,,SECONDARY_DATABASE,,,,,,,,,,,,,,,VOTE_CONSEIL
KL02::marianne,KL02,KL KL02,Marianne,13.0,INDETERMINE,INDETERMINE,INDETERMINE,INDETERMINE,ELIMINATION_CHALLENGE,HIGH,Élimination directe après une épreuve à enjeu éliminatoire.,ELIMINATION_CHALLENGE,VALIDATED_BATCH_001,https://kohlanta.fandom.com/fr/wiki/Koh-Lanta_%3A_Nicoya,La fiche candidate précise une élimination lors de l'épreuve du quiz.,,,SECONDARY_DATABASE,,,,,,,,,,,,,,,ELIMINATION_CHALLENGE
KL02::bernard,KL02,KL KL02,Bernard,14.0,INDETERMINE,INDETERMINE,INDETERMINE,INDETERMINE,FINALE_POTEAUX,HIGH,Élimination pendant l'épreuve finale des poteaux.,FINALE_POTEAUX,VALIDATED_BATCH_001,https://kohlanta.fandom.com/fr/wiki/Koh-Lanta_%3A_Nicoya,Le tableau de saison indique qu'il est éliminé aux poteaux.,,,SECONDARY_DATABASE,,,,,,,,,,,,,,,FINALE_POTEAUX
KL03::michel jeandel,KL03,Koh-Lanta : Bocas del Toro,Michel Jeandel,3.0,INDETERMINE,INDETERMINE,INDETERMINE,INDETERMINE,MEDICAL,HIGH,Sortie imposée par le médecin ou évacuation sanitaire.,MEDICAL,VALIDATED_BATCH_001,https://survivor.fandom.com/wiki/Koh-Lanta%3A_Bocas_del_Toro,La saison indique une évacuation médicale liée à une blessure au doigt.,,,SECONDARY_DATABASE,,,,,,,,,,,,,,,MEDICAL
KL03::sophie guilloix,KL03,Koh-Lanta : Bocas del Toro,Sophie Guilloix,4.0,INDETERMINE,INDETERMINE,INDETERMINE,INDETERMINE,VOTE_CONSEIL,HIGH,Élimination décidée par vote au Conseil.,VOTE_CONSEIL,VALIDATED_BATCH_001,https://kohlanta.fandom.com/fr/wiki/Koh-Lanta_%3A_Bocas_del_Toro,Le tableau de saison indique une élimination au conseil au jour 10.,,,SECONDARY_DATABASE,,,,,,,,,,,,,,,VOTE_CONSEIL
KL03::julie bourdon,KL03,Koh-Lanta : Bocas del Toro,Julie Bourdon,5.0,INDETERMINE,INDETERMINE,INDETERMINE,INDETERMINE,MEDICAL,HIGH,Sortie imposée par le médecin ou évacuation sanitaire.,MEDICAL,VALIDATED_BATCH_001,https://survivor.fandom.com/wiki/Koh-Lanta%3A_Bocas_del_Toro,La saison indique une évacuation médicale après une infection rénale.,,,SECONDARY_DATABASE,,,,,,,,,,,,,,,MEDICAL
KL03::linda delamarre,KL03,Koh-Lanta : Bocas del Toro,Linda Delamarre,6.0,INDETERMINE,INDETERMINE,INDETERMINE,INDETERMINE,VOTE_CONSEIL,HIGH,Élimination décidée par vote au Conseil.,VOTE_CONSEIL,VALIDATED_BATCH_001,https://kohlanta.fandom.com/fr/wiki/Koh-Lanta_%3A_Bocas_del_Toro,Le tableau de saison indique une élimination au conseil au jour 13.,,,SECONDARY_DATABASE,,,,,,,,,,,,,,,VOTE_CONSEIL
KL03::philippe huquet,KL03,Koh-Lanta : Bocas del Toro,Philippe Huquet,7.0,INDETERMINE,INDETERMINE,INDETERMINE,INDETERMINE,MEDICAL,HIGH,Sortie imposée par le médecin ou évacuation sanitaire.,MEDICAL,VALIDATED_BATCH_001,https://kohlanta.fandom.com/fr/wiki/Koh-Lanta_%3A_Bocas_del_Toro,Le tableau de saison indique un abandon sur décision médicale au jour 14.,,,SECONDARY_DATABASE,,,,,,,,,,,,,,,MEDICAL
KL03::alexandre bérard,KL03,Koh-Lanta : Bocas del Toro,Alexandre Bérard,8.0,INDETERMINE,INDETERMINE,INDETERMINE,INDETERMINE,VOTE_CONSEIL,HIGH,Élimination décidée par vote au Conseil.,VOTE_CONSEIL,VALIDATED_BATCH_001,https://kohlanta.fandom.com/fr/wiki/Koh-Lanta_%3A_Bocas_del_Toro,Le tableau de saison indique une élimination au conseil au jour 16.,,,SECONDARY_DATABASE,,,,,,,,,,,,,,,VOTE_CONSEIL
KL03::richard lecourt,KL03,Koh-Lanta : Bocas del Toro,Richard Lecourt,9.0,INDETERMINE,INDETERMINE,INDETERMINE,INDETERMINE,VOTE_CONSEIL,HIGH,Première sortie au Conseil ; la seconde sortie médicale après retour est ignorée.,VOTE_CONSEIL,VALIDATED_FIRST_EXIT_RULE,https://kohlanta.fandom.com/fr/wiki/Koh-Lanta_%3A_Bocas_del_Toro,"Après son retour dans le jeu, sa sortie définitive au jour 19 est une évacuation médicale.",,,SECONDARY_DATABASE,,,,,,,,,,,,,,,VOTE_CONSEIL
KL03::sylvie rivoal,KL03,Koh-Lanta : Bocas del Toro,Sylvie Rivoal,10.0,INDETERMINE,INDETERMINE,INDETERMINE,INDETERMINE,VOTE_CONSEIL,HIGH,Élimination décidée par vote au Conseil.,VOTE_CONSEIL,VALIDATED_BATCH_001,https://kohlanta.fandom.com/fr/wiki/Koh-Lanta_%3A_Bocas_del_Toro,Le tableau de saison indique une élimination au conseil au jour 22.,,,SECONDARY_DATABASE,,,,,,,,,,,,,,,VOTE_CONSEIL
KL03::sébastien loew,KL03,Koh-Lanta : Bocas del Toro,Sébastien Loew,11.0,INDETERMINE,INDETERMINE,INDETERMINE,INDETERMINE,VOTE_CONSEIL,HIGH,Élimination décidée par vote au Conseil.,VOTE_CONSEIL,VALIDATED_BATCH_001,https://kohlanta.fandom.com/fr/wiki/Koh-Lanta_%3A_Bocas_del_Toro,"Après son retour, sa sortie définitive est une élimination au conseil au jour 25.",,,SECONDARY_DATABASE,,,,,,,,,,,,,,,VOTE_CONSEIL
KL03::valérie dot,KL03,Koh-Lanta : Bocas del Toro,Valérie Dot,12.0,INDETERMINE,INDETERMINE,INDETERMINE,INDETERMINE,VOTE_CONSEIL,HIGH,Élimination décidée par vote au Conseil.,VOTE_CONSEIL,VALIDATED_BATCH_001,https://kohlanta.fandom.com/fr/wiki/Koh-Lanta_%3A_Bocas_del_Toro,Le tableau de saison indique une élimination au conseil au jour 28.,,,SECONDARY_DATABASE,,,,,,,,,,,,,,,VOTE_CONSEIL
KL03::hélène patry,KL03,Koh-Lanta : Bocas del Toro,Hélène Patry,13.0,INDETERMINE,INDETERMINE,INDETERMINE,INDETERMINE,VOTE_CONSEIL,HIGH,Élimination décidée par vote au Conseil.,VOTE_CONSEIL,VALIDATED_BATCH_001,https://kohlanta.fandom.com/fr/wiki/Koh-Lanta_%3A_Bocas_del_Toro,Le tableau de saison indique une élimination au conseil au jour 34.,,,SECONDARY_DATABASE,,,,,,,,,,,,,,,VOTE_CONSEIL
KL03::moundir zoughari,KL03,Koh-Lanta : Bocas del Toro,Moundir Zoughari,14.0,INDETERMINE,INDETERMINE,INDETERMINE,INDETERMINE,VOTE_CONSEIL,HIGH,Élimination décidée par vote au Conseil.,VOTE_CONSEIL,VALIDATED_BATCH_001,https://kohlanta.fandom.com/fr/wiki/Koh-Lanta_%3A_Bocas_del_Toro,Le tableau de saison indique une élimination au conseil au jour 37.,,,SECONDARY_DATABASE,,,,,,,,,,,,,,,VOTE_CONSEIL
KL03::antoine sanchez,KL03,Koh-Lanta : Bocas del Toro,Antoine Sanchez,15.0,INDETERMINE,INDETERMINE,INDETERMINE,INDETERMINE,FINALE_ORIENTATION,HIGH,Élimination pendant l'épreuve finale d'orientation.,FINALE_ORIENTATION,VALIDATED_BATCH_002,https://kohlanta.fandom.com/fr/wiki/Koh-Lanta_%3A_Bocas_del_Toro,Antoine est éliminé lors de l'épreuve finale d'orientation au jour 38.,,,SECONDARY_DATABASE,,,,,,,,,,,,,,,FINALE_ORIENTATION
KL03::moussa niangane,KL03,Koh-Lanta : Bocas del Toro,Moussa Niangane,16.0,INDETERMINE,INDETERMINE,INDETERMINE,INDETERMINE,FINALE_POTEAUX,HIGH,Élimination pendant l'épreuve finale des poteaux.,FINALE_POTEAUX,VALIDATED_BATCH_002,https://kohlanta.fandom.com/fr/wiki/Koh-Lanta_%3A_Bocas_del_Toro,Moussa tombe le premier lors de l'épreuve des poteaux et n'est pas choisi pour le jury final.,,,SECONDARY_DATABASE,,,,,,,,,,,,,,,FINALE_POTEAUX
KL07::ali,KL07,KL KL07,Ali,1.0,INDETERMINE,INDETERMINE,INDETERMINE,INDETERMINE,VOLUNTARY,HIGH,Départ choisi volontairement par le candidat.,VOLUNTARY,VALIDATED_BATCH_002,https://kohlanta.fandom.com/fr/wiki/Koh-Lanta_%3A_Palawan,"Ali décide volontairement de quitter l'aventure, ne supportant plus le manque de sa famille.",,,SECONDARY_DATABASE,,,,,,,,,,,,,,,VOLUNTARY
KL07::pascale,KL07,KL KL07,Pascale,2.0,INDETERMINE,INDETERMINE,INDETERMINE,INDETERMINE,VOTE_CONSEIL,HIGH,Première sortie uniquement : élimination décidée par vote au Conseil.,VOTE_CONSEIL,VALIDATED_BATCH_002,https://kohlanta.fandom.com/fr/wiki/Koh-Lanta_%3A_Palawan,"Pascale est d'abord éliminée au Conseil, puis revient après l'abandon d'Ali ; seule sa première sortie est retenue.",,,SECONDARY_DATABASE,,,,,,,,,,,,,,,VOTE_CONSEIL
KL07::marie-laure,KL07,KL KL07,Marie-Laure,3.0,INDETERMINE,INDETERMINE,INDETERMINE,INDETERMINE,VOTE_CONSEIL,HIGH,Élimination décidée par vote au Conseil.,VOTE_CONSEIL,VALIDATED_BATCH_002,https://kohlanta.fandom.com/fr/wiki/Koh-Lanta_%3A_Palawan,Marie-Laure est éliminée au Conseil au jour 10.,,,SECONDARY_DATABASE,,,,,,,,,,,,,,,VOTE_CONSEIL
KL07::mélanie,KL07,KL KL07,Mélanie,4.0,INDETERMINE,INDETERMINE,INDETERMINE,INDETERMINE,VOTE_CONSEIL,HIGH,Élimination décidée par vote au Conseil.,VOTE_CONSEIL,VALIDATED_BATCH_002,https://kohlanta.fandom.com/fr/wiki/Koh-Lanta_%3A_Palawan,Mélanie est éliminée au Conseil au jour 13.,,,SECONDARY_DATABASE,,,,,,,,,,,,,,,VOTE_CONSEIL
KL07::véronique barriol,KL07,KL KL07,Véronique Barriol,5.0,INDETERMINE,INDETERMINE,INDETERMINE,INDETERMINE,VOTE_CONSEIL,HIGH,Élimination décidée par vote au Conseil.,VOTE_CONSEIL,VALIDATED_BATCH_002,https://kohlanta.fandom.com/fr/wiki/Koh-Lanta_%3A_Palawan,Véronique est éliminée au Conseil au jour 16.,,,SECONDARY_DATABASE,,,,,,,,,,,,,,,VOTE_CONSEIL
KL07::chloé,KL07,KL KL07,Chloé,6.0,INDETERMINE,INDETERMINE,INDETERMINE,INDETERMINE,VOTE_CONSEIL,HIGH,Élimination décidée par vote au Conseil.,VOTE_CONSEIL,VALIDATED_BATCH_002,https://kohlanta.fandom.com/fr/wiki/Koh-Lanta_%3A_Palawan,Chloé est éliminée au Conseil au jour 19.,,,SECONDARY_DATABASE,,,,,,,,,,,,,,,VOTE_CONSEIL
KL07::érick,KL07,KL KL07,Érick,7.0,INDETERMINE,INDETERMINE,INDETERMINE,INDETERMINE,VOTE_CONSEIL,HIGH,"Élimination décidée par vote au Conseil, malgré un handicap préalable lié aux ambassadeurs.",VOTE_CONSEIL,VALIDATED_BATCH_002,https://kohlanta.fandom.com/fr/wiki/Koh-Lanta_%3A_Palawan,Érick reçoit un vote issu de la décision des ambassadeurs puis est éliminé au Conseil ; la sortie effective est classée comme vote au Conseil.,,,SECONDARY_DATABASE,,,,,,,,,,,,,,,VOTE_CONSEIL
KL07::filomène,KL07,KL KL07,Filomène,8.0,INDETERMINE,INDETERMINE,INDETERMINE,INDETERMINE,VOTE_CONSEIL,HIGH,Élimination décidée par vote au Conseil.,VOTE_CONSEIL,VALIDATED_BATCH_002,https://kohlanta.fandom.com/fr/wiki/Koh-Lanta_%3A_Palawan,Filomène est éliminée au Conseil au jour 25.,,,SECONDARY_DATABASE,,,,,,,,,,,,,,,VOTE_CONSEIL
KL07::adrien,KL07,KL KL07,Adrien,9.0,INDETERMINE,INDETERMINE,INDETERMINE,INDETERMINE,VOLUNTARY,HIGH,Départ volontaire permettant le retour d'un candidat.,VOLUNTARY,VALIDATED_BATCH_002,https://kohlanta.fandom.com/fr/wiki/Koh-Lanta_%3A_Palawan,Adrien choisit de quitter l'aventure afin de permettre à Grégoire de revenir dans le jeu.,,,SECONDARY_DATABASE,,,,,,,,,,,,,,,VOLUNTARY
KL07::grégoire,KL07,KL KL07,Grégoire,10.0,INDETERMINE,INDETERMINE,INDETERMINE,INDETERMINE,VOTE_CONSEIL,HIGH,Première sortie uniquement : élimination décidée par vote au Conseil.,VOTE_CONSEIL,VALIDATED_BATCH_002,https://kohlanta.fandom.com/fr/wiki/Koh-Lanta_%3A_Palawan,Grégoire est éliminé au Conseil avant de revenir après le départ volontaire d'Adrien ; seule sa première sortie est retenue.,,,SECONDARY_DATABASE,,,,,,,,,,,,,,,VOTE_CONSEIL
KL07::laurent,KL07,KL KL07,Laurent,11.0,INDETERMINE,INDETERMINE,INDETERMINE,INDETERMINE,VOTE_CONSEIL,HIGH,Élimination décidée par vote au Conseil.,VOTE_CONSEIL,VALIDATED_BATCH_002,https://kohlanta.fandom.com/fr/wiki/Koh-Lanta_%3A_Palawan,Laurent est éliminé au Conseil au jour 34.,,,SECONDARY_DATABASE,,,,,,,,,,,,,,,VOTE_CONSEIL
KL07::patrick,KL07,KL KL07,Patrick,12.0,INDETERMINE,INDETERMINE,INDETERMINE,INDETERMINE,VOTE_CONSEIL,HIGH,Élimination décidée par vote au Conseil.,VOTE_CONSEIL,VALIDATED_BATCH_002,https://kohlanta.fandom.com/fr/wiki/Koh-Lanta_%3A_Palawan,Patrick est éliminé au Conseil au jour 37.,,,SECONDARY_DATABASE,,,,,,,,,,,,,,,VOTE_CONSEIL
KL07::simon,KL07,KL KL07,Simon,13.0,INDETERMINE,INDETERMINE,INDETERMINE,INDETERMINE,FINALE_ORIENTATION,HIGH,Élimination pendant l'épreuve finale d'orientation.,FINALE_ORIENTATION,VALIDATED_BATCH_002,https://kohlanta.fandom.com/fr/wiki/Koh-Lanta_%3A_Palawan,Simon est éliminé lors de l'épreuve finale d'orientation.,,,SECONDARY_DATABASE,,,,,,,,,,,,,,,FINALE_ORIENTATION
KL07::maryline,KL07,KL KL07,Maryline,14.0,INDETERMINE,INDETERMINE,INDETERMINE,INDETERMINE,FINALE_POTEAUX,HIGH,Élimination pendant l'épreuve finale des poteaux.,FINALE_POTEAUX,VALIDATED_BATCH_002,https://kohlanta.fandom.com/fr/wiki/Koh-Lanta_%3A_Palawan,Maryline est éliminée lors de l'épreuve finale des poteaux.,,,SECONDARY_DATABASE,,,,,,,,,,,,,,,FINALE_POTEAUX
KL08::valérie,KL08,KL KL08,Valérie,1.0,INDETERMINE,INDETERMINE,INDETERMINE,INDETERMINE,VOLUNTARY,HIGH,Départ choisi volontairement par la candidate.,VOLUNTARY,VALIDATED_BATCH_002,https://kohlanta.fandom.com/fr/wiki/Koh-Lanta_%3A_Caramoan,Valérie quitte volontairement l'aventure au jour 4.,,,SECONDARY_DATABASE,,,,,,,,,,,,,,,VOLUNTARY
KL08::céga,KL08,KL KL08,Céga,2.0,INDETERMINE,INDETERMINE,INDETERMINE,INDETERMINE,MEDICAL,HIGH,Sortie imposée pour raison médicale.,MEDICAL,VALIDATED_BATCH_002,https://kohlanta.fandom.com/fr/wiki/Koh-Lanta_%3A_Caramoan,Céga quitte l'aventure pour raison médicale au jour 5.,,,SECONDARY_DATABASE,,,,,,,,,,,,,,,MEDICAL
KL08::irya,KL08,KL KL08,Irya,3.0,INDETERMINE,INDETERMINE,INDETERMINE,INDETERMINE,VOTE_CONSEIL,HIGH,Élimination décidée par vote au Conseil.,VOTE_CONSEIL,VALIDATED_BATCH_002,https://kohlanta.fandom.com/fr/wiki/Koh-Lanta_%3A_Caramoan,Irya est éliminée au Conseil au jour 6.,,,SECONDARY_DATABASE,,,,,,,,,,,,,,,VOTE_CONSEIL
KL08::morgane,KL08,KL KL08,Morgane,4.0,INDETERMINE,INDETERMINE,INDETERMINE,INDETERMINE,VOTE_CONSEIL,HIGH,Élimination décidée par vote au Conseil.,VOTE_CONSEIL,VALIDATED_BATCH_002,https://kohlanta.fandom.com/fr/wiki/Koh-Lanta_%3A_Caramoan,Morgane est éliminée au Conseil au jour 9.,,,SECONDARY_DATABASE,,,,,,,,,,,,,,,VOTE_CONSEIL
KL08::jessica,KL08,KL KL08,Jessica,5.0,INDETERMINE,INDETERMINE,INDETERMINE,INDETERMINE,VOTE_CONSEIL,HIGH,Élimination décidée par vote au Conseil.,VOTE_CONSEIL,VALIDATED_BATCH_002,https://kohlanta.fandom.com/fr/wiki/Koh-Lanta_%3A_Caramoan,Jessica est éliminée au Conseil au jour 12.,,,SECONDARY_DATABASE,,,,,,,,,,,,,,,VOTE_CONSEIL
KL08::alain,KL08,KL KL08,Alain,6.0,INDETERMINE,INDETERMINE,INDETERMINE,INDETERMINE,VOTE_CONSEIL,HIGH,Élimination décidée par vote au Conseil.,VOTE_CONSEIL,VALIDATED_BATCH_002,https://kohlanta.fandom.com/fr/wiki/Koh-Lanta_%3A_Caramoan,Alain est éliminé au Conseil au jour 15.,,,SECONDARY_DATABASE,,,,,,,,,,,,,,,VOTE_CONSEIL
KL08::jean-bernard,KL08,KL KL08,Jean-Bernard,7.0,INDETERMINE,INDETERMINE,INDETERMINE,INDETERMINE,VOTE_CONSEIL,HIGH,Élimination décidée par vote au Conseil.,VOTE_CONSEIL,VALIDATED_BATCH_002,https://kohlanta.fandom.com/fr/wiki/Koh-Lanta_%3A_Caramoan,Jean-Bernard est éliminé au Conseil au jour 18.,,,SECONDARY_DATABASE,,,,,,,,,,,,,,,VOTE_CONSEIL
KL08::christopher,KL08,KL KL08,Christopher,8.0,INDETERMINE,INDETERMINE,INDETERMINE,INDETERMINE,MEDICAL,HIGH,Sortie imposée pour raison médicale.,MEDICAL,VALIDATED_BATCH_002,https://kohlanta.fandom.com/fr/wiki/Koh-Lanta_%3A_Caramoan,Christopher quitte l'aventure à la suite d'un abandon médical au jour 22.,,,SECONDARY_DATABASE,,,,,,,,,,,,,,,MEDICAL
KL08::christophe,KL08,KL KL08,Christophe,9.0,INDETERMINE,INDETERMINE,INDETERMINE,INDETERMINE,VOTE_CONSEIL,HIGH,Élimination décidée par vote au Conseil.,VOTE_CONSEIL,VALIDATED_BATCH_002,https://kohlanta.fandom.com/fr/wiki/Koh-Lanta_%3A_Caramoan,Christophe est éliminé au Conseil au jour 24.,,,SECONDARY_DATABASE,,,,,,,,,,,,,,,VOTE_CONSEIL
KL08::charlène,KL08,KL KL08,Charlène,10.0,INDETERMINE,INDETERMINE,INDETERMINE,INDETERMINE,VOTE_CONSEIL,HIGH,Élimination décidée par vote au Conseil.,VOTE_CONSEIL,VALIDATED_BATCH_002,https://kohlanta.fandom.com/fr/wiki/Koh-Lanta_%3A_Caramoan,Charlène est éliminée au Conseil au jour 27.,,,SECONDARY_DATABASE,,,,,,,,,,,,,,,VOTE_CONSEIL
KL08::hakim,KL08,KL KL08,Hakim,11.0,INDETERMINE,INDETERMINE,INDETERMINE,INDETERMINE,VOTE_CONSEIL,HIGH,Première sortie uniquement : élimination décidée par vote au Conseil.,VOTE_CONSEIL,VALIDATED_BATCH_002,https://kohlanta.fandom.com/fr/wiki/Koh-Lanta_%3A_Caramoan,"Hakim est éliminé au Conseil, revient après la sortie médicale de Christopher, puis ressort plus tard ; seule sa première sortie est retenue.",,,SECONDARY_DATABASE,,,,,,,,,,,,,,,VOTE_CONSEIL
KL08::régis,KL08,KL KL08,Régis,12.0,INDETERMINE,INDETERMINE,INDETERMINE,INDETERMINE,VOTE_CONSEIL,HIGH,Élimination décidée par vote au Conseil.,VOTE_CONSEIL,VALIDATED_BATCH_002,https://kohlanta.fandom.com/fr/wiki/Koh-Lanta_%3A_Caramoan,Régis est éliminé au Conseil au jour 33.,,,SECONDARY_DATABASE,,,,,,,,,,,,,,,VOTE_CONSEIL
KL08::carole,KL08,KL KL08,Carole,13.0,INDETERMINE,INDETERMINE,INDETERMINE,INDETERMINE,VOTE_CONSEIL,HIGH,Élimination décidée par vote au Conseil.,VOTE_CONSEIL,VALIDATED_BATCH_002,https://kohlanta.fandom.com/fr/wiki/Koh-Lanta_%3A_Caramoan,Carole est éliminée au Conseil au jour 36.,,,SECONDARY_DATABASE,,,,,,,,,,,,,,,VOTE_CONSEIL
KL08::nathalie,KL08,KL KL08,Nathalie,14.0,INDETERMINE,INDETERMINE,INDETERMINE,INDETERMINE,FINALE_ORIENTATION,HIGH,Élimination pendant l'épreuve finale d'orientation.,FINALE_ORIENTATION,VALIDATED_BATCH_002,https://kohlanta.fandom.com/fr/wiki/Koh-Lanta_%3A_Caramoan,Nathalie est éliminée lors de l'épreuve finale d'orientation.,,,SECONDARY_DATABASE,,,,,,,,,,,,,,,FINALE_ORIENTATION
KL08::bertrand,KL08,KL KL08,Bertrand,15.0,INDETERMINE,INDETERMINE,INDETERMINE,INDETERMINE,FINALE_POTEAUX,HIGH,Élimination pendant l'épreuve finale des poteaux.,FINALE_POTEAUX,VALIDATED_BATCH_002,https://kohlanta.fandom.com/fr/wiki/Koh-Lanta_%3A_Caramoan,Bertrand est éliminé lors de l'épreuve finale des poteaux.,,,SECONDARY_DATABASE,,,,,,,,,,,,,,,FINALE_POTEAUX
KL13::steve lemercier,KL13,Koh-Lanta : Raja Ampat,Steve Lemercier,3.0,INDETERMINE,INDETERMINE,AUTRE_SORTIE,Left Competition Day 8,VOLUNTARY,HIGH,Départ choisi volontairement par le candidat.,VOLUNTARY,VALIDATED_BATCH_002,https://survivor.fandom.com/wiki/Koh-Lanta%3A_Raja_Ampat,Steve choisit de quitter le jeu au jour 8 car ses proches lui manquent.,,,SECONDARY_DATABASE,,,,,,,,,,,,,,,VOLUNTARY
"KL13::nawal ""naouel"" hadjaf",KL13,Koh-Lanta : Raja Ampat,"Nawal ""Naouel"" Hadjaf",5.0,INDETERMINE,INDETERMINE,AUTRE_SORTIE,Left Competition Day 10,VOLUNTARY,HIGH,Départ choisi volontairement par la candidate.,VOLUNTARY,VALIDATED_BATCH_002,https://survivor.fandom.com/wiki/Koh-Lanta%3A_Raja_Ampat,"Naouel choisit de quitter le jeu au jour 10, ne supportant plus les conditions de vie.",,,SECONDARY_DATABASE,,,,,,,,,,,,,,,VOLUNTARY
KL15::mélanie,KL15,Koh-Lanta : Malaisie,Mélanie,1.0,INDETERMINE,INDETERMINE,AUTRE_SORTIE,Éliminée,VOTE_CONSEIL,HIGH,Élimination décidée par vote au Conseil.,VOTE_CONSEIL,VALIDATED_BATCH_002,https://kohlanta.fandom.com/fr/wiki/Koh-Lanta_%3A_Malaisie,Mélanie est éliminée au Conseil au jour 3.,,,SECONDARY_DATABASE,,,,,,,,,,,,,,,VOTE_CONSEIL
KL15::mickaël,KL15,Koh-Lanta : Malaisie,Mickaël,2.0,INDETERMINE,INDETERMINE,AUTRE_SORTIE,Éliminé,VOTE_CONSEIL,HIGH,Élimination décidée par vote au Conseil.,VOTE_CONSEIL,VALIDATED_BATCH_002,https://kohlanta.fandom.com/fr/wiki/Koh-Lanta_%3A_Malaisie,Mickaël est éliminé au Conseil au jour 6.,,,SECONDARY_DATABASE,,,,,,,,,,,,,,,VOTE_CONSEIL
KL15::nadine,KL15,Koh-Lanta : Malaisie,Nadine,4.0,INDETERMINE,INDETERMINE,AUTRE_SORTIE,Éliminée,VOTE_CONSEIL,HIGH,Élimination décidée par vote au Conseil.,VOTE_CONSEIL,VALIDATED_BATCH_002,https://kohlanta.fandom.com/fr/wiki/Koh-Lanta_%3A_Malaisie,Nadine est éliminée au Conseil au jour 12.,,,SECONDARY_DATABASE,,,,,,,,,,,,,,,VOTE_CONSEIL
KL15::élodie,KL15,Koh-Lanta : Malaisie,Élodie,5.0,INDETERMINE,INDETERMINE,AUTRE_SORTIE,Éliminée,VOTE_CONSEIL,HIGH,Première sortie uniquement : élimination décidée par vote au Conseil.,VOTE_CONSEIL,VALIDATED_BATCH_002,https://kohlanta.fandom.com/fr/wiki/Koh-Lanta_%3A_Malaisie,Élodie est éliminée au Conseil ; seule sa première sortie analytique est retenue.,,,SECONDARY_DATABASE,,,,,,,,,,,,,,,VOTE_CONSEIL
KL15::marie [ n 2 ],KL15,Koh-Lanta : Malaisie,Marie [ N 2 ],6.0,INDETERMINE,INDETERMINE,AUTRE_SORTIE,Éliminée,VOTE_CONSEIL,HIGH,Élimination décidée par vote au Conseil.,VOTE_CONSEIL,VALIDATED_BATCH_002,https://kohlanta.fandom.com/fr/wiki/Koh-Lanta_%3A_Malaisie,Marie est éliminée au Conseil au jour 18.,,,SECONDARY_DATABASE,,,,,,,,,,,,,,,VOTE_CONSEIL
KL15::anthony,KL15,Koh-Lanta : Malaisie,Anthony,7.0,INDETERMINE,INDETERMINE,AUTRE_SORTIE,Éliminé,AMBASSADEURS,HIGH,Élimination directe lors de la réunion des ambassadeurs.,AMBASSADEURS,VALIDATED_BATCH_002,https://kohlanta.fandom.com/fr/wiki/Koh-Lanta_%3A_Malaisie,Anthony est éliminé après le désaccord des ambassadeurs et le tirage au sort qui s'ensuit.,,,SECONDARY_DATABASE,,,,,,,,,,,,,,,AMBASSADEURS
KL15::javier [ n 3 ],KL15,Koh-Lanta : Malaisie,Javier [ N 3 ],8.0,INDETERMINE,INDETERMINE,AUTRE_SORTIE,Éliminé,VOTE_CONSEIL,HIGH,Élimination décidée par vote au Conseil.,VOTE_CONSEIL,VALIDATED_BATCH_002,https://kohlanta.fandom.com/fr/wiki/Koh-Lanta_%3A_Malaisie,Javier est éliminé au Conseil après la réunification.,,,SECONDARY_DATABASE,,,,,,,,,,,,,,,VOTE_CONSEIL
KL15::namadia [ n 4 ],KL15,Koh-Lanta : Malaisie,Namadia [ N 4 ],9.0,INDETERMINE,INDETERMINE,AUTRE_SORTIE,Éliminé,VOTE_CONSEIL,HIGH,Élimination décidée par vote au Conseil.,VOTE_CONSEIL,VALIDATED_BATCH_003,https://kohlanta.fandom.com/fr/wiki/Koh-Lanta_%3A_Malaisie,Namadia est éliminé au Conseil au jour 25.,,,SECONDARY_DATABASE,,,,,,,,,,,,,,,VOTE_CONSEIL
KL15::marylou,KL15,Koh-Lanta : Malaisie,Marylou,10.0,INDETERMINE,INDETERMINE,AUTRE_SORTIE,Éliminée,VOTE_CONSEIL,HIGH,Élimination décidée par vote au Conseil.,VOTE_CONSEIL,VALIDATED_BATCH_003,https://kohlanta.fandom.com/fr/wiki/Koh-Lanta_%3A_Malaisie,Marylou est éliminée au Conseil au jour 28.,,,SECONDARY_DATABASE,,,,,,,,,,,,,,,VOTE_CONSEIL
KL15::catherine,KL15,Koh-Lanta : Malaisie,Catherine,11.0,INDETERMINE,INDETERMINE,AUTRE_SORTIE,Éliminée,VOTE_CONSEIL,HIGH,Élimination décidée par vote au Conseil.,VOTE_CONSEIL,VALIDATED_BATCH_003,https://kohlanta.fandom.com/fr/wiki/Koh-Lanta_%3A_Malaisie,Catherine reçoit les voix décisives au Conseil après l'utilisation d'un collier.,,,SECONDARY_DATABASE,,,,,,,,,,,,,,,VOTE_CONSEIL
KL15::camille,KL15,Koh-Lanta : Malaisie,Camille,12.0,INDETERMINE,INDETERMINE,AUTRE_SORTIE,Éliminée,VOTE_CONSEIL,HIGH,Élimination résultant du vote du Conseil pendant les destins liés. Le vote contre un membre du binôme condamne également son partenaire ; les deux candidats sont donc classés VOTE_CONSEIL.,VOTE_CONSEIL,VALIDATED_DESTINS_LIES_AS_VOTE_CONSEIL,https://kohlanta.fandom.com/fr/wiki/Koh-Lanta_%3A_Malaisie,"Camille est éliminée parce qu'elle est en binôme avec Catherine, éliminée au Conseil.",,,SECONDARY_DATABASE,,,,,,,,,,,,,,,VOTE_CONSEIL
KL15::thierry,KL15,Koh-Lanta : Malaisie,Thierry,14.0,INDETERMINE,INDETERMINE,AUTRE_SORTIE,Éliminé,VOTE_CONSEIL,HIGH,Élimination décidée par vote au Conseil.,VOTE_CONSEIL,VALIDATED_BATCH_003,https://kohlanta.fandom.com/fr/wiki/Koh-Lanta_%3A_Malaisie,Thierry est éliminé au Conseil au jour 37.,,,SECONDARY_DATABASE,,,,,,,,,,,,,,,VOTE_CONSEIL
KL15::myriam,KL15,Koh-Lanta : Malaisie,Myriam,15.0,INDETERMINE,INDETERMINE,AUTRE_SORTIE,Éliminée,VOTE_CONSEIL,HIGH,Élimination décidée par vote au Conseil.,VOTE_CONSEIL,VALIDATED_BATCH_003,https://kohlanta.fandom.com/fr/wiki/Koh-Lanta_%3A_Malaisie,Myriam est éliminée au Conseil au jour 39.,,,SECONDARY_DATABASE,,,,,,,,,,,,,,,VOTE_CONSEIL
KL15::bernard,KL15,Koh-Lanta : Malaisie,Bernard,16.0,INDETERMINE,INDETERMINE,AUTRE_SORTIE,Éliminé,FINALE_ORIENTATION,HIGH,Élimination pendant l'épreuve finale d'orientation.,FINALE_ORIENTATION,VALIDATED_BATCH_003,https://kohlanta.fandom.com/fr/wiki/Koh-Lanta_%3A_Malaisie,Bernard est éliminé lors de l'épreuve finale d'orientation.,,,SECONDARY_DATABASE,,,,,,,,,,,,,,,FINALE_ORIENTATION
KL15::philippe [ n 5 ],KL15,Koh-Lanta : Malaisie,Philippe [ N 5 ],17.0,INDETERMINE,INDETERMINE,AUTRE_SORTIE,Éliminé,FINALE_ORIENTATION,HIGH,Élimination pendant l'épreuve finale d'orientation.,FINALE_ORIENTATION,VALIDATED_BATCH_003,https://kohlanta.fandom.com/fr/wiki/Koh-Lanta_%3A_Malaisie,Philippe est éliminé lors de l'épreuve finale d'orientation.,,,SECONDARY_DATABASE,,,,,,,,,,,,,,,FINALE_ORIENTATION
KL15::vanessa,KL15,Koh-Lanta : Malaisie,Vanessa,18.0,INDETERMINE,INDETERMINE,AUTRE_SORTIE,Éliminée,FINALE_POTEAUX,HIGH,Élimination pendant l'épreuve finale des poteaux.,FINALE_POTEAUX,VALIDATED_BATCH_003,https://kohlanta.fandom.com/fr/wiki/Koh-Lanta_%3A_Malaisie,Vanessa est éliminée lors de l'épreuve finale des poteaux.,,,SECONDARY_DATABASE,,,,,,,,,,,,,,,FINALE_POTEAUX
KL17::manon allender,KL17,Koh-Lanta : Johor,Manon Allender,4.0,INDETERMINE,INDETERMINE,AUTRE_SORTIE,Left Competition Day 12,VOLUNTARY,HIGH,Départ choisi volontairement par la candidate.,VOLUNTARY,VALIDATED_BATCH_003,https://kohlanta.fandom.com/fr/wiki/Manon_Allender,Manon décide de quitter volontairement l'aventure au jour 12 en raison du stress et de son état de santé.,,,SECONDARY_DATABASE,,,,,,,,,,,,,,,VOLUNTARY
KL18::charlie vincent-mussard,KL18,Koh-Lanta : Thaïlande,Charlie Vincent-Mussard,1.0,INDETERMINE,INDETERMINE,AUTRE_SORTIE,Left Competition Day 3,VOLUNTARY,HIGH,Départ choisi volontairement par la candidate.,VOLUNTARY,VALIDATED_BATCH_003,https://survivor.fandom.com/wiki/Koh-Lanta%3A_Tha%C3%AFlande,"Charlie quitte volontairement le jeu au jour 3 après une crise de migraine, bien qu'elle ait été déclarée apte à continuer.",,,SECONDARY_DATABASE,,,,,,,,,,,,,,,VOLUNTARY
KL18::marius torterat,KL18,Koh-Lanta : Thaïlande,Marius Torterat,3.0,INDETERMINE,INDETERMINE,AUTRE_SORTIE,Left Competition Day 6,VOLUNTARY,HIGH,Départ choisi volontairement par le candidat.,VOLUNTARY,VALIDATED_BATCH_003,https://survivor.fandom.com/wiki/Koh-Lanta%3A_Tha%C3%AFlande,"Marius décide de quitter volontairement l'aventure au jour 6, se sentant oppressé par les caméras et l'aspect télé-réalité.",,,SECONDARY_DATABASE,,,,,,,,,,,,,,,VOLUNTARY
KL22::émilie,KL22,Koh-Lanta : La Guerre des Chefs,Émilie,3.0,INDETERMINE,INDETERMINE,INDETERMINE,"Éliminée [ 8 ] , [ 9 ] [source secondaire souhaitée] , [ 10 ] [source secondaire souhaitée]",VOTE_CONSEIL,HIGH,Élimination décidée par vote au Conseil.,VOTE_CONSEIL,VALIDATED_BATCH_003,https://kohlanta.fandom.com/fr/wiki/Koh-Lanta_%3A_La_Guerre_des_Chefs,Émilie est éliminée au Conseil par sa tribu.,,,SECONDARY_DATABASE,,,,,,,,,,,,,,,VOTE_CONSEIL
KL22::victor,KL22,Koh-Lanta : La Guerre des Chefs,Victor,4.0,INDETERMINE,INDETERMINE,INDETERMINE,"Éliminé [ 11 ] , [ 12 ] [source secondaire souhaitée] , [ 13 ] [source secondaire souhaitée]",VOTE_CONSEIL,HIGH,Élimination décidée par vote au Conseil.,VOTE_CONSEIL,VALIDATED_BATCH_003,https://kohlanta.fandom.com/fr/wiki/Koh-Lanta_%3A_La_Guerre_des_Chefs,Victor est éliminé au premier Conseil des rouges.,,,SECONDARY_DATABASE,,,,,,,,,,,,,,,VOTE_CONSEIL
KL22::chloé,KL22,Koh-Lanta : La Guerre des Chefs,Chloé,5.0,INDETERMINE,INDETERMINE,INDETERMINE,"Éliminée [ 14 ] , [ 15 ] [source secondaire souhaitée]",VOTE_CONSEIL,HIGH,Élimination décidée par vote au Conseil.,VOTE_CONSEIL,VALIDATED_BATCH_003,https://kohlanta.fandom.com/fr/wiki/Koh-Lanta_%3A_La_Guerre_des_Chefs,Chloé est éliminée au Conseil.,,,SECONDARY_DATABASE,,,,,,,,,,,,,,,VOTE_CONSEIL
KL22::xavier,KL22,Koh-Lanta : La Guerre des Chefs,Xavier,6.0,INDETERMINE,INDETERMINE,INDETERMINE,Éliminé [ 16 ] [source secondaire souhaitée],VOTE_CONSEIL,HIGH,Élimination décidée par vote au Conseil.,VOTE_CONSEIL,VALIDATED_BATCH_003,https://kohlanta.fandom.com/fr/wiki/Koh-Lanta_%3A_La_Guerre_des_Chefs,Xavier est éliminé au Conseil.,,,SECONDARY_DATABASE,,,,,,,,,,,,,,,VOTE_CONSEIL
KL22::frédéric,KL22,Koh-Lanta : La Guerre des Chefs,Frédéric,7.0,INDETERMINE,INDETERMINE,INDETERMINE,"Éliminé [ 17 ] , [ 18 ] [source secondaire souhaitée]",AMBASSADEURS,HIGH,Élimination directe lors de la réunion des ambassadeurs.,AMBASSADEURS,VALIDATED_BATCH_003,https://kohlanta.fandom.com/fr/wiki/Koh-Lanta_%3A_La_Guerre_des_Chefs,"Frédéric est désigné par les ambassadeurs Alexandre, Béatrice et Maxime et quitte l'aventure.",,,SECONDARY_DATABASE,,,,,,,,,,,,,,,AMBASSADEURS
KL22::alexandre,KL22,Koh-Lanta : La Guerre des Chefs,Alexandre,8.0,INDETERMINE,INDETERMINE,INDETERMINE,"Éliminé [ 17 ] , [ 19 ] [source secondaire souhaitée]",VOTE_CONSEIL,HIGH,Élimination décidée par vote au Conseil.,VOTE_CONSEIL,VALIDATED_BATCH_003,https://kohlanta.fandom.com/fr/wiki/Koh-Lanta_%3A_La_Guerre_des_Chefs,Alexandre est éliminé au premier Conseil après la réunification.,,,SECONDARY_DATABASE,,,,,,,,,,,,,,,VOTE_CONSEIL
KL22::béatrice,KL22,Koh-Lanta : La Guerre des Chefs,Béatrice,9.0,INDETERMINE,INDETERMINE,INDETERMINE,"Éliminée [ 20 ] , [ 21 ] [source secondaire souhaitée]",VOTE_CONSEIL,HIGH,Élimination décidée par vote au Conseil.,VOTE_CONSEIL,VALIDATED_BATCH_003,https://kohlanta.fandom.com/fr/wiki/Koh-Lanta_%3A_La_Guerre_des_Chefs,Béatrice est éliminée au Conseil.,,,SECONDARY_DATABASE,,,,,,,,,,,,,,,VOTE_CONSEIL
KL22::brice,KL22,Koh-Lanta : La Guerre des Chefs,Brice,10.0,INDETERMINE,INDETERMINE,INDETERMINE,"Éliminé [ 22 ] , [ 23 ] [source secondaire souhaitée] , [ 24 ] [source secondaire souhaitée]",VOTE_CONSEIL,HIGH,Élimination décidée par vote au Conseil.,VOTE_CONSEIL,VALIDATED_BATCH_003,https://kohlanta.fandom.com/fr/wiki/Koh-Lanta_%3A_La_Guerre_des_Chefs,Brice est éliminé au Conseil.,,,SECONDARY_DATABASE,,,,,,,,,,,,,,,VOTE_CONSEIL
KL22::sophie,KL22,Koh-Lanta : La Guerre des Chefs,Sophie,11.0,INDETERMINE,INDETERMINE,INDETERMINE,Éliminée [ 25 ] [source secondaire souhaitée],VOTE_CONSEIL,HIGH,Élimination résultant du vote du Conseil pendant les destins liés. Le vote contre un membre du binôme condamne également son partenaire ; les deux candidats sont donc classés VOTE_CONSEIL.,VOTE_CONSEIL,VALIDATED_DESTINS_LIES_AS_VOTE_CONSEIL,https://kohlanta.fandom.com/fr/wiki/Koh-Lanta_%3A_La_Guerre_des_Chefs,"Sophie est entraînée dans la sortie de Brice, son partenaire de binôme.",,,SECONDARY_DATABASE,,,,,,,,,,,,,,,VOTE_CONSEIL
KL22::angélique,KL22,Koh-Lanta : La Guerre des Chefs,Angélique,12.0,INDETERMINE,INDETERMINE,INDETERMINE,Éliminée [ 26 ] [source secondaire souhaitée],VOTE_CONSEIL,HIGH,Élimination décidée par vote au Conseil.,VOTE_CONSEIL,VALIDATED_BATCH_003,https://kohlanta.fandom.com/fr/wiki/Koh-Lanta_%3A_La_Guerre_des_Chefs,Angélique est éliminée au Conseil.,,,SECONDARY_DATABASE,,,,,,,,,,,,,,,VOTE_CONSEIL
KL22::mohamed,KL22,Koh-Lanta : La Guerre des Chefs,Mohamed,13.0,INDETERMINE,INDETERMINE,INDETERMINE,Éliminé [ 27 ] [source secondaire souhaitée],VOTE_CONSEIL,HIGH,Élimination décidée par vote au Conseil.,VOTE_CONSEIL,VALIDATED_BATCH_003,https://kohlanta.fandom.com/fr/wiki/Koh-Lanta_%3A_La_Guerre_des_Chefs,Mohamed est éliminé au Conseil.,,,SECONDARY_DATABASE,,,,,,,,,,,,,,,VOTE_CONSEIL
KL22::nicolas,KL22,Koh-Lanta : La Guerre des Chefs,Nicolas,14.0,INDETERMINE,INDETERMINE,INDETERMINE,Éliminé [ 28 ] [source secondaire souhaitée],ELIMINATION_CHALLENGE,HIGH,Élimination directe après une épreuve à enjeu éliminatoire.,ELIMINATION_CHALLENGE,VALIDATED_BATCH_003,https://kohlanta.fandom.com/fr/wiki/Koh-Lanta_%3A_La_Guerre_des_Chefs,Nicolas termine dernier d'une épreuve à élimination directe et quitte le jeu.,,,SECONDARY_DATABASE,,,,,,,,,,,,,,,ELIMINATION_CHALLENGE
KL22::maxime,KL22,Koh-Lanta : La Guerre des Chefs,Maxime,15.0,INDETERMINE,INDETERMINE,INDETERMINE,Éliminé [ 29 ] [source secondaire souhaitée],VOTE_CONSEIL,HIGH,Élimination décidée par vote au Conseil.,VOTE_CONSEIL,VALIDATED_BATCH_003,https://kohlanta.fandom.com/fr/wiki/Koh-Lanta_%3A_La_Guerre_des_Chefs,Maxime est éliminé au Conseil.,,,SECONDARY_DATABASE,,,,,,,,,,,,,,,VOTE_CONSEIL
KL22::cyril,KL22,Koh-Lanta : La Guerre des Chefs,Cyril,16.0,INDETERMINE,INDETERMINE,INDETERMINE,"Éliminé [ 30 ] [source secondaire souhaitée] , [ 31 ]",VOTE_CONSEIL,HIGH,Élimination issue d’un Conseil. Le mécanisme de départage après égalité reste classé VOTE_CONSEIL.,VOTE_CONSEIL,VALIDATED_COUNCIL_TIEBREAK,https://kohlanta.fandom.com/fr/wiki/Koh-Lanta_%3A_La_Guerre_des_Chefs,"Après une égalité avec Clo au Conseil, Cyril tire la boule noire lors d'un tirage au sort et est éliminé.",,,SECONDARY_DATABASE,,,,,,,,,,,,,,,VOTE_CONSEIL
KL22::clo,KL22,Koh-Lanta : La Guerre des Chefs,Clo,17.0,INDETERMINE,INDETERMINE,INDETERMINE,Éliminée,FINALE_ORIENTATION,HIGH,Élimination pendant l'épreuve finale d'orientation.,FINALE_ORIENTATION,VALIDATED_BATCH_003,https://kohlanta.fandom.com/fr/wiki/Koh-Lanta_%3A_La_Guerre_des_Chefs,Clo est éliminée lors de l'épreuve finale d'orientation.,,,SECONDARY_DATABASE,,,,,,,,,,,,,,,FINALE_ORIENTATION
KL22::aurélien,KL22,Koh-Lanta : La Guerre des Chefs,Aurélien,18.0,INDETERMINE,INDETERMINE,INDETERMINE,Éliminé,FINALE_ORIENTATION,HIGH,Élimination pendant l'épreuve finale d'orientation.,FINALE_ORIENTATION,VALIDATED_BATCH_003,https://kohlanta.fandom.com/fr/wiki/Koh-Lanta_%3A_La_Guerre_des_Chefs,Aurélien est éliminé lors de l'épreuve finale d'orientation.,,,SECONDARY_DATABASE,,,,,,,,,,,,,,,FINALE_ORIENTATION
KL22::steeve,KL22,Koh-Lanta : La Guerre des Chefs,Steeve,19.0,INDETERMINE,INDETERMINE,INDETERMINE,Éliminé,FINALE_POTEAUX,HIGH,Élimination liée à l'épreuve finale des poteaux et au choix du vainqueur.,FINALE_POTEAUX,VALIDATED_BATCH_003,https://kohlanta.fandom.com/fr/wiki/Koh-Lanta_%3A_La_Guerre_des_Chefs,"Steeve n'est pas choisi par Cindy, gagnante des poteaux, pour accéder au jury final.",,,SECONDARY_DATABASE,,,,,,,,,,,,,,,FINALE_POTEAUX
KL25::franck macia,KL25,Koh-Lanta : Le Totem Maudit,Franck Macia,3.0,INDETERMINE,INDETERMINE,INDETERMINE,Left Competition Day 4,VOLUNTARY,HIGH,Départ choisi volontairement par le candidat.,VOLUNTARY,VALIDATED_BATCH_003,https://kohlanta.fandom.com/fr/wiki/Koh-Lanta_%3A_Le_Totem_Maudit,Franck décide volontairement de quitter l'aventure au jour 4.,,,SECONDARY_DATABASE,,,,,,,,,,,,,,,VOLUNTARY
KL25::pauline pourchaire,KL25,Koh-Lanta : Le Totem Maudit,Pauline Pourchaire,12.0,INDETERMINE,INDETERMINE,INDETERMINE,Eliminated 2nd Jury Member Day 25,ELIMINATION_CHALLENGE,HIGH,Élimination directe après une épreuve à enjeu éliminatoire.,ELIMINATION_CHALLENGE,VALIDATED_BATCH_003,https://kohlanta.fandom.com/fr/wiki/Koh-Lanta_%3A_Le_Totem_Maudit,Pauline termine dernière d'une épreuve éliminatoire et quitte directement le jeu.,,,SECONDARY_DATABASE,,,,,,,,,,,,,,,ELIMINATION_CHALLENGE
KL25::louana roy,KL25,Koh-Lanta : Le Totem Maudit,Louana Roy,16.0,INDETERMINE,INDETERMINE,INDETERMINE,Eliminated 6th Jury Member Day 31,VOTE_CONSEIL,HIGH,Élimination résultant du vote du Conseil pendant les destins liés. Le vote contre un membre du binôme condamne également son partenaire ; les deux candidats sont donc classés VOTE_CONSEIL.,VOTE_CONSEIL,VALIDATED_DESTINS_LIES_AS_VOTE_CONSEIL,https://kohlanta.fandom.com/fr/wiki/Koh-Lanta_%3A_Le_Totem_Maudit,"Louana est éliminée parce qu'elle est en binôme avec Maxime, visé par le vote.",,,SECONDARY_DATABASE,,,,,,,,,,,,,,,VOTE_CONSEIL
KL25::fouzi ould bouamama,KL25,Koh-Lanta : Le Totem Maudit,Fouzi Ould Bouamama,17.0,INDETERMINE,INDETERMINE,INDETERMINE,Eliminated 7th Jury Member Day 33,ELIMINATION_CHALLENGE,HIGH,Élimination directe après une épreuve à enjeu éliminatoire.,ELIMINATION_CHALLENGE,VALIDATED_BATCH_003,https://kohlanta.fandom.com/fr/wiki/Koh-Lanta_%3A_Le_Totem_Maudit,Fouzi est éliminé à l'issue d'une épreuve éliminatoire.,,,SECONDARY_DATABASE,,,,,,,,,,,,,,,ELIMINATION_CHALLENGE
KL25::ambre daudet,KL25,Koh-Lanta : Le Totem Maudit,Ambre Daudet,20.0,INDETERMINE,INDETERMINE,INDETERMINE,Eliminated 10th Jury Member Day 38,FINALE_ORIENTATION,HIGH,Élimination pendant l'épreuve finale d'orientation.,FINALE_ORIENTATION,VALIDATED_BATCH_003,https://kohlanta.fandom.com/fr/wiki/Koh-Lanta_%3A_Le_Totem_Maudit,Ambre est éliminée lors de l'épreuve finale d'orientation.,,,SECONDARY_DATABASE,,,,,,,,,,,,,,,FINALE_ORIENTATION
KL26::célia,KL26,Koh-Lanta : Le Feu Sacré,Célia,1.0,INDETERMINE,INDETERMINE,AUTRE_SORTIE,Éliminée [ 11 ],VOTE_CONSEIL,HIGH,Élimination décidée par vote au Conseil.,VOTE_CONSEIL,VALIDATED_BATCH_003,https://kohlanta.fandom.com/fr/wiki/Koh-Lanta_%3A_Le_Feu_Sacr%C3%A9,Célia est éliminée au Conseil au jour 3.,,,SECONDARY_DATABASE,,,,,,,,,,,,,,,VOTE_CONSEIL
KL26::emin,KL26,Koh-Lanta : Le Feu Sacré,Emin,2.0,INDETERMINE,INDETERMINE,AUTRE_SORTIE,Éliminé [ 12 ],VOTE_CONSEIL,HIGH,Élimination décidée par vote au Conseil.,VOTE_CONSEIL,VALIDATED_BATCH_003,https://kohlanta.fandom.com/fr/wiki/Koh-Lanta_%3A_Le_Feu_Sacr%C3%A9,Emin est éliminé au Conseil au jour 6.,,,SECONDARY_DATABASE,,,,,,,,,,,,,,,VOTE_CONSEIL
KL26::alexandre,KL26,Koh-Lanta : Le Feu Sacré,Alexandre,3.0,INDETERMINE,INDETERMINE,AUTRE_SORTIE,Éliminé [ 13 ],VOTE_CONSEIL,HIGH,Élimination décidée par vote au Conseil.,VOTE_CONSEIL,VALIDATED_BATCH_003,https://kohlanta.fandom.com/fr/wiki/Koh-Lanta_%3A_Le_Feu_Sacr%C3%A9,Alexandre est éliminé au Conseil au jour 9.,,,SECONDARY_DATABASE,,,,,,,,,,,,,,,VOTE_CONSEIL
KL26::élodie,KL26,Koh-Lanta : Le Feu Sacré,Élodie,4.0,INDETERMINE,INDETERMINE,AUTRE_SORTIE,Éliminée [ 14 ],ELIMINATION_CHALLENGE,HIGH,Élimination directe après une épreuve à enjeu éliminatoire.,ELIMINATION_CHALLENGE,VALIDATED_BATCH_003,https://kohlanta.fandom.com/fr/wiki/Koh-Lanta_%3A_Le_Feu_Sacr%C3%A9,Élodie termine dernière d'une épreuve de confort éliminatoire et quitte directement l'aventure.,,,SECONDARY_DATABASE,,,,,,,,,,,,,,,ELIMINATION_CHALLENGE
KL26::christine,KL26,Koh-Lanta : Le Feu Sacré,Christine,7.0,INDETERMINE,INDETERMINE,AUTRE_SORTIE,Éliminée [ 17 ],VOTE_CONSEIL,HIGH,Élimination décidée par vote au Conseil.,VOTE_CONSEIL,VALIDATED_BATCH_003,https://kohlanta.fandom.com/fr/wiki/Koh-Lanta_%3A_Le_Feu_Sacr%C3%A9,Christine est éliminée au Conseil au jour 18.,,,SECONDARY_DATABASE,,,,,,,,,,,,,,,VOTE_CONSEIL
KL26::rudy,KL26,Koh-Lanta : Le Feu Sacré,Rudy,8.0,INDETERMINE,INDETERMINE,AUTRE_SORTIE,Éliminé [ 18 ],VOTE_CONSEIL,HIGH,Première sortie uniquement : élimination décidée par vote au Conseil.,VOTE_CONSEIL,VALIDATED_BATCH_003,https://kohlanta.fandom.com/fr/wiki/Koh-Lanta_%3A_Le_Feu_Sacr%C3%A9,"Rudy est éliminé au Conseil au jour 15, revient ensuite après un abandon médical, puis ressort ; seule sa première sortie est retenue.",,,SECONDARY_DATABASE,,,,,,,,,,,,,,,VOTE_CONSEIL
KL26::anne-sophie,KL26,Koh-Lanta : Le Feu Sacré,Anne-Sophie,10.0,INDETERMINE,INDETERMINE,AUTRE_SORTIE,Éliminée [ 20 ],VOTE_CONSEIL,HIGH,Élimination décidée par vote au Conseil.,VOTE_CONSEIL,VALIDATED_BATCH_004,https://kohlanta.fandom.com/fr/wiki/Koh-Lanta_%3A_Le_Feu_Sacr%C3%A9,Anne-Sophie est éliminée au Conseil après la réunification.,,,SECONDARY_DATABASE,,,,,,,,,,,,,,,VOTE_CONSEIL
KL26::helena,KL26,Koh-Lanta : Le Feu Sacré,Helena,11.0,INDETERMINE,INDETERMINE,AUTRE_SORTIE,Éliminée [ 21 ],VOTE_CONSEIL,HIGH,Élimination décidée par vote au Conseil.,VOTE_CONSEIL,VALIDATED_BATCH_004,https://kohlanta.fandom.com/fr/wiki/Koh-Lanta_%3A_Le_Feu_Sacr%C3%A9,Helena est éliminée au Conseil.,,,SECONDARY_DATABASE,,,,,,,,,,,,,,,VOTE_CONSEIL
KL26::gilles,KL26,Koh-Lanta : Le Feu Sacré,Gilles,12.0,INDETERMINE,INDETERMINE,AUTRE_SORTIE,Éliminé [ 22 ],VOTE_CONSEIL,HIGH,Élimination décidée par vote au Conseil.,VOTE_CONSEIL,VALIDATED_BATCH_004,https://kohlanta.fandom.com/fr/wiki/Koh-Lanta_%3A_Le_Feu_Sacr%C3%A9,Gilles est éliminé au Conseil.,,,SECONDARY_DATABASE,,,,,,,,,,,,,,,VOTE_CONSEIL
KL26::clémence,KL26,Koh-Lanta : Le Feu Sacré,Clémence,13.0,INDETERMINE,INDETERMINE,AUTRE_SORTIE,Éliminée [ 23 ],VOTE_CONSEIL,HIGH,Élimination résultant du vote du Conseil pendant les destins liés. Le vote contre un membre du binôme condamne également son partenaire ; les deux candidats sont donc classés VOTE_CONSEIL.,VOTE_CONSEIL,VALIDATED_DESTINS_LIES_AS_VOTE_CONSEIL,https://kohlanta.fandom.com/fr/wiki/Koh-Lanta_%3A_Le_Feu_Sacr%C3%A9,"Clémence est éliminée à la suite de l'élimination d'Esteban, son partenaire de binôme.",,,SECONDARY_DATABASE,,,,,,,,,,,,,,,VOTE_CONSEIL
KL26::esteban,KL26,Koh-Lanta : Le Feu Sacré,Esteban,14.0,INDETERMINE,INDETERMINE,AUTRE_SORTIE,Éliminé [ 24 ],VOTE_CONSEIL,HIGH,Élimination décidée par vote au Conseil.,VOTE_CONSEIL,VALIDATED_BATCH_004,https://kohlanta.fandom.com/fr/wiki/Koh-Lanta_%3A_Le_Feu_Sacr%C3%A9,Esteban est éliminé au Conseil lors de l'épisode des destins liés.,,,SECONDARY_DATABASE,,,,,,,,,,,,,,,VOTE_CONSEIL
KL26::laura,KL26,Koh-Lanta : Le Feu Sacré,Laura,15.0,INDETERMINE,INDETERMINE,AUTRE_SORTIE,Éliminée [ 25 ],VOTE_CONSEIL,HIGH,Élimination décidée par vote au Conseil.,VOTE_CONSEIL,VALIDATED_BATCH_004,https://kohlanta.fandom.com/fr/wiki/Koh-Lanta_%3A_Le_Feu_Sacr%C3%A9,Laura est éliminée au Conseil.,,,SECONDARY_DATABASE,,,,,,,,,,,,,,,VOTE_CONSEIL
KL26::quentin,KL26,Koh-Lanta : Le Feu Sacré,Quentin,16.0,INDETERMINE,INDETERMINE,AUTRE_SORTIE,Éliminé [ 26 ],AMBASSADEURS,HIGH,Première élimination retenue : sortie décidée lors de la réunion des ambassadeurs.,AMBASSADEURS,VALIDATED_BATCH_004,https://kohlanta.fandom.com/fr/wiki/Koh-Lanta_%3A_Le_Feu_Sacr%C3%A9,"Quentin est éliminé par tirage au sort lors de la réunion des ambassadeurs ; il reste ensuite dans le jeu après l'abandon de Grâce, mais seule cette première élimination est retenue.",,,SECONDARY_DATABASE,,,,,,,,,,,,,,,AMBASSADEURS
KL26::julie,KL26,Koh-Lanta : Le Feu Sacré,Julie,17.0,INDETERMINE,INDETERMINE,AUTRE_SORTIE,Éliminée [ 27 ],FINALE_ORIENTATION,HIGH,Élimination pendant l'épreuve finale d'orientation.,FINALE_ORIENTATION,VALIDATED_BATCH_004,https://kohlanta.fandom.com/fr/wiki/Koh-Lanta_%3A_Le_Feu_Sacr%C3%A9,Julie est éliminée à l'issue de l'épreuve d'orientation.,,,SECONDARY_DATABASE,,,,,,,,,,,,,,,FINALE_ORIENTATION
KL26::nicolas,KL26,Koh-Lanta : Le Feu Sacré,Nicolas,18.0,INDETERMINE,INDETERMINE,AUTRE_SORTIE,Éliminé [ 28 ],FINALE_POTEAUX,HIGH,Élimination liée à l'épreuve finale des poteaux et au choix du vainqueur.,FINALE_POTEAUX,VALIDATED_BATCH_004,https://kohlanta.fandom.com/fr/wiki/Koh-Lanta_%3A_Le_Feu_Sacr%C3%A9,"Nicolas n'est pas choisi par Frédéric, vainqueur des poteaux, pour accéder au jury final.",,,SECONDARY_DATABASE,,,,,,,,,,,,,,,FINALE_POTEAUX
KL27::ricky poyet,KL27,Koh-Lanta : Les Chasseurs d'Immunité,Ricky Poyet,9.0,INDETERMINE,INDETERMINE,AUTRE_SORTIE,Eliminated Day 22,AMBASSADEURS,HIGH,Élimination directe lors de la réunion des ambassadeurs.,AMBASSADEURS,VALIDATED_BATCH_004,https://kohlanta.fandom.com/fr/wiki/Koh-Lanta_%3A_Les_Chasseurs_d%27Immunit%C3%A9,Ricky est éliminé lors de la réunion des ambassadeurs.,,,SECONDARY_DATABASE,,,,,,,,,,,,,,,AMBASSADEURS
KL27::océane montenegro,KL27,Koh-Lanta : Les Chasseurs d'Immunité,Océane Montenegro,11.0,INDETERMINE,INDETERMINE,AUTRE_SORTIE,Eliminated 2nd Jury Member Day 26,ELIMINATION_CHALLENGE,HIGH,Élimination directe après une épreuve à enjeu éliminatoire.,ELIMINATION_CHALLENGE,VALIDATED_BATCH_004,https://kohlanta.fandom.com/fr/wiki/Koh-Lanta_%3A_Les_Chasseurs_d%27Immunit%C3%A9,Océane est éliminée à l'issue d'une épreuve éliminatoire.,,,SECONDARY_DATABASE,,,,,,,,,,,,,,,ELIMINATION_CHALLENGE
KL27::aurélien dulau,KL27,Koh-Lanta : Les Chasseurs d'Immunité,Aurélien Dulau,14.0,INDETERMINE,INDETERMINE,AUTRE_SORTIE,Eliminated 4th Jury Member Day 29,VOTE_CONSEIL,HIGH,Élimination résultant du vote du Conseil pendant les destins liés. Le vote contre un membre du binôme condamne également son partenaire ; les deux candidats sont donc classés VOTE_CONSEIL.,VOTE_CONSEIL,VALIDATED_DESTINS_LIES_AS_VOTE_CONSEIL,https://kohlanta.fandom.com/fr/wiki/Koh-Lanta_%3A_Les_Chasseurs_d%27Immunit%C3%A9,"Aurélien est entraîné dans la sortie de Sébastien, son partenaire lors des destins liés.",,,SECONDARY_DATABASE,,,,,,,,,,,,,,,VOTE_CONSEIL
KL29::cynthiana,KL29,Koh-Lanta : La Revanche des 4 Terres,Cynthiana,1.0,INDETERMINE,INDETERMINE,AUTRE_SORTIE,"Éliminée [ 6 ] , [ 7 ] , [ 8 ]",VOTE_CONSEIL,HIGH,Élimination décidée par vote au Conseil.,VOTE_CONSEIL,VALIDATED_BATCH_004,https://kohlanta.fandom.com/fr/wiki/Koh-Lanta_%3A_La_Revanche_des_4_Terres,Cynthiana est éliminée au Conseil.,,,SECONDARY_DATABASE,,,,,,,,,,,,,,,VOTE_CONSEIL
KL29::christian,KL29,Koh-Lanta : La Revanche des 4 Terres,Christian,3.0,INDETERMINE,INDETERMINE,AUTRE_SORTIE,"Éliminé [ 12 ] , [ 13 ] , [ 14 ]",VOTE_CONSEIL,HIGH,Élimination décidée par vote au Conseil.,VOTE_CONSEIL,VALIDATED_BATCH_004,https://kohlanta.fandom.com/fr/wiki/Koh-Lanta_%3A_La_Revanche_des_4_Terres,Christian est éliminé au Conseil.,,,SECONDARY_DATABASE,,,,,,,,,,,,,,,VOTE_CONSEIL
KL29::romane,KL29,Koh-Lanta : La Revanche des 4 Terres,Romane,4.0,INDETERMINE,INDETERMINE,AUTRE_SORTIE,"Éliminée [ 15 ] , [ 16 ] , [ 17 ]",VOTE_CONSEIL,HIGH,Élimination décidée par vote au Conseil.,VOTE_CONSEIL,VALIDATED_BATCH_004,https://kohlanta.fandom.com/fr/wiki/Koh-Lanta_%3A_La_Revanche_des_4_Terres,Romane est éliminée au Conseil.,,,SECONDARY_DATABASE,,,,,,,,,,,,,,,VOTE_CONSEIL
KL29::benoît,KL29,Koh-Lanta : La Revanche des 4 Terres,Benoît,6.0,INDETERMINE,INDETERMINE,AUTRE_SORTIE,"Éliminé [ 21 ] , [ 22 ] , [ 23 ]",VOTE_CONSEIL,HIGH,Élimination décidée par vote au Conseil.,VOTE_CONSEIL,VALIDATED_BATCH_004,https://kohlanta.fandom.com/fr/wiki/Koh-Lanta_%3A_La_Revanche_des_4_Terres,Benoît est éliminé au Conseil.,,,SECONDARY_DATABASE,,,,,,,,,,,,,,,VOTE_CONSEIL
KL29::mohamed,KL29,Koh-Lanta : La Revanche des 4 Terres,Mohamed,7.0,INDETERMINE,INDETERMINE,AUTRE_SORTIE,"Éliminé [ 24 ] , [ 25 ] , [ 26 ]",VOTE_CONSEIL,HIGH,Élimination décidée par vote au Conseil.,VOTE_CONSEIL,VALIDATED_BATCH_004,https://kohlanta.fandom.com/fr/wiki/Koh-Lanta_%3A_La_Revanche_des_4_Terres,Mohamed est éliminé au Conseil.,,,SECONDARY_DATABASE,,,,,,,,,,,,,,,VOTE_CONSEIL
KL29::pauline,KL29,Koh-Lanta : La Revanche des 4 Terres,Pauline,8.0,INDETERMINE,INDETERMINE,AUTRE_SORTIE,"Éliminée [ 27 ] , [ 28 ] , [ 29 ]",VOTE_CONSEIL,HIGH,Élimination décidée par vote au Conseil.,VOTE_CONSEIL,VALIDATED_BATCH_004,https://kohlanta.fandom.com/fr/wiki/Koh-Lanta_%3A_La_Revanche_des_4_Terres,Pauline est éliminée au Conseil.,,,SECONDARY_DATABASE,,,,,,,,,,,,,,,VOTE_CONSEIL
KL29::andréa,KL29,Koh-Lanta : La Revanche des 4 Terres,Andréa,9.0,INDETERMINE,INDETERMINE,AUTRE_SORTIE,"Éliminée [ 30 ] , [ 31 ] , [ 32 ]",VOTE_CONSEIL,HIGH,Élimination décidée par vote au Conseil.,VOTE_CONSEIL,VALIDATED_BATCH_004,https://kohlanta.fandom.com/fr/wiki/Koh-Lanta_%3A_La_Revanche_des_4_Terres,Andréa est éliminée au Conseil.,,,SECONDARY_DATABASE,,,,,,,,,,,,,,,VOTE_CONSEIL
KL29::adrien,KL29,Koh-Lanta : La Revanche des 4 Terres,Adrien,10.0,INDETERMINE,INDETERMINE,AUTRE_SORTIE,"Éliminé [ 33 ] , [ 34 ] , [ 35 ]",VOTE_CONSEIL,HIGH,Élimination décidée par vote au Conseil.,VOTE_CONSEIL,VALIDATED_BATCH_004,https://kohlanta.fandom.com/fr/wiki/Koh-Lanta_%3A_La_Revanche_des_4_Terres,Adrien est éliminé au Conseil.,,,SECONDARY_DATABASE,,,,,,,,,,,,,,,VOTE_CONSEIL
KL29::jessica,KL29,Koh-Lanta : La Revanche des 4 Terres,Jessica,12.0,INDETERMINE,INDETERMINE,AUTRE_SORTIE,"Éliminée [ 39 ] , [ 40 ] , [ 41 ]",ELIMINATION_CHALLENGE,HIGH,Élimination directe après une épreuve à enjeu éliminatoire.,ELIMINATION_CHALLENGE,VALIDATED_BATCH_004,https://kohlanta.fandom.com/fr/wiki/Koh-Lanta_%3A_La_Revanche_des_4_Terres,Jessica termine dernière d'une épreuve d'immunité éliminatoire.,,,SECONDARY_DATABASE,,,,,,,,,,,,,,,ELIMINATION_CHALLENGE
KL29::louise,KL29,Koh-Lanta : La Revanche des 4 Terres,Louise,13.0,INDETERMINE,INDETERMINE,AUTRE_SORTIE,"Éliminée [ 42 ] , [ 43 ] , [ 44 ]",VOTE_CONSEIL,HIGH,Élimination décidée par vote au Conseil.,VOTE_CONSEIL,VALIDATED_BATCH_004,https://kohlanta.fandom.com/fr/wiki/Koh-Lanta_%3A_La_Revanche_des_4_Terres,Louise est éliminée au Conseil.,,,SECONDARY_DATABASE,,,,,,,,,,,,,,,VOTE_CONSEIL
KL29::joana,KL29,Koh-Lanta : La Revanche des 4 Terres,Joana,14.0,INDETERMINE,INDETERMINE,AUTRE_SORTIE,"Éliminée [ 45 ] , [ 46 ] , [ 47 ]",VOTE_CONSEIL,HIGH,Élimination décidée par vote au Conseil.,VOTE_CONSEIL,VALIDATED_BATCH_004,https://kohlanta.fandom.com/fr/wiki/Koh-Lanta_%3A_La_Revanche_des_4_Terres,Joana est éliminée au Conseil.,,,SECONDARY_DATABASE,,,,,,,,,,,,,,,VOTE_CONSEIL
KL29::naïs,KL29,Koh-Lanta : La Revanche des 4 Terres,Naïs,15.0,INDETERMINE,INDETERMINE,AUTRE_SORTIE,"Éliminée [ 48 ] , [ 49 ] , [ 50 ]",VOTE_CONSEIL,HIGH,Élimination décidée par vote au Conseil.,VOTE_CONSEIL,VALIDATED_BATCH_004,https://kohlanta.fandom.com/fr/wiki/Koh-Lanta_%3A_La_Revanche_des_4_Terres,Naïs est éliminée au Conseil.,,,SECONDARY_DATABASE,,,,,,,,,,,,,,,VOTE_CONSEIL
KL29::pierre-marie,KL29,Koh-Lanta : La Revanche des 4 Terres,Pierre-Marie,16.0,INDETERMINE,INDETERMINE,AUTRE_SORTIE,"Éliminé [ 51 ] , [ 52 ] , [ 53 ]",VOTE_CONSEIL,HIGH,Élimination décidée par vote au Conseil.,VOTE_CONSEIL,VALIDATED_BATCH_004,https://kohlanta.fandom.com/fr/wiki/Koh-Lanta_%3A_La_Revanche_des_4_Terres,Pierre-Marie est éliminé au Conseil.,,,SECONDARY_DATABASE,,,,,,,,,,,,,,,VOTE_CONSEIL
KL29::maxime,KL29,Koh-Lanta : La Revanche des 4 Terres,Maxime,17.0,INDETERMINE,INDETERMINE,AUTRE_SORTIE,"Éliminé [ 54 ] , [ 55 ] , [ 56 ]",AMBASSADEURS,HIGH,Première élimination retenue : élimination par les ambassadeurs.,AMBASSADEURS,VALIDATED_BATCH_004,https://kohlanta.fandom.com/fr/wiki/Koh-Lanta_%3A_La_Revanche_des_4_Terres,Maxime est éliminé par les ambassadeurs avant de réintégrer plus tard l'aventure ; seule cette première élimination est retenue.,,,SECONDARY_DATABASE,,,,,,,,,,,,,,,AMBASSADEURS
KL29::noémie,KL29,Koh-Lanta : La Revanche des 4 Terres,Noémie,18.0,INDETERMINE,INDETERMINE,AUTRE_SORTIE,"Éliminée [ 57 ] , [ 58 ] , [ 59 ]",VOTE_CONSEIL,HIGH,Élimination décidée par vote au Conseil.,VOTE_CONSEIL,VALIDATED_BATCH_004,https://kohlanta.fandom.com/fr/wiki/Koh-Lanta_%3A_La_Revanche_des_4_Terres,Noémie est éliminée au Conseil.,,,SECONDARY_DATABASE,,,,,,,,,,,,,,,VOTE_CONSEIL
KL29::céline,KL29,Koh-Lanta : La Revanche des 4 Terres,Céline,19.0,INDETERMINE,INDETERMINE,AUTRE_SORTIE,"Éliminée [ 60 ] , [ 61 ] , [ 62 ]",VOTE_CONSEIL,HIGH,Élimination décidée par vote au Conseil.,VOTE_CONSEIL,VALIDATED_BATCH_004,https://kohlanta.fandom.com/fr/wiki/Koh-Lanta_%3A_La_Revanche_des_4_Terres,Céline est éliminée au Conseil.,,,SECONDARY_DATABASE,,,,,,,,,,,,,,,VOTE_CONSEIL
KL29::jérôme#row20,KL29,Koh-Lanta : La Revanche des 4 Terres,Jérôme,20.0,INDETERMINE,INDETERMINE,AUTRE_SORTIE,"Éliminé [ 63 ] , [ 64 ] , [ 65 ]",FINALE_ORIENTATION,HIGH,Élimination pendant l'épreuve finale d'orientation.,FINALE_ORIENTATION,VALIDATED_BATCH_004,https://kohlanta.fandom.com/fr/wiki/Koh-Lanta_%3A_La_Revanche_des_4_Terres,Ce candidat Jérôme est éliminé à l'issue de l'épreuve d'orientation.,,,SECONDARY_DATABASE,,,,,,,,,,,,,,,FINALE_ORIENTATION
KL29::claire,KL29,Koh-Lanta : La Revanche des 4 Terres,Claire,21.0,INDETERMINE,INDETERMINE,AUTRE_SORTIE,"Éliminée [ 66 ] , [ 67 ] , [ 68 ]",FINALE_ORIENTATION,HIGH,Élimination pendant l'épreuve finale d'orientation.,FINALE_ORIENTATION,VALIDATED_BATCH_004,https://kohlanta.fandom.com/fr/wiki/Koh-Lanta_%3A_La_Revanche_des_4_Terres,Claire est éliminée à l'issue de l'épreuve d'orientation.,,,SECONDARY_DATABASE,,,,,,,,,,,,,,,FINALE_ORIENTATION
KL29::jérôme#row22,KL29,Koh-Lanta : La Revanche des 4 Terres,Jérôme,22.0,INDETERMINE,INDETERMINE,AUTRE_SORTIE,"Éliminé [ 69 ] , [ 70 ] , [ 71 ]",FINALE_POTEAUX,HIGH,Élimination liée à l'épreuve finale des poteaux et au choix du vainqueur.,FINALE_POTEAUX,VALIDATED_BATCH_004,https://kohlanta.fandom.com/fr/wiki/Koh-Lanta_%3A_La_Revanche_des_4_Terres,"Ce candidat Jérôme n'est pas choisi par Gaëlle, gagnante des poteaux, pour accéder au jury final.",,,SECONDARY_DATABASE,,,,,,,,,,,,,,,FINALE_POTEAUX
KL32::carole,KL32,Koh-Lanta : Les 4 Terres,Carole,2.0,INDETERMINE,INDETERMINE,INDETERMINE,"Éliminée [ 21 ] [source secondaire souhaitée] , [ 22 ] [source secondaire souhaitée] , [ 23 ] [source secondaire souhaitée] , [ 20 ]",VOTE_CONSEIL,HIGH,Élimination décidée par vote au Conseil.,VOTE_CONSEIL,VALIDATED_BATCH_004,https://kohlanta.fandom.com/fr/wiki/Koh-Lanta_%3A_Les_4_Terres,Carole est éliminée au Conseil.,,,SECONDARY_DATABASE,,,,,,,,,,,,,,,VOTE_CONSEIL
KL32::diane,KL32,Koh-Lanta : Les 4 Terres,Diane,4.0,INDETERMINE,INDETERMINE,INDETERMINE,"Éliminée [ 27 ] [source secondaire souhaitée] , [ 28 ] [source secondaire souhaitée] , [ 29 ] [source secondaire souhaitée] , [ 30 ]",VOTE_CONSEIL,HIGH,Première sortie uniquement : élimination décidée par vote au Conseil.,VOTE_CONSEIL,VALIDATED_BATCH_004,https://kohlanta.fandom.com/fr/wiki/Koh-Lanta_%3A_Les_4_Terres,"Diane est éliminée au Conseil, revient ensuite après une sortie médicale, puis ressort ; seule sa première sortie est retenue.",,,SECONDARY_DATABASE,,,,,,,,,,,,,,,VOTE_CONSEIL
KL32::estelle,KL32,Koh-Lanta : Les 4 Terres,Estelle,5.0,INDETERMINE,INDETERMINE,INDETERMINE,"Éliminée [ 31 ] [source secondaire souhaitée] , [ 32 ] [source secondaire souhaitée] , [ 33 ] [source secondaire souhaitée] , [ 30 ]",VOTE_CONSEIL,HIGH,Élimination décidée par vote au Conseil.,VOTE_CONSEIL,VALIDATED_BATCH_004,https://kohlanta.fandom.com/fr/wiki/Koh-Lanta_%3A_Les_4_Terres,Estelle est éliminée au Conseil.,,,SECONDARY_DATABASE,,,,,,,,,,,,,,,VOTE_CONSEIL
KL32::mathieu,KL32,Koh-Lanta : Les 4 Terres,Mathieu,6.0,INDETERMINE,INDETERMINE,INDETERMINE,"Éliminé [ 34 ] [source secondaire souhaitée] , [ 35 ] [source secondaire souhaitée] , [ 36 ] [source secondaire souhaitée] , [ 37 ] [source secondaire souhaitée]",VOTE_CONSEIL,HIGH,Élimination décidée par vote au Conseil.,VOTE_CONSEIL,VALIDATED_BATCH_004,https://kohlanta.fandom.com/fr/wiki/Koh-Lanta_%3A_Les_4_Terres,Mathieu est éliminé au Conseil.,,,SECONDARY_DATABASE,,,,,,,,,,,,,,,VOTE_CONSEIL
KL32::adrien,KL32,Koh-Lanta : Les 4 Terres,Adrien,7.0,INDETERMINE,INDETERMINE,INDETERMINE,"Éliminé [ 38 ] [source secondaire souhaitée] , [ 39 ] [source secondaire souhaitée] , [ 40 ] [source secondaire souhaitée] , [ 41 ]",VOTE_CONSEIL,HIGH,Élimination décidée par vote au Conseil.,VOTE_CONSEIL,VALIDATED_BATCH_004,https://kohlanta.fandom.com/fr/wiki/Koh-Lanta_%3A_Les_4_Terres,Adrien est éliminé au Conseil.,,,SECONDARY_DATABASE,,,,,,,,,,,,,,,VOTE_CONSEIL
KL32::aubin,KL32,Koh-Lanta : Les 4 Terres,Aubin,8.0,INDETERMINE,INDETERMINE,INDETERMINE,"Éliminé [ 42 ] [source secondaire souhaitée] , [ 43 ] [source secondaire souhaitée] , [ 44 ] [source secondaire souhaitée] , [ 45 ] [source secondaire souhaitée]",VOTE_CONSEIL,HIGH,Élimination décidée par vote au Conseil.,VOTE_CONSEIL,VALIDATED_BATCH_004,https://kohlanta.fandom.com/fr/wiki/Koh-Lanta_%3A_Les_4_Terres,Aubin est éliminé au Conseil.,,,SECONDARY_DATABASE,,,,,,,,,,,,,,,VOTE_CONSEIL
KL32::sébastien,KL32,Koh-Lanta : Les 4 Terres,Sébastien,9.0,INDETERMINE,INDETERMINE,INDETERMINE,"Éliminé [ 46 ] [source secondaire souhaitée] , [ 47 ] [source secondaire souhaitée] , [ 48 ] [source secondaire souhaitée] , [ 49 ] [source secondaire souhaitée]",VOTE_CONSEIL,HIGH,Élimination décidée par vote au Conseil.,VOTE_CONSEIL,VALIDATED_BATCH_004,https://kohlanta.fandom.com/fr/wiki/Koh-Lanta_%3A_Les_4_Terres,Sébastien est éliminé au Conseil.,,,SECONDARY_DATABASE,,,,,,,,,,,,,,,VOTE_CONSEIL
KL32::marie-france,KL32,Koh-Lanta : Les 4 Terres,Marie-France,10.0,INDETERMINE,INDETERMINE,INDETERMINE,"Éliminée [ 50 ] [source secondaire souhaitée] , [ 51 ] [source secondaire souhaitée] , [ 52 ] [source secondaire souhaitée]",VOTE_CONSEIL,HIGH,Première sortie uniquement : élimination décidée par vote au Conseil.,VOTE_CONSEIL,VALIDATED_BATCH_004,https://kohlanta.fandom.com/fr/wiki/Koh-Lanta_%3A_Les_4_Terres,"Marie-France est d'abord éliminée au Conseil, puis revient après l'abandon médical de François et est ensuite éliminée aux ambassadeurs ; seule sa première sortie est retenue.",,,SECONDARY_DATABASE,,,,,,,,,,,,,,,VOTE_CONSEIL
KL32::hadja,KL32,Koh-Lanta : Les 4 Terres,Hadja,11.0,INDETERMINE,INDETERMINE,INDETERMINE,"Éliminée [ 53 ] [source secondaire souhaitée] , [ 54 ] [source secondaire souhaitée] , [ 55 ] [source secondaire souhaitée] , [ 56 ] [source secondaire souhaitée]",VOTE_CONSEIL,HIGH,Élimination décidée par vote au Conseil.,VOTE_CONSEIL,VALIDATED_BATCH_004,https://kohlanta.fandom.com/fr/wiki/Koh-Lanta_%3A_Les_4_Terres,Hadja est éliminée au Conseil après la réunification.,,,SECONDARY_DATABASE,,,,,,,,,,,,,,,VOTE_CONSEIL
KL32::bertrand-kamal († décédé avant la finale),KL32,Koh-Lanta : Les 4 Terres,Bertrand-Kamal († décédé avant la finale),12.0,INDETERMINE,INDETERMINE,INDETERMINE,"Éliminé [ 57 ] , [ 58 ] , [ 59 ] , [ 60 ]",ELIMINATION_CHALLENGE,HIGH,Élimination directe après une épreuve à enjeu éliminatoire.,ELIMINATION_CHALLENGE,VALIDATED_BATCH_005_FINAL,https://survivor.fandom.com/wiki/Koh-Lanta%3A_Les_4_Terres,Bertrand-Kamal termine dernier d'une épreuve d'immunité à élimination directe et quitte le jeu sans vote.,,,SECONDARY_DATABASE,,,,,,,,,,,,,,,ELIMINATION_CHALLENGE
KL32::joaquina,KL32,Koh-Lanta : Les 4 Terres,Joaquina,13.0,INDETERMINE,INDETERMINE,INDETERMINE,"Éliminée [ 61 ] [source secondaire souhaitée] , [ 62 ] [source secondaire souhaitée] , [ 63 ] [source secondaire souhaitée] , [ 64 ]",VOTE_CONSEIL,HIGH,Élimination décidée par vote au Conseil.,VOTE_CONSEIL,VALIDATED_BATCH_005_FINAL,https://survivor.fandom.com/wiki/Koh-Lanta%3A_Les_4_Terres,Joaquina est éliminée au Conseil au jour 26.,,,SECONDARY_DATABASE,,,,,,,,,,,,,,,VOTE_CONSEIL
KL32::jody,KL32,Koh-Lanta : Les 4 Terres,Jody,14.0,INDETERMINE,INDETERMINE,INDETERMINE,"Éliminée [ 65 ] [source secondaire souhaitée] , [ 66 ] [source secondaire souhaitée] , [ 67 ] [source secondaire souhaitée] , [ 68 ] [source secondaire souhaitée]",VOTE_CONSEIL,HIGH,Élimination décidée par vote au Conseil.,VOTE_CONSEIL,VALIDATED_BATCH_005_FINAL,https://survivor.fandom.com/wiki/Koh-Lanta%3A_Les_4_Terres,Jody est éliminée au Conseil au jour 29.,,,SECONDARY_DATABASE,,,,,,,,,,,,,,,VOTE_CONSEIL
KL32::laurent,KL32,Koh-Lanta : Les 4 Terres,Laurent,15.0,INDETERMINE,INDETERMINE,INDETERMINE,"Éliminé [ 69 ] [source secondaire souhaitée] , [ 70 ] [source secondaire souhaitée] , [ 71 ] [source secondaire souhaitée] , [ 72 ] [source secondaire souhaitée]",VOTE_CONSEIL,HIGH,Élimination décidée par vote au Conseil.,VOTE_CONSEIL,VALIDATED_BATCH_005_FINAL,https://survivor.fandom.com/wiki/Koh-Lanta%3A_Les_4_Terres,Laurent est éliminé au Conseil au jour 32.,,,SECONDARY_DATABASE,,,,,,,,,,,,,,,VOTE_CONSEIL
KL32::alix,KL32,Koh-Lanta : Les 4 Terres,Alix,16.0,INDETERMINE,INDETERMINE,INDETERMINE,"Éliminée [ 73 ] [source secondaire souhaitée] , [ 74 ] [source secondaire souhaitée] , [ 75 ] [source secondaire souhaitée] , [ 76 ] [source secondaire souhaitée]",VOTE_CONSEIL,HIGH,Élimination résultant du vote du Conseil pendant les destins liés. Le vote contre un membre du binôme condamne également son partenaire ; les deux candidats sont donc classés VOTE_CONSEIL.,VOTE_CONSEIL,VALIDATED_DESTINS_LIES_AS_VOTE_CONSEIL,https://survivor.fandom.com/wiki/Koh-Lanta%3A_Les_4_Terres,Alix est éliminée parce qu'elle est le partenaire de Laurent pendant les destins liés.,,,SECONDARY_DATABASE,,,,,,,,,,,,,,,VOTE_CONSEIL
KL32::fabrice,KL32,Koh-Lanta : Les 4 Terres,Fabrice,17.0,INDETERMINE,INDETERMINE,INDETERMINE,"Éliminé [ 77 ] [source secondaire souhaitée] , [ 78 ] [source secondaire souhaitée] , [ 79 ] [source secondaire souhaitée] , [ 80 ] [source secondaire souhaitée]",ELIMINATION_CHALLENGE,HIGH,Élimination directe après une épreuve à enjeu éliminatoire.,ELIMINATION_CHALLENGE,VALIDATED_BATCH_005_FINAL,https://survivor.fandom.com/wiki/Koh-Lanta%3A_Les_4_Terres,Fabrice termine dernier d'une épreuve d'immunité à élimination directe au jour 35.,,,SECONDARY_DATABASE,,,,,,,,,,,,,,,ELIMINATION_CHALLENGE
KL32::ava,KL32,Koh-Lanta : Les 4 Terres,Ava,18.0,INDETERMINE,INDETERMINE,INDETERMINE,"Éliminée [ 81 ] [source secondaire souhaitée] , [ 82 ] [source secondaire souhaitée] , [ 83 ] [source secondaire souhaitée] , [ 84 ] [source secondaire souhaitée]",VOTE_CONSEIL,HIGH,Élimination décidée par vote au Conseil.,VOTE_CONSEIL,VALIDATED_BATCH_005_FINAL,https://survivor.fandom.com/wiki/Koh-Lanta%3A_Les_4_Terres,Ava est éliminée au Conseil au jour 35.,,,SECONDARY_DATABASE,,,,,,,,,,,,,,,VOTE_CONSEIL
KL32::angélique,KL32,Koh-Lanta : Les 4 Terres,Angélique,19.0,INDETERMINE,INDETERMINE,INDETERMINE,"Éliminée [ 85 ] [source secondaire souhaitée] , [ 86 ] [source secondaire souhaitée] , [ 87 ] [source secondaire souhaitée] , [ 88 ] [source secondaire souhaitée]",VOTE_CONSEIL,HIGH,Élimination décidée par vote au Conseil.,VOTE_CONSEIL,VALIDATED_BATCH_005_FINAL,https://survivor.fandom.com/wiki/Koh-Lanta%3A_Les_4_Terres,Angélique est éliminée au Conseil au jour 38.,,,SECONDARY_DATABASE,,,,,,,,,,,,,,,VOTE_CONSEIL
KL32::dorian,KL32,Koh-Lanta : Les 4 Terres,Dorian,20.0,INDETERMINE,INDETERMINE,INDETERMINE,"Éliminé [ 89 ] [source secondaire souhaitée] , [ 90 ] [source secondaire souhaitée] , [ 91 ] [source secondaire souhaitée] , [ 92 ] [source secondaire souhaitée]",FINALE_ORIENTATION,HIGH,Élimination pendant l'épreuve finale d'orientation.,FINALE_ORIENTATION,VALIDATED_BATCH_005_FINAL,https://survivor.fandom.com/wiki/Koh-Lanta%3A_Les_4_Terres,Dorian termine parmi les deux derniers de l'épreuve finale d'orientation et est éliminé.,,,SECONDARY_DATABASE,,,,,,,,,,,,,,,FINALE_ORIENTATION
KL32::lola,KL32,Koh-Lanta : Les 4 Terres,Lola,21.0,INDETERMINE,INDETERMINE,INDETERMINE,"Éliminée [ 93 ] [source secondaire souhaitée] , [ 94 ] [source secondaire souhaitée] , [ 95 ] [source secondaire souhaitée] , [ 96 ] [source secondaire souhaitée]",FINALE_ORIENTATION,HIGH,Élimination pendant l'épreuve finale d'orientation.,FINALE_ORIENTATION,VALIDATED_BATCH_005_FINAL,https://survivor.fandom.com/wiki/Koh-Lanta%3A_Les_4_Terres,Lola termine parmi les deux dernières de l'épreuve finale d'orientation et est éliminée.,,,SECONDARY_DATABASE,,,,,,,,,,,,,,,FINALE_ORIENTATION
KL32::loïc,KL32,Koh-Lanta : Les 4 Terres,Loïc,22.0,INDETERMINE,INDETERMINE,INDETERMINE,"Éliminé [ 97 ] [source secondaire souhaitée] , [ 98 ] [source secondaire souhaitée] , [ 99 ] [source secondaire souhaitée] , [ 100 ] [source secondaire souhaitée]",FINALE_POTEAUX,HIGH,Élimination liée à l'épreuve finale des poteaux et au choix du vainqueur.,FINALE_POTEAUX,VALIDATED_BATCH_005_FINAL,https://survivor.fandom.com/wiki/Koh-Lanta%3A_Les_4_Terres,"Après l'épreuve finale, Brice choisit Alexandra pour le jury final ; Loïc est donc éliminé.",,,SECONDARY_DATABASE,,,,,,,,,,,,,,,FINALE_POTEAUX
KL33::sylviane,KL33,Koh-Lanta : Les Armes secrètes,Sylviane,1.0,INDETERMINE,INDETERMINE,AUTRE_SORTIE,"Éliminée [ 17 ] , [ 18 ] , [ 19 ] , [ 20 ]",VOTE_CONSEIL,HIGH,Élimination décidée par vote au Conseil.,VOTE_CONSEIL,VALIDATED_BATCH_005_FINAL,https://survivor.fandom.com/wiki/Koh-Lanta%3A_Les_Armes_Secr%C3%A8tes,"Sylviane est la première candidate éliminée au Conseil, par sept voix.",,,SECONDARY_DATABASE,,,,,,,,,,,,,,,VOTE_CONSEIL
KL33::marie,KL33,Koh-Lanta : Les Armes secrètes,Marie,2.0,INDETERMINE,INDETERMINE,AUTRE_SORTIE,"Éliminée [ 21 ] , [ 22 ] , [ 23 ] , [ 24 ] , [ 25 ]",VOTE_CONSEIL,HIGH,Élimination décidée par vote au Conseil.,VOTE_CONSEIL,VALIDATED_BATCH_005_FINAL,https://survivor.fandom.com/wiki/Koh-Lanta%3A_Les_Armes_Secr%C3%A8tes,Marie est éliminée au Conseil au jour 6.,,,SECONDARY_DATABASE,,,,,,,,,,,,,,,VOTE_CONSEIL
KL33::élodie,KL33,Koh-Lanta : Les Armes secrètes,Élodie,3.0,INDETERMINE,INDETERMINE,AUTRE_SORTIE,"Éliminée [ 26 ] , [ 27 ] , [ 28 ] , [ 29 ] , [ 30 ]",VOTE_CONSEIL,HIGH,Élimination décidée par vote au Conseil.,VOTE_CONSEIL,VALIDATED_BATCH_005_FINAL,https://survivor.fandom.com/wiki/Koh-Lanta%3A_Les_Armes_Secr%C3%A8tes,Élodie est éliminée au Conseil au jour 9.,,,SECONDARY_DATABASE,,,,,,,,,,,,,,,VOTE_CONSEIL
KL33::candice,KL33,Koh-Lanta : Les Armes secrètes,Candice,4.0,INDETERMINE,INDETERMINE,AUTRE_SORTIE,"Éliminée [ 31 ] , [ 32 ] , [ 33 ] , [ 34 ] , [ 35 ]",VOTE_CONSEIL,HIGH,Élimination décidée par vote au Conseil.,VOTE_CONSEIL,VALIDATED_BATCH_005_FINAL,https://survivor.fandom.com/wiki/Koh-Lanta%3A_Les_Armes_Secr%C3%A8tes,Candice est éliminée au Conseil au jour 12.,,,SECONDARY_DATABASE,,,,,,,,,,,,,,,VOTE_CONSEIL
KL33::aurélien,KL33,Koh-Lanta : Les Armes secrètes,Aurélien,6.0,INDETERMINE,INDETERMINE,AUTRE_SORTIE,"Éliminé [ 41 ] , [ 42 ] , [ 43 ] , [ 44 ] , [ 45 ]",VOTE_CONSEIL,HIGH,Élimination décidée par vote au Conseil.,VOTE_CONSEIL,VALIDATED_BATCH_005_FINAL,https://survivor.fandom.com/wiki/Koh-Lanta%3A_Les_Armes_Secr%C3%A8tes,Aurélien est éliminé au Conseil au jour 15.,,,SECONDARY_DATABASE,,,,,,,,,,,,,,,VOTE_CONSEIL
KL33::frédéric,KL33,Koh-Lanta : Les Armes secrètes,Frédéric,7.0,INDETERMINE,INDETERMINE,AUTRE_SORTIE,"Éliminé [ 46 ] , [ 47 ] , [ 48 ] , [ 49 ] , [ 50 ]",AMBASSADEURS,HIGH,Élimination directe lors de la réunion des ambassadeurs.,AMBASSADEURS,VALIDATED_BATCH_005_FINAL,https://survivor.fandom.com/wiki/Koh-Lanta%3A_Les_Armes_Secr%C3%A8tes,Frédéric est éliminé par la décision commune des trois ambassadeurs.,,,SECONDARY_DATABASE,,,,,,,,,,,,,,,AMBASSADEURS
KL33::hervé,KL33,Koh-Lanta : Les Armes secrètes,Hervé,8.0,INDETERMINE,INDETERMINE,AUTRE_SORTIE,"Éliminé [ 51 ] , [ 52 ] , [ 53 ] , [ 54 ] , [ 55 ]",VOTE_CONSEIL,HIGH,Élimination décidée par vote au Conseil.,VOTE_CONSEIL,VALIDATED_BATCH_005_FINAL,https://survivor.fandom.com/wiki/Koh-Lanta%3A_Les_Armes_Secr%C3%A8tes,Hervé est éliminé au premier Conseil après la réunification.,,,SECONDARY_DATABASE,,,,,,,,,,,,,,,VOTE_CONSEIL
KL33::mathieu,KL33,Koh-Lanta : Les Armes secrètes,Mathieu,9.0,INDETERMINE,INDETERMINE,AUTRE_SORTIE,"Éliminé [ 56 ] , [ 57 ] , [ 58 ] , [ 59 ] , [ 60 ]",ELIMINATION_CHALLENGE,HIGH,Élimination directe après une épreuve ou un duel à enjeu éliminatoire.,ELIMINATION_CHALLENGE,VALIDATED_BATCH_005_FINAL,https://survivor.fandom.com/wiki/Koh-Lanta%3A_Les_Armes_Secr%C3%A8tes,Mathieu perd le duel éliminatoire face à Thomas et quitte directement le jeu.,,,SECONDARY_DATABASE,,,,,,,,,,,,,,,ELIMINATION_CHALLENGE
KL33::shanice,KL33,Koh-Lanta : Les Armes secrètes,Shanice,10.0,INDETERMINE,INDETERMINE,AUTRE_SORTIE,"Éliminée [ 61 ] , [ 62 ] , [ 63 ] , [ 64 ] , [ 65 ]",VOTE_CONSEIL,HIGH,Élimination décidée par vote au Conseil.,VOTE_CONSEIL,VALIDATED_BATCH_005_FINAL,https://survivor.fandom.com/wiki/Koh-Lanta%3A_Les_Armes_Secr%C3%A8tes,Shanice est éliminée au Conseil au jour 20.,,,SECONDARY_DATABASE,,,,,,,,,,,,,,,VOTE_CONSEIL
KL33::myriam,KL33,Koh-Lanta : Les Armes secrètes,Myriam,11.0,INDETERMINE,INDETERMINE,AUTRE_SORTIE,"Éliminée [ 66 ] , [ 67 ] , [ 68 ] , [ 69 ]",VOTE_CONSEIL,HIGH,Élimination décidée par vote au Conseil.,VOTE_CONSEIL,VALIDATED_BATCH_005_FINAL,https://survivor.fandom.com/wiki/Koh-Lanta%3A_Les_Armes_Secr%C3%A8tes,Myriam est éliminée au Conseil au jour 23.,,,SECONDARY_DATABASE,,,,,,,,,,,,,,,VOTE_CONSEIL
KL33::vincent,KL33,Koh-Lanta : Les Armes secrètes,Vincent,12.0,INDETERMINE,INDETERMINE,AUTRE_SORTIE,"Éliminé [ 70 ] , [ 71 ] , [ 72 ] , [ 73 ] , [ 74 ]",VOTE_CONSEIL,HIGH,Élimination décidée par vote au Conseil.,VOTE_CONSEIL,VALIDATED_BATCH_005_FINAL,https://survivor.fandom.com/wiki/Koh-Lanta%3A_Les_Armes_Secr%C3%A8tes,Vincent est éliminé au Conseil au jour 27.,,,SECONDARY_DATABASE,,,,,,,,,,,,,,,VOTE_CONSEIL
KL33::laëtitia,KL33,Koh-Lanta : Les Armes secrètes,Laëtitia,13.0,INDETERMINE,INDETERMINE,AUTRE_SORTIE,"Éliminée [ 75 ] , [ 76 ] , [ 77 ] , [ 78 ] , [ 79 ]",VOTE_CONSEIL,HIGH,Élimination résultant du vote du Conseil pendant les destins liés. Le vote contre un membre du binôme condamne également son partenaire ; les deux candidats sont donc classés VOTE_CONSEIL.,VOTE_CONSEIL,VALIDATED_DESTINS_LIES_AS_VOTE_CONSEIL,https://survivor.fandom.com/wiki/Koh-Lanta%3A_Les_Armes_Secr%C3%A8tes,Laëtitia est éliminée parce qu'elle est la partenaire de Vincent pendant les destins liés.,,,SECONDARY_DATABASE,,,,,,,,,,,,,,,VOTE_CONSEIL
KL33::thomas,KL33,Koh-Lanta : Les Armes secrètes,Thomas,14.0,INDETERMINE,INDETERMINE,AUTRE_SORTIE,"Éliminé [ 80 ] , [ 81 ] , [ 82 ] , [ 83 ] , [ 84 ]",VOTE_CONSEIL,HIGH,Élimination décidée par vote au Conseil.,VOTE_CONSEIL,VALIDATED_BATCH_005_FINAL,https://survivor.fandom.com/wiki/Koh-Lanta%3A_Les_Armes_Secr%C3%A8tes,Thomas est éliminé au Conseil au jour 30.,,,SECONDARY_DATABASE,,,,,,,,,,,,,,,VOTE_CONSEIL
KL33::flavio,KL33,Koh-Lanta : Les Armes secrètes,Flavio,15.0,INDETERMINE,INDETERMINE,AUTRE_SORTIE,"Éliminé [ 85 ] , [ 86 ] , [ 87 ] , [ 88 ] , [ 89 ]",ELIMINATION_CHALLENGE,HIGH,Élimination directe après une épreuve à enjeu éliminatoire.,ELIMINATION_CHALLENGE,VALIDATED_BATCH_005_FINAL,https://survivor.fandom.com/wiki/Koh-Lanta%3A_Les_Armes_Secr%C3%A8tes,Flavio termine dernier de l'épreuve d'immunité à élimination directe et quitte le jeu.,,,SECONDARY_DATABASE,,,,,,,,,,,,,,,ELIMINATION_CHALLENGE
KL33::magali,KL33,Koh-Lanta : Les Armes secrètes,Magali,16.0,INDETERMINE,INDETERMINE,AUTRE_SORTIE,"Éliminée [ 90 ] , [ 91 ] , [ 92 ] , [ 93 ] , [ 94 ]",VOTE_CONSEIL,HIGH,Première sortie uniquement : élimination décidée par vote au Conseil.,VOTE_CONSEIL,VALIDATED_BATCH_005_FINAL,https://survivor.fandom.com/wiki/Koh-Lanta%3A_Les_Armes_Secr%C3%A8tes,"Magali est d'abord éliminée au Conseil au jour 13, puis revient après l'évacuation médicale de Gabin ; seule sa première sortie est retenue.",,,SECONDARY_DATABASE,,,,,,,,,,,,,,,VOTE_CONSEIL
KL33::arnaud,KL33,Koh-Lanta : Les Armes secrètes,Arnaud,17.0,INDETERMINE,INDETERMINE,AUTRE_SORTIE,"Éliminé [ 95 ] , [ 96 ] , [ 97 ] , [ 98 ] , [ 99 ]",FINALE_ORIENTATION,HIGH,Élimination pendant l'épreuve finale d'orientation.,FINALE_ORIENTATION,VALIDATED_BATCH_005_FINAL,https://survivor.fandom.com/wiki/Koh-Lanta%3A_Les_Armes_Secr%C3%A8tes,Arnaud est éliminé lors de l'épreuve finale d'orientation.,,,SECONDARY_DATABASE,,,,,,,,,,,,,,,FINALE_ORIENTATION
KL33::laure,KL33,Koh-Lanta : Les Armes secrètes,Laure,18.0,INDETERMINE,INDETERMINE,AUTRE_SORTIE,"Éliminée [ 100 ] , [ 101 ] , [ 102 ] , [ 103 ] , [ 104 ]",FINALE_ORIENTATION,HIGH,Élimination pendant l'épreuve finale d'orientation.,FINALE_ORIENTATION,VALIDATED_BATCH_005_FINAL,https://survivor.fandom.com/wiki/Koh-Lanta%3A_Les_Armes_Secr%C3%A8tes,Laure est éliminée lors de l'épreuve finale d'orientation.,,,SECONDARY_DATABASE,,,,,,,,,,,,,,,FINALE_ORIENTATION
KL33::jonathan,KL33,Koh-Lanta : Les Armes secrètes,Jonathan,19.0,INDETERMINE,INDETERMINE,AUTRE_SORTIE,"Éliminé [ 105 ] , [ 106 ] , [ 107 ] , [ 108 ] , [ 109 ]",FINALE_POTEAUX,HIGH,Élimination liée à l'épreuve finale des poteaux et au choix du vainqueur.,FINALE_POTEAUX,VALIDATED_BATCH_005_FINAL,https://survivor.fandom.com/wiki/Koh-Lanta%3A_Les_Armes_Secr%C3%A8tes,Jonathan est éliminé après l'épreuve finale lorsque Maxine choisit Lucie pour l'accompagner devant le jury final.,,,SECONDARY_DATABASE,,,,,,,,,,,,,,,FINALE_POTEAUX
KL26::benjamin,KL26,Koh-Lanta : Le Feu Sacré,Benjamin,5.0,ABANDON_VOLONTAIRE,SANTE_ABANDON,AUTRE_SORTIE,Abandon volontaire [ 15 ],VOLUNTARY,HIGH,departure_type_normalized=ABANDON_VOLONTAIRE,,AUTO_ACCEPT_CANDIDATE,,,,,,,,,,,,,,,,,,,,VOLUNTARY
KL26::grâce,KL26,Koh-Lanta : Le Feu Sacré,Grâce,9.0,ABANDON_VOLONTAIRE,SANTE_ABANDON,AUTRE_SORTIE,"Abandon volontaire [ 19 ] , [ n 1 ]",VOLUNTARY,HIGH,departure_type_normalized=ABANDON_VOLONTAIRE,,AUTO_ACCEPT_CANDIDATE,,,,,,,,,,,,,,,,,,,,VOLUNTARY
KL29::mehdi,KL29,Koh-Lanta : La Revanche des 4 Terres,Mehdi,5.0,ABANDON_VOLONTAIRE,SANTE_ABANDON,AUTRE_SORTIE,"Abandon volontaire [ 18 ] , [ 19 ] , [ 20 ]",VOLUNTARY,HIGH,departure_type_normalized=ABANDON_VOLONTAIRE,,AUTO_ACCEPT_CANDIDATE,,,,,,,,,,,,,,,,,,,,VOLUNTARY
KL13::lisa legouverneur,KL13,Koh-Lanta : Raja Ampat,Lisa Legouverneur,1.0,CONSEIL,INDETERMINE,DECISION_AVENTURIERS,1st Voted Out Day 3,VOTE_CONSEIL,HIGH,departure_type_normalized=CONSEIL,,AUTO_ACCEPT_CANDIDATE,,,,,,,,,,,,,,,,,,,,VOTE_CONSEIL
KL13::catherine diard,KL13,Koh-Lanta : Raja Ampat,Catherine Diard,2.0,CONSEIL,INDETERMINE,DECISION_AVENTURIERS,2nd Voted Out Day 6,VOTE_CONSEIL,HIGH,departure_type_normalized=CONSEIL,,AUTO_ACCEPT_CANDIDATE,,,,,,,,,,,,,,,,,,,,VOTE_CONSEIL
"KL13::gérard ""gégé"" icardi",KL13,Koh-Lanta : Raja Ampat,"Gérard ""Gégé"" Icardi",4.0,CONSEIL,INDETERMINE,DECISION_AVENTURIERS,3rd Voted Out Day 9,VOTE_CONSEIL,HIGH,departure_type_normalized=CONSEIL,,AUTO_ACCEPT_CANDIDATE,,,,,,,,,,,,,,,,,,,,VOTE_CONSEIL
KL13::benoît mahieux,KL13,Koh-Lanta : Raja Ampat,Benoît Mahieux,6.0,CONSEIL,INDETERMINE,DECISION_AVENTURIERS,4th Voted Out Day 12,VOTE_CONSEIL,HIGH,departure_type_normalized=CONSEIL,,AUTO_ACCEPT_CANDIDATE,,,,,,,,,,,,,,,,,,,,VOTE_CONSEIL
KL13::délisia fettache,KL13,Koh-Lanta : Raja Ampat,Délisia Fettache,7.0,CONSEIL,INDETERMINE,DECISION_AVENTURIERS,5th Voted Out Day 15,VOTE_CONSEIL,HIGH,departure_type_normalized=CONSEIL,,AUTO_ACCEPT_CANDIDATE,,,,,,,,,,,,,,,,,,,,VOTE_CONSEIL
KL13::caroline matteucci,KL13,Koh-Lanta : Raja Ampat,Caroline Matteucci,8.0,CONSEIL,INDETERMINE,DECISION_AVENTURIERS,6th Voted Out Day 18,VOTE_CONSEIL,HIGH,departure_type_normalized=CONSEIL,,AUTO_ACCEPT_CANDIDATE,,,,,,,,,,,,,,,,,,,,VOTE_CONSEIL
KL13::maxime boulet,KL13,Koh-Lanta : Raja Ampat,Maxime Boulet,9.0,CONSEIL,INDETERMINE,DECISION_AVENTURIERS,7th Voted Out Day 20,AMBASSADEURS,HIGH,Sortie directe décidée par les ambassadeurs.,AMBASSADEURS,VALIDATED_FINAL_AUDIT_CORRECTION,https://kohlanta.fandom.com/fr/wiki/Koh-Lanta_%3A_Raja_Ampat,Maxime est éliminé directement lors de la réunion des ambassadeurs.,,,,,,,,,,,,,,,,,,AMBASSADEURS
KL13::anthony amar,KL13,Koh-Lanta : Raja Ampat,Anthony Amar,10.0,CONSEIL,INDETERMINE,DECISION_AVENTURIERS,8th Voted Out 1st jury member Day 21,VOTE_CONSEIL,HIGH,departure_type_normalized=CONSEIL,,AUTO_ACCEPT_CANDIDATE,,,,,,,,,,,,,,,,,,,,VOTE_CONSEIL
KL13::olivier moenaert,KL13,Koh-Lanta : Raja Ampat,Olivier Moenaert,11.0,CONSEIL,INDETERMINE,DECISION_AVENTURIERS,9th Voted Out 2nd jury member Day 24,VOTE_CONSEIL,HIGH,departure_type_normalized=CONSEIL,,AUTO_ACCEPT_CANDIDATE,,,,,,,,,,,,,,,,,,,,VOTE_CONSEIL
KL13::florence delbarre reuter,KL13,Koh-Lanta : Raja Ampat,Florence Delbarre Reuter,12.0,CONSEIL,INDETERMINE,DECISION_AVENTURIERS,10th Voted Out 3rd jury member Day 27,VOTE_CONSEIL,HIGH,departure_type_normalized=CONSEIL,,AUTO_ACCEPT_CANDIDATE,,,,,,,,,,,,,,,,,,,,VOTE_CONSEIL
KL13::patricia morel,KL13,Koh-Lanta : Raja Ampat,Patricia Morel,14.0,CONSEIL,INDETERMINE,DECISION_AVENTURIERS,12th Voted Out 5th jury member Day 33,VOTE_CONSEIL,HIGH,departure_type_normalized=CONSEIL,,AUTO_ACCEPT_CANDIDATE,,,,,,,,,,,,,,,,,,,,VOTE_CONSEIL
KL13::alexandra pouillon,KL13,Koh-Lanta : Raja Ampat,Alexandra Pouillon,15.0,CONSEIL,INDETERMINE,DECISION_AVENTURIERS,13th Voted Out 6th jury member Day 36,VOTE_CONSEIL,HIGH,departure_type_normalized=CONSEIL,,AUTO_ACCEPT_CANDIDATE,,,,,,,,,,,,,,,,,,,,VOTE_CONSEIL
KL13::martin bazin,KL13,Koh-Lanta : Raja Ampat,Martin Bazin,16.0,CONSEIL,INDETERMINE,DECISION_AVENTURIERS,14th Voted Out 7th jury member Day 39,VOTE_CONSEIL,HIGH,departure_type_normalized=CONSEIL,,AUTO_ACCEPT_CANDIDATE,,,,,,,,,,,,,,,,,,,,VOTE_CONSEIL
KL13::laurent maistret,KL13,Koh-Lanta : Raja Ampat,Laurent Maistret,18.0,CONSEIL,INDETERMINE,DECISION_AVENTURIERS,15th Voted Out 9th jury member Day 41,FINALE_POTEAUX,HIGH,Élimination liée à l'épreuve finale des poteaux.,FINALE_POTEAUX,VALIDATED_FINAL_AUDIT_CORRECTION,https://kohlanta.fandom.com/fr/wiki/Koh-Lanta_%3A_Raja_Ampat,Laurent participe aux poteaux puis est écarté avant le vote du jury final.,,,,,,,,,,,,,,,,,,FINALE_POTEAUX
KL17::babeth delettre,KL17,Koh-Lanta : Johor,Babeth Delettre,1.0,CONSEIL,INDETERMINE,DECISION_AVENTURIERS,1st Voted Out Day 3,VOTE_CONSEIL,HIGH,departure_type_normalized=CONSEIL,,AUTO_ACCEPT_CANDIDATE,,,,,,,,,,,,,,,,,,,,VOTE_CONSEIL
KL17::marie-anne queniart,KL17,Koh-Lanta : Johor,Marie-Anne Queniart,2.0,CONSEIL,INDETERMINE,DECISION_AVENTURIERS,2nd Voted Out Day 6,VOTE_CONSEIL,HIGH,departure_type_normalized=CONSEIL,,AUTO_ACCEPT_CANDIDATE,,,,,,,,,,,,,,,,,,,,VOTE_CONSEIL
KL17::benoît jorion-fahy,KL17,Koh-Lanta : Johor,Benoît Jorion-Fahy,3.0,CONSEIL,INDETERMINE,DECISION_AVENTURIERS,3rd Voted Out Day 9,VOTE_CONSEIL,HIGH,departure_type_normalized=CONSEIL,,AUTO_ACCEPT_CANDIDATE,,,,,,,,,,,,,,,,,,,,VOTE_CONSEIL
KL17::isabelle haouzi,KL17,Koh-Lanta : Johor,Isabelle Haouzi,6.0,CONSEIL,INDETERMINE,DECISION_AVENTURIERS,5th Voted Out Day 15,VOTE_CONSEIL,HIGH,departure_type_normalized=CONSEIL,,AUTO_ACCEPT_CANDIDATE,,,,,,,,,,,,,,,,,,,,VOTE_CONSEIL
KL17::alban pellegrin,KL17,Koh-Lanta : Johor,Alban Pellegrin,8.0,CONSEIL,INDETERMINE,DECISION_AVENTURIERS,7th Voted Out 1st jury member Day 19,AMBASSADEURS,HIGH,Sortie directe décidée par les ambassadeurs.,AMBASSADEURS,VALIDATED_FINAL_AUDIT_CORRECTION,https://kohlanta.fandom.com/fr/wiki/Koh-Lanta_%3A_Johor,Alban est éliminé directement à la réunion des ambassadeurs.,,,,,,,,,,,,,,,,,,AMBASSADEURS
KL17::cédric giosserand-lucas,KL17,Koh-Lanta : Johor,Cédric Giosserand-Lucas,10.0,CONSEIL,INDETERMINE,DECISION_AVENTURIERS,9th Voted Out 3rd jury member Day 23,VOTE_CONSEIL,HIGH,departure_type_normalized=CONSEIL,,AUTO_ACCEPT_CANDIDATE,,,,,,,,,,,,,,,,,,,,VOTE_CONSEIL
KL17::charlaine cuny,KL17,Koh-Lanta : Johor,Charlaine Cuny,11.0,CONSEIL,INDETERMINE,DECISION_AVENTURIERS,10th Voted Out 4th jury member Day 26,VOTE_CONSEIL,HIGH,departure_type_normalized=CONSEIL,,AUTO_ACCEPT_CANDIDATE,,,,,,,,,,,,,,,,,,,,VOTE_CONSEIL
KL17::nessim kouachi,KL17,Koh-Lanta : Johor,Nessim Kouachi,12.0,CONSEIL,INDETERMINE,DECISION_AVENTURIERS,11th Voted Out 5th jury member Day 26,VOTE_CONSEIL,HIGH,departure_type_normalized=CONSEIL,,AUTO_ACCEPT_CANDIDATE,,,,,,,,,,,,,,,,,,,,VOTE_CONSEIL
KL17::jeff santiago,KL17,Koh-Lanta : Johor,Jeff Santiago,13.0,CONSEIL,INDETERMINE,DECISION_AVENTURIERS,12th Voted Out 6th jury member Day 29,VOTE_CONSEIL,HIGH,departure_type_normalized=CONSEIL,,AUTO_ACCEPT_CANDIDATE,,,,,,,,,,,,,,,,,,,,VOTE_CONSEIL
KL17::christophe pendon,KL17,Koh-Lanta : Johor,Christophe Pendon,14.0,CONSEIL,INDETERMINE,DECISION_AVENTURIERS,13th Voted Out 7th jury member Day 32,VOTE_CONSEIL,HIGH,departure_type_normalized=CONSEIL,,AUTO_ACCEPT_CANDIDATE,,,,,,,,,,,,,,,,,,,,VOTE_CONSEIL
KL17::jessica potel,KL17,Koh-Lanta : Johor,Jessica Potel,15.0,CONSEIL,INDETERMINE,DECISION_AVENTURIERS,14th Voted Out 8th jury member Day 34,VOTE_CONSEIL,HIGH,departure_type_normalized=CONSEIL,,AUTO_ACCEPT_CANDIDATE,,,,,,,,,,,,,,,,,,,,VOTE_CONSEIL
KL17::sébastien ballesteros,KL17,Koh-Lanta : Johor,Sébastien Ballesteros,16.0,CONSEIL,INDETERMINE,DECISION_AVENTURIERS,15th Voted Out 9th jury member Day 37,VOTE_CONSEIL,HIGH,departure_type_normalized=CONSEIL,,AUTO_ACCEPT_CANDIDATE,,,,,,,,,,,,,,,,,,,,VOTE_CONSEIL
KL17::mélissa bastin,KL17,Koh-Lanta : Johor,Mélissa Bastin,18.0,CONSEIL,INDETERMINE,DECISION_AVENTURIERS,15th Voted Out 11th jury member Day 39,FINALE_POTEAUX,HIGH,Élimination liée à l'épreuve finale des poteaux.,FINALE_POTEAUX,VALIDATED_FINAL_AUDIT_CORRECTION,https://kohlanta.fandom.com/fr/wiki/Koh-Lanta_%3A_Johor,Mélissa participe aux poteaux mais n'est pas choisie par Chantal pour le jury final.,,,,,,,,,,,,,,,,,,FINALE_POTEAUX
KL18::laurence corbellotti,KL18,Koh-Lanta : Thaïlande,Laurence Corbellotti,2.0,CONSEIL,DECISION_AVENTURIERS,DECISION_AVENTURIERS,1st Voted Out Day 3,VOTE_CONSEIL,HIGH,departure_type_normalized=CONSEIL,,AUTO_ACCEPT_CANDIDATE,,,,,,,,,,,,,,,,,,,,VOTE_CONSEIL
KL18::céline parat-yeghiayan,KL18,Koh-Lanta : Thaïlande,Céline Parat-Yeghiayan,4.0,CONSEIL,DECISION_AVENTURIERS,DECISION_AVENTURIERS,2nd Voted Out Day 6,VOTE_CONSEIL,HIGH,departure_type_normalized=CONSEIL,,AUTO_ACCEPT_CANDIDATE,,,,,,,,,,,,,,,,,,,,VOTE_CONSEIL
KL18::huw francis,KL18,Koh-Lanta : Thaïlande,Huw Francis,5.0,CONSEIL,DECISION_AVENTURIERS,DECISION_AVENTURIERS,3rd Voted Out Day 9,VOTE_CONSEIL,HIGH,departure_type_normalized=CONSEIL,,AUTO_ACCEPT_CANDIDATE,,,,,,,,,,,,,,,,,,,,VOTE_CONSEIL
KL18::carole poncelet,KL18,Koh-Lanta : Thaïlande,Carole Poncelet,6.0,CONSEIL,DECISION_AVENTURIERS,DECISION_AVENTURIERS,4th Voted Out Day 12,VOTE_CONSEIL,HIGH,departure_type_normalized=CONSEIL,,AUTO_ACCEPT_CANDIDATE,,,,,,,,,,,,,,,,,,,,VOTE_CONSEIL
"KL18::laurence ""lolo"" facione",KL18,Koh-Lanta : Thaïlande,"Laurence ""Lolo"" Facione",7.0,CONSEIL,DECISION_AVENTURIERS,DECISION_AVENTURIERS,5th Voted Out Day 15,VOTE_CONSEIL,HIGH,departure_type_normalized=CONSEIL,,AUTO_ACCEPT_CANDIDATE,,,,,,,,,,,,,,,,,,,,VOTE_CONSEIL
KL18::amir doukhan,KL18,Koh-Lanta : Thaïlande,Amir Doukhan,8.0,CONSEIL,DECISION_AVENTURIERS,DECISION_AVENTURIERS,6th Voted Out Day 17,VOTE_CONSEIL,HIGH,departure_type_normalized=CONSEIL,,AUTO_ACCEPT_CANDIDATE,,,,,,,,,,,,,,,,,,,,VOTE_CONSEIL
KL18::romain palazzetti,KL18,Koh-Lanta : Thaïlande,Romain Palazzetti,10.0,CONSEIL,DECISION_AVENTURIERS,DECISION_AVENTURIERS,7th Voted Out 2nd jury member Day 20,VOTE_CONSEIL,HIGH,departure_type_normalized=CONSEIL,,AUTO_ACCEPT_CANDIDATE,,,,,,,,,,,,,,,,,,,,VOTE_CONSEIL
KL18::julien castro,KL18,Koh-Lanta : Thaïlande,Julien Castro,11.0,CONSEIL,DECISION_AVENTURIERS,DECISION_AVENTURIERS,8th Voted Out 3rd jury member Day 23,VOTE_CONSEIL,HIGH,departure_type_normalized=CONSEIL,,AUTO_ACCEPT_CANDIDATE,,,,,,,,,,,,,,,,,,,,VOTE_CONSEIL
KL18::laureen hugel,KL18,Koh-Lanta : Thaïlande,Laureen Hugel,12.0,CONSEIL,DECISION_AVENTURIERS,DECISION_AVENTURIERS,9th Voted Out 4th jury member Day 26,VOTE_CONSEIL,HIGH,departure_type_normalized=CONSEIL,,AUTO_ACCEPT_CANDIDATE,,,,,,,,,,,,,,,,,,,,VOTE_CONSEIL
KL18::steve best,KL18,Koh-Lanta : Thaïlande,Steve Best,13.0,CONSEIL,DECISION_AVENTURIERS,DECISION_AVENTURIERS,10th Voted Out 5th jury member Day 26,VOTE_CONSEIL,HIGH,departure_type_normalized=CONSEIL,,AUTO_ACCEPT_CANDIDATE,,,,,,,,,,,,,,,,,,,,VOTE_CONSEIL
KL18::carine cazals,KL18,Koh-Lanta : Thaïlande,Carine Cazals,14.0,CONSEIL,DECISION_AVENTURIERS,DECISION_AVENTURIERS,11th Voted Out 6th jury member Day 29,VOTE_CONSEIL,HIGH,departure_type_normalized=CONSEIL,,AUTO_ACCEPT_CANDIDATE,,,,,,,,,,,,,,,,,,,,VOTE_CONSEIL
KL18::karima neggaz,KL18,Koh-Lanta : Thaïlande,Karima Neggaz,15.0,CONSEIL,DECISION_AVENTURIERS,DECISION_AVENTURIERS,12th Voted Out 7th jury member Day 32,VOTE_CONSEIL,HIGH,departure_type_normalized=CONSEIL,,AUTO_ACCEPT_CANDIDATE,,,,,,,,,,,,,,,,,,,,VOTE_CONSEIL
KL18::nicolas rouyé,KL18,Koh-Lanta : Thaïlande,Nicolas Rouyé,16.0,CONSEIL,DECISION_AVENTURIERS,DECISION_AVENTURIERS,13th Voted Out 8th jury member Day 34,VOTE_CONSEIL,HIGH,departure_type_normalized=CONSEIL,,AUTO_ACCEPT_CANDIDATE,,,,,,,,,,,,,,,,,,,,VOTE_CONSEIL
KL18::alain chrisostome,KL18,Koh-Lanta : Thaïlande,Alain Chrisostome,17.0,CONSEIL,DECISION_AVENTURIERS,DECISION_AVENTURIERS,14th Voted Out 9th jury member Day 37,VOTE_CONSEIL,HIGH,departure_type_normalized=CONSEIL,,AUTO_ACCEPT_CANDIDATE,,,,,,,,,,,,,,,,,,,,VOTE_CONSEIL
KL18::gabriel gubbels,KL18,Koh-Lanta : Thaïlande,Gabriel Gubbels,19.0,CONSEIL,DECISION_AVENTURIERS,DECISION_AVENTURIERS,15th Voted Out 11th jury member Day 39,FINALE_POTEAUX,HIGH,Élimination liée à l'épreuve finale des poteaux.,FINALE_POTEAUX,VALIDATED_FINAL_AUDIT_CORRECTION,https://kohlanta.fandom.com/fr/wiki/Koh-Lanta_%3A_Tha%C3%AFlande,Gabriel participe aux poteaux puis est écarté avant le vote du jury final.,,,,,,,,,,,,,,,,,,FINALE_POTEAUX
"KL25::céline ""lili"" gasnier",KL25,Koh-Lanta : Le Totem Maudit,"Céline ""Lili"" Gasnier",1.0,CONSEIL,INDETERMINE,INDETERMINE,1st Voted Out Day 2,VOTE_CONSEIL,HIGH,departure_type_normalized=CONSEIL,,AUTO_ACCEPT_CANDIDATE,,,,,,,,,,,,,,,,,,,,VOTE_CONSEIL
KL25::céline dufrenoy,KL25,Koh-Lanta : Le Totem Maudit,Céline Dufrenoy,2.0,CONSEIL,INDETERMINE,INDETERMINE,2nd Voted Out Day 3,VOTE_CONSEIL,HIGH,departure_type_normalized=CONSEIL,,AUTO_ACCEPT_CANDIDATE,,,,,,,,,,,,,,,,,,,,VOTE_CONSEIL
KL25::mattéo real,KL25,Koh-Lanta : Le Totem Maudit,Mattéo Real,4.0,CONSEIL,INDETERMINE,INDETERMINE,3rd Voted Out Day 6,VOTE_CONSEIL,HIGH,departure_type_normalized=CONSEIL,,AUTO_ACCEPT_CANDIDATE,,,,,,,,,,,,,,,,,,,,VOTE_CONSEIL
KL25::samira aït-brahim,KL25,Koh-Lanta : Le Totem Maudit,Samira Aït-Brahim,5.0,CONSEIL,INDETERMINE,INDETERMINE,4th Voted Out Day 9,VOTE_CONSEIL,HIGH,departure_type_normalized=CONSEIL,,AUTO_ACCEPT_CANDIDATE,,,,,,,,,,,,,,,,,,,,VOTE_CONSEIL
KL25::benjamin breerette,KL25,Koh-Lanta : Le Totem Maudit,Benjamin Breerette,6.0,CONSEIL,INDETERMINE,INDETERMINE,5th Voted Out Day 11,VOTE_CONSEIL,HIGH,departure_type_normalized=CONSEIL,,AUTO_ACCEPT_CANDIDATE,,,,,,,,,,,,,,,,,,,,VOTE_CONSEIL
KL25::stéphanie tribot,KL25,Koh-Lanta : Le Totem Maudit,Stéphanie Tribot,7.0,CONSEIL,INDETERMINE,INDETERMINE,7th Voted Out Day 17,VOTE_CONSEIL,HIGH,departure_type_normalized=CONSEIL,,AUTO_ACCEPT_CANDIDATE,,,,,,,,,,,,,,,,,,,,VOTE_CONSEIL
KL25::alexandra élizé,KL25,Koh-Lanta : Le Totem Maudit,Alexandra Élizé,9.0,CONSEIL,INDETERMINE,INDETERMINE,8th Voted Out Day 20,VOTE_CONSEIL,HIGH,departure_type_normalized=CONSEIL,,AUTO_ACCEPT_CANDIDATE,,,,,,,,,,,,,,,,,,,,VOTE_CONSEIL
KL25::setha el hajjami,KL25,Koh-Lanta : Le Totem Maudit,Setha El Hajjami,10.0,CONSEIL,INDETERMINE,INDETERMINE,9th Voted Out Day 22,AMBASSADEURS,HIGH,Sortie directe décidée par les ambassadeurs.,AMBASSADEURS,VALIDATED_FINAL_AUDIT_CORRECTION,https://kohlanta.fandom.com/fr/wiki/Koh-Lanta_%3A_Le_Totem_Maudit,Setha est éliminée directement par la décision des ambassadeurs.,,,,,,,,,,,,,,,,,,AMBASSADEURS
KL25::colin mottas,KL25,Koh-Lanta : Le Totem Maudit,Colin Mottas,11.0,CONSEIL,INDETERMINE,INDETERMINE,10th Voted Out 1st Jury Member Day 23,VOTE_CONSEIL,HIGH,departure_type_normalized=CONSEIL,,AUTO_ACCEPT_CANDIDATE,,,,,,,,,,,,,,,,,,,,VOTE_CONSEIL
KL25::yannick zachée,KL25,Koh-Lanta : Le Totem Maudit,Yannick Zachée,13.0,CONSEIL,INDETERMINE,INDETERMINE,11th Voted Out 3rd Jury Member Day 25,VOTE_CONSEIL,HIGH,departure_type_normalized=CONSEIL,,AUTO_ACCEPT_CANDIDATE,,,,,,,,,,,,,,,,,,,,VOTE_CONSEIL
KL25::anne-sophie mounier,KL25,Koh-Lanta : Le Totem Maudit,Anne-Sophie Mounier,14.0,CONSEIL,INDETERMINE,INDETERMINE,12th Voted Out 4th Jury Member Day 28,VOTE_CONSEIL,HIGH,departure_type_normalized=CONSEIL,,AUTO_ACCEPT_CANDIDATE,,,,,,,,,,,,,,,,,,,,VOTE_CONSEIL
KL25::maxime tournoux,KL25,Koh-Lanta : Le Totem Maudit,Maxime Tournoux,15.0,CONSEIL,INDETERMINE,INDETERMINE,13th Voted Out 5th Jury Member Day 31,VOTE_CONSEIL,HIGH,departure_type_normalized=CONSEIL,,AUTO_ACCEPT_CANDIDATE,,,,,,,,,,,,,,,,,,,,VOTE_CONSEIL
KL25::nicolas bellon,KL25,Koh-Lanta : Le Totem Maudit,Nicolas Bellon,18.0,CONSEIL,INDETERMINE,INDETERMINE,14th Voted Out 8th Jury Member Day 34,VOTE_CONSEIL,HIGH,departure_type_normalized=CONSEIL,,AUTO_ACCEPT_CANDIDATE,,,,,,,,,,,,,,,,,,,,VOTE_CONSEIL
KL25::olga khokhlova,KL25,Koh-Lanta : Le Totem Maudit,Olga Khokhlova,19.0,CONSEIL,INDETERMINE,INDETERMINE,15th Voted Out 9th Jury Member Day 37,VOTE_CONSEIL,HIGH,departure_type_normalized=CONSEIL,,AUTO_ACCEPT_CANDIDATE,,,,,,,,,,,,,,,,,,,,VOTE_CONSEIL
KL25::jean-charles chatelus,KL25,Koh-Lanta : Le Totem Maudit,Jean-Charles Chatelus,21.0,CONSEIL,INDETERMINE,INDETERMINE,16th Voted Out 11th Jury Member Day 39,FINALE_POTEAUX,HIGH,Élimination liée à l'épreuve finale des poteaux.,FINALE_POTEAUX,VALIDATED_FINAL_AUDIT_CORRECTION,https://kohlanta.fandom.com/fr/wiki/Koh-Lanta_%3A_Le_Totem_Maudit,Jean-Charles participe à la finale à quatre et est éliminé lors des poteaux.,,,,,,,,,,,,,,,,,,FINALE_POTEAUX
KL27::steve grenier,KL27,Koh-Lanta : Les Chasseurs d'Immunité,Steve Grenier,1.0,CONSEIL,DECISION_AVENTURIERS,DECISION_AVENTURIERS,1st Voted Out Day 3,VOTE_CONSEIL,HIGH,departure_type_normalized=CONSEIL,,AUTO_ACCEPT_CANDIDATE,,,,,,,,,,,,,,,,,,,,VOTE_CONSEIL
KL27::alicia bouly,KL27,Koh-Lanta : Les Chasseurs d'Immunité,Alicia Bouly,2.0,CONSEIL,DECISION_AVENTURIERS,DECISION_AVENTURIERS,2nd Voted Out Day 6,VOTE_CONSEIL,HIGH,departure_type_normalized=CONSEIL,,AUTO_ACCEPT_CANDIDATE,,,,,,,,,,,,,,,,,,,,VOTE_CONSEIL
KL27::william plancq,KL27,Koh-Lanta : Les Chasseurs d'Immunité,William Plancq,4.0,CONSEIL,DECISION_AVENTURIERS,DECISION_AVENTURIERS,3rd Voted Out Day 9,VOTE_CONSEIL,HIGH,departure_type_normalized=CONSEIL,,AUTO_ACCEPT_CANDIDATE,,,,,,,,,,,,,,,,,,,,VOTE_CONSEIL
KL27::alexis tchernychev,KL27,Koh-Lanta : Les Chasseurs d'Immunité,Alexis Tchernychev,5.0,CONSEIL,DECISION_AVENTURIERS,DECISION_AVENTURIERS,4th Voted Out Day 12,VOTE_CONSEIL,HIGH,departure_type_normalized=CONSEIL,,AUTO_ACCEPT_CANDIDATE,,,,,,,,,,,,,,,,,,,,VOTE_CONSEIL
KL27::émilie clavis,KL27,Koh-Lanta : Les Chasseurs d'Immunité,Émilie Clavis,6.0,CONSEIL,DECISION_AVENTURIERS,DECISION_AVENTURIERS,5th Voted Out Day 14,VOTE_CONSEIL,HIGH,departure_type_normalized=CONSEIL,,AUTO_ACCEPT_CANDIDATE,,,,,,,,,,,,,,,,,,,,VOTE_CONSEIL
KL27::sarah diawara,KL27,Koh-Lanta : Les Chasseurs d'Immunité,Sarah Diawara,7.0,CONSEIL,DECISION_AVENTURIERS,DECISION_AVENTURIERS,6th Voted Out Day 17,VOTE_CONSEIL,HIGH,departure_type_normalized=CONSEIL,,AUTO_ACCEPT_CANDIDATE,,,,,,,,,,,,,,,,,,,,VOTE_CONSEIL
KL27::maxime barbet,KL27,Koh-Lanta : Les Chasseurs d'Immunité,Maxime Barbet,8.0,CONSEIL,DECISION_AVENTURIERS,DECISION_AVENTURIERS,7th Voted Out Day 20,VOTE_CONSEIL,HIGH,departure_type_normalized=CONSEIL,,AUTO_ACCEPT_CANDIDATE,,,,,,,,,,,,,,,,,,,,VOTE_CONSEIL
KL27::léa notardonato,KL27,Koh-Lanta : Les Chasseurs d'Immunité,Léa Notardonato,10.0,CONSEIL,DECISION_AVENTURIERS,DECISION_AVENTURIERS,8th Voted Out 1st Jury Member Day 23,VOTE_CONSEIL,HIGH,departure_type_normalized=CONSEIL,,AUTO_ACCEPT_CANDIDATE,,,,,,,,,,,,,,,,,,,,VOTE_CONSEIL
KL27::cécile poprawa,KL27,Koh-Lanta : Les Chasseurs d'Immunité,Cécile Poprawa,12.0,CONSEIL,DECISION_AVENTURIERS,DECISION_AVENTURIERS,9th Voted Out 3rd Jury Member Day 26,VOTE_CONSEIL,HIGH,departure_type_normalized=CONSEIL,,AUTO_ACCEPT_CANDIDATE,,,,,,,,,,,,,,,,,,,,VOTE_CONSEIL
KL27::mégane rouland,KL27,Koh-Lanta : Les Chasseurs d'Immunité,Mégane Rouland,16.0,CONSEIL,DECISION_AVENTURIERS,DECISION_AVENTURIERS,12th Voted Out 6th Jury Member Day 32,VOTE_CONSEIL,HIGH,departure_type_normalized=CONSEIL,,AUTO_ACCEPT_CANDIDATE,,,,,,,,,,,,,,,,,,,,VOTE_CONSEIL
KL27::david murail,KL27,Koh-Lanta : Les Chasseurs d'Immunité,David Murail,17.0,CONSEIL,DECISION_AVENTURIERS,DECISION_AVENTURIERS,13th Voted Out 7th Jury Member Day 34,VOTE_CONSEIL,HIGH,departure_type_normalized=CONSEIL,,AUTO_ACCEPT_CANDIDATE,,,,,,,,,,,,,,,,,,,,VOTE_CONSEIL
KL27::sébastien cazaux,KL27,Koh-Lanta : Les Chasseurs d'Immunité,Sébastien Cazaux,18.0,CONSEIL,DECISION_AVENTURIERS,DECISION_AVENTURIERS,14th Voted Out 8th Jury Member Day 36,VOTE_CONSEIL,HIGH,departure_type_normalized=CONSEIL,,AUTO_ACCEPT_CANDIDATE,,,,,,,,,,,,,,,,,,,,VOTE_CONSEIL
KL27::julie rignault,KL27,Koh-Lanta : Les Chasseurs d'Immunité,Julie Rignault,21.0,CONSEIL,DECISION_AVENTURIERS,DECISION_AVENTURIERS,15th Voted Out 11th Jury Member Day 38,FINALE_POTEAUX,HIGH,Élimination liée à l'épreuve finale des poteaux.,FINALE_POTEAUX,VALIDATED_FINAL_AUDIT_CORRECTION,https://kohlanta.fandom.com/fr/wiki/Koh-Lanta_%3A_Les_Chasseurs_d%27Immunit%C3%A9,Julie participe aux poteaux puis est éliminée avant le vote du jury final.,,,,,,,,,,,,,,,,,,FINALE_POTEAUX
KL31::myriam zenasni,KL31,Koh-Lanta : L'Île au trésor,Myriam Zenasni,1.0,CONSEIL,DECISION_AVENTURIERS,DECISION_AVENTURIERS,1st Voted Out Day 3,VOTE_CONSEIL,HIGH,departure_type_normalized=CONSEIL,,AUTO_ACCEPT_CANDIDATE,,,,,,,,,,,,,,,,,,,,VOTE_CONSEIL
KL31::amandine schmitt,KL31,Koh-Lanta : L'Île au trésor,Amandine Schmitt,2.0,CONSEIL,DECISION_AVENTURIERS,DECISION_AVENTURIERS,2nd Voted Out Day 6,VOTE_CONSEIL,HIGH,departure_type_normalized=CONSEIL,,AUTO_ACCEPT_CANDIDATE,,,,,,,,,,,,,,,,,,,,VOTE_CONSEIL
KL31::sophie le nestic sabattier,KL31,Koh-Lanta : L'Île au trésor,Sophie Le Nestic Sabattier,3.0,CONSEIL,DECISION_AVENTURIERS,DECISION_AVENTURIERS,3rd Voted Out Day 9,VOTE_CONSEIL,HIGH,departure_type_normalized=CONSEIL,,AUTO_ACCEPT_CANDIDATE,,,,,,,,,,,,,,,,,,,,VOTE_CONSEIL
KL31::sandrine bouzekri,KL31,Koh-Lanta : L'Île au trésor,Sandrine Bouzekri,4.0,CONSEIL,DECISION_AVENTURIERS,DECISION_AVENTURIERS,4th Voted Out Day 12,VOTE_CONSEIL,HIGH,departure_type_normalized=CONSEIL,,AUTO_ACCEPT_CANDIDATE,,,,,,,,,,,,,,,,,,,,VOTE_CONSEIL
KL31::laurent mischkind,KL31,Koh-Lanta : L'Île au trésor,Laurent Mischkind,5.0,CONSEIL,DECISION_AVENTURIERS,DECISION_AVENTURIERS,5th Voted Out Day 15,VOTE_CONSEIL,HIGH,departure_type_normalized=CONSEIL,,AUTO_ACCEPT_CANDIDATE,,,,,,,,,,,,,,,,,,,,VOTE_CONSEIL
KL31::jean-luc duboscq,KL31,Koh-Lanta : L'Île au trésor,Jean-Luc Duboscq,6.0,CONSEIL,DECISION_AVENTURIERS,DECISION_AVENTURIERS,6th Voted Out Day 18,VOTE_CONSEIL,HIGH,departure_type_normalized=CONSEIL,,AUTO_ACCEPT_CANDIDATE,,,,,,,,,,,,,,,,,,,,VOTE_CONSEIL
"KL31::laurent ""lau"" émilien",KL31,Koh-Lanta : L'Île au trésor,"Laurent ""Lau"" Émilien",8.0,CONSEIL,DECISION_AVENTURIERS,DECISION_AVENTURIERS,7th Voted Out 1st jury member Day 21,VOTE_CONSEIL,HIGH,departure_type_normalized=CONSEIL,,AUTO_ACCEPT_CANDIDATE,,,,,,,,,,,,,,,,,,,,VOTE_CONSEIL
KL31::béryl libault de la chevasnerie,KL31,Koh-Lanta : L'Île au trésor,Béryl Libault de la Chevasnerie,9.0,CONSEIL,DECISION_AVENTURIERS,DECISION_AVENTURIERS,8th Voted Out 2nd jury member Day 24,VOTE_CONSEIL,HIGH,departure_type_normalized=CONSEIL,,AUTO_ACCEPT_CANDIDATE,,,,,,,,,,,,,,,,,,,,VOTE_CONSEIL
KL31::alexandra pharisien,KL31,Koh-Lanta : L'Île au trésor,Alexandra Pharisien,10.0,CONSEIL,DECISION_AVENTURIERS,DECISION_AVENTURIERS,9th Voted Out 3rd jury member Day 27,VOTE_CONSEIL,HIGH,departure_type_normalized=CONSEIL,,AUTO_ACCEPT_CANDIDATE,,,,,,,,,,,,,,,,,,,,VOTE_CONSEIL
KL31::yannick delalleau,KL31,Koh-Lanta : L'Île au trésor,Yannick Delalleau,11.0,CONSEIL,DECISION_AVENTURIERS,DECISION_AVENTURIERS,10th Voted Out Evacuated from jury Day 30 [ a ],VOTE_CONSEIL,HIGH,departure_type_normalized=CONSEIL,,AUTO_ACCEPT_CANDIDATE,,,,,,,,,,,,,,,,,,,,VOTE_CONSEIL
KL31::jérémy raffin,KL31,Koh-Lanta : L'Île au trésor,Jérémy Raffin,13.0,CONSEIL,DECISION_AVENTURIERS,DECISION_AVENTURIERS,11th Voted Out 5th jury member Day 33,VOTE_CONSEIL,HIGH,departure_type_normalized=CONSEIL,,AUTO_ACCEPT_CANDIDATE,,,,,,,,,,,,,,,,,,,,VOTE_CONSEIL
KL31::stéphane cipolla,KL31,Koh-Lanta : L'Île au trésor,Stéphane Cipolla,14.0,CONSEIL,DECISION_AVENTURIERS,DECISION_AVENTURIERS,12th Voted Out 6th jury member Day 36,VOTE_CONSEIL,HIGH,departure_type_normalized=CONSEIL,,AUTO_ACCEPT_CANDIDATE,,,,,,,,,,,,,,,,,,,,VOTE_CONSEIL
KL31::ludivine wiart,KL31,Koh-Lanta : L'Île au trésor,Ludivine Wiart,15.0,CONSEIL,DECISION_AVENTURIERS,DECISION_AVENTURIERS,13th Voted Out 7th jury member Day 39,VOTE_CONSEIL,HIGH,departure_type_normalized=CONSEIL,,AUTO_ACCEPT_CANDIDATE,,,,,,,,,,,,,,,,,,,,VOTE_CONSEIL
KL31::freddy bolzer,KL31,Koh-Lanta : L'Île au trésor,Freddy Bolzer,18.0,CONSEIL,DECISION_AVENTURIERS,DECISION_AVENTURIERS,14th Voted Out 10th jury member Day 41,FINALE_POTEAUX,HIGH,Élimination liée à l'épreuve finale des poteaux.,FINALE_POTEAUX,VALIDATED_FINAL_AUDIT_CORRECTION,https://kohlanta.fandom.com/fr/wiki/Koh-Lanta_%3A_L%27%C3%AEle_au_tr%C3%A9sor,Freddy participe aux poteaux puis est écarté avant le vote du jury final.,,,,,,,,,,,,,,,,,,FINALE_POTEAUX
KL03::alexandra denikine,KL03,Koh-Lanta : Bocas del Toro,Alexandra Denikine,1.0,CO_VAINQUEUR,FIN_DE_JEU,AUTRE_SORTIE,ABANDON_MEDICAL,MEDICAL,HIGH,Première sortie définitive : évacuation médicale après une réaction allergique.,MEDICAL,VALIDATED_KL03_FIX,https://kohlanta.fandom.com/fr/wiki/Koh-Lanta_%3A_Bocas_del_Toro,Première sortie définitive : évacuation médicale après une réaction allergique.,,,,2003.0,27.0,FEMALE,0.0,1.0,False,False,1.0,1.0,MEDIUM,0.0,1.0,1.0,1.0,MEDICAL
KL03::candice cohen,KL03,Koh-Lanta : Bocas del Toro,Candice Cohen,2.0,CO_VAINQUEUR,FIN_DE_JEU,AUTRE_SORTIE,ABANDON_VOLONTAIRE,VOLUNTARY,HIGH,Première sortie définitive : abandon volontaire car elle ne supportait plus les conditions.,VOLUNTARY,VALIDATED_KL03_FIX,https://kohlanta.fandom.com/fr/wiki/Koh-Lanta_%3A_Bocas_del_Toro,Première sortie définitive : abandon volontaire car elle ne supportait plus les conditions.,,,,2003.0,23.0,FEMALE,0.0,1.0,False,False,2.0,2.0,MEDIUM,0.0,1.0,1.0,1.0,VOLUNTARY
