candidate_season_key,season_id,season_name,candidate_name,survival_time,event,final_position_raw,final_departure_cause,audit_reason,proposal_reason,source_url_1,source_excerpt_1,reviewed_departure_cause,mechanism_present_in_season,source_url_review,source_excerpt_review,confidence,review_status,reviewer_notes,allowed_departure_causes
KL01::marie,KL01,KL KL01,Marie,1.0,1,INDETERMINE,VOTE_CONSEIL,VERIFY_FINALE_POTEAUX | VERIFY_AMBASSADEURS,Élimination décidée par vote au Conseil.,https://kohlanta.fandom.com/fr/wiki/Les_Aventuriers_de_Koh-Lanta_%28Saison_1%29,Le tableau de saison indique une élimination au conseil au jour 3.,,,,,,NOT_STARTED,,VOTE_CONSEIL | MEDICAL | ELIMINATION_CHALLENGE | AMBASSADEURS | DESTINS_LIES | FINALE_ORIENTATION | FINALE_POTEAUX | JURY_FINAL_DECISION | VOLUNTARY | DISCIPLINARY_EXPULSION
KL01::guillaume noël,KL01,KL KL01,Guillaume Noël,2.0,1,INDETERMINE,VOTE_CONSEIL,VERIFY_FINALE_POTEAUX | VERIFY_AMBASSADEURS,Élimination décidée par vote au Conseil.,https://kohlanta.fandom.com/fr/wiki/Les_Aventuriers_de_Koh-Lanta_%28Saison_1%29,Le tableau de saison indique une élimination au conseil au jour 7.,,,,,,NOT_STARTED,,VOTE_CONSEIL | MEDICAL | ELIMINATION_CHALLENGE | AMBASSADEURS | DESTINS_LIES | FINALE_ORIENTATION | FINALE_POTEAUX | JURY_FINAL_DECISION | VOLUNTARY | DISCIPLINARY_EXPULSION
KL01::jean-luc,KL01,KL KL01,Jean-Luc,3.0,1,INDETERMINE,VOTE_CONSEIL,VERIFY_FINALE_POTEAUX | VERIFY_AMBASSADEURS,Élimination décidée par vote au Conseil.,https://kohlanta.fandom.com/fr/wiki/Les_Aventuriers_de_Koh-Lanta_%28Saison_1%29,Le tableau de saison indique une élimination au conseil au jour 10.,,,,,,NOT_STARTED,,VOTE_CONSEIL | MEDICAL | ELIMINATION_CHALLENGE | AMBASSADEURS | DESTINS_LIES | FINALE_ORIENTATION | FINALE_POTEAUX | JURY_FINAL_DECISION | VOLUNTARY | DISCIPLINARY_EXPULSION
KL01::gaël,KL01,KL KL01,Gaël,4.0,1,INDETERMINE,VOTE_CONSEIL,VERIFY_FINALE_POTEAUX | VERIFY_AMBASSADEURS,Élimination décidée par vote au Conseil.,https://kohlanta.fandom.com/fr/wiki/Les_Aventuriers_de_Koh-Lanta_%28Saison_1%29,Le tableau de saison indique une élimination au conseil au jour 13.,,,,,,NOT_STARTED,,VOTE_CONSEIL | MEDICAL | ELIMINATION_CHALLENGE | AMBASSADEURS | DESTINS_LIES | FINALE_ORIENTATION | FINALE_POTEAUX | JURY_FINAL_DECISION | VOLUNTARY | DISCIPLINARY_EXPULSION
KL01::harry,KL01,KL KL01,Harry,5.0,1,INDETERMINE,VOTE_CONSEIL,VERIFY_FINALE_POTEAUX | VERIFY_AMBASSADEURS,Élimination décidée par vote au Conseil.,https://kohlanta.fandom.com/fr/wiki/Les_Aventuriers_de_Koh-Lanta_%28Saison_1%29,Le tableau de saison indique une élimination au conseil au jour 16.,,,,,,NOT_STARTED,,VOTE_CONSEIL | MEDICAL | ELIMINATION_CHALLENGE | AMBASSADEURS | DESTINS_LIES | FINALE_ORIENTATION | FINALE_POTEAUX | JURY_FINAL_DECISION | VOLUNTARY | DISCIPLINARY_EXPULSION
KL01::sandra,KL01,KL KL01,Sandra,6.0,1,INDETERMINE,VOTE_CONSEIL,VERIFY_FINALE_POTEAUX | VERIFY_AMBASSADEURS,Élimination décidée par vote au Conseil.,https://kohlanta.fandom.com/fr/wiki/Les_Aventuriers_de_Koh-Lanta_%28Saison_1%29,Le tableau de saison indique une élimination au conseil au jour 19.,,,,,,NOT_STARTED,,VOTE_CONSEIL | MEDICAL | ELIMINATION_CHALLENGE | AMBASSADEURS | DESTINS_LIES | FINALE_ORIENTATION | FINALE_POTEAUX | JURY_FINAL_DECISION | VOLUNTARY | DISCIPLINARY_EXPULSION
KL01::david,KL01,KL KL01,David,7.0,1,INDETERMINE,VOTE_CONSEIL,VERIFY_FINALE_POTEAUX | VERIFY_AMBASSADEURS,Élimination décidée par vote au Conseil.,https://kohlanta.fandom.com/fr/wiki/Les_Aventuriers_de_Koh-Lanta_%28Saison_1%29,Le tableau de saison indique une élimination au conseil au jour 22.,,,,,,NOT_STARTED,,VOTE_CONSEIL | MEDICAL | ELIMINATION_CHALLENGE | AMBASSADEURS | DESTINS_LIES | FINALE_ORIENTATION | FINALE_POTEAUX | JURY_FINAL_DECISION | VOLUNTARY | DISCIPLINARY_EXPULSION
KL01::stéphane,KL01,KL KL01,Stéphane,8.0,1,INDETERMINE,VOTE_CONSEIL,VERIFY_FINALE_POTEAUX | VERIFY_AMBASSADEURS,Élimination décidée par vote au Conseil.,https://kohlanta.fandom.com/fr/wiki/Les_Aventuriers_de_Koh-Lanta_%28Saison_1%29,Le tableau de saison indique une élimination au conseil au jour 25.,,,,,,NOT_STARTED,,VOTE_CONSEIL | MEDICAL | ELIMINATION_CHALLENGE | AMBASSADEURS | DESTINS_LIES | FINALE_ORIENTATION | FINALE_POTEAUX | JURY_FINAL_DECISION | VOLUNTARY | DISCIPLINARY_EXPULSION
KL01::géraldine drouhet,KL01,KL KL01,Géraldine Drouhet,9.0,1,INDETERMINE,VOTE_CONSEIL,VERIFY_FINALE_POTEAUX | VERIFY_AMBASSADEURS,Élimination décidée par vote au Conseil.,https://kohlanta.fandom.com/fr/wiki/Les_Aventuriers_de_Koh-Lanta_%28Saison_1%29,Le tableau de saison indique une élimination au conseil au jour 30.,,,,,,NOT_STARTED,,VOTE_CONSEIL | MEDICAL | ELIMINATION_CHALLENGE | AMBASSADEURS | DESTINS_LIES | FINALE_ORIENTATION | FINALE_POTEAUX | JURY_FINAL_DECISION | VOLUNTARY | DISCIPLINARY_EXPULSION
KL01::michèle,KL01,KL KL01,Michèle,10.0,1,INDETERMINE,VOTE_CONSEIL,VERIFY_FINALE_POTEAUX | VERIFY_AMBASSADEURS,Élimination décidée par vote au Conseil.,https://kohlanta.fandom.com/fr/wiki/Les_Aventuriers_de_Koh-Lanta_%28Saison_1%29,Le tableau de saison indique une élimination au conseil au jour 33.,,,,,,NOT_STARTED,,VOTE_CONSEIL | MEDICAL | ELIMINATION_CHALLENGE | AMBASSADEURS | DESTINS_LIES | FINALE_ORIENTATION | FINALE_POTEAUX | JURY_FINAL_DECISION | VOLUNTARY | DISCIPLINARY_EXPULSION
KL01::william,KL01,KL KL01,William,11.0,1,INDETERMINE,VOTE_CONSEIL,VERIFY_FINALE_POTEAUX | VERIFY_AMBASSADEURS,Élimination décidée par vote au Conseil.,https://kohlanta.fandom.com/fr/wiki/Les_Aventuriers_de_Koh-Lanta_%28Saison_1%29,Le tableau de saison indique une élimination au conseil au jour 36.,,,,,,NOT_STARTED,,VOTE_CONSEIL | MEDICAL | ELIMINATION_CHALLENGE | AMBASSADEURS | DESTINS_LIES | FINALE_ORIENTATION | FINALE_POTEAUX | JURY_FINAL_DECISION | VOLUNTARY | DISCIPLINARY_EXPULSION
KL01::françoise,KL01,KL KL01,Françoise,12.0,1,INDETERMINE,VOTE_CONSEIL,VERIFY_FINALE_POTEAUX | VERIFY_AMBASSADEURS,Élimination décidée par vote au Conseil.,https://kohlanta.fandom.com/fr/wiki/Les_Aventuriers_de_Koh-Lanta_%28Saison_1%29,Le tableau de saison indique une élimination au conseil au jour 40.,,,,,,NOT_STARTED,,VOTE_CONSEIL | MEDICAL | ELIMINATION_CHALLENGE | AMBASSADEURS | DESTINS_LIES | FINALE_ORIENTATION | FINALE_POTEAUX | JURY_FINAL_DECISION | VOLUNTARY | DISCIPLINARY_EXPULSION
KL01::romain,KL01,KL KL01,Romain,13.0,1,INDETERMINE,ELIMINATION_CHALLENGE,VERIFY_FINALE_POTEAUX | VERIFY_AMBASSADEURS,Élimination directe après une épreuve à enjeu éliminatoire.,https://kohlanta.fandom.com/fr/wiki/Les_Aventuriers_de_Koh-Lanta_%28Saison_1%29,Le tableau de saison précise qu'il termine dernier de l'épreuve du quiz et est éliminé directement.,,,,,,NOT_STARTED,,VOTE_CONSEIL | MEDICAL | ELIMINATION_CHALLENGE | AMBASSADEURS | DESTINS_LIES | FINALE_ORIENTATION | FINALE_POTEAUX | JURY_FINAL_DECISION | VOLUNTARY | DISCIPLINARY_EXPULSION
KL01::patricia,KL01,KL KL01,Patricia,14.0,1,INDETERMINE,ELIMINATION_CHALLENGE,VERIFY_FINALE_POTEAUX | VERIFY_AMBASSADEURS,Élimination directe après une épreuve à enjeu éliminatoire.,https://kohlanta.fandom.com/fr/wiki/Les_Aventuriers_de_Koh-Lanta_%28Saison_1%29,Le tableau de saison indique une élimination directe lors de l'épreuve de l'idole en finale.,,,,,,NOT_STARTED,,VOTE_CONSEIL | MEDICAL | ELIMINATION_CHALLENGE | AMBASSADEURS | DESTINS_LIES | FINALE_ORIENTATION | FINALE_POTEAUX | JURY_FINAL_DECISION | VOLUNTARY | DISCIPLINARY_EXPULSION
KL01::guénaëlle biras,KL01,KL KL01,Guénaëlle Biras,15.0,1,FINALISTE,JURY_FINAL_DECISION,VERIFY_FINALE_POTEAUX | VERIFY_AMBASSADEURS,Le candidat atteint le jury final mais perd la décision finale des jurés. Cette sortie est distincte de l'orientation et des poteaux.,,,,,,,,NOT_STARTED,,VOTE_CONSEIL | MEDICAL | ELIMINATION_CHALLENGE | AMBASSADEURS | DESTINS_LIES | FINALE_ORIENTATION | FINALE_POTEAUX | JURY_FINAL_DECISION | VOLUNTARY | DISCIPLINARY_EXPULSION
KL01::gilles nicolet,KL01,KL KL01,Gilles Nicolet,16.0,0,VAINQUEUR,CENSORED_WINNER,VERIFY_FINALE_POTEAUX | VERIFY_AMBASSADEURS,,,,,,,,,NOT_STARTED,,VOTE_CONSEIL | MEDICAL | ELIMINATION_CHALLENGE | AMBASSADEURS | DESTINS_LIES | FINALE_ORIENTATION | FINALE_POTEAUX | JURY_FINAL_DECISION | VOLUNTARY | DISCIPLINARY_EXPULSION
KL02::xavier,KL02,KL KL02,Xavier,1.0,1,INDETERMINE,MEDICAL,VERIFY_AMBASSADEURS,Sortie imposée par le médecin ou évacuation sanitaire.,https://kohlanta.fandom.com/fr/wiki/Koh-Lanta_%3A_Nicoya,La saison indique une évacuation médicale après une chute et une fracture cervicale.,,,,,,NOT_STARTED,,VOTE_CONSEIL | MEDICAL | ELIMINATION_CHALLENGE | AMBASSADEURS | DESTINS_LIES | FINALE_ORIENTATION | FINALE_POTEAUX | JURY_FINAL_DECISION | VOLUNTARY | DISCIPLINARY_EXPULSION
KL02::caroline mercier,KL02,KL KL02,Caroline Mercier,2.0,1,INDETERMINE,VOTE_CONSEIL,VERIFY_AMBASSADEURS,Élimination décidée par vote au Conseil.,https://kohlanta.fandom.com/fr/wiki/Koh-Lanta_%3A_Nicoya,Le tableau de saison indique une élimination au conseil.,,,,,,NOT_STARTED,,VOTE_CONSEIL | MEDICAL | ELIMINATION_CHALLENGE | AMBASSADEURS | DESTINS_LIES | FINALE_ORIENTATION | FINALE_POTEAUX | JURY_FINAL_DECISION | VOLUNTARY | DISCIPLINARY_EXPULSION
KL02::céline genty,KL02,KL KL02,Céline Genty,3.0,1,INDETERMINE,VOTE_CONSEIL,VERIFY_AMBASSADEURS,Élimination décidée par vote au Conseil.,https://kohlanta.fandom.com/fr/wiki/Koh-Lanta_%3A_Nicoya,Le tableau de saison indique une élimination au conseil au jour 9.,,,,,,NOT_STARTED,,VOTE_CONSEIL | MEDICAL | ELIMINATION_CHALLENGE | AMBASSADEURS | DESTINS_LIES | FINALE_ORIENTATION | FINALE_POTEAUX | JURY_FINAL_DECISION | VOLUNTARY | DISCIPLINARY_EXPULSION
KL02::nelly,KL02,KL KL02,Nelly,4.0,1,INDETERMINE,VOTE_CONSEIL,VERIFY_AMBASSADEURS,Élimination décidée par vote au Conseil.,https://kohlanta.fandom.com/fr/wiki/Koh-Lanta_%3A_Nicoya,Le tableau de saison indique une élimination au conseil au jour 12.,,,,,,NOT_STARTED,,VOTE_CONSEIL | MEDICAL | ELIMINATION_CHALLENGE | AMBASSADEURS | DESTINS_LIES | FINALE_ORIENTATION | FINALE_POTEAUX | JURY_FINAL_DECISION | VOLUNTARY | DISCIPLINARY_EXPULSION
KL02::pierre,KL02,KL KL02,Pierre,5.0,1,INDETERMINE,VOTE_CONSEIL,VERIFY_AMBASSADEURS,Élimination décidée par vote au Conseil.,https://kohlanta.fandom.com/fr/wiki/Koh-Lanta_%3A_Nicoya,Le résumé de saison décrit son élimination par quatre voix au conseil.,,,,,,NOT_STARTED,,VOTE_CONSEIL | MEDICAL | ELIMINATION_CHALLENGE | AMBASSADEURS | DESTINS_LIES | FINALE_ORIENTATION | FINALE_POTEAUX | JURY_FINAL_DECISION | VOLUNTARY | DISCIPLINARY_EXPULSION
KL02::jacky,KL02,KL KL02,Jacky,6.0,1,INDETERMINE,VOTE_CONSEIL,VERIFY_AMBASSADEURS,Élimination décidée par vote au Conseil.,https://kohlanta.fandom.com/fr/wiki/Koh-Lanta_%3A_Nicoya,La fiche de saison et la fiche candidat indiquent une élimination au conseil.,,,,,,NOT_STARTED,,VOTE_CONSEIL | MEDICAL | ELIMINATION_CHALLENGE | AMBASSADEURS | DESTINS_LIES | FINALE_ORIENTATION | FINALE_POTEAUX | JURY_FINAL_DECISION | VOLUNTARY | DISCIPLINARY_EXPULSION
KL02::adonis,KL02,KL KL02,Adonis,7.0,1,INDETERMINE,VOTE_CONSEIL,VERIFY_AMBASSADEURS,Élimination décidée par vote au Conseil.,https://kohlanta.fandom.com/fr/wiki/Koh-Lanta_%3A_Nicoya,Le résumé de saison décrit son élimination à l'unanimité au conseil.,,,,,,NOT_STARTED,,VOTE_CONSEIL | MEDICAL | ELIMINATION_CHALLENGE | AMBASSADEURS | DESTINS_LIES | FINALE_ORIENTATION | FINALE_POTEAUX | JURY_FINAL_DECISION | VOLUNTARY | DISCIPLINARY_EXPULSION
KL02::jimmy,KL02,KL KL02,Jimmy,8.0,1,INDETERMINE,VOTE_CONSEIL,VERIFY_AMBASSADEURS,Élimination décidée par vote au Conseil.,https://kohlanta.fandom.com/fr/wiki/Koh-Lanta_%3A_Nicoya,Le résumé de saison indique qu'il est éliminé par cinq voix contre quatre au conseil.,,,,,,NOT_STARTED,,VOTE_CONSEIL | MEDICAL | ELIMINATION_CHALLENGE | AMBASSADEURS | DESTINS_LIES | FINALE_ORIENTATION | FINALE_POTEAUX | JURY_FINAL_DECISION | VOLUNTARY | DISCIPLINARY_EXPULSION
KL02::béatrice,KL02,KL KL02,Béatrice,9.0,1,INDETERMINE,VOTE_CONSEIL,VERIFY_AMBASSADEURS,Élimination décidée par vote au Conseil.,https://kohlanta.fandom.com/fr/wiki/Koh-Lanta_%3A_Nicoya,La fiche candidat et le résumé de saison indiquent une élimination au conseil.,,,,,,NOT_STARTED,,VOTE_CONSEIL | MEDICAL | ELIMINATION_CHALLENGE | AMBASSADEURS | DESTINS_LIES | FINALE_ORIENTATION | FINALE_POTEAUX | JURY_FINAL_DECISION | VOLUNTARY | DISCIPLINARY_EXPULSION
KL02::françois-xavier,KL02,KL KL02,François-Xavier,10.0,1,INDETERMINE,VOTE_CONSEIL,VERIFY_AMBASSADEURS,Élimination décidée par vote au Conseil.,https://kohlanta.fandom.com/fr/wiki/Koh-Lanta_%3A_Nicoya,Le résumé de saison indique une élimination par quatre voix au conseil.,,,,,,NOT_STARTED,,VOTE_CONSEIL | MEDICAL | ELIMINATION_CHALLENGE | AMBASSADEURS | DESTINS_LIES | FINALE_ORIENTATION | FINALE_POTEAUX | JURY_FINAL_DECISION | VOLUNTARY | DISCIPLINARY_EXPULSION
KL02::isabelle,KL02,KL KL02,Isabelle,11.0,1,INDETERMINE,VOTE_CONSEIL,VERIFY_AMBASSADEURS,Élimination décidée par vote au Conseil.,https://kohlanta.fandom.com/fr/wiki/Koh-Lanta_%3A_Nicoya,Le tableau de saison indique une élimination au conseil.,,,,,,NOT_STARTED,,VOTE_CONSEIL | MEDICAL | ELIMINATION_CHALLENGE | AMBASSADEURS | DESTINS_LIES | FINALE_ORIENTATION | FINALE_POTEAUX | JURY_FINAL_DECISION | VOLUNTARY | DISCIPLINARY_EXPULSION
KL02::maud,KL02,KL KL02,Maud,12.0,1,INDETERMINE,VOTE_CONSEIL,VERIFY_AMBASSADEURS,Élimination décidée par vote au Conseil.,https://kohlanta.fandom.com/fr/wiki/Koh-Lanta_%3A_Nicoya,Le tableau de saison indique une élimination au conseil.,,,,,,NOT_STARTED,,VOTE_CONSEIL | MEDICAL | ELIMINATION_CHALLENGE | AMBASSADEURS | DESTINS_LIES | FINALE_ORIENTATION | FINALE_POTEAUX | JURY_FINAL_DECISION | VOLUNTARY | DISCIPLINARY_EXPULSION
KL02::marianne,KL02,KL KL02,Marianne,13.0,1,INDETERMINE,ELIMINATION_CHALLENGE,VERIFY_AMBASSADEURS,Élimination directe après une épreuve à enjeu éliminatoire.,https://kohlanta.fandom.com/fr/wiki/Koh-Lanta_%3A_Nicoya,La fiche candidate précise une élimination lors de l'épreuve du quiz.,,,,,,NOT_STARTED,,VOTE_CONSEIL | MEDICAL | ELIMINATION_CHALLENGE | AMBASSADEURS | DESTINS_LIES | FINALE_ORIENTATION | FINALE_POTEAUX | JURY_FINAL_DECISION | VOLUNTARY | DISCIPLINARY_EXPULSION
KL02::bernard,KL02,KL KL02,Bernard,14.0,1,INDETERMINE,FINALE_POTEAUX,VERIFY_AMBASSADEURS,Élimination pendant l'épreuve finale des poteaux.,https://kohlanta.fandom.com/fr/wiki/Koh-Lanta_%3A_Nicoya,Le tableau de saison indique qu'il est éliminé aux poteaux.,,,,,,NOT_STARTED,,VOTE_CONSEIL | MEDICAL | ELIMINATION_CHALLENGE | AMBASSADEURS | DESTINS_LIES | FINALE_ORIENTATION | FINALE_POTEAUX | JURY_FINAL_DECISION | VOLUNTARY | DISCIPLINARY_EXPULSION
KL02::nicolas roy,KL02,KL KL02,Nicolas Roy,15.0,1,FINALISTE,JURY_FINAL_DECISION,VERIFY_AMBASSADEURS,Le candidat atteint le jury final mais perd la décision finale des jurés. Cette sortie est distincte de l'orientation et des poteaux.,,,,,,,,NOT_STARTED,,VOTE_CONSEIL | MEDICAL | ELIMINATION_CHALLENGE | AMBASSADEURS | DESTINS_LIES | FINALE_ORIENTATION | FINALE_POTEAUX | JURY_FINAL_DECISION | VOLUNTARY | DISCIPLINARY_EXPULSION
KL02::amel fatnassi,KL02,KL KL02,Amel Fatnassi,16.0,0,VAINQUEUR,CENSORED_WINNER,VERIFY_AMBASSADEURS,,,,,,,,,NOT_STARTED,,VOTE_CONSEIL | MEDICAL | ELIMINATION_CHALLENGE | AMBASSADEURS | DESTINS_LIES | FINALE_ORIENTATION | FINALE_POTEAUX | JURY_FINAL_DECISION | VOLUNTARY | DISCIPLINARY_EXPULSION
KL03::alexandra denikine,KL03,Koh-Lanta : Bocas del Toro,Alexandra Denikine,1.0,1,ABANDON_MEDICAL,MEDICAL,VERIFY_AMBASSADEURS,Première sortie définitive : évacuation médicale après une réaction allergique.,https://kohlanta.fandom.com/fr/wiki/Koh-Lanta_%3A_Bocas_del_Toro,Première sortie définitive : évacuation médicale après une réaction allergique.,,,,,,NOT_STARTED,,VOTE_CONSEIL | MEDICAL | ELIMINATION_CHALLENGE | AMBASSADEURS | DESTINS_LIES | FINALE_ORIENTATION | FINALE_POTEAUX | JURY_FINAL_DECISION | VOLUNTARY | DISCIPLINARY_EXPULSION
KL03::candice cohen,KL03,Koh-Lanta : Bocas del Toro,Candice Cohen,2.0,1,ABANDON_VOLONTAIRE,VOLUNTARY,VERIFY_AMBASSADEURS,Première sortie définitive : abandon volontaire car elle ne supportait plus les conditions.,https://kohlanta.fandom.com/fr/wiki/Koh-Lanta_%3A_Bocas_del_Toro,Première sortie définitive : abandon volontaire car elle ne supportait plus les conditions.,,,,,,NOT_STARTED,,VOTE_CONSEIL | MEDICAL | ELIMINATION_CHALLENGE | AMBASSADEURS | DESTINS_LIES | FINALE_ORIENTATION | FINALE_POTEAUX | JURY_FINAL_DECISION | VOLUNTARY | DISCIPLINARY_EXPULSION
KL03::michel jeandel,KL03,Koh-Lanta : Bocas del Toro,Michel Jeandel,3.0,1,INDETERMINE,MEDICAL,VERIFY_AMBASSADEURS,Sortie imposée par le médecin ou évacuation sanitaire.,https://survivor.fandom.com/wiki/Koh-Lanta%3A_Bocas_del_Toro,La saison indique une évacuation médicale liée à une blessure au doigt.,,,,,,NOT_STARTED,,VOTE_CONSEIL | MEDICAL | ELIMINATION_CHALLENGE | AMBASSADEURS | DESTINS_LIES | FINALE_ORIENTATION | FINALE_POTEAUX | JURY_FINAL_DECISION | VOLUNTARY | DISCIPLINARY_EXPULSION
KL03::sophie guilloix,KL03,Koh-Lanta : Bocas del Toro,Sophie Guilloix,4.0,1,INDETERMINE,VOTE_CONSEIL,VERIFY_AMBASSADEURS,Élimination décidée par vote au Conseil.,https://kohlanta.fandom.com/fr/wiki/Koh-Lanta_%3A_Bocas_del_Toro,Le tableau de saison indique une élimination au conseil au jour 10.,,,,,,NOT_STARTED,,VOTE_CONSEIL | MEDICAL | ELIMINATION_CHALLENGE | AMBASSADEURS | DESTINS_LIES | FINALE_ORIENTATION | FINALE_POTEAUX | JURY_FINAL_DECISION | VOLUNTARY | DISCIPLINARY_EXPULSION
KL03::julie bourdon,KL03,Koh-Lanta : Bocas del Toro,Julie Bourdon,5.0,1,INDETERMINE,MEDICAL,VERIFY_AMBASSADEURS,Sortie imposée par le médecin ou évacuation sanitaire.,https://survivor.fandom.com/wiki/Koh-Lanta%3A_Bocas_del_Toro,La saison indique une évacuation médicale après une infection rénale.,,,,,,NOT_STARTED,,VOTE_CONSEIL | MEDICAL | ELIMINATION_CHALLENGE | AMBASSADEURS | DESTINS_LIES | FINALE_ORIENTATION | FINALE_POTEAUX | JURY_FINAL_DECISION | VOLUNTARY | DISCIPLINARY_EXPULSION
KL03::linda delamarre,KL03,Koh-Lanta : Bocas del Toro,Linda Delamarre,6.0,1,INDETERMINE,VOTE_CONSEIL,VERIFY_AMBASSADEURS,Élimination décidée par vote au Conseil.,https://kohlanta.fandom.com/fr/wiki/Koh-Lanta_%3A_Bocas_del_Toro,Le tableau de saison indique une élimination au conseil au jour 13.,,,,,,NOT_STARTED,,VOTE_CONSEIL | MEDICAL | ELIMINATION_CHALLENGE | AMBASSADEURS | DESTINS_LIES | FINALE_ORIENTATION | FINALE_POTEAUX | JURY_FINAL_DECISION | VOLUNTARY | DISCIPLINARY_EXPULSION
KL03::philippe huquet,KL03,Koh-Lanta : Bocas del Toro,Philippe Huquet,7.0,1,INDETERMINE,MEDICAL,VERIFY_AMBASSADEURS,Sortie imposée par le médecin ou évacuation sanitaire.,https://kohlanta.fandom.com/fr/wiki/Koh-Lanta_%3A_Bocas_del_Toro,Le tableau de saison indique un abandon sur décision médicale au jour 14.,,,,,,NOT_STARTED,,VOTE_CONSEIL | MEDICAL | ELIMINATION_CHALLENGE | AMBASSADEURS | DESTINS_LIES | FINALE_ORIENTATION | FINALE_POTEAUX | JURY_FINAL_DECISION | VOLUNTARY | DISCIPLINARY_EXPULSION
KL03::alexandre bérard,KL03,Koh-Lanta : Bocas del Toro,Alexandre Bérard,8.0,1,INDETERMINE,VOTE_CONSEIL,VERIFY_AMBASSADEURS,Élimination décidée par vote au Conseil.,https://kohlanta.fandom.com/fr/wiki/Koh-Lanta_%3A_Bocas_del_Toro,Le tableau de saison indique une élimination au conseil au jour 16.,,,,,,NOT_STARTED,,VOTE_CONSEIL | MEDICAL | ELIMINATION_CHALLENGE | AMBASSADEURS | DESTINS_LIES | FINALE_ORIENTATION | FINALE_POTEAUX | JURY_FINAL_DECISION | VOLUNTARY | DISCIPLINARY_EXPULSION
KL03::richard lecourt,KL03,Koh-Lanta : Bocas del Toro,Richard Lecourt,9.0,1,INDETERMINE,VOTE_CONSEIL,VERIFY_AMBASSADEURS,Première sortie au Conseil ; la seconde sortie médicale après retour est ignorée.,https://kohlanta.fandom.com/fr/wiki/Koh-Lanta_%3A_Bocas_del_Toro,"Après son retour dans le jeu, sa sortie définitive au jour 19 est une évacuation médicale.",,,,,,NOT_STARTED,,VOTE_CONSEIL | MEDICAL | ELIMINATION_CHALLENGE | AMBASSADEURS | DESTINS_LIES | FINALE_ORIENTATION | FINALE_POTEAUX | JURY_FINAL_DECISION | VOLUNTARY | DISCIPLINARY_EXPULSION
KL03::sylvie rivoal,KL03,Koh-Lanta : Bocas del Toro,Sylvie Rivoal,10.0,1,INDETERMINE,VOTE_CONSEIL,VERIFY_AMBASSADEURS,Élimination décidée par vote au Conseil.,https://kohlanta.fandom.com/fr/wiki/Koh-Lanta_%3A_Bocas_del_Toro,Le tableau de saison indique une élimination au conseil au jour 22.,,,,,,NOT_STARTED,,VOTE_CONSEIL | MEDICAL | ELIMINATION_CHALLENGE | AMBASSADEURS | DESTINS_LIES | FINALE_ORIENTATION | FINALE_POTEAUX | JURY_FINAL_DECISION | VOLUNTARY | DISCIPLINARY_EXPULSION
KL03::sébastien loew,KL03,Koh-Lanta : Bocas del Toro,Sébastien Loew,11.0,1,INDETERMINE,VOTE_CONSEIL,VERIFY_AMBASSADEURS,Élimination décidée par vote au Conseil.,https://kohlanta.fandom.com/fr/wiki/Koh-Lanta_%3A_Bocas_del_Toro,"Après son retour, sa sortie définitive est une élimination au conseil au jour 25.",,,,,,NOT_STARTED,,VOTE_CONSEIL | MEDICAL | ELIMINATION_CHALLENGE | AMBASSADEURS | DESTINS_LIES | FINALE_ORIENTATION | FINALE_POTEAUX | JURY_FINAL_DECISION | VOLUNTARY | DISCIPLINARY_EXPULSION
KL03::valérie dot,KL03,Koh-Lanta : Bocas del Toro,Valérie Dot,12.0,1,INDETERMINE,VOTE_CONSEIL,VERIFY_AMBASSADEURS,Élimination décidée par vote au Conseil.,https://kohlanta.fandom.com/fr/wiki/Koh-Lanta_%3A_Bocas_del_Toro,Le tableau de saison indique une élimination au conseil au jour 28.,,,,,,NOT_STARTED,,VOTE_CONSEIL | MEDICAL | ELIMINATION_CHALLENGE | AMBASSADEURS | DESTINS_LIES | FINALE_ORIENTATION | FINALE_POTEAUX | JURY_FINAL_DECISION | VOLUNTARY | DISCIPLINARY_EXPULSION
KL03::hélène patry,KL03,Koh-Lanta : Bocas del Toro,Hélène Patry,13.0,1,INDETERMINE,VOTE_CONSEIL,VERIFY_AMBASSADEURS,Élimination décidée par vote au Conseil.,https://kohlanta.fandom.com/fr/wiki/Koh-Lanta_%3A_Bocas_del_Toro,Le tableau de saison indique une élimination au conseil au jour 34.,,,,,,NOT_STARTED,,VOTE_CONSEIL | MEDICAL | ELIMINATION_CHALLENGE | AMBASSADEURS | DESTINS_LIES | FINALE_ORIENTATION | FINALE_POTEAUX | JURY_FINAL_DECISION | VOLUNTARY | DISCIPLINARY_EXPULSION
KL03::moundir zoughari,KL03,Koh-Lanta : Bocas del Toro,Moundir Zoughari,14.0,1,INDETERMINE,VOTE_CONSEIL,VERIFY_AMBASSADEURS,Élimination décidée par vote au Conseil.,https://kohlanta.fandom.com/fr/wiki/Koh-Lanta_%3A_Bocas_del_Toro,Le tableau de saison indique une élimination au conseil au jour 37.,,,,,,NOT_STARTED,,VOTE_CONSEIL | MEDICAL | ELIMINATION_CHALLENGE | AMBASSADEURS | DESTINS_LIES | FINALE_ORIENTATION | FINALE_POTEAUX | JURY_FINAL_DECISION | VOLUNTARY | DISCIPLINARY_EXPULSION
KL03::antoine sanchez,KL03,Koh-Lanta : Bocas del Toro,Antoine Sanchez,15.0,1,INDETERMINE,FINALE_ORIENTATION,VERIFY_AMBASSADEURS,Élimination pendant l'épreuve finale d'orientation.,https://kohlanta.fandom.com/fr/wiki/Koh-Lanta_%3A_Bocas_del_Toro,Antoine est éliminé lors de l'épreuve finale d'orientation au jour 38.,,,,,,NOT_STARTED,,VOTE_CONSEIL | MEDICAL | ELIMINATION_CHALLENGE | AMBASSADEURS | DESTINS_LIES | FINALE_ORIENTATION | FINALE_POTEAUX | JURY_FINAL_DECISION | VOLUNTARY | DISCIPLINARY_EXPULSION
KL03::moussa niangane,KL03,Koh-Lanta : Bocas del Toro,Moussa Niangane,16.0,1,INDETERMINE,FINALE_POTEAUX,VERIFY_AMBASSADEURS,Élimination pendant l'épreuve finale des poteaux.,https://kohlanta.fandom.com/fr/wiki/Koh-Lanta_%3A_Bocas_del_Toro,Moussa tombe le premier lors de l'épreuve des poteaux et n'est pas choisi pour le jury final.,,,,,,NOT_STARTED,,VOTE_CONSEIL | MEDICAL | ELIMINATION_CHALLENGE | AMBASSADEURS | DESTINS_LIES | FINALE_ORIENTATION | FINALE_POTEAUX | JURY_FINAL_DECISION | VOLUNTARY | DISCIPLINARY_EXPULSION
KL03::delphine bano,KL03,Koh-Lanta : Bocas del Toro,Delphine Bano,18.0,0,CO_VAINQUEUR,CENSORED_WINNER,VERIFY_AMBASSADEURS,,,,,,,,,NOT_STARTED,,VOTE_CONSEIL | MEDICAL | ELIMINATION_CHALLENGE | AMBASSADEURS | DESTINS_LIES | FINALE_ORIENTATION | FINALE_POTEAUX | JURY_FINAL_DECISION | VOLUNTARY | DISCIPLINARY_EXPULSION
KL03::isabelle seguin,KL03,Koh-Lanta : Bocas del Toro,Isabelle Seguin,18.0,0,CO_VAINQUEUR,CENSORED_WINNER,VERIFY_AMBASSADEURS,,,,,,,,,NOT_STARTED,,VOTE_CONSEIL | MEDICAL | ELIMINATION_CHALLENGE | AMBASSADEURS | DESTINS_LIES | FINALE_ORIENTATION | FINALE_POTEAUX | JURY_FINAL_DECISION | VOLUNTARY | DISCIPLINARY_EXPULSION
KL07::ali,KL07,KL KL07,Ali,1.0,1,INDETERMINE,VOLUNTARY,VERIFY_AMBASSADEURS,Départ choisi volontairement par le candidat.,https://kohlanta.fandom.com/fr/wiki/Koh-Lanta_%3A_Palawan,"Ali décide volontairement de quitter l'aventure, ne supportant plus le manque de sa famille.",,,,,,NOT_STARTED,,VOTE_CONSEIL | MEDICAL | ELIMINATION_CHALLENGE | AMBASSADEURS | DESTINS_LIES | FINALE_ORIENTATION | FINALE_POTEAUX | JURY_FINAL_DECISION | VOLUNTARY | DISCIPLINARY_EXPULSION
KL07::pascale,KL07,KL KL07,Pascale,2.0,1,INDETERMINE,VOTE_CONSEIL,VERIFY_AMBASSADEURS,Première sortie uniquement : élimination décidée par vote au Conseil.,https://kohlanta.fandom.com/fr/wiki/Koh-Lanta_%3A_Palawan,"Pascale est d'abord éliminée au Conseil, puis revient après l'abandon d'Ali ; seule sa première sortie est retenue.",,,,,,NOT_STARTED,,VOTE_CONSEIL | MEDICAL | ELIMINATION_CHALLENGE | AMBASSADEURS | DESTINS_LIES | FINALE_ORIENTATION | FINALE_POTEAUX | JURY_FINAL_DECISION | VOLUNTARY | DISCIPLINARY_EXPULSION
KL07::marie-laure,KL07,KL KL07,Marie-Laure,3.0,1,INDETERMINE,VOTE_CONSEIL,VERIFY_AMBASSADEURS,Élimination décidée par vote au Conseil.,https://kohlanta.fandom.com/fr/wiki/Koh-Lanta_%3A_Palawan,Marie-Laure est éliminée au Conseil au jour 10.,,,,,,NOT_STARTED,,VOTE_CONSEIL | MEDICAL | ELIMINATION_CHALLENGE | AMBASSADEURS | DESTINS_LIES | FINALE_ORIENTATION | FINALE_POTEAUX | JURY_FINAL_DECISION | VOLUNTARY | DISCIPLINARY_EXPULSION
KL07::mélanie,KL07,KL KL07,Mélanie,4.0,1,INDETERMINE,VOTE_CONSEIL,VERIFY_AMBASSADEURS,Élimination décidée par vote au Conseil.,https://kohlanta.fandom.com/fr/wiki/Koh-Lanta_%3A_Palawan,Mélanie est éliminée au Conseil au jour 13.,,,,,,NOT_STARTED,,VOTE_CONSEIL | MEDICAL | ELIMINATION_CHALLENGE | AMBASSADEURS | DESTINS_LIES | FINALE_ORIENTATION | FINALE_POTEAUX | JURY_FINAL_DECISION | VOLUNTARY | DISCIPLINARY_EXPULSION
KL07::véronique barriol,KL07,KL KL07,Véronique Barriol,5.0,1,INDETERMINE,VOTE_CONSEIL,VERIFY_AMBASSADEURS,Élimination décidée par vote au Conseil.,https://kohlanta.fandom.com/fr/wiki/Koh-Lanta_%3A_Palawan,Véronique est éliminée au Conseil au jour 16.,,,,,,NOT_STARTED,,VOTE_CONSEIL | MEDICAL | ELIMINATION_CHALLENGE | AMBASSADEURS | DESTINS_LIES | FINALE_ORIENTATION | FINALE_POTEAUX | JURY_FINAL_DECISION | VOLUNTARY | DISCIPLINARY_EXPULSION
KL07::chloé,KL07,KL KL07,Chloé,6.0,1,INDETERMINE,VOTE_CONSEIL,VERIFY_AMBASSADEURS,Élimination décidée par vote au Conseil.,https://kohlanta.fandom.com/fr/wiki/Koh-Lanta_%3A_Palawan,Chloé est éliminée au Conseil au jour 19.,,,,,,NOT_STARTED,,VOTE_CONSEIL | MEDICAL | ELIMINATION_CHALLENGE | AMBASSADEURS | DESTINS_LIES | FINALE_ORIENTATION | FINALE_POTEAUX | JURY_FINAL_DECISION | VOLUNTARY | DISCIPLINARY_EXPULSION
KL07::érick,KL07,KL KL07,Érick,7.0,1,INDETERMINE,VOTE_CONSEIL,VERIFY_AMBASSADEURS,"Élimination décidée par vote au Conseil, malgré un handicap préalable lié aux ambassadeurs.",https://kohlanta.fandom.com/fr/wiki/Koh-Lanta_%3A_Palawan,Érick reçoit un vote issu de la décision des ambassadeurs puis est éliminé au Conseil ; la sortie effective est classée comme vote au Conseil.,,,,,,NOT_STARTED,,VOTE_CONSEIL | MEDICAL | ELIMINATION_CHALLENGE | AMBASSADEURS | DESTINS_LIES | FINALE_ORIENTATION | FINALE_POTEAUX | JURY_FINAL_DECISION | VOLUNTARY | DISCIPLINARY_EXPULSION
KL07::filomène,KL07,KL KL07,Filomène,8.0,1,INDETERMINE,VOTE_CONSEIL,VERIFY_AMBASSADEURS,Élimination décidée par vote au Conseil.,https://kohlanta.fandom.com/fr/wiki/Koh-Lanta_%3A_Palawan,Filomène est éliminée au Conseil au jour 25.,,,,,,NOT_STARTED,,VOTE_CONSEIL | MEDICAL | ELIMINATION_CHALLENGE | AMBASSADEURS | DESTINS_LIES | FINALE_ORIENTATION | FINALE_POTEAUX | JURY_FINAL_DECISION | VOLUNTARY | DISCIPLINARY_EXPULSION
KL07::adrien,KL07,KL KL07,Adrien,9.0,1,INDETERMINE,VOLUNTARY,VERIFY_AMBASSADEURS,Départ volontaire permettant le retour d'un candidat.,https://kohlanta.fandom.com/fr/wiki/Koh-Lanta_%3A_Palawan,Adrien choisit de quitter l'aventure afin de permettre à Grégoire de revenir dans le jeu.,,,,,,NOT_STARTED,,VOTE_CONSEIL | MEDICAL | ELIMINATION_CHALLENGE | AMBASSADEURS | DESTINS_LIES | FINALE_ORIENTATION | FINALE_POTEAUX | JURY_FINAL_DECISION | VOLUNTARY | DISCIPLINARY_EXPULSION
KL07::grégoire,KL07,KL KL07,Grégoire,10.0,1,INDETERMINE,VOTE_CONSEIL,VERIFY_AMBASSADEURS,Première sortie uniquement : élimination décidée par vote au Conseil.,https://kohlanta.fandom.com/fr/wiki/Koh-Lanta_%3A_Palawan,Grégoire est éliminé au Conseil avant de revenir après le départ volontaire d'Adrien ; seule sa première sortie est retenue.,,,,,,NOT_STARTED,,VOTE_CONSEIL | MEDICAL | ELIMINATION_CHALLENGE | AMBASSADEURS | DESTINS_LIES | FINALE_ORIENTATION | FINALE_POTEAUX | JURY_FINAL_DECISION | VOLUNTARY | DISCIPLINARY_EXPULSION
KL07::laurent,KL07,KL KL07,Laurent,11.0,1,INDETERMINE,VOTE_CONSEIL,VERIFY_AMBASSADEURS,Élimination décidée par vote au Conseil.,https://kohlanta.fandom.com/fr/wiki/Koh-Lanta_%3A_Palawan,Laurent est éliminé au Conseil au jour 34.,,,,,,NOT_STARTED,,VOTE_CONSEIL | MEDICAL | ELIMINATION_CHALLENGE | AMBASSADEURS | DESTINS_LIES | FINALE_ORIENTATION | FINALE_POTEAUX | JURY_FINAL_DECISION | VOLUNTARY | DISCIPLINARY_EXPULSION
KL07::patrick,KL07,KL KL07,Patrick,12.0,1,INDETERMINE,VOTE_CONSEIL,VERIFY_AMBASSADEURS,Élimination décidée par vote au Conseil.,https://kohlanta.fandom.com/fr/wiki/Koh-Lanta_%3A_Palawan,Patrick est éliminé au Conseil au jour 37.,,,,,,NOT_STARTED,,VOTE_CONSEIL | MEDICAL | ELIMINATION_CHALLENGE | AMBASSADEURS | DESTINS_LIES | FINALE_ORIENTATION | FINALE_POTEAUX | JURY_FINAL_DECISION | VOLUNTARY | DISCIPLINARY_EXPULSION
KL07::simon,KL07,KL KL07,Simon,13.0,1,INDETERMINE,FINALE_ORIENTATION,VERIFY_AMBASSADEURS,Élimination pendant l'épreuve finale d'orientation.,https://kohlanta.fandom.com/fr/wiki/Koh-Lanta_%3A_Palawan,Simon est éliminé lors de l'épreuve finale d'orientation.,,,,,,NOT_STARTED,,VOTE_CONSEIL | MEDICAL | ELIMINATION_CHALLENGE | AMBASSADEURS | DESTINS_LIES | FINALE_ORIENTATION | FINALE_POTEAUX | JURY_FINAL_DECISION | VOLUNTARY | DISCIPLINARY_EXPULSION
KL07::maryline,KL07,KL KL07,Maryline,14.0,1,INDETERMINE,FINALE_POTEAUX,VERIFY_AMBASSADEURS,Élimination pendant l'épreuve finale des poteaux.,https://kohlanta.fandom.com/fr/wiki/Koh-Lanta_%3A_Palawan,Maryline est éliminée lors de l'épreuve finale des poteaux.,,,,,,NOT_STARTED,,VOTE_CONSEIL | MEDICAL | ELIMINATION_CHALLENGE | AMBASSADEURS | DESTINS_LIES | FINALE_ORIENTATION | FINALE_POTEAUX | JURY_FINAL_DECISION | VOLUNTARY | DISCIPLINARY_EXPULSION
KL07::kévin cuoco,KL07,KL KL07,Kévin Cuoco,15.0,0,CO_VAINQUEUR,CENSORED_WINNER,VERIFY_AMBASSADEURS,,,,,,,,,NOT_STARTED,,VOTE_CONSEIL | MEDICAL | ELIMINATION_CHALLENGE | AMBASSADEURS | DESTINS_LIES | FINALE_ORIENTATION | FINALE_POTEAUX | JURY_FINAL_DECISION | VOLUNTARY | DISCIPLINARY_EXPULSION
KL07::jade handi,KL07,KL KL07,Jade Handi,16.0,0,CO_VAINQUEUR,CENSORED_WINNER,VERIFY_AMBASSADEURS,,,,,,,,,NOT_STARTED,,VOTE_CONSEIL | MEDICAL | ELIMINATION_CHALLENGE | AMBASSADEURS | DESTINS_LIES | FINALE_ORIENTATION | FINALE_POTEAUX | JURY_FINAL_DECISION | VOLUNTARY | DISCIPLINARY_EXPULSION
KL08::valérie,KL08,KL KL08,Valérie,1.0,1,INDETERMINE,VOLUNTARY,VERIFY_AMBASSADEURS,Départ choisi volontairement par la candidate.,https://kohlanta.fandom.com/fr/wiki/Koh-Lanta_%3A_Caramoan,Valérie quitte volontairement l'aventure au jour 4.,,,,,,NOT_STARTED,,VOTE_CONSEIL | MEDICAL | ELIMINATION_CHALLENGE | AMBASSADEURS | DESTINS_LIES | FINALE_ORIENTATION | FINALE_POTEAUX | JURY_FINAL_DECISION | VOLUNTARY | DISCIPLINARY_EXPULSION
KL08::céga,KL08,KL KL08,Céga,2.0,1,INDETERMINE,MEDICAL,VERIFY_AMBASSADEURS,Sortie imposée pour raison médicale.,https://kohlanta.fandom.com/fr/wiki/Koh-Lanta_%3A_Caramoan,Céga quitte l'aventure pour raison médicale au jour 5.,,,,,,NOT_STARTED,,VOTE_CONSEIL | MEDICAL | ELIMINATION_CHALLENGE | AMBASSADEURS | DESTINS_LIES | FINALE_ORIENTATION | FINALE_POTEAUX | JURY_FINAL_DECISION | VOLUNTARY | DISCIPLINARY_EXPULSION
KL08::irya,KL08,KL KL08,Irya,3.0,1,INDETERMINE,VOTE_CONSEIL,VERIFY_AMBASSADEURS,Élimination décidée par vote au Conseil.,https://kohlanta.fandom.com/fr/wiki/Koh-Lanta_%3A_Caramoan,Irya est éliminée au Conseil au jour 6.,,,,,,NOT_STARTED,,VOTE_CONSEIL | MEDICAL | ELIMINATION_CHALLENGE | AMBASSADEURS | DESTINS_LIES | FINALE_ORIENTATION | FINALE_POTEAUX | JURY_FINAL_DECISION | VOLUNTARY | DISCIPLINARY_EXPULSION
KL08::morgane,KL08,KL KL08,Morgane,4.0,1,INDETERMINE,VOTE_CONSEIL,VERIFY_AMBASSADEURS,Élimination décidée par vote au Conseil.,https://kohlanta.fandom.com/fr/wiki/Koh-Lanta_%3A_Caramoan,Morgane est éliminée au Conseil au jour 9.,,,,,,NOT_STARTED,,VOTE_CONSEIL | MEDICAL | ELIMINATION_CHALLENGE | AMBASSADEURS | DESTINS_LIES | FINALE_ORIENTATION | FINALE_POTEAUX | JURY_FINAL_DECISION | VOLUNTARY | DISCIPLINARY_EXPULSION
KL08::jessica,KL08,KL KL08,Jessica,5.0,1,INDETERMINE,VOTE_CONSEIL,VERIFY_AMBASSADEURS,Élimination décidée par vote au Conseil.,https://kohlanta.fandom.com/fr/wiki/Koh-Lanta_%3A_Caramoan,Jessica est éliminée au Conseil au jour 12.,,,,,,NOT_STARTED,,VOTE_CONSEIL | MEDICAL | ELIMINATION_CHALLENGE | AMBASSADEURS | DESTINS_LIES | FINALE_ORIENTATION | FINALE_POTEAUX | JURY_FINAL_DECISION | VOLUNTARY | DISCIPLINARY_EXPULSION
KL08::alain,KL08,KL KL08,Alain,6.0,1,INDETERMINE,VOTE_CONSEIL,VERIFY_AMBASSADEURS,Élimination décidée par vote au Conseil.,https://kohlanta.fandom.com/fr/wiki/Koh-Lanta_%3A_Caramoan,Alain est éliminé au Conseil au jour 15.,,,,,,NOT_STARTED,,VOTE_CONSEIL | MEDICAL | ELIMINATION_CHALLENGE | AMBASSADEURS | DESTINS_LIES | FINALE_ORIENTATION | FINALE_POTEAUX | JURY_FINAL_DECISION | VOLUNTARY | DISCIPLINARY_EXPULSION
KL08::jean-bernard,KL08,KL KL08,Jean-Bernard,7.0,1,INDETERMINE,VOTE_CONSEIL,VERIFY_AMBASSADEURS,Élimination décidée par vote au Conseil.,https://kohlanta.fandom.com/fr/wiki/Koh-Lanta_%3A_Caramoan,Jean-Bernard est éliminé au Conseil au jour 18.,,,,,,NOT_STARTED,,VOTE_CONSEIL | MEDICAL | ELIMINATION_CHALLENGE | AMBASSADEURS | DESTINS_LIES | FINALE_ORIENTATION | FINALE_POTEAUX | JURY_FINAL_DECISION | VOLUNTARY | DISCIPLINARY_EXPULSION
KL08::christopher,KL08,KL KL08,Christopher,8.0,1,INDETERMINE,MEDICAL,VERIFY_AMBASSADEURS,Sortie imposée pour raison médicale.,https://kohlanta.fandom.com/fr/wiki/Koh-Lanta_%3A_Caramoan,Christopher quitte l'aventure à la suite d'un abandon médical au jour 22.,,,,,,NOT_STARTED,,VOTE_CONSEIL | MEDICAL | ELIMINATION_CHALLENGE | AMBASSADEURS | DESTINS_LIES | FINALE_ORIENTATION | FINALE_POTEAUX | JURY_FINAL_DECISION | VOLUNTARY | DISCIPLINARY_EXPULSION
KL08::christophe,KL08,KL KL08,Christophe,9.0,1,INDETERMINE,VOTE_CONSEIL,VERIFY_AMBASSADEURS,Élimination décidée par vote au Conseil.,https://kohlanta.fandom.com/fr/wiki/Koh-Lanta_%3A_Caramoan,Christophe est éliminé au Conseil au jour 24.,,,,,,NOT_STARTED,,VOTE_CONSEIL | MEDICAL | ELIMINATION_CHALLENGE | AMBASSADEURS | DESTINS_LIES | FINALE_ORIENTATION | FINALE_POTEAUX | JURY_FINAL_DECISION | VOLUNTARY | DISCIPLINARY_EXPULSION
KL08::charlène,KL08,KL KL08,Charlène,10.0,1,INDETERMINE,VOTE_CONSEIL,VERIFY_AMBASSADEURS,Élimination décidée par vote au Conseil.,https://kohlanta.fandom.com/fr/wiki/Koh-Lanta_%3A_Caramoan,Charlène est éliminée au Conseil au jour 27.,,,,,,NOT_STARTED,,VOTE_CONSEIL | MEDICAL | ELIMINATION_CHALLENGE | AMBASSADEURS | DESTINS_LIES | FINALE_ORIENTATION | FINALE_POTEAUX | JURY_FINAL_DECISION | VOLUNTARY | DISCIPLINARY_EXPULSION
KL08::hakim,KL08,KL KL08,Hakim,11.0,1,INDETERMINE,VOTE_CONSEIL,VERIFY_AMBASSADEURS,Première sortie uniquement : élimination décidée par vote au Conseil.,https://kohlanta.fandom.com/fr/wiki/Koh-Lanta_%3A_Caramoan,"Hakim est éliminé au Conseil, revient après la sortie médicale de Christopher, puis ressort plus tard ; seule sa première sortie est retenue.",,,,,,NOT_STARTED,,VOTE_CONSEIL | MEDICAL | ELIMINATION_CHALLENGE | AMBASSADEURS | DESTINS_LIES | FINALE_ORIENTATION | FINALE_POTEAUX | JURY_FINAL_DECISION | VOLUNTARY | DISCIPLINARY_EXPULSION
KL08::régis,KL08,KL KL08,Régis,12.0,1,INDETERMINE,VOTE_CONSEIL,VERIFY_AMBASSADEURS,Élimination décidée par vote au Conseil.,https://kohlanta.fandom.com/fr/wiki/Koh-Lanta_%3A_Caramoan,Régis est éliminé au Conseil au jour 33.,,,,,,NOT_STARTED,,VOTE_CONSEIL | MEDICAL | ELIMINATION_CHALLENGE | AMBASSADEURS | DESTINS_LIES | FINALE_ORIENTATION | FINALE_POTEAUX | JURY_FINAL_DECISION | VOLUNTARY | DISCIPLINARY_EXPULSION
KL08::carole,KL08,KL KL08,Carole,13.0,1,INDETERMINE,VOTE_CONSEIL,VERIFY_AMBASSADEURS,Élimination décidée par vote au Conseil.,https://kohlanta.fandom.com/fr/wiki/Koh-Lanta_%3A_Caramoan,Carole est éliminée au Conseil au jour 36.,,,,,,NOT_STARTED,,VOTE_CONSEIL | MEDICAL | ELIMINATION_CHALLENGE | AMBASSADEURS | DESTINS_LIES | FINALE_ORIENTATION | FINALE_POTEAUX | JURY_FINAL_DECISION | VOLUNTARY | DISCIPLINARY_EXPULSION
KL08::nathalie,KL08,KL KL08,Nathalie,14.0,1,INDETERMINE,FINALE_ORIENTATION,VERIFY_AMBASSADEURS,Élimination pendant l'épreuve finale d'orientation.,https://kohlanta.fandom.com/fr/wiki/Koh-Lanta_%3A_Caramoan,Nathalie est éliminée lors de l'épreuve finale d'orientation.,,,,,,NOT_STARTED,,VOTE_CONSEIL | MEDICAL | ELIMINATION_CHALLENGE | AMBASSADEURS | DESTINS_LIES | FINALE_ORIENTATION | FINALE_POTEAUX | JURY_FINAL_DECISION | VOLUNTARY | DISCIPLINARY_EXPULSION
KL08::bertrand,KL08,KL KL08,Bertrand,15.0,1,INDETERMINE,FINALE_POTEAUX,VERIFY_AMBASSADEURS,Élimination pendant l'épreuve finale des poteaux.,https://kohlanta.fandom.com/fr/wiki/Koh-Lanta_%3A_Caramoan,Bertrand est éliminé lors de l'épreuve finale des poteaux.,,,,,,NOT_STARTED,,VOTE_CONSEIL | MEDICAL | ELIMINATION_CHALLENGE | AMBASSADEURS | DESTINS_LIES | FINALE_ORIENTATION | FINALE_POTEAUX | JURY_FINAL_DECISION | VOLUNTARY | DISCIPLINARY_EXPULSION
KL08::frédéric favier,KL08,KL KL08,Frédéric Favier,16.0,1,FINALISTE,JURY_FINAL_DECISION,VERIFY_AMBASSADEURS,Le candidat atteint le jury final mais perd la décision finale des jurés. Cette sortie est distincte de l'orientation et des poteaux.,,,,,,,,NOT_STARTED,,VOTE_CONSEIL | MEDICAL | ELIMINATION_CHALLENGE | AMBASSADEURS | DESTINS_LIES | FINALE_ORIENTATION | FINALE_POTEAUX | JURY_FINAL_DECISION | VOLUNTARY | DISCIPLINARY_EXPULSION
KL08::christelle gauzet,KL08,KL KL08,Christelle Gauzet,17.0,0,VAINQUEUR,CENSORED_WINNER,VERIFY_AMBASSADEURS,,,,,,,,,NOT_STARTED,,VOTE_CONSEIL | MEDICAL | ELIMINATION_CHALLENGE | AMBASSADEURS | DESTINS_LIES | FINALE_ORIENTATION | FINALE_POTEAUX | JURY_FINAL_DECISION | VOLUNTARY | DISCIPLINARY_EXPULSION
KL13::lisa legouverneur,KL13,Koh-Lanta : Raja Ampat,Lisa Legouverneur,1.0,1,1st Voted Out Day 3,VOTE_CONSEIL,VERIFY_FINALE_POTEAUX | VERIFY_AMBASSADEURS,departure_type_normalized=CONSEIL,,,,,,,,NOT_STARTED,,VOTE_CONSEIL | MEDICAL | ELIMINATION_CHALLENGE | AMBASSADEURS | DESTINS_LIES | FINALE_ORIENTATION | FINALE_POTEAUX | JURY_FINAL_DECISION | VOLUNTARY | DISCIPLINARY_EXPULSION
KL13::catherine diard,KL13,Koh-Lanta : Raja Ampat,Catherine Diard,2.0,1,2nd Voted Out Day 6,VOTE_CONSEIL,VERIFY_FINALE_POTEAUX | VERIFY_AMBASSADEURS,departure_type_normalized=CONSEIL,,,,,,,,NOT_STARTED,,VOTE_CONSEIL | MEDICAL | ELIMINATION_CHALLENGE | AMBASSADEURS | DESTINS_LIES | FINALE_ORIENTATION | FINALE_POTEAUX | JURY_FINAL_DECISION | VOLUNTARY | DISCIPLINARY_EXPULSION
KL13::steve lemercier,KL13,Koh-Lanta : Raja Ampat,Steve Lemercier,3.0,1,Left Competition Day 8,VOLUNTARY,VERIFY_FINALE_POTEAUX | VERIFY_AMBASSADEURS,Départ choisi volontairement par le candidat.,https://survivor.fandom.com/wiki/Koh-Lanta%3A_Raja_Ampat,Steve choisit de quitter le jeu au jour 8 car ses proches lui manquent.,,,,,,NOT_STARTED,,VOTE_CONSEIL | MEDICAL | ELIMINATION_CHALLENGE | AMBASSADEURS | DESTINS_LIES | FINALE_ORIENTATION | FINALE_POTEAUX | JURY_FINAL_DECISION | VOLUNTARY | DISCIPLINARY_EXPULSION
"KL13::gérard ""gégé"" icardi",KL13,Koh-Lanta : Raja Ampat,"Gérard ""Gégé"" Icardi",4.0,1,3rd Voted Out Day 9,VOTE_CONSEIL,VERIFY_FINALE_POTEAUX | VERIFY_AMBASSADEURS,departure_type_normalized=CONSEIL,,,,,,,,NOT_STARTED,,VOTE_CONSEIL | MEDICAL | ELIMINATION_CHALLENGE | AMBASSADEURS | DESTINS_LIES | FINALE_ORIENTATION | FINALE_POTEAUX | JURY_FINAL_DECISION | VOLUNTARY | DISCIPLINARY_EXPULSION
"KL13::nawal ""naouel"" hadjaf",KL13,Koh-Lanta : Raja Ampat,"Nawal ""Naouel"" Hadjaf",5.0,1,Left Competition Day 10,VOLUNTARY,VERIFY_FINALE_POTEAUX | VERIFY_AMBASSADEURS,Départ choisi volontairement par la candidate.,https://survivor.fandom.com/wiki/Koh-Lanta%3A_Raja_Ampat,"Naouel choisit de quitter le jeu au jour 10, ne supportant plus les conditions de vie.",,,,,,NOT_STARTED,,VOTE_CONSEIL | MEDICAL | ELIMINATION_CHALLENGE | AMBASSADEURS | DESTINS_LIES | FINALE_ORIENTATION | FINALE_POTEAUX | JURY_FINAL_DECISION | VOLUNTARY | DISCIPLINARY_EXPULSION
KL13::benoît mahieux,KL13,Koh-Lanta : Raja Ampat,Benoît Mahieux,6.0,1,4th Voted Out Day 12,VOTE_CONSEIL,VERIFY_FINALE_POTEAUX | VERIFY_AMBASSADEURS,departure_type_normalized=CONSEIL,,,,,,,,NOT_STARTED,,VOTE_CONSEIL | MEDICAL | ELIMINATION_CHALLENGE | AMBASSADEURS | DESTINS_LIES | FINALE_ORIENTATION | FINALE_POTEAUX | JURY_FINAL_DECISION | VOLUNTARY | DISCIPLINARY_EXPULSION
KL13::délisia fettache,KL13,Koh-Lanta : Raja Ampat,Délisia Fettache,7.0,1,5th Voted Out Day 15,VOTE_CONSEIL,VERIFY_FINALE_POTEAUX | VERIFY_AMBASSADEURS,departure_type_normalized=CONSEIL,,,,,,,,NOT_STARTED,,VOTE_CONSEIL | MEDICAL | ELIMINATION_CHALLENGE | AMBASSADEURS | DESTINS_LIES | FINALE_ORIENTATION | FINALE_POTEAUX | JURY_FINAL_DECISION | VOLUNTARY | DISCIPLINARY_EXPULSION
KL13::caroline matteucci,KL13,Koh-Lanta : Raja Ampat,Caroline Matteucci,8.0,1,6th Voted Out Day 18,VOTE_CONSEIL,VERIFY_FINALE_POTEAUX | VERIFY_AMBASSADEURS,departure_type_normalized=CONSEIL,,,,,,,,NOT_STARTED,,VOTE_CONSEIL | MEDICAL | ELIMINATION_CHALLENGE | AMBASSADEURS | DESTINS_LIES | FINALE_ORIENTATION | FINALE_POTEAUX | JURY_FINAL_DECISION | VOLUNTARY | DISCIPLINARY_EXPULSION
KL13::maxime boulet,KL13,Koh-Lanta : Raja Ampat,Maxime Boulet,9.0,1,7th Voted Out Day 20,VOTE_CONSEIL,VERIFY_FINALE_POTEAUX | VERIFY_AMBASSADEURS,departure_type_normalized=CONSEIL,,,,,,,,NOT_STARTED,,VOTE_CONSEIL | MEDICAL | ELIMINATION_CHALLENGE | AMBASSADEURS | DESTINS_LIES | FINALE_ORIENTATION | FINALE_POTEAUX | JURY_FINAL_DECISION | VOLUNTARY | DISCIPLINARY_EXPULSION
KL13::anthony amar,KL13,Koh-Lanta : Raja Ampat,Anthony Amar,10.0,1,8th Voted Out 1st jury member Day 21,VOTE_CONSEIL,VERIFY_FINALE_POTEAUX | VERIFY_AMBASSADEURS,departure_type_normalized=CONSEIL,,,,,,,,NOT_STARTED,,VOTE_CONSEIL | MEDICAL | ELIMINATION_CHALLENGE | AMBASSADEURS | DESTINS_LIES | FINALE_ORIENTATION | FINALE_POTEAUX | JURY_FINAL_DECISION | VOLUNTARY | DISCIPLINARY_EXPULSION
KL13::olivier moenaert,KL13,Koh-Lanta : Raja Ampat,Olivier Moenaert,11.0,1,9th Voted Out 2nd jury member Day 24,VOTE_CONSEIL,VERIFY_FINALE_POTEAUX | VERIFY_AMBASSADEURS,departure_type_normalized=CONSEIL,,,,,,,,NOT_STARTED,,VOTE_CONSEIL | MEDICAL | ELIMINATION_CHALLENGE | AMBASSADEURS | DESTINS_LIES | FINALE_ORIENTATION | FINALE_POTEAUX | JURY_FINAL_DECISION | VOLUNTARY | DISCIPLINARY_EXPULSION
KL13::florence delbarre reuter,KL13,Koh-Lanta : Raja Ampat,Florence Delbarre Reuter,12.0,1,10th Voted Out 3rd jury member Day 27,VOTE_CONSEIL,VERIFY_FINALE_POTEAUX | VERIFY_AMBASSADEURS,departure_type_normalized=CONSEIL,,,,,,,,NOT_STARTED,,VOTE_CONSEIL | MEDICAL | ELIMINATION_CHALLENGE | AMBASSADEURS | DESTINS_LIES | FINALE_ORIENTATION | FINALE_POTEAUX | JURY_FINAL_DECISION | VOLUNTARY | DISCIPLINARY_EXPULSION
KL13::virginie jarry,KL13,Koh-Lanta : Raja Ampat,Virginie Jarry,13.0,1,Medically evacuated 4th jury member Day 33,MEDICAL,VERIFY_FINALE_POTEAUX | VERIFY_AMBASSADEURS,departure_type_normalized=ABANDON_MEDICAL,,,,,,,,NOT_STARTED,,VOTE_CONSEIL | MEDICAL | ELIMINATION_CHALLENGE | AMBASSADEURS | DESTINS_LIES | FINALE_ORIENTATION | FINALE_POTEAUX | JURY_FINAL_DECISION | VOLUNTARY | DISCIPLINARY_EXPULSION
KL13::patricia morel,KL13,Koh-Lanta : Raja Ampat,Patricia Morel,14.0,1,12th Voted Out 5th jury member Day 33,VOTE_CONSEIL,VERIFY_FINALE_POTEAUX | VERIFY_AMBASSADEURS,departure_type_normalized=CONSEIL,,,,,,,,NOT_STARTED,,VOTE_CONSEIL | MEDICAL | ELIMINATION_CHALLENGE | AMBASSADEURS | DESTINS_LIES | FINALE_ORIENTATION | FINALE_POTEAUX | JURY_FINAL_DECISION | VOLUNTARY | DISCIPLINARY_EXPULSION
KL13::alexandra pouillon,KL13,Koh-Lanta : Raja Ampat,Alexandra Pouillon,15.0,1,13th Voted Out 6th jury member Day 36,VOTE_CONSEIL,VERIFY_FINALE_POTEAUX | VERIFY_AMBASSADEURS,departure_type_normalized=CONSEIL,,,,,,,,NOT_STARTED,,VOTE_CONSEIL | MEDICAL | ELIMINATION_CHALLENGE | AMBASSADEURS | DESTINS_LIES | FINALE_ORIENTATION | FINALE_POTEAUX | JURY_FINAL_DECISION | VOLUNTARY | DISCIPLINARY_EXPULSION
KL13::martin bazin,KL13,Koh-Lanta : Raja Ampat,Martin Bazin,16.0,1,14th Voted Out 7th jury member Day 39,VOTE_CONSEIL,VERIFY_FINALE_POTEAUX | VERIFY_AMBASSADEURS,departure_type_normalized=CONSEIL,,,,,,,,NOT_STARTED,,VOTE_CONSEIL | MEDICAL | ELIMINATION_CHALLENGE | AMBASSADEURS | DESTINS_LIES | FINALE_ORIENTATION | FINALE_POTEAUX | JURY_FINAL_DECISION | VOLUNTARY | DISCIPLINARY_EXPULSION
KL13::ella gbezan,KL13,Koh-Lanta : Raja Ampat,Ella Gbezan,17.0,1,Lost Challenge 8th jury member Day 40,ELIMINATION_CHALLENGE,VERIFY_FINALE_POTEAUX | VERIFY_AMBASSADEURS,departure_type_normalized=EPREUVE_ELIMINATOIRE,,,,,,,,NOT_STARTED,,VOTE_CONSEIL | MEDICAL | ELIMINATION_CHALLENGE | AMBASSADEURS | DESTINS_LIES | FINALE_ORIENTATION | FINALE_POTEAUX | JURY_FINAL_DECISION | VOLUNTARY | DISCIPLINARY_EXPULSION
KL13::laurent maistret,KL13,Koh-Lanta : Raja Ampat,Laurent Maistret,18.0,1,15th Voted Out 9th jury member Day 41,VOTE_CONSEIL,VERIFY_FINALE_POTEAUX | VERIFY_AMBASSADEURS,departure_type_normalized=CONSEIL,,,,,,,,NOT_STARTED,,VOTE_CONSEIL | MEDICAL | ELIMINATION_CHALLENGE | AMBASSADEURS | DESTINS_LIES | FINALE_ORIENTATION | FINALE_POTEAUX | JURY_FINAL_DECISION | VOLUNTARY | DISCIPLINARY_EXPULSION
KL13::teheiura teahui,KL13,Koh-Lanta : Raja Ampat,Teheiura Teahui,19.0,1,Runner-up Day 41,JURY_FINAL_DECISION,VERIFY_FINALE_POTEAUX | VERIFY_AMBASSADEURS,Le candidat atteint le jury final mais perd la décision finale des jurés. Cette sortie est distincte de l'orientation et des poteaux.,,,,,,,,NOT_STARTED,,VOTE_CONSEIL | MEDICAL | ELIMINATION_CHALLENGE | AMBASSADEURS | DESTINS_LIES | FINALE_ORIENTATION | FINALE_POTEAUX | JURY_FINAL_DECISION | VOLUNTARY | DISCIPLINARY_EXPULSION
KL13::gérard urdampilleta,KL13,Koh-Lanta : Raja Ampat,Gérard Urdampilleta,20.0,0,Sole Survivor Day 41,CENSORED_WINNER,VERIFY_FINALE_POTEAUX | VERIFY_AMBASSADEURS,,,,,,,,,NOT_STARTED,,VOTE_CONSEIL | MEDICAL | ELIMINATION_CHALLENGE | AMBASSADEURS | DESTINS_LIES | FINALE_ORIENTATION | FINALE_POTEAUX | JURY_FINAL_DECISION | VOLUNTARY | DISCIPLINARY_EXPULSION
KL17::babeth delettre,KL17,Koh-Lanta : Johor,Babeth Delettre,1.0,1,1st Voted Out Day 3,VOTE_CONSEIL,VERIFY_FINALE_POTEAUX | VERIFY_AMBASSADEURS,departure_type_normalized=CONSEIL,,,,,,,,NOT_STARTED,,VOTE_CONSEIL | MEDICAL | ELIMINATION_CHALLENGE | AMBASSADEURS | DESTINS_LIES | FINALE_ORIENTATION | FINALE_POTEAUX | JURY_FINAL_DECISION | VOLUNTARY | DISCIPLINARY_EXPULSION
KL17::marie-anne queniart,KL17,Koh-Lanta : Johor,Marie-Anne Queniart,2.0,1,2nd Voted Out Day 6,VOTE_CONSEIL,VERIFY_FINALE_POTEAUX | VERIFY_AMBASSADEURS,departure_type_normalized=CONSEIL,,,,,,,,NOT_STARTED,,VOTE_CONSEIL | MEDICAL | ELIMINATION_CHALLENGE | AMBASSADEURS | DESTINS_LIES | FINALE_ORIENTATION | FINALE_POTEAUX | JURY_FINAL_DECISION | VOLUNTARY | DISCIPLINARY_EXPULSION
KL17::benoît jorion-fahy,KL17,Koh-Lanta : Johor,Benoît Jorion-Fahy,3.0,1,3rd Voted Out Day 9,VOTE_CONSEIL,VERIFY_FINALE_POTEAUX | VERIFY_AMBASSADEURS,departure_type_normalized=CONSEIL,,,,,,,,NOT_STARTED,,VOTE_CONSEIL | MEDICAL | ELIMINATION_CHALLENGE | AMBASSADEURS | DESTINS_LIES | FINALE_ORIENTATION | FINALE_POTEAUX | JURY_FINAL_DECISION | VOLUNTARY | DISCIPLINARY_EXPULSION
KL17::manon allender,KL17,Koh-Lanta : Johor,Manon Allender,4.0,1,Left Competition Day 12,VOLUNTARY,VERIFY_FINALE_POTEAUX | VERIFY_AMBASSADEURS,Départ choisi volontairement par la candidate.,https://kohlanta.fandom.com/fr/wiki/Manon_Allender,Manon décide de quitter volontairement l'aventure au jour 12 en raison du stress et de son état de santé.,,,,,,NOT_STARTED,,VOTE_CONSEIL | MEDICAL | ELIMINATION_CHALLENGE | AMBASSADEURS | DESTINS_LIES | FINALE_ORIENTATION | FINALE_POTEAUX | JURY_FINAL_DECISION | VOLUNTARY | DISCIPLINARY_EXPULSION
KL17::loïc crespin,KL17,Koh-Lanta : Johor,Loïc Crespin,5.0,1,Medically evacuated Day 13,MEDICAL,VERIFY_FINALE_POTEAUX | VERIFY_AMBASSADEURS,departure_type_normalized=ABANDON_MEDICAL,,,,,,,,NOT_STARTED,,VOTE_CONSEIL | MEDICAL | ELIMINATION_CHALLENGE | AMBASSADEURS | DESTINS_LIES | FINALE_ORIENTATION | FINALE_POTEAUX | JURY_FINAL_DECISION | VOLUNTARY | DISCIPLINARY_EXPULSION
KL17::isabelle haouzi,KL17,Koh-Lanta : Johor,Isabelle Haouzi,6.0,1,5th Voted Out Day 15,VOTE_CONSEIL,VERIFY_FINALE_POTEAUX | VERIFY_AMBASSADEURS,departure_type_normalized=CONSEIL,,,,,,,,NOT_STARTED,,VOTE_CONSEIL | MEDICAL | ELIMINATION_CHALLENGE | AMBASSADEURS | DESTINS_LIES | FINALE_ORIENTATION | FINALE_POTEAUX | JURY_FINAL_DECISION | VOLUNTARY | DISCIPLINARY_EXPULSION
KL17::margot perrot houwaer,KL17,Koh-Lanta : Johor,Margot Perrot Houwaer,7.0,1,Medically evacuated Day 19,MEDICAL,VERIFY_FINALE_POTEAUX | VERIFY_AMBASSADEURS,departure_type_normalized=ABANDON_MEDICAL,,,,,,,,NOT_STARTED,,VOTE_CONSEIL | MEDICAL | ELIMINATION_CHALLENGE | AMBASSADEURS | DESTINS_LIES | FINALE_ORIENTATION | FINALE_POTEAUX | JURY_FINAL_DECISION | VOLUNTARY | DISCIPLINARY_EXPULSION
KL17::alban pellegrin,KL17,Koh-Lanta : Johor,Alban Pellegrin,8.0,1,7th Voted Out 1st jury member Day 19,VOTE_CONSEIL,VERIFY_FINALE_POTEAUX | VERIFY_AMBASSADEURS,departure_type_normalized=CONSEIL,,,,,,,,NOT_STARTED,,VOTE_CONSEIL | MEDICAL | ELIMINATION_CHALLENGE | AMBASSADEURS | DESTINS_LIES | FINALE_ORIENTATION | FINALE_POTEAUX | JURY_FINAL_DECISION | VOLUNTARY | DISCIPLINARY_EXPULSION
KL17::corinne bargoin samuelian,KL17,Koh-Lanta : Johor,Corinne Bargoin Samuelian,9.0,1,Medically evacuated 2nd jury member Day 21,MEDICAL,VERIFY_FINALE_POTEAUX | VERIFY_AMBASSADEURS,departure_type_normalized=ABANDON_MEDICAL,,,,,,,,NOT_STARTED,,VOTE_CONSEIL | MEDICAL | ELIMINATION_CHALLENGE | AMBASSADEURS | DESTINS_LIES | FINALE_ORIENTATION | FINALE_POTEAUX | JURY_FINAL_DECISION | VOLUNTARY | DISCIPLINARY_EXPULSION
KL17::cédric giosserand-lucas,KL17,Koh-Lanta : Johor,Cédric Giosserand-Lucas,10.0,1,9th Voted Out 3rd jury member Day 23,VOTE_CONSEIL,VERIFY_FINALE_POTEAUX | VERIFY_AMBASSADEURS,departure_type_normalized=CONSEIL,,,,,,,,NOT_STARTED,,VOTE_CONSEIL | MEDICAL | ELIMINATION_CHALLENGE | AMBASSADEURS | DESTINS_LIES | FINALE_ORIENTATION | FINALE_POTEAUX | JURY_FINAL_DECISION | VOLUNTARY | DISCIPLINARY_EXPULSION
KL17::charlaine cuny,KL17,Koh-Lanta : Johor,Charlaine Cuny,11.0,1,10th Voted Out 4th jury member Day 26,VOTE_CONSEIL,VERIFY_FINALE_POTEAUX | VERIFY_AMBASSADEURS,departure_type_normalized=CONSEIL,,,,,,,,NOT_STARTED,,VOTE_CONSEIL | MEDICAL | ELIMINATION_CHALLENGE | AMBASSADEURS | DESTINS_LIES | FINALE_ORIENTATION | FINALE_POTEAUX | JURY_FINAL_DECISION | VOLUNTARY | DISCIPLINARY_EXPULSION
KL17::nessim kouachi,KL17,Koh-Lanta : Johor,Nessim Kouachi,12.0,1,11th Voted Out 5th jury member Day 26,VOTE_CONSEIL,VERIFY_FINALE_POTEAUX | VERIFY_AMBASSADEURS,departure_type_normalized=CONSEIL,,,,,,,,NOT_STARTED,,VOTE_CONSEIL | MEDICAL | ELIMINATION_CHALLENGE | AMBASSADEURS | DESTINS_LIES | FINALE_ORIENTATION | FINALE_POTEAUX | JURY_FINAL_DECISION | VOLUNTARY | DISCIPLINARY_EXPULSION
KL17::jeff santiago,KL17,Koh-Lanta : Johor,Jeff Santiago,13.0,1,12th Voted Out 6th jury member Day 29,VOTE_CONSEIL,VERIFY_FINALE_POTEAUX | VERIFY_AMBASSADEURS,departure_type_normalized=CONSEIL,,,,,,,,NOT_STARTED,,VOTE_CONSEIL | MEDICAL | ELIMINATION_CHALLENGE | AMBASSADEURS | DESTINS_LIES | FINALE_ORIENTATION | FINALE_POTEAUX | JURY_FINAL_DECISION | VOLUNTARY | DISCIPLINARY_EXPULSION
KL17::christophe pendon,KL17,Koh-Lanta : Johor,Christophe Pendon,14.0,1,13th Voted Out 7th jury member Day 32,VOTE_CONSEIL,VERIFY_FINALE_POTEAUX | VERIFY_AMBASSADEURS,departure_type_normalized=CONSEIL,,,,,,,,NOT_STARTED,,VOTE_CONSEIL | MEDICAL | ELIMINATION_CHALLENGE | AMBASSADEURS | DESTINS_LIES | FINALE_ORIENTATION | FINALE_POTEAUX | JURY_FINAL_DECISION | VOLUNTARY | DISCIPLINARY_EXPULSION
KL17::jessica potel,KL17,Koh-Lanta : Johor,Jessica Potel,15.0,1,14th Voted Out 8th jury member Day 34,VOTE_CONSEIL,VERIFY_FINALE_POTEAUX | VERIFY_AMBASSADEURS,departure_type_normalized=CONSEIL,,,,,,,,NOT_STARTED,,VOTE_CONSEIL | MEDICAL | ELIMINATION_CHALLENGE | AMBASSADEURS | DESTINS_LIES | FINALE_ORIENTATION | FINALE_POTEAUX | JURY_FINAL_DECISION | VOLUNTARY | DISCIPLINARY_EXPULSION
KL17::sébastien ballesteros,KL17,Koh-Lanta : Johor,Sébastien Ballesteros,16.0,1,15th Voted Out 9th jury member Day 37,VOTE_CONSEIL,VERIFY_FINALE_POTEAUX | VERIFY_AMBASSADEURS,departure_type_normalized=CONSEIL,,,,,,,,NOT_STARTED,,VOTE_CONSEIL | MEDICAL | ELIMINATION_CHALLENGE | AMBASSADEURS | DESTINS_LIES | FINALE_ORIENTATION | FINALE_POTEAUX | JURY_FINAL_DECISION | VOLUNTARY | DISCIPLINARY_EXPULSION
KL17::bruno peisey,KL17,Koh-Lanta : Johor,Bruno Peisey,17.0,1,Lost Challenge 10th jury member Day 38,ELIMINATION_CHALLENGE,VERIFY_FINALE_POTEAUX | VERIFY_AMBASSADEURS,departure_type_normalized=EPREUVE_ELIMINATOIRE,,,,,,,,NOT_STARTED,,VOTE_CONSEIL | MEDICAL | ELIMINATION_CHALLENGE | AMBASSADEURS | DESTINS_LIES | FINALE_ORIENTATION | FINALE_POTEAUX | JURY_FINAL_DECISION | VOLUNTARY | DISCIPLINARY_EXPULSION
KL17::mélissa bastin,KL17,Koh-Lanta : Johor,Mélissa Bastin,18.0,1,15th Voted Out 11th jury member Day 39,VOTE_CONSEIL,VERIFY_FINALE_POTEAUX | VERIFY_AMBASSADEURS,departure_type_normalized=CONSEIL,,,,,,,,NOT_STARTED,,VOTE_CONSEIL | MEDICAL | ELIMINATION_CHALLENGE | AMBASSADEURS | DESTINS_LIES | FINALE_ORIENTATION | FINALE_POTEAUX | JURY_FINAL_DECISION | VOLUNTARY | DISCIPLINARY_EXPULSION
KL17::chantel ménard,KL17,Koh-Lanta : Johor,Chantel Ménard,19.0,1,Runner-up Day 40,JURY_FINAL_DECISION,VERIFY_FINALE_POTEAUX | VERIFY_AMBASSADEURS,Le candidat atteint le jury final mais perd la décision finale des jurés. Cette sortie est distincte de l'orientation et des poteaux.,,,,,,,,NOT_STARTED,,VOTE_CONSEIL | MEDICAL | ELIMINATION_CHALLENGE | AMBASSADEURS | DESTINS_LIES | FINALE_ORIENTATION | FINALE_POTEAUX | JURY_FINAL_DECISION | VOLUNTARY | DISCIPLINARY_EXPULSION
KL17::marc rambaud,KL17,Koh-Lanta : Johor,Marc Rambaud,20.0,0,Sole Survivor Day 40,CENSORED_WINNER,VERIFY_FINALE_POTEAUX | VERIFY_AMBASSADEURS,,,,,,,,,NOT_STARTED,,VOTE_CONSEIL | MEDICAL | ELIMINATION_CHALLENGE | AMBASSADEURS | DESTINS_LIES | FINALE_ORIENTATION | FINALE_POTEAUX | JURY_FINAL_DECISION | VOLUNTARY | DISCIPLINARY_EXPULSION
KL18::charlie vincent-mussard,KL18,Koh-Lanta : Thaïlande,Charlie Vincent-Mussard,1.0,1,Left Competition Day 3,VOLUNTARY,VERIFY_FINALE_POTEAUX | VERIFY_AMBASSADEURS,Départ choisi volontairement par la candidate.,https://survivor.fandom.com/wiki/Koh-Lanta%3A_Tha%C3%AFlande,"Charlie quitte volontairement le jeu au jour 3 après une crise de migraine, bien qu'elle ait été déclarée apte à continuer.",,,,,,NOT_STARTED,,VOTE_CONSEIL | MEDICAL | ELIMINATION_CHALLENGE | AMBASSADEURS | DESTINS_LIES | FINALE_ORIENTATION | FINALE_POTEAUX | JURY_FINAL_DECISION | VOLUNTARY | DISCIPLINARY_EXPULSION
KL18::laurence corbellotti,KL18,Koh-Lanta : Thaïlande,Laurence Corbellotti,2.0,1,1st Voted Out Day 3,VOTE_CONSEIL,VERIFY_FINALE_POTEAUX | VERIFY_AMBASSADEURS,departure_type_normalized=CONSEIL,,,,,,,,NOT_STARTED,,VOTE_CONSEIL | MEDICAL | ELIMINATION_CHALLENGE | AMBASSADEURS | DESTINS_LIES | FINALE_ORIENTATION | FINALE_POTEAUX | JURY_FINAL_DECISION | VOLUNTARY | DISCIPLINARY_EXPULSION
KL18::marius torterat,KL18,Koh-Lanta : Thaïlande,Marius Torterat,3.0,1,Left Competition Day 6,VOLUNTARY,VERIFY_FINALE_POTEAUX | VERIFY_AMBASSADEURS,Départ choisi volontairement par le candidat.,https://survivor.fandom.com/wiki/Koh-Lanta%3A_Tha%C3%AFlande,"Marius décide de quitter volontairement l'aventure au jour 6, se sentant oppressé par les caméras et l'aspect télé-réalité.",,,,,,NOT_STARTED,,VOTE_CONSEIL | MEDICAL | ELIMINATION_CHALLENGE | AMBASSADEURS | DESTINS_LIES | FINALE_ORIENTATION | FINALE_POTEAUX | JURY_FINAL_DECISION | VOLUNTARY | DISCIPLINARY_EXPULSION
KL18::céline parat-yeghiayan,KL18,Koh-Lanta : Thaïlande,Céline Parat-Yeghiayan,4.0,1,2nd Voted Out Day 6,VOTE_CONSEIL,VERIFY_FINALE_POTEAUX | VERIFY_AMBASSADEURS,departure_type_normalized=CONSEIL,,,,,,,,NOT_STARTED,,VOTE_CONSEIL | MEDICAL | ELIMINATION_CHALLENGE | AMBASSADEURS | DESTINS_LIES | FINALE_ORIENTATION | FINALE_POTEAUX | JURY_FINAL_DECISION | VOLUNTARY | DISCIPLINARY_EXPULSION
KL18::huw francis,KL18,Koh-Lanta : Thaïlande,Huw Francis,5.0,1,3rd Voted Out Day 9,VOTE_CONSEIL,VERIFY_FINALE_POTEAUX | VERIFY_AMBASSADEURS,departure_type_normalized=CONSEIL,,,,,,,,NOT_STARTED,,VOTE_CONSEIL | MEDICAL | ELIMINATION_CHALLENGE | AMBASSADEURS | DESTINS_LIES | FINALE_ORIENTATION | FINALE_POTEAUX | JURY_FINAL_DECISION | VOLUNTARY | DISCIPLINARY_EXPULSION
KL18::carole poncelet,KL18,Koh-Lanta : Thaïlande,Carole Poncelet,6.0,1,4th Voted Out Day 12,VOTE_CONSEIL,VERIFY_FINALE_POTEAUX | VERIFY_AMBASSADEURS,departure_type_normalized=CONSEIL,,,,,,,,NOT_STARTED,,VOTE_CONSEIL | MEDICAL | ELIMINATION_CHALLENGE | AMBASSADEURS | DESTINS_LIES | FINALE_ORIENTATION | FINALE_POTEAUX | JURY_FINAL_DECISION | VOLUNTARY | DISCIPLINARY_EXPULSION
"KL18::laurence ""lolo"" facione",KL18,Koh-Lanta : Thaïlande,"Laurence ""Lolo"" Facione",7.0,1,5th Voted Out Day 15,VOTE_CONSEIL,VERIFY_FINALE_POTEAUX | VERIFY_AMBASSADEURS,departure_type_normalized=CONSEIL,,,,,,,,NOT_STARTED,,VOTE_CONSEIL | MEDICAL | ELIMINATION_CHALLENGE | AMBASSADEURS | DESTINS_LIES | FINALE_ORIENTATION | FINALE_POTEAUX | JURY_FINAL_DECISION | VOLUNTARY | DISCIPLINARY_EXPULSION
KL18::amir doukhan,KL18,Koh-Lanta : Thaïlande,Amir Doukhan,8.0,1,6th Voted Out Day 17,VOTE_CONSEIL,VERIFY_FINALE_POTEAUX | VERIFY_AMBASSADEURS,departure_type_normalized=CONSEIL,,,,,,,,NOT_STARTED,,VOTE_CONSEIL | MEDICAL | ELIMINATION_CHALLENGE | AMBASSADEURS | DESTINS_LIES | FINALE_ORIENTATION | FINALE_POTEAUX | JURY_FINAL_DECISION | VOLUNTARY | DISCIPLINARY_EXPULSION
KL18::cassandre girard,KL18,Koh-Lanta : Thaïlande,Cassandre Girard,9.0,1,Lost Duel 1st jury member Day 19,ELIMINATION_CHALLENGE,VERIFY_FINALE_POTEAUX | VERIFY_AMBASSADEURS,departure_type_normalized=DUEL_EXIL_PERDU,,,,,,,,NOT_STARTED,,VOTE_CONSEIL | MEDICAL | ELIMINATION_CHALLENGE | AMBASSADEURS | DESTINS_LIES | FINALE_ORIENTATION | FINALE_POTEAUX | JURY_FINAL_DECISION | VOLUNTARY | DISCIPLINARY_EXPULSION
KL18::romain palazzetti,KL18,Koh-Lanta : Thaïlande,Romain Palazzetti,10.0,1,7th Voted Out 2nd jury member Day 20,VOTE_CONSEIL,VERIFY_FINALE_POTEAUX | VERIFY_AMBASSADEURS,departure_type_normalized=CONSEIL,,,,,,,,NOT_STARTED,,VOTE_CONSEIL | MEDICAL | ELIMINATION_CHALLENGE | AMBASSADEURS | DESTINS_LIES | FINALE_ORIENTATION | FINALE_POTEAUX | JURY_FINAL_DECISION | VOLUNTARY | DISCIPLINARY_EXPULSION
KL18::julien castro,KL18,Koh-Lanta : Thaïlande,Julien Castro,11.0,1,8th Voted Out 3rd jury member Day 23,VOTE_CONSEIL,VERIFY_FINALE_POTEAUX | VERIFY_AMBASSADEURS,departure_type_normalized=CONSEIL,,,,,,,,NOT_STARTED,,VOTE_CONSEIL | MEDICAL | ELIMINATION_CHALLENGE | AMBASSADEURS | DESTINS_LIES | FINALE_ORIENTATION | FINALE_POTEAUX | JURY_FINAL_DECISION | VOLUNTARY | DISCIPLINARY_EXPULSION
KL18::laureen hugel,KL18,Koh-Lanta : Thaïlande,Laureen Hugel,12.0,1,9th Voted Out 4th jury member Day 26,VOTE_CONSEIL,VERIFY_FINALE_POTEAUX | VERIFY_AMBASSADEURS,departure_type_normalized=CONSEIL,,,,,,,,NOT_STARTED,,VOTE_CONSEIL | MEDICAL | ELIMINATION_CHALLENGE | AMBASSADEURS | DESTINS_LIES | FINALE_ORIENTATION | FINALE_POTEAUX | JURY_FINAL_DECISION | VOLUNTARY | DISCIPLINARY_EXPULSION
KL18::steve best,KL18,Koh-Lanta : Thaïlande,Steve Best,13.0,1,10th Voted Out 5th jury member Day 26,VOTE_CONSEIL,VERIFY_FINALE_POTEAUX | VERIFY_AMBASSADEURS,departure_type_normalized=CONSEIL,,,,,,,,NOT_STARTED,,VOTE_CONSEIL | MEDICAL | ELIMINATION_CHALLENGE | AMBASSADEURS | DESTINS_LIES | FINALE_ORIENTATION | FINALE_POTEAUX | JURY_FINAL_DECISION | VOLUNTARY | DISCIPLINARY_EXPULSION
KL18::carine cazals,KL18,Koh-Lanta : Thaïlande,Carine Cazals,14.0,1,11th Voted Out 6th jury member Day 29,VOTE_CONSEIL,VERIFY_FINALE_POTEAUX | VERIFY_AMBASSADEURS,departure_type_normalized=CONSEIL,,,,,,,,NOT_STARTED,,VOTE_CONSEIL | MEDICAL | ELIMINATION_CHALLENGE | AMBASSADEURS | DESTINS_LIES | FINALE_ORIENTATION | FINALE_POTEAUX | JURY_FINAL_DECISION | VOLUNTARY | DISCIPLINARY_EXPULSION
KL18::karima neggaz,KL18,Koh-Lanta : Thaïlande,Karima Neggaz,15.0,1,12th Voted Out 7th jury member Day 32,VOTE_CONSEIL,VERIFY_FINALE_POTEAUX | VERIFY_AMBASSADEURS,departure_type_normalized=CONSEIL,,,,,,,,NOT_STARTED,,VOTE_CONSEIL | MEDICAL | ELIMINATION_CHALLENGE | AMBASSADEURS | DESTINS_LIES | FINALE_ORIENTATION | FINALE_POTEAUX | JURY_FINAL_DECISION | VOLUNTARY | DISCIPLINARY_EXPULSION
KL18::nicolas rouyé,KL18,Koh-Lanta : Thaïlande,Nicolas Rouyé,16.0,1,13th Voted Out 8th jury member Day 34,VOTE_CONSEIL,VERIFY_FINALE_POTEAUX | VERIFY_AMBASSADEURS,departure_type_normalized=CONSEIL,,,,,,,,NOT_STARTED,,VOTE_CONSEIL | MEDICAL | ELIMINATION_CHALLENGE | AMBASSADEURS | DESTINS_LIES | FINALE_ORIENTATION | FINALE_POTEAUX | JURY_FINAL_DECISION | VOLUNTARY | DISCIPLINARY_EXPULSION
KL18::alain chrisostome,KL18,Koh-Lanta : Thaïlande,Alain Chrisostome,17.0,1,14th Voted Out 9th jury member Day 37,VOTE_CONSEIL,VERIFY_FINALE_POTEAUX | VERIFY_AMBASSADEURS,departure_type_normalized=CONSEIL,,,,,,,,NOT_STARTED,,VOTE_CONSEIL | MEDICAL | ELIMINATION_CHALLENGE | AMBASSADEURS | DESTINS_LIES | FINALE_ORIENTATION | FINALE_POTEAUX | JURY_FINAL_DECISION | VOLUNTARY | DISCIPLINARY_EXPULSION
KL18::cécilia siharaj,KL18,Koh-Lanta : Thaïlande,Cécilia Siharaj,18.0,1,Lost Challenge 10th jury member Day 38,ELIMINATION_CHALLENGE,VERIFY_FINALE_POTEAUX | VERIFY_AMBASSADEURS,departure_type_normalized=EPREUVE_ELIMINATOIRE,,,,,,,,NOT_STARTED,,VOTE_CONSEIL | MEDICAL | ELIMINATION_CHALLENGE | AMBASSADEURS | DESTINS_LIES | FINALE_ORIENTATION | FINALE_POTEAUX | JURY_FINAL_DECISION | VOLUNTARY | DISCIPLINARY_EXPULSION
KL18::gabriel gubbels,KL18,Koh-Lanta : Thaïlande,Gabriel Gubbels,19.0,1,15th Voted Out 11th jury member Day 39,VOTE_CONSEIL,VERIFY_FINALE_POTEAUX | VERIFY_AMBASSADEURS,departure_type_normalized=CONSEIL,,,,,,,,NOT_STARTED,,VOTE_CONSEIL | MEDICAL | ELIMINATION_CHALLENGE | AMBASSADEURS | DESTINS_LIES | FINALE_ORIENTATION | FINALE_POTEAUX | JURY_FINAL_DECISION | VOLUNTARY | DISCIPLINARY_EXPULSION
KL18::pascal salviani,KL18,Koh-Lanta : Thaïlande,Pascal Salviani,20.0,1,Runner-up Day 40,JURY_FINAL_DECISION,VERIFY_FINALE_POTEAUX | VERIFY_AMBASSADEURS,Le candidat atteint le jury final mais perd la décision finale des jurés. Cette sortie est distincte de l'orientation et des poteaux.,,,,,,,,NOT_STARTED,,VOTE_CONSEIL | MEDICAL | ELIMINATION_CHALLENGE | AMBASSADEURS | DESTINS_LIES | FINALE_ORIENTATION | FINALE_POTEAUX | JURY_FINAL_DECISION | VOLUNTARY | DISCIPLINARY_EXPULSION
KL18::wendy gervois,KL18,Koh-Lanta : Thaïlande,Wendy Gervois,21.0,0,Sole Survivor Day 40,CENSORED_WINNER,VERIFY_FINALE_POTEAUX | VERIFY_AMBASSADEURS,,,,,,,,,NOT_STARTED,,VOTE_CONSEIL | MEDICAL | ELIMINATION_CHALLENGE | AMBASSADEURS | DESTINS_LIES | FINALE_ORIENTATION | FINALE_POTEAUX | JURY_FINAL_DECISION | VOLUNTARY | DISCIPLINARY_EXPULSION
"KL25::céline ""lili"" gasnier",KL25,Koh-Lanta : Le Totem Maudit,"Céline ""Lili"" Gasnier",1.0,1,1st Voted Out Day 2,VOTE_CONSEIL,VERIFY_FINALE_POTEAUX | VERIFY_AMBASSADEURS,departure_type_normalized=CONSEIL,,,,,,,,NOT_STARTED,,VOTE_CONSEIL | MEDICAL | ELIMINATION_CHALLENGE | AMBASSADEURS | DESTINS_LIES | FINALE_ORIENTATION | FINALE_POTEAUX | JURY_FINAL_DECISION | VOLUNTARY | DISCIPLINARY_EXPULSION
KL25::céline dufrenoy,KL25,Koh-Lanta : Le Totem Maudit,Céline Dufrenoy,2.0,1,2nd Voted Out Day 3,VOTE_CONSEIL,VERIFY_FINALE_POTEAUX | VERIFY_AMBASSADEURS,departure_type_normalized=CONSEIL,,,,,,,,NOT_STARTED,,VOTE_CONSEIL | MEDICAL | ELIMINATION_CHALLENGE | AMBASSADEURS | DESTINS_LIES | FINALE_ORIENTATION | FINALE_POTEAUX | JURY_FINAL_DECISION | VOLUNTARY | DISCIPLINARY_EXPULSION
KL25::franck macia,KL25,Koh-Lanta : Le Totem Maudit,Franck Macia,3.0,1,Left Competition Day 4,VOLUNTARY,VERIFY_FINALE_POTEAUX | VERIFY_AMBASSADEURS,Départ choisi volontairement par le candidat.,https://kohlanta.fandom.com/fr/wiki/Koh-Lanta_%3A_Le_Totem_Maudit,Franck décide volontairement de quitter l'aventure au jour 4.,,,,,,NOT_STARTED,,VOTE_CONSEIL | MEDICAL | ELIMINATION_CHALLENGE | AMBASSADEURS | DESTINS_LIES | FINALE_ORIENTATION | FINALE_POTEAUX | JURY_FINAL_DECISION | VOLUNTARY | DISCIPLINARY_EXPULSION
KL25::mattéo real,KL25,Koh-Lanta : Le Totem Maudit,Mattéo Real,4.0,1,3rd Voted Out Day 6,VOTE_CONSEIL,VERIFY_FINALE_POTEAUX | VERIFY_AMBASSADEURS,departure_type_normalized=CONSEIL,,,,,,,,NOT_STARTED,,VOTE_CONSEIL | MEDICAL | ELIMINATION_CHALLENGE | AMBASSADEURS | DESTINS_LIES | FINALE_ORIENTATION | FINALE_POTEAUX | JURY_FINAL_DECISION | VOLUNTARY | DISCIPLINARY_EXPULSION
KL25::samira aït-brahim,KL25,Koh-Lanta : Le Totem Maudit,Samira Aït-Brahim,5.0,1,4th Voted Out Day 9,VOTE_CONSEIL,VERIFY_FINALE_POTEAUX | VERIFY_AMBASSADEURS,departure_type_normalized=CONSEIL,,,,,,,,NOT_STARTED,,VOTE_CONSEIL | MEDICAL | ELIMINATION_CHALLENGE | AMBASSADEURS | DESTINS_LIES | FINALE_ORIENTATION | FINALE_POTEAUX | JURY_FINAL_DECISION | VOLUNTARY | DISCIPLINARY_EXPULSION
KL25::benjamin breerette,KL25,Koh-Lanta : Le Totem Maudit,Benjamin Breerette,6.0,1,5th Voted Out Day 11,VOTE_CONSEIL,VERIFY_FINALE_POTEAUX | VERIFY_AMBASSADEURS,departure_type_normalized=CONSEIL,,,,,,,,NOT_STARTED,,VOTE_CONSEIL | MEDICAL | ELIMINATION_CHALLENGE | AMBASSADEURS | DESTINS_LIES | FINALE_ORIENTATION | FINALE_POTEAUX | JURY_FINAL_DECISION | VOLUNTARY | DISCIPLINARY_EXPULSION
KL25::stéphanie tribot,KL25,Koh-Lanta : Le Totem Maudit,Stéphanie Tribot,7.0,1,7th Voted Out Day 17,VOTE_CONSEIL,VERIFY_FINALE_POTEAUX | VERIFY_AMBASSADEURS,departure_type_normalized=CONSEIL,,,,,,,,NOT_STARTED,,VOTE_CONSEIL | MEDICAL | ELIMINATION_CHALLENGE | AMBASSADEURS | DESTINS_LIES | FINALE_ORIENTATION | FINALE_POTEAUX | JURY_FINAL_DECISION | VOLUNTARY | DISCIPLINARY_EXPULSION
KL25::jean-philippe masy,KL25,Koh-Lanta : Le Totem Maudit,Jean-Philippe Masy,8.0,1,Medically Evacuated Day 16,MEDICAL,VERIFY_FINALE_POTEAUX | VERIFY_AMBASSADEURS,departure_type_normalized=ABANDON_MEDICAL,,,,,,,,NOT_STARTED,,VOTE_CONSEIL | MEDICAL | ELIMINATION_CHALLENGE | AMBASSADEURS | DESTINS_LIES | FINALE_ORIENTATION | FINALE_POTEAUX | JURY_FINAL_DECISION | VOLUNTARY | DISCIPLINARY_EXPULSION
KL25::alexandra élizé,KL25,Koh-Lanta : Le Totem Maudit,Alexandra Élizé,9.0,1,8th Voted Out Day 20,VOTE_CONSEIL,VERIFY_FINALE_POTEAUX | VERIFY_AMBASSADEURS,departure_type_normalized=CONSEIL,,,,,,,,NOT_STARTED,,VOTE_CONSEIL | MEDICAL | ELIMINATION_CHALLENGE | AMBASSADEURS | DESTINS_LIES | FINALE_ORIENTATION | FINALE_POTEAUX | JURY_FINAL_DECISION | VOLUNTARY | DISCIPLINARY_EXPULSION
KL25::setha el hajjami,KL25,Koh-Lanta : Le Totem Maudit,Setha El Hajjami,10.0,1,9th Voted Out Day 22,VOTE_CONSEIL,VERIFY_FINALE_POTEAUX | VERIFY_AMBASSADEURS,departure_type_normalized=CONSEIL,,,,,,,,NOT_STARTED,,VOTE_CONSEIL | MEDICAL | ELIMINATION_CHALLENGE | AMBASSADEURS | DESTINS_LIES | FINALE_ORIENTATION | FINALE_POTEAUX | JURY_FINAL_DECISION | VOLUNTARY | DISCIPLINARY_EXPULSION
KL25::colin mottas,KL25,Koh-Lanta : Le Totem Maudit,Colin Mottas,11.0,1,10th Voted Out 1st Jury Member Day 23,VOTE_CONSEIL,VERIFY_FINALE_POTEAUX | VERIFY_AMBASSADEURS,departure_type_normalized=CONSEIL,,,,,,,,NOT_STARTED,,VOTE_CONSEIL | MEDICAL | ELIMINATION_CHALLENGE | AMBASSADEURS | DESTINS_LIES | FINALE_ORIENTATION | FINALE_POTEAUX | JURY_FINAL_DECISION | VOLUNTARY | DISCIPLINARY_EXPULSION
KL25::pauline pourchaire,KL25,Koh-Lanta : Le Totem Maudit,Pauline Pourchaire,12.0,1,Eliminated 2nd Jury Member Day 25,ELIMINATION_CHALLENGE,VERIFY_FINALE_POTEAUX | VERIFY_AMBASSADEURS,Élimination directe après une épreuve à enjeu éliminatoire.,https://kohlanta.fandom.com/fr/wiki/Koh-Lanta_%3A_Le_Totem_Maudit,Pauline termine dernière d'une épreuve éliminatoire et quitte directement le jeu.,,,,,,NOT_STARTED,,VOTE_CONSEIL | MEDICAL | ELIMINATION_CHALLENGE | AMBASSADEURS | DESTINS_LIES | FINALE_ORIENTATION | FINALE_POTEAUX | JURY_FINAL_DECISION | VOLUNTARY | DISCIPLINARY_EXPULSION
KL25::yannick zachée,KL25,Koh-Lanta : Le Totem Maudit,Yannick Zachée,13.0,1,11th Voted Out 3rd Jury Member Day 25,VOTE_CONSEIL,VERIFY_FINALE_POTEAUX | VERIFY_AMBASSADEURS,departure_type_normalized=CONSEIL,,,,,,,,NOT_STARTED,,VOTE_CONSEIL | MEDICAL | ELIMINATION_CHALLENGE | AMBASSADEURS | DESTINS_LIES | FINALE_ORIENTATION | FINALE_POTEAUX | JURY_FINAL_DECISION | VOLUNTARY | DISCIPLINARY_EXPULSION
KL25::anne-sophie mounier,KL25,Koh-Lanta : Le Totem Maudit,Anne-Sophie Mounier,14.0,1,12th Voted Out 4th Jury Member Day 28,VOTE_CONSEIL,VERIFY_FINALE_POTEAUX | VERIFY_AMBASSADEURS,departure_type_normalized=CONSEIL,,,,,,,,NOT_STARTED,,VOTE_CONSEIL | MEDICAL | ELIMINATION_CHALLENGE | AMBASSADEURS | DESTINS_LIES | FINALE_ORIENTATION | FINALE_POTEAUX | JURY_FINAL_DECISION | VOLUNTARY | DISCIPLINARY_EXPULSION
KL25::maxime tournoux,KL25,Koh-Lanta : Le Totem Maudit,Maxime Tournoux,15.0,1,13th Voted Out 5th Jury Member Day 31,VOTE_CONSEIL,VERIFY_FINALE_POTEAUX | VERIFY_AMBASSADEURS,departure_type_normalized=CONSEIL,,,,,,,,NOT_STARTED,,VOTE_CONSEIL | MEDICAL | ELIMINATION_CHALLENGE | AMBASSADEURS | DESTINS_LIES | FINALE_ORIENTATION | FINALE_POTEAUX | JURY_FINAL_DECISION | VOLUNTARY | DISCIPLINARY_EXPULSION
KL25::louana roy,KL25,Koh-Lanta : Le Totem Maudit,Louana Roy,16.0,1,Eliminated 6th Jury Member Day 31,DESTINS_LIES,VERIFY_FINALE_POTEAUX | VERIFY_AMBASSADEURS,Sortie entraînée par l'élimination du partenaire de binôme.,https://kohlanta.fandom.com/fr/wiki/Koh-Lanta_%3A_Le_Totem_Maudit,"Louana est éliminée parce qu'elle est en binôme avec Maxime, visé par le vote.",,,,,,NOT_STARTED,,VOTE_CONSEIL | MEDICAL | ELIMINATION_CHALLENGE | AMBASSADEURS | DESTINS_LIES | FINALE_ORIENTATION | FINALE_POTEAUX | JURY_FINAL_DECISION | VOLUNTARY | DISCIPLINARY_EXPULSION
KL25::fouzi ould bouamama,KL25,Koh-Lanta : Le Totem Maudit,Fouzi Ould Bouamama,17.0,1,Eliminated 7th Jury Member Day 33,ELIMINATION_CHALLENGE,VERIFY_FINALE_POTEAUX | VERIFY_AMBASSADEURS,Élimination directe après une épreuve à enjeu éliminatoire.,https://kohlanta.fandom.com/fr/wiki/Koh-Lanta_%3A_Le_Totem_Maudit,Fouzi est éliminé à l'issue d'une épreuve éliminatoire.,,,,,,NOT_STARTED,,VOTE_CONSEIL | MEDICAL | ELIMINATION_CHALLENGE | AMBASSADEURS | DESTINS_LIES | FINALE_ORIENTATION | FINALE_POTEAUX | JURY_FINAL_DECISION | VOLUNTARY | DISCIPLINARY_EXPULSION
KL25::nicolas bellon,KL25,Koh-Lanta : Le Totem Maudit,Nicolas Bellon,18.0,1,14th Voted Out 8th Jury Member Day 34,VOTE_CONSEIL,VERIFY_FINALE_POTEAUX | VERIFY_AMBASSADEURS,departure_type_normalized=CONSEIL,,,,,,,,NOT_STARTED,,VOTE_CONSEIL | MEDICAL | ELIMINATION_CHALLENGE | AMBASSADEURS | DESTINS_LIES | FINALE_ORIENTATION | FINALE_POTEAUX | JURY_FINAL_DECISION | VOLUNTARY | DISCIPLINARY_EXPULSION
KL25::olga khokhlova,KL25,Koh-Lanta : Le Totem Maudit,Olga Khokhlova,19.0,1,15th Voted Out 9th Jury Member Day 37,VOTE_CONSEIL,VERIFY_FINALE_POTEAUX | VERIFY_AMBASSADEURS,departure_type_normalized=CONSEIL,,,,,,,,NOT_STARTED,,VOTE_CONSEIL | MEDICAL | ELIMINATION_CHALLENGE | AMBASSADEURS | DESTINS_LIES | FINALE_ORIENTATION | FINALE_POTEAUX | JURY_FINAL_DECISION | VOLUNTARY | DISCIPLINARY_EXPULSION
KL25::ambre daudet,KL25,Koh-Lanta : Le Totem Maudit,Ambre Daudet,20.0,1,Eliminated 10th Jury Member Day 38,FINALE_ORIENTATION,VERIFY_FINALE_POTEAUX | VERIFY_AMBASSADEURS,Élimination pendant l'épreuve finale d'orientation.,https://kohlanta.fandom.com/fr/wiki/Koh-Lanta_%3A_Le_Totem_Maudit,Ambre est éliminée lors de l'épreuve finale d'orientation.,,,,,,NOT_STARTED,,VOTE_CONSEIL | MEDICAL | ELIMINATION_CHALLENGE | AMBASSADEURS | DESTINS_LIES | FINALE_ORIENTATION | FINALE_POTEAUX | JURY_FINAL_DECISION | VOLUNTARY | DISCIPLINARY_EXPULSION
KL25::jean-charles chatelus,KL25,Koh-Lanta : Le Totem Maudit,Jean-Charles Chatelus,21.0,1,16th Voted Out 11th Jury Member Day 39,VOTE_CONSEIL,VERIFY_FINALE_POTEAUX | VERIFY_AMBASSADEURS,departure_type_normalized=CONSEIL,,,,,,,,NOT_STARTED,,VOTE_CONSEIL | MEDICAL | ELIMINATION_CHALLENGE | AMBASSADEURS | DESTINS_LIES | FINALE_ORIENTATION | FINALE_POTEAUX | JURY_FINAL_DECISION | VOLUNTARY | DISCIPLINARY_EXPULSION
KL25::géraldine nicolle,KL25,Koh-Lanta : Le Totem Maudit,Géraldine Nicolle,22.0,1,Runner-Up Day 39,JURY_FINAL_DECISION,VERIFY_FINALE_POTEAUX | VERIFY_AMBASSADEURS,Le candidat atteint le jury final mais perd la décision finale des jurés. Cette sortie est distincte de l'orientation et des poteaux.,,,,,,,,NOT_STARTED,,VOTE_CONSEIL | MEDICAL | ELIMINATION_CHALLENGE | AMBASSADEURS | DESTINS_LIES | FINALE_ORIENTATION | FINALE_POTEAUX | JURY_FINAL_DECISION | VOLUNTARY | DISCIPLINARY_EXPULSION
KL25::bastien san pedro,KL25,Koh-Lanta : Le Totem Maudit,Bastien San Pedro,23.0,0,Dual Survivors Day 39,CENSORED_WINNER,VERIFY_FINALE_POTEAUX | VERIFY_AMBASSADEURS,,,,,,,,,NOT_STARTED,,VOTE_CONSEIL | MEDICAL | ELIMINATION_CHALLENGE | AMBASSADEURS | DESTINS_LIES | FINALE_ORIENTATION | FINALE_POTEAUX | JURY_FINAL_DECISION | VOLUNTARY | DISCIPLINARY_EXPULSION
KL25::françois descamp,KL25,Koh-Lanta : Le Totem Maudit,François Descamp,24.0,0,Cadlao,CENSORED_WINNER,VERIFY_FINALE_POTEAUX | VERIFY_AMBASSADEURS,,,,,,,,,NOT_STARTED,,VOTE_CONSEIL | MEDICAL | ELIMINATION_CHALLENGE | AMBASSADEURS | DESTINS_LIES | FINALE_ORIENTATION | FINALE_POTEAUX | JURY_FINAL_DECISION | VOLUNTARY | DISCIPLINARY_EXPULSION
KL27::steve grenier,KL27,Koh-Lanta : Les Chasseurs d'Immunité,Steve Grenier,1.0,1,1st Voted Out Day 3,VOTE_CONSEIL,VERIFY_FINALE_POTEAUX,departure_type_normalized=CONSEIL,,,,,,,,NOT_STARTED,,VOTE_CONSEIL | MEDICAL | ELIMINATION_CHALLENGE | AMBASSADEURS | DESTINS_LIES | FINALE_ORIENTATION | FINALE_POTEAUX | JURY_FINAL_DECISION | VOLUNTARY | DISCIPLINARY_EXPULSION
KL27::alicia bouly,KL27,Koh-Lanta : Les Chasseurs d'Immunité,Alicia Bouly,2.0,1,2nd Voted Out Day 6,VOTE_CONSEIL,VERIFY_FINALE_POTEAUX,departure_type_normalized=CONSEIL,,,,,,,,NOT_STARTED,,VOTE_CONSEIL | MEDICAL | ELIMINATION_CHALLENGE | AMBASSADEURS | DESTINS_LIES | FINALE_ORIENTATION | FINALE_POTEAUX | JURY_FINAL_DECISION | VOLUNTARY | DISCIPLINARY_EXPULSION
KL27::nathalie suhard,KL27,Koh-Lanta : Les Chasseurs d'Immunité,Nathalie Suhard,3.0,1,Lost Duel Day 7,ELIMINATION_CHALLENGE,VERIFY_FINALE_POTEAUX,departure_type_normalized=EPREUVE_ELIMINATOIRE,,,,,,,,NOT_STARTED,,VOTE_CONSEIL | MEDICAL | ELIMINATION_CHALLENGE | AMBASSADEURS | DESTINS_LIES | FINALE_ORIENTATION | FINALE_POTEAUX | JURY_FINAL_DECISION | VOLUNTARY | DISCIPLINARY_EXPULSION
KL27::william plancq,KL27,Koh-Lanta : Les Chasseurs d'Immunité,William Plancq,4.0,1,3rd Voted Out Day 9,VOTE_CONSEIL,VERIFY_FINALE_POTEAUX,departure_type_normalized=CONSEIL,,,,,,,,NOT_STARTED,,VOTE_CONSEIL | MEDICAL | ELIMINATION_CHALLENGE | AMBASSADEURS | DESTINS_LIES | FINALE_ORIENTATION | FINALE_POTEAUX | JURY_FINAL_DECISION | VOLUNTARY | DISCIPLINARY_EXPULSION
KL27::alexis tchernychev,KL27,Koh-Lanta : Les Chasseurs d'Immunité,Alexis Tchernychev,5.0,1,4th Voted Out Day 12,VOTE_CONSEIL,VERIFY_FINALE_POTEAUX,departure_type_normalized=CONSEIL,,,,,,,,NOT_STARTED,,VOTE_CONSEIL | MEDICAL | ELIMINATION_CHALLENGE | AMBASSADEURS | DESTINS_LIES | FINALE_ORIENTATION | FINALE_POTEAUX | JURY_FINAL_DECISION | VOLUNTARY | DISCIPLINARY_EXPULSION
KL27::émilie clavis,KL27,Koh-Lanta : Les Chasseurs d'Immunité,Émilie Clavis,6.0,1,5th Voted Out Day 14,VOTE_CONSEIL,VERIFY_FINALE_POTEAUX,departure_type_normalized=CONSEIL,,,,,,,,NOT_STARTED,,VOTE_CONSEIL | MEDICAL | ELIMINATION_CHALLENGE | AMBASSADEURS | DESTINS_LIES | FINALE_ORIENTATION | FINALE_POTEAUX | JURY_FINAL_DECISION | VOLUNTARY | DISCIPLINARY_EXPULSION
KL27::sarah diawara,KL27,Koh-Lanta : Les Chasseurs d'Immunité,Sarah Diawara,7.0,1,6th Voted Out Day 17,VOTE_CONSEIL,VERIFY_FINALE_POTEAUX,departure_type_normalized=CONSEIL,,,,,,,,NOT_STARTED,,VOTE_CONSEIL | MEDICAL | ELIMINATION_CHALLENGE | AMBASSADEURS | DESTINS_LIES | FINALE_ORIENTATION | FINALE_POTEAUX | JURY_FINAL_DECISION | VOLUNTARY | DISCIPLINARY_EXPULSION
KL27::maxime barbet,KL27,Koh-Lanta : Les Chasseurs d'Immunité,Maxime Barbet,8.0,1,7th Voted Out Day 20,VOTE_CONSEIL,VERIFY_FINALE_POTEAUX,departure_type_normalized=CONSEIL,,,,,,,,NOT_STARTED,,VOTE_CONSEIL | MEDICAL | ELIMINATION_CHALLENGE | AMBASSADEURS | DESTINS_LIES | FINALE_ORIENTATION | FINALE_POTEAUX | JURY_FINAL_DECISION | VOLUNTARY | DISCIPLINARY_EXPULSION
KL27::ricky poyet,KL27,Koh-Lanta : Les Chasseurs d'Immunité,Ricky Poyet,9.0,1,Eliminated Day 22,AMBASSADEURS,VERIFY_FINALE_POTEAUX,Élimination directe lors de la réunion des ambassadeurs.,https://kohlanta.fandom.com/fr/wiki/Koh-Lanta_%3A_Les_Chasseurs_d%27Immunit%C3%A9,Ricky est éliminé lors de la réunion des ambassadeurs.,,,,,,NOT_STARTED,,VOTE_CONSEIL | MEDICAL | ELIMINATION_CHALLENGE | AMBASSADEURS | DESTINS_LIES | FINALE_ORIENTATION | FINALE_POTEAUX | JURY_FINAL_DECISION | VOLUNTARY | DISCIPLINARY_EXPULSION
KL27::léa notardonato,KL27,Koh-Lanta : Les Chasseurs d'Immunité,Léa Notardonato,10.0,1,8th Voted Out 1st Jury Member Day 23,VOTE_CONSEIL,VERIFY_FINALE_POTEAUX,departure_type_normalized=CONSEIL,,,,,,,,NOT_STARTED,,VOTE_CONSEIL | MEDICAL | ELIMINATION_CHALLENGE | AMBASSADEURS | DESTINS_LIES | FINALE_ORIENTATION | FINALE_POTEAUX | JURY_FINAL_DECISION | VOLUNTARY | DISCIPLINARY_EXPULSION
KL27::océane montenegro,KL27,Koh-Lanta : Les Chasseurs d'Immunité,Océane Montenegro,11.0,1,Eliminated 2nd Jury Member Day 26,ELIMINATION_CHALLENGE,VERIFY_FINALE_POTEAUX,Élimination directe après une épreuve à enjeu éliminatoire.,https://kohlanta.fandom.com/fr/wiki/Koh-Lanta_%3A_Les_Chasseurs_d%27Immunit%C3%A9,Océane est éliminée à l'issue d'une épreuve éliminatoire.,,,,,,NOT_STARTED,,VOTE_CONSEIL | MEDICAL | ELIMINATION_CHALLENGE | AMBASSADEURS | DESTINS_LIES | FINALE_ORIENTATION | FINALE_POTEAUX | JURY_FINAL_DECISION | VOLUNTARY | DISCIPLINARY_EXPULSION
KL27::cécile poprawa,KL27,Koh-Lanta : Les Chasseurs d'Immunité,Cécile Poprawa,12.0,1,9th Voted Out 3rd Jury Member Day 26,VOTE_CONSEIL,VERIFY_FINALE_POTEAUX,departure_type_normalized=CONSEIL,,,,,,,,NOT_STARTED,,VOTE_CONSEIL | MEDICAL | ELIMINATION_CHALLENGE | AMBASSADEURS | DESTINS_LIES | FINALE_ORIENTATION | FINALE_POTEAUX | JURY_FINAL_DECISION | VOLUNTARY | DISCIPLINARY_EXPULSION
KL27::aurélien dulau,KL27,Koh-Lanta : Les Chasseurs d'Immunité,Aurélien Dulau,14.0,1,Eliminated 4th Jury Member Day 29,DESTINS_LIES,VERIFY_FINALE_POTEAUX,Sortie entraînée par l'élimination du partenaire de binôme.,https://kohlanta.fandom.com/fr/wiki/Koh-Lanta_%3A_Les_Chasseurs_d%27Immunit%C3%A9,"Aurélien est entraîné dans la sortie de Sébastien, son partenaire lors des destins liés.",,,,,,NOT_STARTED,,VOTE_CONSEIL | MEDICAL | ELIMINATION_CHALLENGE | AMBASSADEURS | DESTINS_LIES | FINALE_ORIENTATION | FINALE_POTEAUX | JURY_FINAL_DECISION | VOLUNTARY | DISCIPLINARY_EXPULSION
KL27::jean belmonte,KL27,Koh-Lanta : Les Chasseurs d'Immunité,Jean Belmonte,15.0,1,Medically Evacuated 5th Jury Member Day 32,MEDICAL,VERIFY_FINALE_POTEAUX,departure_type_normalized=ABANDON_MEDICAL,,,,,,,,NOT_STARTED,,VOTE_CONSEIL | MEDICAL | ELIMINATION_CHALLENGE | AMBASSADEURS | DESTINS_LIES | FINALE_ORIENTATION | FINALE_POTEAUX | JURY_FINAL_DECISION | VOLUNTARY | DISCIPLINARY_EXPULSION
KL27::mégane rouland,KL27,Koh-Lanta : Les Chasseurs d'Immunité,Mégane Rouland,16.0,1,12th Voted Out 6th Jury Member Day 32,VOTE_CONSEIL,VERIFY_FINALE_POTEAUX,departure_type_normalized=CONSEIL,,,,,,,,NOT_STARTED,,VOTE_CONSEIL | MEDICAL | ELIMINATION_CHALLENGE | AMBASSADEURS | DESTINS_LIES | FINALE_ORIENTATION | FINALE_POTEAUX | JURY_FINAL_DECISION | VOLUNTARY | DISCIPLINARY_EXPULSION
KL27::david murail,KL27,Koh-Lanta : Les Chasseurs d'Immunité,David Murail,17.0,1,13th Voted Out 7th Jury Member Day 34,VOTE_CONSEIL,VERIFY_FINALE_POTEAUX,departure_type_normalized=CONSEIL,,,,,,,,NOT_STARTED,,VOTE_CONSEIL | MEDICAL | ELIMINATION_CHALLENGE | AMBASSADEURS | DESTINS_LIES | FINALE_ORIENTATION | FINALE_POTEAUX | JURY_FINAL_DECISION | VOLUNTARY | DISCIPLINARY_EXPULSION
KL27::sébastien cazaux,KL27,Koh-Lanta : Les Chasseurs d'Immunité,Sébastien Cazaux,18.0,1,14th Voted Out 8th Jury Member Day 36,VOTE_CONSEIL,VERIFY_FINALE_POTEAUX,departure_type_normalized=CONSEIL,,,,,,,,NOT_STARTED,,VOTE_CONSEIL | MEDICAL | ELIMINATION_CHALLENGE | AMBASSADEURS | DESTINS_LIES | FINALE_ORIENTATION | FINALE_POTEAUX | JURY_FINAL_DECISION | VOLUNTARY | DISCIPLINARY_EXPULSION
KL27::amri madani,KL27,Koh-Lanta : Les Chasseurs d'Immunité,Amri Madani,19.0,1,Lost Challenge 9th Jury Member Day 37,ELIMINATION_CHALLENGE,VERIFY_FINALE_POTEAUX,departure_type_normalized=EPREUVE_ELIMINATOIRE,,,,,,,,NOT_STARTED,,VOTE_CONSEIL | MEDICAL | ELIMINATION_CHALLENGE | AMBASSADEURS | DESTINS_LIES | FINALE_ORIENTATION | FINALE_POTEAUX | JURY_FINAL_DECISION | VOLUNTARY | DISCIPLINARY_EXPULSION
KL27::pauline bonneil,KL27,Koh-Lanta : Les Chasseurs d'Immunité,Pauline Bonneil,20.0,1,Lost Challenge 10th Jury Member Day 37,ELIMINATION_CHALLENGE,VERIFY_FINALE_POTEAUX,departure_type_normalized=EPREUVE_ELIMINATOIRE,,,,,,,,NOT_STARTED,,VOTE_CONSEIL | MEDICAL | ELIMINATION_CHALLENGE | AMBASSADEURS | DESTINS_LIES | FINALE_ORIENTATION | FINALE_POTEAUX | JURY_FINAL_DECISION | VOLUNTARY | DISCIPLINARY_EXPULSION
KL27::julie rignault,KL27,Koh-Lanta : Les Chasseurs d'Immunité,Julie Rignault,21.0,1,15th Voted Out 11th Jury Member Day 38,VOTE_CONSEIL,VERIFY_FINALE_POTEAUX,departure_type_normalized=CONSEIL,,,,,,,,NOT_STARTED,,VOTE_CONSEIL | MEDICAL | ELIMINATION_CHALLENGE | AMBASSADEURS | DESTINS_LIES | FINALE_ORIENTATION | FINALE_POTEAUX | JURY_FINAL_DECISION | VOLUNTARY | DISCIPLINARY_EXPULSION
KL27::meïssa seck,KL27,Koh-Lanta : Les Chasseurs d'Immunité,Meïssa Seck,22.0,1,Runner-up Day 38,JURY_FINAL_DECISION,VERIFY_FINALE_POTEAUX,Le candidat atteint le jury final mais perd la décision finale des jurés. Cette sortie est distincte de l'orientation et des poteaux.,,,,,,,,NOT_STARTED,,VOTE_CONSEIL | MEDICAL | ELIMINATION_CHALLENGE | AMBASSADEURS | DESTINS_LIES | FINALE_ORIENTATION | FINALE_POTEAUX | JURY_FINAL_DECISION | VOLUNTARY | DISCIPLINARY_EXPULSION
KL27::léa sahin,KL27,Koh-Lanta : Les Chasseurs d'Immunité,Léa Sahin,23.0,0,Sole Survivor Day 38,CENSORED_WINNER,VERIFY_FINALE_POTEAUX,,,,,,,,,NOT_STARTED,,VOTE_CONSEIL | MEDICAL | ELIMINATION_CHALLENGE | AMBASSADEURS | DESTINS_LIES | FINALE_ORIENTATION | FINALE_POTEAUX | JURY_FINAL_DECISION | VOLUNTARY | DISCIPLINARY_EXPULSION
KL31::myriam zenasni,KL31,Koh-Lanta : L'Île au trésor,Myriam Zenasni,1.0,1,1st Voted Out Day 3,VOTE_CONSEIL,VERIFY_FINALE_POTEAUX | VERIFY_AMBASSADEURS,departure_type_normalized=CONSEIL,,,,,,,,NOT_STARTED,,VOTE_CONSEIL | MEDICAL | ELIMINATION_CHALLENGE | AMBASSADEURS | DESTINS_LIES | FINALE_ORIENTATION | FINALE_POTEAUX | JURY_FINAL_DECISION | VOLUNTARY | DISCIPLINARY_EXPULSION
KL31::amandine schmitt,KL31,Koh-Lanta : L'Île au trésor,Amandine Schmitt,2.0,1,2nd Voted Out Day 6,VOTE_CONSEIL,VERIFY_FINALE_POTEAUX | VERIFY_AMBASSADEURS,departure_type_normalized=CONSEIL,,,,,,,,NOT_STARTED,,VOTE_CONSEIL | MEDICAL | ELIMINATION_CHALLENGE | AMBASSADEURS | DESTINS_LIES | FINALE_ORIENTATION | FINALE_POTEAUX | JURY_FINAL_DECISION | VOLUNTARY | DISCIPLINARY_EXPULSION
KL31::sophie le nestic sabattier,KL31,Koh-Lanta : L'Île au trésor,Sophie Le Nestic Sabattier,3.0,1,3rd Voted Out Day 9,VOTE_CONSEIL,VERIFY_FINALE_POTEAUX | VERIFY_AMBASSADEURS,departure_type_normalized=CONSEIL,,,,,,,,NOT_STARTED,,VOTE_CONSEIL | MEDICAL | ELIMINATION_CHALLENGE | AMBASSADEURS | DESTINS_LIES | FINALE_ORIENTATION | FINALE_POTEAUX | JURY_FINAL_DECISION | VOLUNTARY | DISCIPLINARY_EXPULSION
KL31::sandrine bouzekri,KL31,Koh-Lanta : L'Île au trésor,Sandrine Bouzekri,4.0,1,4th Voted Out Day 12,VOTE_CONSEIL,VERIFY_FINALE_POTEAUX | VERIFY_AMBASSADEURS,departure_type_normalized=CONSEIL,,,,,,,,NOT_STARTED,,VOTE_CONSEIL | MEDICAL | ELIMINATION_CHALLENGE | AMBASSADEURS | DESTINS_LIES | FINALE_ORIENTATION | FINALE_POTEAUX | JURY_FINAL_DECISION | VOLUNTARY | DISCIPLINARY_EXPULSION
KL31::laurent mischkind,KL31,Koh-Lanta : L'Île au trésor,Laurent Mischkind,5.0,1,5th Voted Out Day 15,VOTE_CONSEIL,VERIFY_FINALE_POTEAUX | VERIFY_AMBASSADEURS,departure_type_normalized=CONSEIL,,,,,,,,NOT_STARTED,,VOTE_CONSEIL | MEDICAL | ELIMINATION_CHALLENGE | AMBASSADEURS | DESTINS_LIES | FINALE_ORIENTATION | FINALE_POTEAUX | JURY_FINAL_DECISION | VOLUNTARY | DISCIPLINARY_EXPULSION
KL31::jean-luc duboscq,KL31,Koh-Lanta : L'Île au trésor,Jean-Luc Duboscq,6.0,1,6th Voted Out Day 18,VOTE_CONSEIL,VERIFY_FINALE_POTEAUX | VERIFY_AMBASSADEURS,departure_type_normalized=CONSEIL,,,,,,,,NOT_STARTED,,VOTE_CONSEIL | MEDICAL | ELIMINATION_CHALLENGE | AMBASSADEURS | DESTINS_LIES | FINALE_ORIENTATION | FINALE_POTEAUX | JURY_FINAL_DECISION | VOLUNTARY | DISCIPLINARY_EXPULSION
KL31::jérôme merlier,KL31,Koh-Lanta : L'Île au trésor,Jérôme Merlier,7.0,1,Lost Duel Day 20,ELIMINATION_CHALLENGE,VERIFY_FINALE_POTEAUX | VERIFY_AMBASSADEURS,departure_type_normalized=EPREUVE_ELIMINATOIRE,,,,,,,,NOT_STARTED,,VOTE_CONSEIL | MEDICAL | ELIMINATION_CHALLENGE | AMBASSADEURS | DESTINS_LIES | FINALE_ORIENTATION | FINALE_POTEAUX | JURY_FINAL_DECISION | VOLUNTARY | DISCIPLINARY_EXPULSION
"KL31::laurent ""lau"" émilien",KL31,Koh-Lanta : L'Île au trésor,"Laurent ""Lau"" Émilien",8.0,1,7th Voted Out 1st jury member Day 21,VOTE_CONSEIL,VERIFY_FINALE_POTEAUX | VERIFY_AMBASSADEURS,departure_type_normalized=CONSEIL,,,,,,,,NOT_STARTED,,VOTE_CONSEIL | MEDICAL | ELIMINATION_CHALLENGE | AMBASSADEURS | DESTINS_LIES | FINALE_ORIENTATION | FINALE_POTEAUX | JURY_FINAL_DECISION | VOLUNTARY | DISCIPLINARY_EXPULSION
KL31::béryl libault de la chevasnerie,KL31,Koh-Lanta : L'Île au trésor,Béryl Libault de la Chevasnerie,9.0,1,8th Voted Out 2nd jury member Day 24,VOTE_CONSEIL,VERIFY_FINALE_POTEAUX | VERIFY_AMBASSADEURS,departure_type_normalized=CONSEIL,,,,,,,,NOT_STARTED,,VOTE_CONSEIL | MEDICAL | ELIMINATION_CHALLENGE | AMBASSADEURS | DESTINS_LIES | FINALE_ORIENTATION | FINALE_POTEAUX | JURY_FINAL_DECISION | VOLUNTARY | DISCIPLINARY_EXPULSION
KL31::alexandra pharisien,KL31,Koh-Lanta : L'Île au trésor,Alexandra Pharisien,10.0,1,9th Voted Out 3rd jury member Day 27,VOTE_CONSEIL,VERIFY_FINALE_POTEAUX | VERIFY_AMBASSADEURS,departure_type_normalized=CONSEIL,,,,,,,,NOT_STARTED,,VOTE_CONSEIL | MEDICAL | ELIMINATION_CHALLENGE | AMBASSADEURS | DESTINS_LIES | FINALE_ORIENTATION | FINALE_POTEAUX | JURY_FINAL_DECISION | VOLUNTARY | DISCIPLINARY_EXPULSION
KL31::yannick delalleau,KL31,Koh-Lanta : L'Île au trésor,Yannick Delalleau,11.0,1,10th Voted Out Evacuated from jury Day 30 [ a ],VOTE_CONSEIL,VERIFY_FINALE_POTEAUX | VERIFY_AMBASSADEURS,departure_type_normalized=CONSEIL,,,,,,,,NOT_STARTED,,VOTE_CONSEIL | MEDICAL | ELIMINATION_CHALLENGE | AMBASSADEURS | DESTINS_LIES | FINALE_ORIENTATION | FINALE_POTEAUX | JURY_FINAL_DECISION | VOLUNTARY | DISCIPLINARY_EXPULSION
KL31::julie navarro-camilleri,KL31,Koh-Lanta : L'Île au trésor,Julie Navarro-Camilleri,12.0,1,Lost Challenge 4th jury member Day 32,ELIMINATION_CHALLENGE,VERIFY_FINALE_POTEAUX | VERIFY_AMBASSADEURS,departure_type_normalized=EPREUVE_ELIMINATOIRE,,,,,,,,NOT_STARTED,,VOTE_CONSEIL | MEDICAL | ELIMINATION_CHALLENGE | AMBASSADEURS | DESTINS_LIES | FINALE_ORIENTATION | FINALE_POTEAUX | JURY_FINAL_DECISION | VOLUNTARY | DISCIPLINARY_EXPULSION
KL31::jérémy raffin,KL31,Koh-Lanta : L'Île au trésor,Jérémy Raffin,13.0,1,11th Voted Out 5th jury member Day 33,VOTE_CONSEIL,VERIFY_FINALE_POTEAUX | VERIFY_AMBASSADEURS,departure_type_normalized=CONSEIL,,,,,,,,NOT_STARTED,,VOTE_CONSEIL | MEDICAL | ELIMINATION_CHALLENGE | AMBASSADEURS | DESTINS_LIES | FINALE_ORIENTATION | FINALE_POTEAUX | JURY_FINAL_DECISION | VOLUNTARY | DISCIPLINARY_EXPULSION
KL31::stéphane cipolla,KL31,Koh-Lanta : L'Île au trésor,Stéphane Cipolla,14.0,1,12th Voted Out 6th jury member Day 36,VOTE_CONSEIL,VERIFY_FINALE_POTEAUX | VERIFY_AMBASSADEURS,departure_type_normalized=CONSEIL,,,,,,,,NOT_STARTED,,VOTE_CONSEIL | MEDICAL | ELIMINATION_CHALLENGE | AMBASSADEURS | DESTINS_LIES | FINALE_ORIENTATION | FINALE_POTEAUX | JURY_FINAL_DECISION | VOLUNTARY | DISCIPLINARY_EXPULSION
KL31::ludivine wiart,KL31,Koh-Lanta : L'Île au trésor,Ludivine Wiart,15.0,1,13th Voted Out 7th jury member Day 39,VOTE_CONSEIL,VERIFY_FINALE_POTEAUX | VERIFY_AMBASSADEURS,departure_type_normalized=CONSEIL,,,,,,,,NOT_STARTED,,VOTE_CONSEIL | MEDICAL | ELIMINATION_CHALLENGE | AMBASSADEURS | DESTINS_LIES | FINALE_ORIENTATION | FINALE_POTEAUX | JURY_FINAL_DECISION | VOLUNTARY | DISCIPLINARY_EXPULSION
KL31::candice boisson,KL31,Koh-Lanta : L'Île au trésor,Candice Boisson,16.0,1,Lost Challenge 8th jury member Day 40,ELIMINATION_CHALLENGE,VERIFY_FINALE_POTEAUX | VERIFY_AMBASSADEURS,departure_type_normalized=EPREUVE_ELIMINATOIRE,,,,,,,,NOT_STARTED,,VOTE_CONSEIL | MEDICAL | ELIMINATION_CHALLENGE | AMBASSADEURS | DESTINS_LIES | FINALE_ORIENTATION | FINALE_POTEAUX | JURY_FINAL_DECISION | VOLUNTARY | DISCIPLINARY_EXPULSION
KL31::bruno troester,KL31,Koh-Lanta : L'Île au trésor,Bruno Troester,17.0,1,Lost Challenge 9th jury member Day 40,ELIMINATION_CHALLENGE,VERIFY_FINALE_POTEAUX | VERIFY_AMBASSADEURS,departure_type_normalized=EPREUVE_ELIMINATOIRE,,,,,,,,NOT_STARTED,,VOTE_CONSEIL | MEDICAL | ELIMINATION_CHALLENGE | AMBASSADEURS | DESTINS_LIES | FINALE_ORIENTATION | FINALE_POTEAUX | JURY_FINAL_DECISION | VOLUNTARY | DISCIPLINARY_EXPULSION
KL31::freddy bolzer,KL31,Koh-Lanta : L'Île au trésor,Freddy Bolzer,18.0,1,14th Voted Out 10th jury member Day 41,VOTE_CONSEIL,VERIFY_FINALE_POTEAUX | VERIFY_AMBASSADEURS,departure_type_normalized=CONSEIL,,,,,,,,NOT_STARTED,,VOTE_CONSEIL | MEDICAL | ELIMINATION_CHALLENGE | AMBASSADEURS | DESTINS_LIES | FINALE_ORIENTATION | FINALE_POTEAUX | JURY_FINAL_DECISION | VOLUNTARY | DISCIPLINARY_EXPULSION
KL31::jesta hillmann,KL31,Koh-Lanta : L'Île au trésor,Jesta Hillmann,19.0,1,Runner-up Day 42,JURY_FINAL_DECISION,VERIFY_FINALE_POTEAUX | VERIFY_AMBASSADEURS,Le candidat atteint le jury final mais perd la décision finale des jurés. Cette sortie est distincte de l'orientation et des poteaux.,,,,,,,,NOT_STARTED,,VOTE_CONSEIL | MEDICAL | ELIMINATION_CHALLENGE | AMBASSADEURS | DESTINS_LIES | FINALE_ORIENTATION | FINALE_POTEAUX | JURY_FINAL_DECISION | VOLUNTARY | DISCIPLINARY_EXPULSION
KL31::benoît assadi,KL31,Koh-Lanta : L'Île au trésor,Benoît Assadi,20.0,0,Sole Survivor Day 42,CENSORED_WINNER,VERIFY_FINALE_POTEAUX | VERIFY_AMBASSADEURS,,,,,,,,,NOT_STARTED,,VOTE_CONSEIL | MEDICAL | ELIMINATION_CHALLENGE | AMBASSADEURS | DESTINS_LIES | FINALE_ORIENTATION | FINALE_POTEAUX | JURY_FINAL_DECISION | VOLUNTARY | DISCIPLINARY_EXPULSION
KL32::françois,KL32,Koh-Lanta : Les 4 Terres,François,1.0,1,"Abandon médical [ 17 ] [source secondaire souhaitée] , [ 18 ] [source secondaire souhaitée] , [ 19 ] [source secondaire souhaitée] , [ 20 ]",MEDICAL,VERIFY_AMBASSADEURS,departure_type_normalized=ABANDON_MEDICAL,,,,,,,,NOT_STARTED,,VOTE_CONSEIL | MEDICAL | ELIMINATION_CHALLENGE | AMBASSADEURS | DESTINS_LIES | FINALE_ORIENTATION | FINALE_POTEAUX | JURY_FINAL_DECISION | VOLUNTARY | DISCIPLINARY_EXPULSION
KL32::carole,KL32,Koh-Lanta : Les 4 Terres,Carole,2.0,1,"Éliminée [ 21 ] [source secondaire souhaitée] , [ 22 ] [source secondaire souhaitée] , [ 23 ] [source secondaire souhaitée] , [ 20 ]",VOTE_CONSEIL,VERIFY_AMBASSADEURS,Élimination décidée par vote au Conseil.,https://kohlanta.fandom.com/fr/wiki/Koh-Lanta_%3A_Les_4_Terres,Carole est éliminée au Conseil.,,,,,,NOT_STARTED,,VOTE_CONSEIL | MEDICAL | ELIMINATION_CHALLENGE | AMBASSADEURS | DESTINS_LIES | FINALE_ORIENTATION | FINALE_POTEAUX | JURY_FINAL_DECISION | VOLUNTARY | DISCIPLINARY_EXPULSION
KL32::samuel,KL32,Koh-Lanta : Les 4 Terres,Samuel,3.0,1,"Abandon médical [ 24 ] [source secondaire souhaitée] , [ 25 ] [source secondaire souhaitée] , [ 26 ] [source secondaire souhaitée]",MEDICAL,VERIFY_AMBASSADEURS,departure_type_normalized=ABANDON_MEDICAL,,,,,,,,NOT_STARTED,,VOTE_CONSEIL | MEDICAL | ELIMINATION_CHALLENGE | AMBASSADEURS | DESTINS_LIES | FINALE_ORIENTATION | FINALE_POTEAUX | JURY_FINAL_DECISION | VOLUNTARY | DISCIPLINARY_EXPULSION
KL32::diane,KL32,Koh-Lanta : Les 4 Terres,Diane,4.0,1,"Éliminée [ 27 ] [source secondaire souhaitée] , [ 28 ] [source secondaire souhaitée] , [ 29 ] [source secondaire souhaitée] , [ 30 ]",VOTE_CONSEIL,VERIFY_AMBASSADEURS,Première sortie uniquement : élimination décidée par vote au Conseil.,https://kohlanta.fandom.com/fr/wiki/Koh-Lanta_%3A_Les_4_Terres,"Diane est éliminée au Conseil, revient ensuite après une sortie médicale, puis ressort ; seule sa première sortie est retenue.",,,,,,NOT_STARTED,,VOTE_CONSEIL | MEDICAL | ELIMINATION_CHALLENGE | AMBASSADEURS | DESTINS_LIES | FINALE_ORIENTATION | FINALE_POTEAUX | JURY_FINAL_DECISION | VOLUNTARY | DISCIPLINARY_EXPULSION
KL32::estelle,KL32,Koh-Lanta : Les 4 Terres,Estelle,5.0,1,"Éliminée [ 31 ] [source secondaire souhaitée] , [ 32 ] [source secondaire souhaitée] , [ 33 ] [source secondaire souhaitée] , [ 30 ]",VOTE_CONSEIL,VERIFY_AMBASSADEURS,Élimination décidée par vote au Conseil.,https://kohlanta.fandom.com/fr/wiki/Koh-Lanta_%3A_Les_4_Terres,Estelle est éliminée au Conseil.,,,,,,NOT_STARTED,,VOTE_CONSEIL | MEDICAL | ELIMINATION_CHALLENGE | AMBASSADEURS | DESTINS_LIES | FINALE_ORIENTATION | FINALE_POTEAUX | JURY_FINAL_DECISION | VOLUNTARY | DISCIPLINARY_EXPULSION
KL32::mathieu,KL32,Koh-Lanta : Les 4 Terres,Mathieu,6.0,1,"Éliminé [ 34 ] [source secondaire souhaitée] , [ 35 ] [source secondaire souhaitée] , [ 36 ] [source secondaire souhaitée] , [ 37 ] [source secondaire souhaitée]",VOTE_CONSEIL,VERIFY_AMBASSADEURS,Élimination décidée par vote au Conseil.,https://kohlanta.fandom.com/fr/wiki/Koh-Lanta_%3A_Les_4_Terres,Mathieu est éliminé au Conseil.,,,,,,NOT_STARTED,,VOTE_CONSEIL | MEDICAL | ELIMINATION_CHALLENGE | AMBASSADEURS | DESTINS_LIES | FINALE_ORIENTATION | FINALE_POTEAUX | JURY_FINAL_DECISION | VOLUNTARY | DISCIPLINARY_EXPULSION
KL32::adrien,KL32,Koh-Lanta : Les 4 Terres,Adrien,7.0,1,"Éliminé [ 38 ] [source secondaire souhaitée] , [ 39 ] [source secondaire souhaitée] , [ 40 ] [source secondaire souhaitée] , [ 41 ]",VOTE_CONSEIL,VERIFY_AMBASSADEURS,Élimination décidée par vote au Conseil.,https://kohlanta.fandom.com/fr/wiki/Koh-Lanta_%3A_Les_4_Terres,Adrien est éliminé au Conseil.,,,,,,NOT_STARTED,,VOTE_CONSEIL | MEDICAL | ELIMINATION_CHALLENGE | AMBASSADEURS | DESTINS_LIES | FINALE_ORIENTATION | FINALE_POTEAUX | JURY_FINAL_DECISION | VOLUNTARY | DISCIPLINARY_EXPULSION
KL32::aubin,KL32,Koh-Lanta : Les 4 Terres,Aubin,8.0,1,"Éliminé [ 42 ] [source secondaire souhaitée] , [ 43 ] [source secondaire souhaitée] , [ 44 ] [source secondaire souhaitée] , [ 45 ] [source secondaire souhaitée]",VOTE_CONSEIL,VERIFY_AMBASSADEURS,Élimination décidée par vote au Conseil.,https://kohlanta.fandom.com/fr/wiki/Koh-Lanta_%3A_Les_4_Terres,Aubin est éliminé au Conseil.,,,,,,NOT_STARTED,,VOTE_CONSEIL | MEDICAL | ELIMINATION_CHALLENGE | AMBASSADEURS | DESTINS_LIES | FINALE_ORIENTATION | FINALE_POTEAUX | JURY_FINAL_DECISION | VOLUNTARY | DISCIPLINARY_EXPULSION
KL32::sébastien,KL32,Koh-Lanta : Les 4 Terres,Sébastien,9.0,1,"Éliminé [ 46 ] [source secondaire souhaitée] , [ 47 ] [source secondaire souhaitée] , [ 48 ] [source secondaire souhaitée] , [ 49 ] [source secondaire souhaitée]",VOTE_CONSEIL,VERIFY_AMBASSADEURS,Élimination décidée par vote au Conseil.,https://kohlanta.fandom.com/fr/wiki/Koh-Lanta_%3A_Les_4_Terres,Sébastien est éliminé au Conseil.,,,,,,NOT_STARTED,,VOTE_CONSEIL | MEDICAL | ELIMINATION_CHALLENGE | AMBASSADEURS | DESTINS_LIES | FINALE_ORIENTATION | FINALE_POTEAUX | JURY_FINAL_DECISION | VOLUNTARY | DISCIPLINARY_EXPULSION
KL32::marie-france,KL32,Koh-Lanta : Les 4 Terres,Marie-France,10.0,1,"Éliminée [ 50 ] [source secondaire souhaitée] , [ 51 ] [source secondaire souhaitée] , [ 52 ] [source secondaire souhaitée]",VOTE_CONSEIL,VERIFY_AMBASSADEURS,Première sortie uniquement : élimination décidée par vote au Conseil.,https://kohlanta.fandom.com/fr/wiki/Koh-Lanta_%3A_Les_4_Terres,"Marie-France est d'abord éliminée au Conseil, puis revient après l'abandon médical de François et est ensuite éliminée aux ambassadeurs ; seule sa première sortie est retenue.",,,,,,NOT_STARTED,,VOTE_CONSEIL | MEDICAL | ELIMINATION_CHALLENGE | AMBASSADEURS | DESTINS_LIES | FINALE_ORIENTATION | FINALE_POTEAUX | JURY_FINAL_DECISION | VOLUNTARY | DISCIPLINARY_EXPULSION
KL32::hadja,KL32,Koh-Lanta : Les 4 Terres,Hadja,11.0,1,"Éliminée [ 53 ] [source secondaire souhaitée] , [ 54 ] [source secondaire souhaitée] , [ 55 ] [source secondaire souhaitée] , [ 56 ] [source secondaire souhaitée]",VOTE_CONSEIL,VERIFY_AMBASSADEURS,Élimination décidée par vote au Conseil.,https://kohlanta.fandom.com/fr/wiki/Koh-Lanta_%3A_Les_4_Terres,Hadja est éliminée au Conseil après la réunification.,,,,,,NOT_STARTED,,VOTE_CONSEIL | MEDICAL | ELIMINATION_CHALLENGE | AMBASSADEURS | DESTINS_LIES | FINALE_ORIENTATION | FINALE_POTEAUX | JURY_FINAL_DECISION | VOLUNTARY | DISCIPLINARY_EXPULSION
KL32::bertrand-kamal († décédé avant la finale),KL32,Koh-Lanta : Les 4 Terres,Bertrand-Kamal († décédé avant la finale),12.0,1,"Éliminé [ 57 ] , [ 58 ] , [ 59 ] , [ 60 ]",ELIMINATION_CHALLENGE,VERIFY_AMBASSADEURS,Élimination directe après une épreuve à enjeu éliminatoire.,https://survivor.fandom.com/wiki/Koh-Lanta%3A_Les_4_Terres,Bertrand-Kamal termine dernier d'une épreuve d'immunité à élimination directe et quitte le jeu sans vote.,,,,,,NOT_STARTED,,VOTE_CONSEIL | MEDICAL | ELIMINATION_CHALLENGE | AMBASSADEURS | DESTINS_LIES | FINALE_ORIENTATION | FINALE_POTEAUX | JURY_FINAL_DECISION | VOLUNTARY | DISCIPLINARY_EXPULSION
KL32::joaquina,KL32,Koh-Lanta : Les 4 Terres,Joaquina,13.0,1,"Éliminée [ 61 ] [source secondaire souhaitée] , [ 62 ] [source secondaire souhaitée] , [ 63 ] [source secondaire souhaitée] , [ 64 ]",VOTE_CONSEIL,VERIFY_AMBASSADEURS,Élimination décidée par vote au Conseil.,https://survivor.fandom.com/wiki/Koh-Lanta%3A_Les_4_Terres,Joaquina est éliminée au Conseil au jour 26.,,,,,,NOT_STARTED,,VOTE_CONSEIL | MEDICAL | ELIMINATION_CHALLENGE | AMBASSADEURS | DESTINS_LIES | FINALE_ORIENTATION | FINALE_POTEAUX | JURY_FINAL_DECISION | VOLUNTARY | DISCIPLINARY_EXPULSION
KL32::jody,KL32,Koh-Lanta : Les 4 Terres,Jody,14.0,1,"Éliminée [ 65 ] [source secondaire souhaitée] , [ 66 ] [source secondaire souhaitée] , [ 67 ] [source secondaire souhaitée] , [ 68 ] [source secondaire souhaitée]",VOTE_CONSEIL,VERIFY_AMBASSADEURS,Élimination décidée par vote au Conseil.,https://survivor.fandom.com/wiki/Koh-Lanta%3A_Les_4_Terres,Jody est éliminée au Conseil au jour 29.,,,,,,NOT_STARTED,,VOTE_CONSEIL | MEDICAL | ELIMINATION_CHALLENGE | AMBASSADEURS | DESTINS_LIES | FINALE_ORIENTATION | FINALE_POTEAUX | JURY_FINAL_DECISION | VOLUNTARY | DISCIPLINARY_EXPULSION
KL32::laurent,KL32,Koh-Lanta : Les 4 Terres,Laurent,15.0,1,"Éliminé [ 69 ] [source secondaire souhaitée] , [ 70 ] [source secondaire souhaitée] , [ 71 ] [source secondaire souhaitée] , [ 72 ] [source secondaire souhaitée]",VOTE_CONSEIL,VERIFY_AMBASSADEURS,Élimination décidée par vote au Conseil.,https://survivor.fandom.com/wiki/Koh-Lanta%3A_Les_4_Terres,Laurent est éliminé au Conseil au jour 32.,,,,,,NOT_STARTED,,VOTE_CONSEIL | MEDICAL | ELIMINATION_CHALLENGE | AMBASSADEURS | DESTINS_LIES | FINALE_ORIENTATION | FINALE_POTEAUX | JURY_FINAL_DECISION | VOLUNTARY | DISCIPLINARY_EXPULSION
KL32::alix,KL32,Koh-Lanta : Les 4 Terres,Alix,16.0,1,"Éliminée [ 73 ] [source secondaire souhaitée] , [ 74 ] [source secondaire souhaitée] , [ 75 ] [source secondaire souhaitée] , [ 76 ] [source secondaire souhaitée]",DESTINS_LIES,VERIFY_AMBASSADEURS,Sortie entraînée par l'élimination du partenaire de binôme.,https://survivor.fandom.com/wiki/Koh-Lanta%3A_Les_4_Terres,Alix est éliminée parce qu'elle est le partenaire de Laurent pendant les destins liés.,,,,,,NOT_STARTED,,VOTE_CONSEIL | MEDICAL | ELIMINATION_CHALLENGE | AMBASSADEURS | DESTINS_LIES | FINALE_ORIENTATION | FINALE_POTEAUX | JURY_FINAL_DECISION | VOLUNTARY | DISCIPLINARY_EXPULSION
KL32::fabrice,KL32,Koh-Lanta : Les 4 Terres,Fabrice,17.0,1,"Éliminé [ 77 ] [source secondaire souhaitée] , [ 78 ] [source secondaire souhaitée] , [ 79 ] [source secondaire souhaitée] , [ 80 ] [source secondaire souhaitée]",ELIMINATION_CHALLENGE,VERIFY_AMBASSADEURS,Élimination directe après une épreuve à enjeu éliminatoire.,https://survivor.fandom.com/wiki/Koh-Lanta%3A_Les_4_Terres,Fabrice termine dernier d'une épreuve d'immunité à élimination directe au jour 35.,,,,,,NOT_STARTED,,VOTE_CONSEIL | MEDICAL | ELIMINATION_CHALLENGE | AMBASSADEURS | DESTINS_LIES | FINALE_ORIENTATION | FINALE_POTEAUX | JURY_FINAL_DECISION | VOLUNTARY | DISCIPLINARY_EXPULSION
KL32::ava,KL32,Koh-Lanta : Les 4 Terres,Ava,18.0,1,"Éliminée [ 81 ] [source secondaire souhaitée] , [ 82 ] [source secondaire souhaitée] , [ 83 ] [source secondaire souhaitée] , [ 84 ] [source secondaire souhaitée]",VOTE_CONSEIL,VERIFY_AMBASSADEURS,Élimination décidée par vote au Conseil.,https://survivor.fandom.com/wiki/Koh-Lanta%3A_Les_4_Terres,Ava est éliminée au Conseil au jour 35.,,,,,,NOT_STARTED,,VOTE_CONSEIL | MEDICAL | ELIMINATION_CHALLENGE | AMBASSADEURS | DESTINS_LIES | FINALE_ORIENTATION | FINALE_POTEAUX | JURY_FINAL_DECISION | VOLUNTARY | DISCIPLINARY_EXPULSION
KL32::angélique,KL32,Koh-Lanta : Les 4 Terres,Angélique,19.0,1,"Éliminée [ 85 ] [source secondaire souhaitée] , [ 86 ] [source secondaire souhaitée] , [ 87 ] [source secondaire souhaitée] , [ 88 ] [source secondaire souhaitée]",VOTE_CONSEIL,VERIFY_AMBASSADEURS,Élimination décidée par vote au Conseil.,https://survivor.fandom.com/wiki/Koh-Lanta%3A_Les_4_Terres,Angélique est éliminée au Conseil au jour 38.,,,,,,NOT_STARTED,,VOTE_CONSEIL | MEDICAL | ELIMINATION_CHALLENGE | AMBASSADEURS | DESTINS_LIES | FINALE_ORIENTATION | FINALE_POTEAUX | JURY_FINAL_DECISION | VOLUNTARY | DISCIPLINARY_EXPULSION
KL32::dorian,KL32,Koh-Lanta : Les 4 Terres,Dorian,20.0,1,"Éliminé [ 89 ] [source secondaire souhaitée] , [ 90 ] [source secondaire souhaitée] , [ 91 ] [source secondaire souhaitée] , [ 92 ] [source secondaire souhaitée]",FINALE_ORIENTATION,VERIFY_AMBASSADEURS,Élimination pendant l'épreuve finale d'orientation.,https://survivor.fandom.com/wiki/Koh-Lanta%3A_Les_4_Terres,Dorian termine parmi les deux derniers de l'épreuve finale d'orientation et est éliminé.,,,,,,NOT_STARTED,,VOTE_CONSEIL | MEDICAL | ELIMINATION_CHALLENGE | AMBASSADEURS | DESTINS_LIES | FINALE_ORIENTATION | FINALE_POTEAUX | JURY_FINAL_DECISION | VOLUNTARY | DISCIPLINARY_EXPULSION
KL32::lola,KL32,Koh-Lanta : Les 4 Terres,Lola,21.0,1,"Éliminée [ 93 ] [source secondaire souhaitée] , [ 94 ] [source secondaire souhaitée] , [ 95 ] [source secondaire souhaitée] , [ 96 ] [source secondaire souhaitée]",FINALE_ORIENTATION,VERIFY_AMBASSADEURS,Élimination pendant l'épreuve finale d'orientation.,https://survivor.fandom.com/wiki/Koh-Lanta%3A_Les_4_Terres,Lola termine parmi les deux dernières de l'épreuve finale d'orientation et est éliminée.,,,,,,NOT_STARTED,,VOTE_CONSEIL | MEDICAL | ELIMINATION_CHALLENGE | AMBASSADEURS | DESTINS_LIES | FINALE_ORIENTATION | FINALE_POTEAUX | JURY_FINAL_DECISION | VOLUNTARY | DISCIPLINARY_EXPULSION
KL32::loïc,KL32,Koh-Lanta : Les 4 Terres,Loïc,22.0,1,"Éliminé [ 97 ] [source secondaire souhaitée] , [ 98 ] [source secondaire souhaitée] , [ 99 ] [source secondaire souhaitée] , [ 100 ] [source secondaire souhaitée]",FINALE_POTEAUX,VERIFY_AMBASSADEURS,Élimination liée à l'épreuve finale des poteaux et au choix du vainqueur.,https://survivor.fandom.com/wiki/Koh-Lanta%3A_Les_4_Terres,"Après l'épreuve finale, Brice choisit Alexandra pour le jury final ; Loïc est donc éliminé.",,,,,,NOT_STARTED,,VOTE_CONSEIL | MEDICAL | ELIMINATION_CHALLENGE | AMBASSADEURS | DESTINS_LIES | FINALE_ORIENTATION | FINALE_POTEAUX | JURY_FINAL_DECISION | VOLUNTARY | DISCIPLINARY_EXPULSION
KL32::brice,KL32,Koh-Lanta : Les 4 Terres,Brice,23.0,1,"Finaliste [ 101 ] [source secondaire souhaitée] , [ 102 ] [source secondaire souhaitée] , [ 103 ] [source secondaire souhaitée]",JURY_FINAL_DECISION,VERIFY_AMBASSADEURS,Le candidat atteint le jury final mais perd la décision finale des jurés. Cette sortie est distincte de l'orientation et des poteaux.,,,,,,,,NOT_STARTED,,VOTE_CONSEIL | MEDICAL | ELIMINATION_CHALLENGE | AMBASSADEURS | DESTINS_LIES | FINALE_ORIENTATION | FINALE_POTEAUX | JURY_FINAL_DECISION | VOLUNTARY | DISCIPLINARY_EXPULSION
KL32::alexandra,KL32,Koh-Lanta : Les 4 Terres,Alexandra,24.0,0,"Vainqueur [ 104 ] [source secondaire souhaitée] , [ 105 ] [source secondaire souhaitée] , [ 106 ] [source secondaire souhaitée] , [ 107 ] [source secondaire souhaitée]",CENSORED_WINNER,VERIFY_AMBASSADEURS,,,,,,,,,NOT_STARTED,,VOTE_CONSEIL | MEDICAL | ELIMINATION_CHALLENGE | AMBASSADEURS | DESTINS_LIES | FINALE_ORIENTATION | FINALE_POTEAUX | JURY_FINAL_DECISION | VOLUNTARY | DISCIPLINARY_EXPULSION
