candidate_season_key,season_id,season_name,candidate_name,normalized_rank,normalized_exit_rank,at_risk,exits_at_rank,exit_cause_at_rank,gender_male,gender_label,physical_score,physical_label,age_band,age_label
KL03::alexandra denikine,KL03,Koh-Lanta : Bocas del Toro,Alexandra Denikine,1,1,1,1,MEDICAL,0,Femme,0.0,Profil non physique,26-33,26–33 ans
KL03::candice cohen,KL03,Koh-Lanta : Bocas del Toro,Candice Cohen,1,2,1,0,,0,Femme,0.0,Profil non physique,18-25,18–25 ans
KL03::candice cohen,KL03,Koh-Lanta : Bocas del Toro,Candice Cohen,2,2,1,1,VOLUNTARY,0,Femme,0.0,Profil non physique,18-25,18–25 ans
KL03::michel jeandel,KL03,Koh-Lanta : Bocas del Toro,Michel Jeandel,1,3,1,0,,1,Homme,1.0,Profil physique,34-41,34–41 ans
KL03::michel jeandel,KL03,Koh-Lanta : Bocas del Toro,Michel Jeandel,2,3,1,0,,1,Homme,1.0,Profil physique,34-41,34–41 ans
KL03::michel jeandel,KL03,Koh-Lanta : Bocas del Toro,Michel Jeandel,3,3,1,1,MEDICAL,1,Homme,1.0,Profil physique,34-41,34–41 ans
KL03::sophie guilloix,KL03,Koh-Lanta : Bocas del Toro,Sophie Guilloix,1,4,1,0,,0,Femme,0.0,Profil non physique,34-41,34–41 ans
KL03::sophie guilloix,KL03,Koh-Lanta : Bocas del Toro,Sophie Guilloix,2,4,1,0,,0,Femme,0.0,Profil non physique,34-41,34–41 ans
KL03::sophie guilloix,KL03,Koh-Lanta : Bocas del Toro,Sophie Guilloix,3,4,1,0,,0,Femme,0.0,Profil non physique,34-41,34–41 ans
KL03::sophie guilloix,KL03,Koh-Lanta : Bocas del Toro,Sophie Guilloix,4,4,1,1,VOTE_CONSEIL,0,Femme,0.0,Profil non physique,34-41,34–41 ans
KL03::julie bourdon,KL03,Koh-Lanta : Bocas del Toro,Julie Bourdon,1,5,1,0,,0,Femme,0.0,Profil non physique,18-25,18–25 ans
KL03::julie bourdon,KL03,Koh-Lanta : Bocas del Toro,Julie Bourdon,2,5,1,0,,0,Femme,0.0,Profil non physique,18-25,18–25 ans
KL03::julie bourdon,KL03,Koh-Lanta : Bocas del Toro,Julie Bourdon,3,5,1,0,,0,Femme,0.0,Profil non physique,18-25,18–25 ans
KL03::julie bourdon,KL03,Koh-Lanta : Bocas del Toro,Julie Bourdon,4,5,1,0,,0,Femme,0.0,Profil non physique,18-25,18–25 ans
KL03::julie bourdon,KL03,Koh-Lanta : Bocas del Toro,Julie Bourdon,5,5,1,1,MEDICAL,0,Femme,0.0,Profil non physique,18-25,18–25 ans
KL03::linda delamarre,KL03,Koh-Lanta : Bocas del Toro,Linda Delamarre,1,7,1,0,,0,Femme,0.0,Profil non physique,18-25,18–25 ans
KL03::linda delamarre,KL03,Koh-Lanta : Bocas del Toro,Linda Delamarre,2,7,1,0,,0,Femme,0.0,Profil non physique,18-25,18–25 ans
KL03::linda delamarre,KL03,Koh-Lanta : Bocas del Toro,Linda Delamarre,3,7,1,0,,0,Femme,0.0,Profil non physique,18-25,18–25 ans
KL03::linda delamarre,KL03,Koh-Lanta : Bocas del Toro,Linda Delamarre,4,7,1,0,,0,Femme,0.0,Profil non physique,18-25,18–25 ans
KL03::linda delamarre,KL03,Koh-Lanta : Bocas del Toro,Linda Delamarre,5,7,1,0,,0,Femme,0.0,Profil non physique,18-25,18–25 ans
KL03::linda delamarre,KL03,Koh-Lanta : Bocas del Toro,Linda Delamarre,6,7,1,0,,0,Femme,0.0,Profil non physique,18-25,18–25 ans
KL03::linda delamarre,KL03,Koh-Lanta : Bocas del Toro,Linda Delamarre,7,7,1,1,VOTE_CONSEIL,0,Femme,0.0,Profil non physique,18-25,18–25 ans
KL03::philippe huquet,KL03,Koh-Lanta : Bocas del Toro,Philippe Huquet,1,8,1,0,,1,Homme,0.0,Profil non physique,42+,42 ans et plus
KL03::philippe huquet,KL03,Koh-Lanta : Bocas del Toro,Philippe Huquet,2,8,1,0,,1,Homme,0.0,Profil non physique,42+,42 ans et plus
KL03::philippe huquet,KL03,Koh-Lanta : Bocas del Toro,Philippe Huquet,3,8,1,0,,1,Homme,0.0,Profil non physique,42+,42 ans et plus
KL03::philippe huquet,KL03,Koh-Lanta : Bocas del Toro,Philippe Huquet,4,8,1,0,,1,Homme,0.0,Profil non physique,42+,42 ans et plus
KL03::philippe huquet,KL03,Koh-Lanta : Bocas del Toro,Philippe Huquet,5,8,1,0,,1,Homme,0.0,Profil non physique,42+,42 ans et plus
KL03::philippe huquet,KL03,Koh-Lanta : Bocas del Toro,Philippe Huquet,6,8,1,0,,1,Homme,0.0,Profil non physique,42+,42 ans et plus
KL03::philippe huquet,KL03,Koh-Lanta : Bocas del Toro,Philippe Huquet,7,8,1,0,,1,Homme,0.0,Profil non physique,42+,42 ans et plus
KL03::philippe huquet,KL03,Koh-Lanta : Bocas del Toro,Philippe Huquet,8,8,1,1,MEDICAL,1,Homme,0.0,Profil non physique,42+,42 ans et plus
KL03::alexandre bérard,KL03,Koh-Lanta : Bocas del Toro,Alexandre Bérard,1,9,1,0,,1,Homme,0.0,Profil non physique,18-25,18–25 ans
KL03::alexandre bérard,KL03,Koh-Lanta : Bocas del Toro,Alexandre Bérard,2,9,1,0,,1,Homme,0.0,Profil non physique,18-25,18–25 ans
KL03::alexandre bérard,KL03,Koh-Lanta : Bocas del Toro,Alexandre Bérard,3,9,1,0,,1,Homme,0.0,Profil non physique,18-25,18–25 ans
KL03::alexandre bérard,KL03,Koh-Lanta : Bocas del Toro,Alexandre Bérard,4,9,1,0,,1,Homme,0.0,Profil non physique,18-25,18–25 ans
KL03::alexandre bérard,KL03,Koh-Lanta : Bocas del Toro,Alexandre Bérard,5,9,1,0,,1,Homme,0.0,Profil non physique,18-25,18–25 ans
KL03::alexandre bérard,KL03,Koh-Lanta : Bocas del Toro,Alexandre Bérard,6,9,1,0,,1,Homme,0.0,Profil non physique,18-25,18–25 ans
KL03::alexandre bérard,KL03,Koh-Lanta : Bocas del Toro,Alexandre Bérard,7,9,1,0,,1,Homme,0.0,Profil non physique,18-25,18–25 ans
KL03::alexandre bérard,KL03,Koh-Lanta : Bocas del Toro,Alexandre Bérard,8,9,1,0,,1,Homme,0.0,Profil non physique,18-25,18–25 ans
KL03::alexandre bérard,KL03,Koh-Lanta : Bocas del Toro,Alexandre Bérard,9,9,1,1,VOTE_CONSEIL,1,Homme,0.0,Profil non physique,18-25,18–25 ans
KL03::richard lecourt,KL03,Koh-Lanta : Bocas del Toro,Richard Lecourt,1,10,1,0,,1,Homme,0.0,Profil non physique,26-33,26–33 ans
KL03::richard lecourt,KL03,Koh-Lanta : Bocas del Toro,Richard Lecourt,2,10,1,0,,1,Homme,0.0,Profil non physique,26-33,26–33 ans
KL03::richard lecourt,KL03,Koh-Lanta : Bocas del Toro,Richard Lecourt,3,10,1,0,,1,Homme,0.0,Profil non physique,26-33,26–33 ans
KL03::richard lecourt,KL03,Koh-Lanta : Bocas del Toro,Richard Lecourt,4,10,1,0,,1,Homme,0.0,Profil non physique,26-33,26–33 ans
KL03::richard lecourt,KL03,Koh-Lanta : Bocas del Toro,Richard Lecourt,5,10,1,0,,1,Homme,0.0,Profil non physique,26-33,26–33 ans
KL03::richard lecourt,KL03,Koh-Lanta : Bocas del Toro,Richard Lecourt,6,10,1,0,,1,Homme,0.0,Profil non physique,26-33,26–33 ans
KL03::richard lecourt,KL03,Koh-Lanta : Bocas del Toro,Richard Lecourt,7,10,1,0,,1,Homme,0.0,Profil non physique,26-33,26–33 ans
KL03::richard lecourt,KL03,Koh-Lanta : Bocas del Toro,Richard Lecourt,8,10,1,0,,1,Homme,0.0,Profil non physique,26-33,26–33 ans
KL03::richard lecourt,KL03,Koh-Lanta : Bocas del Toro,Richard Lecourt,9,10,1,0,,1,Homme,0.0,Profil non physique,26-33,26–33 ans
KL03::richard lecourt,KL03,Koh-Lanta : Bocas del Toro,Richard Lecourt,10,10,1,1,VOTE_CONSEIL,1,Homme,0.0,Profil non physique,26-33,26–33 ans
KL03::sylvie rivoal,KL03,Koh-Lanta : Bocas del Toro,Sylvie Rivoal,1,11,1,0,,0,Femme,0.0,Profil non physique,26-33,26–33 ans
KL03::sylvie rivoal,KL03,Koh-Lanta : Bocas del Toro,Sylvie Rivoal,2,11,1,0,,0,Femme,0.0,Profil non physique,26-33,26–33 ans
KL03::sylvie rivoal,KL03,Koh-Lanta : Bocas del Toro,Sylvie Rivoal,3,11,1,0,,0,Femme,0.0,Profil non physique,26-33,26–33 ans
KL03::sylvie rivoal,KL03,Koh-Lanta : Bocas del Toro,Sylvie Rivoal,4,11,1,0,,0,Femme,0.0,Profil non physique,26-33,26–33 ans
KL03::sylvie rivoal,KL03,Koh-Lanta : Bocas del Toro,Sylvie Rivoal,5,11,1,0,,0,Femme,0.0,Profil non physique,26-33,26–33 ans
KL03::sylvie rivoal,KL03,Koh-Lanta : Bocas del Toro,Sylvie Rivoal,6,11,1,0,,0,Femme,0.0,Profil non physique,26-33,26–33 ans
KL03::sylvie rivoal,KL03,Koh-Lanta : Bocas del Toro,Sylvie Rivoal,7,11,1,0,,0,Femme,0.0,Profil non physique,26-33,26–33 ans
KL03::sylvie rivoal,KL03,Koh-Lanta : Bocas del Toro,Sylvie Rivoal,8,11,1,0,,0,Femme,0.0,Profil non physique,26-33,26–33 ans
KL03::sylvie rivoal,KL03,Koh-Lanta : Bocas del Toro,Sylvie Rivoal,9,11,1,0,,0,Femme,0.0,Profil non physique,26-33,26–33 ans
KL03::sylvie rivoal,KL03,Koh-Lanta : Bocas del Toro,Sylvie Rivoal,10,11,1,0,,0,Femme,0.0,Profil non physique,26-33,26–33 ans
KL03::sylvie rivoal,KL03,Koh-Lanta : Bocas del Toro,Sylvie Rivoal,11,11,1,1,VOTE_CONSEIL,0,Femme,0.0,Profil non physique,26-33,26–33 ans
KL03::sébastien loew,KL03,Koh-Lanta : Bocas del Toro,Sébastien Loew,1,12,1,0,,1,Homme,0.0,Profil non physique,26-33,26–33 ans
KL03::sébastien loew,KL03,Koh-Lanta : Bocas del Toro,Sébastien Loew,2,12,1,0,,1,Homme,0.0,Profil non physique,26-33,26–33 ans
KL03::sébastien loew,KL03,Koh-Lanta : Bocas del Toro,Sébastien Loew,3,12,1,0,,1,Homme,0.0,Profil non physique,26-33,26–33 ans
KL03::sébastien loew,KL03,Koh-Lanta : Bocas del Toro,Sébastien Loew,4,12,1,0,,1,Homme,0.0,Profil non physique,26-33,26–33 ans
KL03::sébastien loew,KL03,Koh-Lanta : Bocas del Toro,Sébastien Loew,5,12,1,0,,1,Homme,0.0,Profil non physique,26-33,26–33 ans
KL03::sébastien loew,KL03,Koh-Lanta : Bocas del Toro,Sébastien Loew,6,12,1,0,,1,Homme,0.0,Profil non physique,26-33,26–33 ans
KL03::sébastien loew,KL03,Koh-Lanta : Bocas del Toro,Sébastien Loew,7,12,1,0,,1,Homme,0.0,Profil non physique,26-33,26–33 ans
KL03::sébastien loew,KL03,Koh-Lanta : Bocas del Toro,Sébastien Loew,8,12,1,0,,1,Homme,0.0,Profil non physique,26-33,26–33 ans
KL03::sébastien loew,KL03,Koh-Lanta : Bocas del Toro,Sébastien Loew,9,12,1,0,,1,Homme,0.0,Profil non physique,26-33,26–33 ans
KL03::sébastien loew,KL03,Koh-Lanta : Bocas del Toro,Sébastien Loew,10,12,1,0,,1,Homme,0.0,Profil non physique,26-33,26–33 ans
KL03::sébastien loew,KL03,Koh-Lanta : Bocas del Toro,Sébastien Loew,11,12,1,0,,1,Homme,0.0,Profil non physique,26-33,26–33 ans
KL03::sébastien loew,KL03,Koh-Lanta : Bocas del Toro,Sébastien Loew,12,12,1,1,VOTE_CONSEIL,1,Homme,0.0,Profil non physique,26-33,26–33 ans
KL03::valérie dot,KL03,Koh-Lanta : Bocas del Toro,Valérie Dot,1,13,1,0,,0,Femme,0.0,Profil non physique,26-33,26–33 ans
KL03::valérie dot,KL03,Koh-Lanta : Bocas del Toro,Valérie Dot,2,13,1,0,,0,Femme,0.0,Profil non physique,26-33,26–33 ans
KL03::valérie dot,KL03,Koh-Lanta : Bocas del Toro,Valérie Dot,3,13,1,0,,0,Femme,0.0,Profil non physique,26-33,26–33 ans
KL03::valérie dot,KL03,Koh-Lanta : Bocas del Toro,Valérie Dot,4,13,1,0,,0,Femme,0.0,Profil non physique,26-33,26–33 ans
KL03::valérie dot,KL03,Koh-Lanta : Bocas del Toro,Valérie Dot,5,13,1,0,,0,Femme,0.0,Profil non physique,26-33,26–33 ans
KL03::valérie dot,KL03,Koh-Lanta : Bocas del Toro,Valérie Dot,6,13,1,0,,0,Femme,0.0,Profil non physique,26-33,26–33 ans
KL03::valérie dot,KL03,Koh-Lanta : Bocas del Toro,Valérie Dot,7,13,1,0,,0,Femme,0.0,Profil non physique,26-33,26–33 ans
KL03::valérie dot,KL03,Koh-Lanta : Bocas del Toro,Valérie Dot,8,13,1,0,,0,Femme,0.0,Profil non physique,26-33,26–33 ans
KL03::valérie dot,KL03,Koh-Lanta : Bocas del Toro,Valérie Dot,9,13,1,0,,0,Femme,0.0,Profil non physique,26-33,26–33 ans
KL03::valérie dot,KL03,Koh-Lanta : Bocas del Toro,Valérie Dot,10,13,1,0,,0,Femme,0.0,Profil non physique,26-33,26–33 ans
KL03::valérie dot,KL03,Koh-Lanta : Bocas del Toro,Valérie Dot,11,13,1,0,,0,Femme,0.0,Profil non physique,26-33,26–33 ans
KL03::valérie dot,KL03,Koh-Lanta : Bocas del Toro,Valérie Dot,12,13,1,0,,0,Femme,0.0,Profil non physique,26-33,26–33 ans
KL03::valérie dot,KL03,Koh-Lanta : Bocas del Toro,Valérie Dot,13,13,1,1,VOTE_CONSEIL,0,Femme,0.0,Profil non physique,26-33,26–33 ans
KL03::hélène patry,KL03,Koh-Lanta : Bocas del Toro,Hélène Patry,1,14,1,0,,0,Femme,0.0,Profil non physique,26-33,26–33 ans
KL03::hélène patry,KL03,Koh-Lanta : Bocas del Toro,Hélène Patry,2,14,1,0,,0,Femme,0.0,Profil non physique,26-33,26–33 ans
KL03::hélène patry,KL03,Koh-Lanta : Bocas del Toro,Hélène Patry,3,14,1,0,,0,Femme,0.0,Profil non physique,26-33,26–33 ans
KL03::hélène patry,KL03,Koh-Lanta : Bocas del Toro,Hélène Patry,4,14,1,0,,0,Femme,0.0,Profil non physique,26-33,26–33 ans
KL03::hélène patry,KL03,Koh-Lanta : Bocas del Toro,Hélène Patry,5,14,1,0,,0,Femme,0.0,Profil non physique,26-33,26–33 ans
KL03::hélène patry,KL03,Koh-Lanta : Bocas del Toro,Hélène Patry,6,14,1,0,,0,Femme,0.0,Profil non physique,26-33,26–33 ans
KL03::hélène patry,KL03,Koh-Lanta : Bocas del Toro,Hélène Patry,7,14,1,0,,0,Femme,0.0,Profil non physique,26-33,26–33 ans
KL03::hélène patry,KL03,Koh-Lanta : Bocas del Toro,Hélène Patry,8,14,1,0,,0,Femme,0.0,Profil non physique,26-33,26–33 ans
KL03::hélène patry,KL03,Koh-Lanta : Bocas del Toro,Hélène Patry,9,14,1,0,,0,Femme,0.0,Profil non physique,26-33,26–33 ans
KL03::hélène patry,KL03,Koh-Lanta : Bocas del Toro,Hélène Patry,10,14,1,0,,0,Femme,0.0,Profil non physique,26-33,26–33 ans
KL03::hélène patry,KL03,Koh-Lanta : Bocas del Toro,Hélène Patry,11,14,1,0,,0,Femme,0.0,Profil non physique,26-33,26–33 ans
KL03::hélène patry,KL03,Koh-Lanta : Bocas del Toro,Hélène Patry,12,14,1,0,,0,Femme,0.0,Profil non physique,26-33,26–33 ans
KL03::hélène patry,KL03,Koh-Lanta : Bocas del Toro,Hélène Patry,13,14,1,0,,0,Femme,0.0,Profil non physique,26-33,26–33 ans
KL03::hélène patry,KL03,Koh-Lanta : Bocas del Toro,Hélène Patry,14,14,1,1,VOTE_CONSEIL,0,Femme,0.0,Profil non physique,26-33,26–33 ans
KL03::moundir zoughari,KL03,Koh-Lanta : Bocas del Toro,Moundir Zoughari,1,16,1,0,,1,Homme,1.0,Profil physique,26-33,26–33 ans
KL03::moundir zoughari,KL03,Koh-Lanta : Bocas del Toro,Moundir Zoughari,2,16,1,0,,1,Homme,1.0,Profil physique,26-33,26–33 ans
KL03::moundir zoughari,KL03,Koh-Lanta : Bocas del Toro,Moundir Zoughari,3,16,1,0,,1,Homme,1.0,Profil physique,26-33,26–33 ans
KL03::moundir zoughari,KL03,Koh-Lanta : Bocas del Toro,Moundir Zoughari,4,16,1,0,,1,Homme,1.0,Profil physique,26-33,26–33 ans
KL03::moundir zoughari,KL03,Koh-Lanta : Bocas del Toro,Moundir Zoughari,5,16,1,0,,1,Homme,1.0,Profil physique,26-33,26–33 ans
KL03::moundir zoughari,KL03,Koh-Lanta : Bocas del Toro,Moundir Zoughari,6,16,1,0,,1,Homme,1.0,Profil physique,26-33,26–33 ans
KL03::moundir zoughari,KL03,Koh-Lanta : Bocas del Toro,Moundir Zoughari,7,16,1,0,,1,Homme,1.0,Profil physique,26-33,26–33 ans
KL03::moundir zoughari,KL03,Koh-Lanta : Bocas del Toro,Moundir Zoughari,8,16,1,0,,1,Homme,1.0,Profil physique,26-33,26–33 ans
KL03::moundir zoughari,KL03,Koh-Lanta : Bocas del Toro,Moundir Zoughari,9,16,1,0,,1,Homme,1.0,Profil physique,26-33,26–33 ans
KL03::moundir zoughari,KL03,Koh-Lanta : Bocas del Toro,Moundir Zoughari,10,16,1,0,,1,Homme,1.0,Profil physique,26-33,26–33 ans
KL03::moundir zoughari,KL03,Koh-Lanta : Bocas del Toro,Moundir Zoughari,11,16,1,0,,1,Homme,1.0,Profil physique,26-33,26–33 ans
KL03::moundir zoughari,KL03,Koh-Lanta : Bocas del Toro,Moundir Zoughari,12,16,1,0,,1,Homme,1.0,Profil physique,26-33,26–33 ans
KL03::moundir zoughari,KL03,Koh-Lanta : Bocas del Toro,Moundir Zoughari,13,16,1,0,,1,Homme,1.0,Profil physique,26-33,26–33 ans
KL03::moundir zoughari,KL03,Koh-Lanta : Bocas del Toro,Moundir Zoughari,14,16,1,0,,1,Homme,1.0,Profil physique,26-33,26–33 ans
KL03::moundir zoughari,KL03,Koh-Lanta : Bocas del Toro,Moundir Zoughari,15,16,1,0,,1,Homme,1.0,Profil physique,26-33,26–33 ans
KL03::moundir zoughari,KL03,Koh-Lanta : Bocas del Toro,Moundir Zoughari,16,16,1,1,VOTE_CONSEIL,1,Homme,1.0,Profil physique,26-33,26–33 ans
KL03::antoine sanchez,KL03,Koh-Lanta : Bocas del Toro,Antoine Sanchez,1,17,1,0,,1,Homme,1.0,Profil physique,42+,42 ans et plus
KL03::antoine sanchez,KL03,Koh-Lanta : Bocas del Toro,Antoine Sanchez,2,17,1,0,,1,Homme,1.0,Profil physique,42+,42 ans et plus
KL03::antoine sanchez,KL03,Koh-Lanta : Bocas del Toro,Antoine Sanchez,3,17,1,0,,1,Homme,1.0,Profil physique,42+,42 ans et plus
KL03::antoine sanchez,KL03,Koh-Lanta : Bocas del Toro,Antoine Sanchez,4,17,1,0,,1,Homme,1.0,Profil physique,42+,42 ans et plus
KL03::antoine sanchez,KL03,Koh-Lanta : Bocas del Toro,Antoine Sanchez,5,17,1,0,,1,Homme,1.0,Profil physique,42+,42 ans et plus
KL03::antoine sanchez,KL03,Koh-Lanta : Bocas del Toro,Antoine Sanchez,6,17,1,0,,1,Homme,1.0,Profil physique,42+,42 ans et plus
KL03::antoine sanchez,KL03,Koh-Lanta : Bocas del Toro,Antoine Sanchez,7,17,1,0,,1,Homme,1.0,Profil physique,42+,42 ans et plus
KL03::antoine sanchez,KL03,Koh-Lanta : Bocas del Toro,Antoine Sanchez,8,17,1,0,,1,Homme,1.0,Profil physique,42+,42 ans et plus
KL03::antoine sanchez,KL03,Koh-Lanta : Bocas del Toro,Antoine Sanchez,9,17,1,0,,1,Homme,1.0,Profil physique,42+,42 ans et plus
KL03::antoine sanchez,KL03,Koh-Lanta : Bocas del Toro,Antoine Sanchez,10,17,1,0,,1,Homme,1.0,Profil physique,42+,42 ans et plus
KL03::antoine sanchez,KL03,Koh-Lanta : Bocas del Toro,Antoine Sanchez,11,17,1,0,,1,Homme,1.0,Profil physique,42+,42 ans et plus
KL03::antoine sanchez,KL03,Koh-Lanta : Bocas del Toro,Antoine Sanchez,12,17,1,0,,1,Homme,1.0,Profil physique,42+,42 ans et plus
KL03::antoine sanchez,KL03,Koh-Lanta : Bocas del Toro,Antoine Sanchez,13,17,1,0,,1,Homme,1.0,Profil physique,42+,42 ans et plus
KL03::antoine sanchez,KL03,Koh-Lanta : Bocas del Toro,Antoine Sanchez,14,17,1,0,,1,Homme,1.0,Profil physique,42+,42 ans et plus
KL03::antoine sanchez,KL03,Koh-Lanta : Bocas del Toro,Antoine Sanchez,15,17,1,0,,1,Homme,1.0,Profil physique,42+,42 ans et plus
KL03::antoine sanchez,KL03,Koh-Lanta : Bocas del Toro,Antoine Sanchez,16,17,1,0,,1,Homme,1.0,Profil physique,42+,42 ans et plus
KL03::antoine sanchez,KL03,Koh-Lanta : Bocas del Toro,Antoine Sanchez,17,17,1,1,FINALE_ORIENTATION,1,Homme,1.0,Profil physique,42+,42 ans et plus
KL03::moussa niangane,KL03,Koh-Lanta : Bocas del Toro,Moussa Niangane,1,18,1,0,,1,Homme,1.0,Profil physique,18-25,18–25 ans
KL03::moussa niangane,KL03,Koh-Lanta : Bocas del Toro,Moussa Niangane,2,18,1,0,,1,Homme,1.0,Profil physique,18-25,18–25 ans
KL03::moussa niangane,KL03,Koh-Lanta : Bocas del Toro,Moussa Niangane,3,18,1,0,,1,Homme,1.0,Profil physique,18-25,18–25 ans
KL03::moussa niangane,KL03,Koh-Lanta : Bocas del Toro,Moussa Niangane,4,18,1,0,,1,Homme,1.0,Profil physique,18-25,18–25 ans
KL03::moussa niangane,KL03,Koh-Lanta : Bocas del Toro,Moussa Niangane,5,18,1,0,,1,Homme,1.0,Profil physique,18-25,18–25 ans
KL03::moussa niangane,KL03,Koh-Lanta : Bocas del Toro,Moussa Niangane,6,18,1,0,,1,Homme,1.0,Profil physique,18-25,18–25 ans
KL03::moussa niangane,KL03,Koh-Lanta : Bocas del Toro,Moussa Niangane,7,18,1,0,,1,Homme,1.0,Profil physique,18-25,18–25 ans
KL03::moussa niangane,KL03,Koh-Lanta : Bocas del Toro,Moussa Niangane,8,18,1,0,,1,Homme,1.0,Profil physique,18-25,18–25 ans
KL03::moussa niangane,KL03,Koh-Lanta : Bocas del Toro,Moussa Niangane,9,18,1,0,,1,Homme,1.0,Profil physique,18-25,18–25 ans
KL03::moussa niangane,KL03,Koh-Lanta : Bocas del Toro,Moussa Niangane,10,18,1,0,,1,Homme,1.0,Profil physique,18-25,18–25 ans
KL03::moussa niangane,KL03,Koh-Lanta : Bocas del Toro,Moussa Niangane,11,18,1,0,,1,Homme,1.0,Profil physique,18-25,18–25 ans
KL03::moussa niangane,KL03,Koh-Lanta : Bocas del Toro,Moussa Niangane,12,18,1,0,,1,Homme,1.0,Profil physique,18-25,18–25 ans
KL03::moussa niangane,KL03,Koh-Lanta : Bocas del Toro,Moussa Niangane,13,18,1,0,,1,Homme,1.0,Profil physique,18-25,18–25 ans
KL03::moussa niangane,KL03,Koh-Lanta : Bocas del Toro,Moussa Niangane,14,18,1,0,,1,Homme,1.0,Profil physique,18-25,18–25 ans
KL03::moussa niangane,KL03,Koh-Lanta : Bocas del Toro,Moussa Niangane,15,18,1,0,,1,Homme,1.0,Profil physique,18-25,18–25 ans
KL03::moussa niangane,KL03,Koh-Lanta : Bocas del Toro,Moussa Niangane,16,18,1,0,,1,Homme,1.0,Profil physique,18-25,18–25 ans
KL03::moussa niangane,KL03,Koh-Lanta : Bocas del Toro,Moussa Niangane,17,18,1,0,,1,Homme,1.0,Profil physique,18-25,18–25 ans
KL03::moussa niangane,KL03,Koh-Lanta : Bocas del Toro,Moussa Niangane,18,18,1,1,FINALE_POTEAUX,1,Homme,1.0,Profil physique,18-25,18–25 ans
KL03::delphine bano,KL03,Koh-Lanta : Bocas del Toro,Delphine Bano,1,20,1,0,,0,Femme,0.0,Profil non physique,26-33,26–33 ans
KL03::delphine bano,KL03,Koh-Lanta : Bocas del Toro,Delphine Bano,2,20,1,0,,0,Femme,0.0,Profil non physique,26-33,26–33 ans
KL03::delphine bano,KL03,Koh-Lanta : Bocas del Toro,Delphine Bano,3,20,1,0,,0,Femme,0.0,Profil non physique,26-33,26–33 ans
KL03::delphine bano,KL03,Koh-Lanta : Bocas del Toro,Delphine Bano,4,20,1,0,,0,Femme,0.0,Profil non physique,26-33,26–33 ans
KL03::delphine bano,KL03,Koh-Lanta : Bocas del Toro,Delphine Bano,5,20,1,0,,0,Femme,0.0,Profil non physique,26-33,26–33 ans
KL03::delphine bano,KL03,Koh-Lanta : Bocas del Toro,Delphine Bano,6,20,1,0,,0,Femme,0.0,Profil non physique,26-33,26–33 ans
KL03::delphine bano,KL03,Koh-Lanta : Bocas del Toro,Delphine Bano,7,20,1,0,,0,Femme,0.0,Profil non physique,26-33,26–33 ans
KL03::delphine bano,KL03,Koh-Lanta : Bocas del Toro,Delphine Bano,8,20,1,0,,0,Femme,0.0,Profil non physique,26-33,26–33 ans
KL03::delphine bano,KL03,Koh-Lanta : Bocas del Toro,Delphine Bano,9,20,1,0,,0,Femme,0.0,Profil non physique,26-33,26–33 ans
KL03::delphine bano,KL03,Koh-Lanta : Bocas del Toro,Delphine Bano,10,20,1,0,,0,Femme,0.0,Profil non physique,26-33,26–33 ans
KL03::delphine bano,KL03,Koh-Lanta : Bocas del Toro,Delphine Bano,11,20,1,0,,0,Femme,0.0,Profil non physique,26-33,26–33 ans
KL03::delphine bano,KL03,Koh-Lanta : Bocas del Toro,Delphine Bano,12,20,1,0,,0,Femme,0.0,Profil non physique,26-33,26–33 ans
KL03::delphine bano,KL03,Koh-Lanta : Bocas del Toro,Delphine Bano,13,20,1,0,,0,Femme,0.0,Profil non physique,26-33,26–33 ans
KL03::delphine bano,KL03,Koh-Lanta : Bocas del Toro,Delphine Bano,14,20,1,0,,0,Femme,0.0,Profil non physique,26-33,26–33 ans
KL03::delphine bano,KL03,Koh-Lanta : Bocas del Toro,Delphine Bano,15,20,1,0,,0,Femme,0.0,Profil non physique,26-33,26–33 ans
KL03::delphine bano,KL03,Koh-Lanta : Bocas del Toro,Delphine Bano,16,20,1,0,,0,Femme,0.0,Profil non physique,26-33,26–33 ans
KL03::delphine bano,KL03,Koh-Lanta : Bocas del Toro,Delphine Bano,17,20,1,0,,0,Femme,0.0,Profil non physique,26-33,26–33 ans
KL03::delphine bano,KL03,Koh-Lanta : Bocas del Toro,Delphine Bano,18,20,1,0,,0,Femme,0.0,Profil non physique,26-33,26–33 ans
KL03::delphine bano,KL03,Koh-Lanta : Bocas del Toro,Delphine Bano,19,20,1,0,,0,Femme,0.0,Profil non physique,26-33,26–33 ans
KL03::delphine bano,KL03,Koh-Lanta : Bocas del Toro,Delphine Bano,20,20,1,0,,0,Femme,0.0,Profil non physique,26-33,26–33 ans
KL03::isabelle seguin,KL03,Koh-Lanta : Bocas del Toro,Isabelle Seguin,1,20,1,0,,0,Femme,0.0,Profil non physique,34-41,34–41 ans
KL03::isabelle seguin,KL03,Koh-Lanta : Bocas del Toro,Isabelle Seguin,2,20,1,0,,0,Femme,0.0,Profil non physique,34-41,34–41 ans
KL03::isabelle seguin,KL03,Koh-Lanta : Bocas del Toro,Isabelle Seguin,3,20,1,0,,0,Femme,0.0,Profil non physique,34-41,34–41 ans
KL03::isabelle seguin,KL03,Koh-Lanta : Bocas del Toro,Isabelle Seguin,4,20,1,0,,0,Femme,0.0,Profil non physique,34-41,34–41 ans
KL03::isabelle seguin,KL03,Koh-Lanta : Bocas del Toro,Isabelle Seguin,5,20,1,0,,0,Femme,0.0,Profil non physique,34-41,34–41 ans
KL03::isabelle seguin,KL03,Koh-Lanta : Bocas del Toro,Isabelle Seguin,6,20,1,0,,0,Femme,0.0,Profil non physique,34-41,34–41 ans
KL03::isabelle seguin,KL03,Koh-Lanta : Bocas del Toro,Isabelle Seguin,7,20,1,0,,0,Femme,0.0,Profil non physique,34-41,34–41 ans
KL03::isabelle seguin,KL03,Koh-Lanta : Bocas del Toro,Isabelle Seguin,8,20,1,0,,0,Femme,0.0,Profil non physique,34-41,34–41 ans
KL03::isabelle seguin,KL03,Koh-Lanta : Bocas del Toro,Isabelle Seguin,9,20,1,0,,0,Femme,0.0,Profil non physique,34-41,34–41 ans
KL03::isabelle seguin,KL03,Koh-Lanta : Bocas del Toro,Isabelle Seguin,10,20,1,0,,0,Femme,0.0,Profil non physique,34-41,34–41 ans
KL03::isabelle seguin,KL03,Koh-Lanta : Bocas del Toro,Isabelle Seguin,11,20,1,0,,0,Femme,0.0,Profil non physique,34-41,34–41 ans
KL03::isabelle seguin,KL03,Koh-Lanta : Bocas del Toro,Isabelle Seguin,12,20,1,0,,0,Femme,0.0,Profil non physique,34-41,34–41 ans
KL03::isabelle seguin,KL03,Koh-Lanta : Bocas del Toro,Isabelle Seguin,13,20,1,0,,0,Femme,0.0,Profil non physique,34-41,34–41 ans
KL03::isabelle seguin,KL03,Koh-Lanta : Bocas del Toro,Isabelle Seguin,14,20,1,0,,0,Femme,0.0,Profil non physique,34-41,34–41 ans
KL03::isabelle seguin,KL03,Koh-Lanta : Bocas del Toro,Isabelle Seguin,15,20,1,0,,0,Femme,0.0,Profil non physique,34-41,34–41 ans
KL03::isabelle seguin,KL03,Koh-Lanta : Bocas del Toro,Isabelle Seguin,16,20,1,0,,0,Femme,0.0,Profil non physique,34-41,34–41 ans
KL03::isabelle seguin,KL03,Koh-Lanta : Bocas del Toro,Isabelle Seguin,17,20,1,0,,0,Femme,0.0,Profil non physique,34-41,34–41 ans
KL03::isabelle seguin,KL03,Koh-Lanta : Bocas del Toro,Isabelle Seguin,18,20,1,0,,0,Femme,0.0,Profil non physique,34-41,34–41 ans
KL03::isabelle seguin,KL03,Koh-Lanta : Bocas del Toro,Isabelle Seguin,19,20,1,0,,0,Femme,0.0,Profil non physique,34-41,34–41 ans
KL03::isabelle seguin,KL03,Koh-Lanta : Bocas del Toro,Isabelle Seguin,20,20,1,0,,0,Femme,0.0,Profil non physique,34-41,34–41 ans
KL08::valérie,KL08,KL KL08,Valérie,1,1,1,1,VOLUNTARY,0,Femme,0.0,Profil non physique,34-41,34–41 ans
KL08::céga,KL08,KL KL08,Céga,1,2,1,0,,1,Homme,0.0,Profil non physique,42+,42 ans et plus
KL08::céga,KL08,KL KL08,Céga,2,2,1,1,MEDICAL,1,Homme,0.0,Profil non physique,42+,42 ans et plus
KL08::irya,KL08,KL KL08,Irya,1,3,1,0,,0,Femme,0.0,Profil non physique,18-25,18–25 ans
KL08::irya,KL08,KL KL08,Irya,2,3,1,0,,0,Femme,0.0,Profil non physique,18-25,18–25 ans
KL08::irya,KL08,KL KL08,Irya,3,3,1,1,VOTE_CONSEIL,0,Femme,0.0,Profil non physique,18-25,18–25 ans
KL08::morgane,KL08,KL KL08,Morgane,1,5,1,0,,0,Femme,0.0,Profil non physique,18-25,18–25 ans
KL08::morgane,KL08,KL KL08,Morgane,2,5,1,0,,0,Femme,0.0,Profil non physique,18-25,18–25 ans
KL08::morgane,KL08,KL KL08,Morgane,3,5,1,0,,0,Femme,0.0,Profil non physique,18-25,18–25 ans
KL08::morgane,KL08,KL KL08,Morgane,4,5,1,0,,0,Femme,0.0,Profil non physique,18-25,18–25 ans
KL08::morgane,KL08,KL KL08,Morgane,5,5,1,1,VOTE_CONSEIL,0,Femme,0.0,Profil non physique,18-25,18–25 ans
KL08::jessica,KL08,KL KL08,Jessica,1,6,1,0,,0,Femme,0.0,Profil non physique,26-33,26–33 ans
KL08::jessica,KL08,KL KL08,Jessica,2,6,1,0,,0,Femme,0.0,Profil non physique,26-33,26–33 ans
KL08::jessica,KL08,KL KL08,Jessica,3,6,1,0,,0,Femme,0.0,Profil non physique,26-33,26–33 ans
KL08::jessica,KL08,KL KL08,Jessica,4,6,1,0,,0,Femme,0.0,Profil non physique,26-33,26–33 ans
KL08::jessica,KL08,KL KL08,Jessica,5,6,1,0,,0,Femme,0.0,Profil non physique,26-33,26–33 ans
KL08::jessica,KL08,KL KL08,Jessica,6,6,1,1,VOTE_CONSEIL,0,Femme,0.0,Profil non physique,26-33,26–33 ans
KL08::alain,KL08,KL KL08,Alain,1,7,1,0,,1,Homme,0.0,Profil non physique,18-25,18–25 ans
KL08::alain,KL08,KL KL08,Alain,2,7,1,0,,1,Homme,0.0,Profil non physique,18-25,18–25 ans
KL08::alain,KL08,KL KL08,Alain,3,7,1,0,,1,Homme,0.0,Profil non physique,18-25,18–25 ans
KL08::alain,KL08,KL KL08,Alain,4,7,1,0,,1,Homme,0.0,Profil non physique,18-25,18–25 ans
KL08::alain,KL08,KL KL08,Alain,5,7,1,0,,1,Homme,0.0,Profil non physique,18-25,18–25 ans
KL08::alain,KL08,KL KL08,Alain,6,7,1,0,,1,Homme,0.0,Profil non physique,18-25,18–25 ans
KL08::alain,KL08,KL KL08,Alain,7,7,1,1,VOTE_CONSEIL,1,Homme,0.0,Profil non physique,18-25,18–25 ans
KL08::jean-bernard,KL08,KL KL08,Jean-Bernard,1,8,1,0,,1,Homme,0.0,Profil non physique,34-41,34–41 ans
KL08::jean-bernard,KL08,KL KL08,Jean-Bernard,2,8,1,0,,1,Homme,0.0,Profil non physique,34-41,34–41 ans
KL08::jean-bernard,KL08,KL KL08,Jean-Bernard,3,8,1,0,,1,Homme,0.0,Profil non physique,34-41,34–41 ans
KL08::jean-bernard,KL08,KL KL08,Jean-Bernard,4,8,1,0,,1,Homme,0.0,Profil non physique,34-41,34–41 ans
KL08::jean-bernard,KL08,KL KL08,Jean-Bernard,5,8,1,0,,1,Homme,0.0,Profil non physique,34-41,34–41 ans
KL08::jean-bernard,KL08,KL KL08,Jean-Bernard,6,8,1,0,,1,Homme,0.0,Profil non physique,34-41,34–41 ans
KL08::jean-bernard,KL08,KL KL08,Jean-Bernard,7,8,1,0,,1,Homme,0.0,Profil non physique,34-41,34–41 ans
KL08::jean-bernard,KL08,KL KL08,Jean-Bernard,8,8,1,1,VOTE_CONSEIL,1,Homme,0.0,Profil non physique,34-41,34–41 ans
KL08::christopher,KL08,KL KL08,Christopher,1,9,1,0,,1,Homme,0.0,Profil non physique,34-41,34–41 ans
KL08::christopher,KL08,KL KL08,Christopher,2,9,1,0,,1,Homme,0.0,Profil non physique,34-41,34–41 ans
KL08::christopher,KL08,KL KL08,Christopher,3,9,1,0,,1,Homme,0.0,Profil non physique,34-41,34–41 ans
KL08::christopher,KL08,KL KL08,Christopher,4,9,1,0,,1,Homme,0.0,Profil non physique,34-41,34–41 ans
KL08::christopher,KL08,KL KL08,Christopher,5,9,1,0,,1,Homme,0.0,Profil non physique,34-41,34–41 ans
KL08::christopher,KL08,KL KL08,Christopher,6,9,1,0,,1,Homme,0.0,Profil non physique,34-41,34–41 ans
KL08::christopher,KL08,KL KL08,Christopher,7,9,1,0,,1,Homme,0.0,Profil non physique,34-41,34–41 ans
KL08::christopher,KL08,KL KL08,Christopher,8,9,1,0,,1,Homme,0.0,Profil non physique,34-41,34–41 ans
KL08::christopher,KL08,KL KL08,Christopher,9,9,1,1,MEDICAL,1,Homme,0.0,Profil non physique,34-41,34–41 ans
KL08::christophe,KL08,KL KL08,Christophe,1,11,1,0,,1,Homme,1.0,Profil physique,34-41,34–41 ans
KL08::christophe,KL08,KL KL08,Christophe,2,11,1,0,,1,Homme,1.0,Profil physique,34-41,34–41 ans
KL08::christophe,KL08,KL KL08,Christophe,3,11,1,0,,1,Homme,1.0,Profil physique,34-41,34–41 ans
KL08::christophe,KL08,KL KL08,Christophe,4,11,1,0,,1,Homme,1.0,Profil physique,34-41,34–41 ans
KL08::christophe,KL08,KL KL08,Christophe,5,11,1,0,,1,Homme,1.0,Profil physique,34-41,34–41 ans
KL08::christophe,KL08,KL KL08,Christophe,6,11,1,0,,1,Homme,1.0,Profil physique,34-41,34–41 ans
KL08::christophe,KL08,KL KL08,Christophe,7,11,1,0,,1,Homme,1.0,Profil physique,34-41,34–41 ans
KL08::christophe,KL08,KL KL08,Christophe,8,11,1,0,,1,Homme,1.0,Profil physique,34-41,34–41 ans
KL08::christophe,KL08,KL KL08,Christophe,9,11,1,0,,1,Homme,1.0,Profil physique,34-41,34–41 ans
KL08::christophe,KL08,KL KL08,Christophe,10,11,1,0,,1,Homme,1.0,Profil physique,34-41,34–41 ans
KL08::christophe,KL08,KL KL08,Christophe,11,11,1,1,VOTE_CONSEIL,1,Homme,1.0,Profil physique,34-41,34–41 ans
KL08::charlène,KL08,KL KL08,Charlène,1,12,1,0,,0,Femme,0.0,Profil non physique,18-25,18–25 ans
KL08::charlène,KL08,KL KL08,Charlène,2,12,1,0,,0,Femme,0.0,Profil non physique,18-25,18–25 ans
KL08::charlène,KL08,KL KL08,Charlène,3,12,1,0,,0,Femme,0.0,Profil non physique,18-25,18–25 ans
KL08::charlène,KL08,KL KL08,Charlène,4,12,1,0,,0,Femme,0.0,Profil non physique,18-25,18–25 ans
KL08::charlène,KL08,KL KL08,Charlène,5,12,1,0,,0,Femme,0.0,Profil non physique,18-25,18–25 ans
KL08::charlène,KL08,KL KL08,Charlène,6,12,1,0,,0,Femme,0.0,Profil non physique,18-25,18–25 ans
KL08::charlène,KL08,KL KL08,Charlène,7,12,1,0,,0,Femme,0.0,Profil non physique,18-25,18–25 ans
KL08::charlène,KL08,KL KL08,Charlène,8,12,1,0,,0,Femme,0.0,Profil non physique,18-25,18–25 ans
KL08::charlène,KL08,KL KL08,Charlène,9,12,1,0,,0,Femme,0.0,Profil non physique,18-25,18–25 ans
KL08::charlène,KL08,KL KL08,Charlène,10,12,1,0,,0,Femme,0.0,Profil non physique,18-25,18–25 ans
KL08::charlène,KL08,KL KL08,Charlène,11,12,1,0,,0,Femme,0.0,Profil non physique,18-25,18–25 ans
KL08::charlène,KL08,KL KL08,Charlène,12,12,1,1,VOTE_CONSEIL,0,Femme,0.0,Profil non physique,18-25,18–25 ans
KL08::hakim,KL08,KL KL08,Hakim,1,13,1,0,,1,Homme,0.0,Profil non physique,34-41,34–41 ans
KL08::hakim,KL08,KL KL08,Hakim,2,13,1,0,,1,Homme,0.0,Profil non physique,34-41,34–41 ans
KL08::hakim,KL08,KL KL08,Hakim,3,13,1,0,,1,Homme,0.0,Profil non physique,34-41,34–41 ans
KL08::hakim,KL08,KL KL08,Hakim,4,13,1,0,,1,Homme,0.0,Profil non physique,34-41,34–41 ans
KL08::hakim,KL08,KL KL08,Hakim,5,13,1,0,,1,Homme,0.0,Profil non physique,34-41,34–41 ans
KL08::hakim,KL08,KL KL08,Hakim,6,13,1,0,,1,Homme,0.0,Profil non physique,34-41,34–41 ans
KL08::hakim,KL08,KL KL08,Hakim,7,13,1,0,,1,Homme,0.0,Profil non physique,34-41,34–41 ans
KL08::hakim,KL08,KL KL08,Hakim,8,13,1,0,,1,Homme,0.0,Profil non physique,34-41,34–41 ans
KL08::hakim,KL08,KL KL08,Hakim,9,13,1,0,,1,Homme,0.0,Profil non physique,34-41,34–41 ans
KL08::hakim,KL08,KL KL08,Hakim,10,13,1,0,,1,Homme,0.0,Profil non physique,34-41,34–41 ans
KL08::hakim,KL08,KL KL08,Hakim,11,13,1,0,,1,Homme,0.0,Profil non physique,34-41,34–41 ans
KL08::hakim,KL08,KL KL08,Hakim,12,13,1,0,,1,Homme,0.0,Profil non physique,34-41,34–41 ans
KL08::hakim,KL08,KL KL08,Hakim,13,13,1,1,VOTE_CONSEIL,1,Homme,0.0,Profil non physique,34-41,34–41 ans
KL08::régis,KL08,KL KL08,Régis,1,14,1,0,,1,Homme,0.0,Profil non physique,18-25,18–25 ans
KL08::régis,KL08,KL KL08,Régis,2,14,1,0,,1,Homme,0.0,Profil non physique,18-25,18–25 ans
KL08::régis,KL08,KL KL08,Régis,3,14,1,0,,1,Homme,0.0,Profil non physique,18-25,18–25 ans
KL08::régis,KL08,KL KL08,Régis,4,14,1,0,,1,Homme,0.0,Profil non physique,18-25,18–25 ans
KL08::régis,KL08,KL KL08,Régis,5,14,1,0,,1,Homme,0.0,Profil non physique,18-25,18–25 ans
KL08::régis,KL08,KL KL08,Régis,6,14,1,0,,1,Homme,0.0,Profil non physique,18-25,18–25 ans
KL08::régis,KL08,KL KL08,Régis,7,14,1,0,,1,Homme,0.0,Profil non physique,18-25,18–25 ans
KL08::régis,KL08,KL KL08,Régis,8,14,1,0,,1,Homme,0.0,Profil non physique,18-25,18–25 ans
KL08::régis,KL08,KL KL08,Régis,9,14,1,0,,1,Homme,0.0,Profil non physique,18-25,18–25 ans
KL08::régis,KL08,KL KL08,Régis,10,14,1,0,,1,Homme,0.0,Profil non physique,18-25,18–25 ans
KL08::régis,KL08,KL KL08,Régis,11,14,1,0,,1,Homme,0.0,Profil non physique,18-25,18–25 ans
KL08::régis,KL08,KL KL08,Régis,12,14,1,0,,1,Homme,0.0,Profil non physique,18-25,18–25 ans
KL08::régis,KL08,KL KL08,Régis,13,14,1,0,,1,Homme,0.0,Profil non physique,18-25,18–25 ans
KL08::régis,KL08,KL KL08,Régis,14,14,1,1,VOTE_CONSEIL,1,Homme,0.0,Profil non physique,18-25,18–25 ans
KL08::carole,KL08,KL KL08,Carole,1,15,1,0,,0,Femme,0.0,Profil non physique,34-41,34–41 ans
KL08::carole,KL08,KL KL08,Carole,2,15,1,0,,0,Femme,0.0,Profil non physique,34-41,34–41 ans
KL08::carole,KL08,KL KL08,Carole,3,15,1,0,,0,Femme,0.0,Profil non physique,34-41,34–41 ans
KL08::carole,KL08,KL KL08,Carole,4,15,1,0,,0,Femme,0.0,Profil non physique,34-41,34–41 ans
KL08::carole,KL08,KL KL08,Carole,5,15,1,0,,0,Femme,0.0,Profil non physique,34-41,34–41 ans
KL08::carole,KL08,KL KL08,Carole,6,15,1,0,,0,Femme,0.0,Profil non physique,34-41,34–41 ans
KL08::carole,KL08,KL KL08,Carole,7,15,1,0,,0,Femme,0.0,Profil non physique,34-41,34–41 ans
KL08::carole,KL08,KL KL08,Carole,8,15,1,0,,0,Femme,0.0,Profil non physique,34-41,34–41 ans
KL08::carole,KL08,KL KL08,Carole,9,15,1,0,,0,Femme,0.0,Profil non physique,34-41,34–41 ans
KL08::carole,KL08,KL KL08,Carole,10,15,1,0,,0,Femme,0.0,Profil non physique,34-41,34–41 ans
KL08::carole,KL08,KL KL08,Carole,11,15,1,0,,0,Femme,0.0,Profil non physique,34-41,34–41 ans
KL08::carole,KL08,KL KL08,Carole,12,15,1,0,,0,Femme,0.0,Profil non physique,34-41,34–41 ans
KL08::carole,KL08,KL KL08,Carole,13,15,1,0,,0,Femme,0.0,Profil non physique,34-41,34–41 ans
KL08::carole,KL08,KL KL08,Carole,14,15,1,0,,0,Femme,0.0,Profil non physique,34-41,34–41 ans
KL08::carole,KL08,KL KL08,Carole,15,15,1,1,VOTE_CONSEIL,0,Femme,0.0,Profil non physique,34-41,34–41 ans
KL08::nathalie,KL08,KL KL08,Nathalie,1,16,1,0,,0,Femme,0.0,Profil non physique,42+,42 ans et plus
KL08::nathalie,KL08,KL KL08,Nathalie,2,16,1,0,,0,Femme,0.0,Profil non physique,42+,42 ans et plus
KL08::nathalie,KL08,KL KL08,Nathalie,3,16,1,0,,0,Femme,0.0,Profil non physique,42+,42 ans et plus
KL08::nathalie,KL08,KL KL08,Nathalie,4,16,1,0,,0,Femme,0.0,Profil non physique,42+,42 ans et plus
KL08::nathalie,KL08,KL KL08,Nathalie,5,16,1,0,,0,Femme,0.0,Profil non physique,42+,42 ans et plus
KL08::nathalie,KL08,KL KL08,Nathalie,6,16,1,0,,0,Femme,0.0,Profil non physique,42+,42 ans et plus
KL08::nathalie,KL08,KL KL08,Nathalie,7,16,1,0,,0,Femme,0.0,Profil non physique,42+,42 ans et plus
KL08::nathalie,KL08,KL KL08,Nathalie,8,16,1,0,,0,Femme,0.0,Profil non physique,42+,42 ans et plus
KL08::nathalie,KL08,KL KL08,Nathalie,9,16,1,0,,0,Femme,0.0,Profil non physique,42+,42 ans et plus
KL08::nathalie,KL08,KL KL08,Nathalie,10,16,1,0,,0,Femme,0.0,Profil non physique,42+,42 ans et plus
KL08::nathalie,KL08,KL KL08,Nathalie,11,16,1,0,,0,Femme,0.0,Profil non physique,42+,42 ans et plus
KL08::nathalie,KL08,KL KL08,Nathalie,12,16,1,0,,0,Femme,0.0,Profil non physique,42+,42 ans et plus
KL08::nathalie,KL08,KL KL08,Nathalie,13,16,1,0,,0,Femme,0.0,Profil non physique,42+,42 ans et plus
KL08::nathalie,KL08,KL KL08,Nathalie,14,16,1,0,,0,Femme,0.0,Profil non physique,42+,42 ans et plus
KL08::nathalie,KL08,KL KL08,Nathalie,15,16,1,0,,0,Femme,0.0,Profil non physique,42+,42 ans et plus
KL08::nathalie,KL08,KL KL08,Nathalie,16,16,1,1,FINALE_ORIENTATION,0,Femme,0.0,Profil non physique,42+,42 ans et plus
KL08::bertrand,KL08,KL KL08,Bertrand,1,18,1,0,,1,Homme,0.0,Profil non physique,34-41,34–41 ans
KL08::bertrand,KL08,KL KL08,Bertrand,2,18,1,0,,1,Homme,0.0,Profil non physique,34-41,34–41 ans
KL08::bertrand,KL08,KL KL08,Bertrand,3,18,1,0,,1,Homme,0.0,Profil non physique,34-41,34–41 ans
KL08::bertrand,KL08,KL KL08,Bertrand,4,18,1,0,,1,Homme,0.0,Profil non physique,34-41,34–41 ans
KL08::bertrand,KL08,KL KL08,Bertrand,5,18,1,0,,1,Homme,0.0,Profil non physique,34-41,34–41 ans
KL08::bertrand,KL08,KL KL08,Bertrand,6,18,1,0,,1,Homme,0.0,Profil non physique,34-41,34–41 ans
KL08::bertrand,KL08,KL KL08,Bertrand,7,18,1,0,,1,Homme,0.0,Profil non physique,34-41,34–41 ans
KL08::bertrand,KL08,KL KL08,Bertrand,8,18,1,0,,1,Homme,0.0,Profil non physique,34-41,34–41 ans
KL08::bertrand,KL08,KL KL08,Bertrand,9,18,1,0,,1,Homme,0.0,Profil non physique,34-41,34–41 ans
KL08::bertrand,KL08,KL KL08,Bertrand,10,18,1,0,,1,Homme,0.0,Profil non physique,34-41,34–41 ans
KL08::bertrand,KL08,KL KL08,Bertrand,11,18,1,0,,1,Homme,0.0,Profil non physique,34-41,34–41 ans
KL08::bertrand,KL08,KL KL08,Bertrand,12,18,1,0,,1,Homme,0.0,Profil non physique,34-41,34–41 ans
KL08::bertrand,KL08,KL KL08,Bertrand,13,18,1,0,,1,Homme,0.0,Profil non physique,34-41,34–41 ans
KL08::bertrand,KL08,KL KL08,Bertrand,14,18,1,0,,1,Homme,0.0,Profil non physique,34-41,34–41 ans
KL08::bertrand,KL08,KL KL08,Bertrand,15,18,1,0,,1,Homme,0.0,Profil non physique,34-41,34–41 ans
KL08::bertrand,KL08,KL KL08,Bertrand,16,18,1,0,,1,Homme,0.0,Profil non physique,34-41,34–41 ans
KL08::bertrand,KL08,KL KL08,Bertrand,17,18,1,0,,1,Homme,0.0,Profil non physique,34-41,34–41 ans
KL08::bertrand,KL08,KL KL08,Bertrand,18,18,1,1,FINALE_POTEAUX,1,Homme,0.0,Profil non physique,34-41,34–41 ans
KL08::frédéric favier,KL08,KL KL08,Frédéric Favier,1,19,1,0,,1,Homme,0.0,Profil non physique,26-33,26–33 ans
KL08::frédéric favier,KL08,KL KL08,Frédéric Favier,2,19,1,0,,1,Homme,0.0,Profil non physique,26-33,26–33 ans
KL08::frédéric favier,KL08,KL KL08,Frédéric Favier,3,19,1,0,,1,Homme,0.0,Profil non physique,26-33,26–33 ans
KL08::frédéric favier,KL08,KL KL08,Frédéric Favier,4,19,1,0,,1,Homme,0.0,Profil non physique,26-33,26–33 ans
KL08::frédéric favier,KL08,KL KL08,Frédéric Favier,5,19,1,0,,1,Homme,0.0,Profil non physique,26-33,26–33 ans
KL08::frédéric favier,KL08,KL KL08,Frédéric Favier,6,19,1,0,,1,Homme,0.0,Profil non physique,26-33,26–33 ans
KL08::frédéric favier,KL08,KL KL08,Frédéric Favier,7,19,1,0,,1,Homme,0.0,Profil non physique,26-33,26–33 ans
KL08::frédéric favier,KL08,KL KL08,Frédéric Favier,8,19,1,0,,1,Homme,0.0,Profil non physique,26-33,26–33 ans
KL08::frédéric favier,KL08,KL KL08,Frédéric Favier,9,19,1,0,,1,Homme,0.0,Profil non physique,26-33,26–33 ans
KL08::frédéric favier,KL08,KL KL08,Frédéric Favier,10,19,1,0,,1,Homme,0.0,Profil non physique,26-33,26–33 ans
KL08::frédéric favier,KL08,KL KL08,Frédéric Favier,11,19,1,0,,1,Homme,0.0,Profil non physique,26-33,26–33 ans
KL08::frédéric favier,KL08,KL KL08,Frédéric Favier,12,19,1,0,,1,Homme,0.0,Profil non physique,26-33,26–33 ans
KL08::frédéric favier,KL08,KL KL08,Frédéric Favier,13,19,1,0,,1,Homme,0.0,Profil non physique,26-33,26–33 ans
KL08::frédéric favier,KL08,KL KL08,Frédéric Favier,14,19,1,0,,1,Homme,0.0,Profil non physique,26-33,26–33 ans
KL08::frédéric favier,KL08,KL KL08,Frédéric Favier,15,19,1,0,,1,Homme,0.0,Profil non physique,26-33,26–33 ans
KL08::frédéric favier,KL08,KL KL08,Frédéric Favier,16,19,1,0,,1,Homme,0.0,Profil non physique,26-33,26–33 ans
KL08::frédéric favier,KL08,KL KL08,Frédéric Favier,17,19,1,0,,1,Homme,0.0,Profil non physique,26-33,26–33 ans
KL08::frédéric favier,KL08,KL KL08,Frédéric Favier,18,19,1,0,,1,Homme,0.0,Profil non physique,26-33,26–33 ans
KL08::frédéric favier,KL08,KL KL08,Frédéric Favier,19,19,1,1,JURY_FINAL_DECISION,1,Homme,0.0,Profil non physique,26-33,26–33 ans
KL08::christelle gauzet,KL08,KL KL08,Christelle Gauzet,1,20,1,0,,0,Femme,0.0,Profil non physique,26-33,26–33 ans
KL08::christelle gauzet,KL08,KL KL08,Christelle Gauzet,2,20,1,0,,0,Femme,0.0,Profil non physique,26-33,26–33 ans
KL08::christelle gauzet,KL08,KL KL08,Christelle Gauzet,3,20,1,0,,0,Femme,0.0,Profil non physique,26-33,26–33 ans
KL08::christelle gauzet,KL08,KL KL08,Christelle Gauzet,4,20,1,0,,0,Femme,0.0,Profil non physique,26-33,26–33 ans
KL08::christelle gauzet,KL08,KL KL08,Christelle Gauzet,5,20,1,0,,0,Femme,0.0,Profil non physique,26-33,26–33 ans
KL08::christelle gauzet,KL08,KL KL08,Christelle Gauzet,6,20,1,0,,0,Femme,0.0,Profil non physique,26-33,26–33 ans
KL08::christelle gauzet,KL08,KL KL08,Christelle Gauzet,7,20,1,0,,0,Femme,0.0,Profil non physique,26-33,26–33 ans
KL08::christelle gauzet,KL08,KL KL08,Christelle Gauzet,8,20,1,0,,0,Femme,0.0,Profil non physique,26-33,26–33 ans
KL08::christelle gauzet,KL08,KL KL08,Christelle Gauzet,9,20,1,0,,0,Femme,0.0,Profil non physique,26-33,26–33 ans
KL08::christelle gauzet,KL08,KL KL08,Christelle Gauzet,10,20,1,0,,0,Femme,0.0,Profil non physique,26-33,26–33 ans
KL08::christelle gauzet,KL08,KL KL08,Christelle Gauzet,11,20,1,0,,0,Femme,0.0,Profil non physique,26-33,26–33 ans
KL08::christelle gauzet,KL08,KL KL08,Christelle Gauzet,12,20,1,0,,0,Femme,0.0,Profil non physique,26-33,26–33 ans
KL08::christelle gauzet,KL08,KL KL08,Christelle Gauzet,13,20,1,0,,0,Femme,0.0,Profil non physique,26-33,26–33 ans
KL08::christelle gauzet,KL08,KL KL08,Christelle Gauzet,14,20,1,0,,0,Femme,0.0,Profil non physique,26-33,26–33 ans
KL08::christelle gauzet,KL08,KL KL08,Christelle Gauzet,15,20,1,0,,0,Femme,0.0,Profil non physique,26-33,26–33 ans
KL08::christelle gauzet,KL08,KL KL08,Christelle Gauzet,16,20,1,0,,0,Femme,0.0,Profil non physique,26-33,26–33 ans
KL08::christelle gauzet,KL08,KL KL08,Christelle Gauzet,17,20,1,0,,0,Femme,0.0,Profil non physique,26-33,26–33 ans
KL08::christelle gauzet,KL08,KL KL08,Christelle Gauzet,18,20,1,0,,0,Femme,0.0,Profil non physique,26-33,26–33 ans
KL08::christelle gauzet,KL08,KL KL08,Christelle Gauzet,19,20,1,0,,0,Femme,0.0,Profil non physique,26-33,26–33 ans
KL08::christelle gauzet,KL08,KL KL08,Christelle Gauzet,20,20,1,0,,0,Femme,0.0,Profil non physique,26-33,26–33 ans
KL17::babeth delettre,KL17,Koh-Lanta : Johor,Babeth Delettre,1,1,1,1,VOTE_CONSEIL,0,Femme,0.0,Profil non physique,42+,42 ans et plus
KL17::marie-anne queniart,KL17,Koh-Lanta : Johor,Marie-Anne Queniart,1,2,1,0,,0,Femme,0.0,Profil non physique,34-41,34–41 ans
KL17::marie-anne queniart,KL17,Koh-Lanta : Johor,Marie-Anne Queniart,2,2,1,1,VOTE_CONSEIL,0,Femme,0.0,Profil non physique,34-41,34–41 ans
KL17::benoît jorion-fahy,KL17,Koh-Lanta : Johor,Benoît Jorion-Fahy,1,3,1,0,,1,Homme,0.0,Profil non physique,26-33,26–33 ans
KL17::benoît jorion-fahy,KL17,Koh-Lanta : Johor,Benoît Jorion-Fahy,2,3,1,0,,1,Homme,0.0,Profil non physique,26-33,26–33 ans
KL17::benoît jorion-fahy,KL17,Koh-Lanta : Johor,Benoît Jorion-Fahy,3,3,1,1,VOTE_CONSEIL,1,Homme,0.0,Profil non physique,26-33,26–33 ans
KL17::manon allender,KL17,Koh-Lanta : Johor,Manon Allender,1,4,1,0,,0,Femme,0.0,Profil non physique,18-25,18–25 ans
KL17::manon allender,KL17,Koh-Lanta : Johor,Manon Allender,2,4,1,0,,0,Femme,0.0,Profil non physique,18-25,18–25 ans
KL17::manon allender,KL17,Koh-Lanta : Johor,Manon Allender,3,4,1,0,,0,Femme,0.0,Profil non physique,18-25,18–25 ans
KL17::manon allender,KL17,Koh-Lanta : Johor,Manon Allender,4,4,1,1,VOLUNTARY,0,Femme,0.0,Profil non physique,18-25,18–25 ans
KL17::loïc crespin,KL17,Koh-Lanta : Johor,Loïc Crespin,1,5,1,0,,1,Homme,0.0,Profil non physique,18-25,18–25 ans
KL17::loïc crespin,KL17,Koh-Lanta : Johor,Loïc Crespin,2,5,1,0,,1,Homme,0.0,Profil non physique,18-25,18–25 ans
KL17::loïc crespin,KL17,Koh-Lanta : Johor,Loïc Crespin,3,5,1,0,,1,Homme,0.0,Profil non physique,18-25,18–25 ans
KL17::loïc crespin,KL17,Koh-Lanta : Johor,Loïc Crespin,4,5,1,0,,1,Homme,0.0,Profil non physique,18-25,18–25 ans
KL17::loïc crespin,KL17,Koh-Lanta : Johor,Loïc Crespin,5,5,1,1,MEDICAL,1,Homme,0.0,Profil non physique,18-25,18–25 ans
KL17::isabelle haouzi,KL17,Koh-Lanta : Johor,Isabelle Haouzi,1,6,1,0,,0,Femme,1.0,Profil physique,42+,42 ans et plus
KL17::isabelle haouzi,KL17,Koh-Lanta : Johor,Isabelle Haouzi,2,6,1,0,,0,Femme,1.0,Profil physique,42+,42 ans et plus
KL17::isabelle haouzi,KL17,Koh-Lanta : Johor,Isabelle Haouzi,3,6,1,0,,0,Femme,1.0,Profil physique,42+,42 ans et plus
KL17::isabelle haouzi,KL17,Koh-Lanta : Johor,Isabelle Haouzi,4,6,1,0,,0,Femme,1.0,Profil physique,42+,42 ans et plus
KL17::isabelle haouzi,KL17,Koh-Lanta : Johor,Isabelle Haouzi,5,6,1,0,,0,Femme,1.0,Profil physique,42+,42 ans et plus
KL17::isabelle haouzi,KL17,Koh-Lanta : Johor,Isabelle Haouzi,6,6,1,1,VOTE_CONSEIL,0,Femme,1.0,Profil physique,42+,42 ans et plus
KL17::margot perrot houwaer,KL17,Koh-Lanta : Johor,Margot Perrot Houwaer,1,7,1,0,,0,Femme,0.0,Profil non physique,18-25,18–25 ans
KL17::margot perrot houwaer,KL17,Koh-Lanta : Johor,Margot Perrot Houwaer,2,7,1,0,,0,Femme,0.0,Profil non physique,18-25,18–25 ans
KL17::margot perrot houwaer,KL17,Koh-Lanta : Johor,Margot Perrot Houwaer,3,7,1,0,,0,Femme,0.0,Profil non physique,18-25,18–25 ans
KL17::margot perrot houwaer,KL17,Koh-Lanta : Johor,Margot Perrot Houwaer,4,7,1,0,,0,Femme,0.0,Profil non physique,18-25,18–25 ans
KL17::margot perrot houwaer,KL17,Koh-Lanta : Johor,Margot Perrot Houwaer,5,7,1,0,,0,Femme,0.0,Profil non physique,18-25,18–25 ans
KL17::margot perrot houwaer,KL17,Koh-Lanta : Johor,Margot Perrot Houwaer,6,7,1,0,,0,Femme,0.0,Profil non physique,18-25,18–25 ans
KL17::margot perrot houwaer,KL17,Koh-Lanta : Johor,Margot Perrot Houwaer,7,7,1,1,MEDICAL,0,Femme,0.0,Profil non physique,18-25,18–25 ans
KL17::alban pellegrin,KL17,Koh-Lanta : Johor,Alban Pellegrin,1,8,1,0,,1,Homme,0.0,Profil non physique,26-33,26–33 ans
KL17::alban pellegrin,KL17,Koh-Lanta : Johor,Alban Pellegrin,2,8,1,0,,1,Homme,0.0,Profil non physique,26-33,26–33 ans
KL17::alban pellegrin,KL17,Koh-Lanta : Johor,Alban Pellegrin,3,8,1,0,,1,Homme,0.0,Profil non physique,26-33,26–33 ans
KL17::alban pellegrin,KL17,Koh-Lanta : Johor,Alban Pellegrin,4,8,1,0,,1,Homme,0.0,Profil non physique,26-33,26–33 ans
KL17::alban pellegrin,KL17,Koh-Lanta : Johor,Alban Pellegrin,5,8,1,0,,1,Homme,0.0,Profil non physique,26-33,26–33 ans
KL17::alban pellegrin,KL17,Koh-Lanta : Johor,Alban Pellegrin,6,8,1,0,,1,Homme,0.0,Profil non physique,26-33,26–33 ans
KL17::alban pellegrin,KL17,Koh-Lanta : Johor,Alban Pellegrin,7,8,1,0,,1,Homme,0.0,Profil non physique,26-33,26–33 ans
KL17::alban pellegrin,KL17,Koh-Lanta : Johor,Alban Pellegrin,8,8,1,1,AMBASSADEURS,1,Homme,0.0,Profil non physique,26-33,26–33 ans
KL17::corinne bargoin samuelian,KL17,Koh-Lanta : Johor,Corinne Bargoin Samuelian,1,9,1,0,,0,Femme,0.0,Profil non physique,42+,42 ans et plus
KL17::corinne bargoin samuelian,KL17,Koh-Lanta : Johor,Corinne Bargoin Samuelian,2,9,1,0,,0,Femme,0.0,Profil non physique,42+,42 ans et plus
KL17::corinne bargoin samuelian,KL17,Koh-Lanta : Johor,Corinne Bargoin Samuelian,3,9,1,0,,0,Femme,0.0,Profil non physique,42+,42 ans et plus
KL17::corinne bargoin samuelian,KL17,Koh-Lanta : Johor,Corinne Bargoin Samuelian,4,9,1,0,,0,Femme,0.0,Profil non physique,42+,42 ans et plus
KL17::corinne bargoin samuelian,KL17,Koh-Lanta : Johor,Corinne Bargoin Samuelian,5,9,1,0,,0,Femme,0.0,Profil non physique,42+,42 ans et plus
KL17::corinne bargoin samuelian,KL17,Koh-Lanta : Johor,Corinne Bargoin Samuelian,6,9,1,0,,0,Femme,0.0,Profil non physique,42+,42 ans et plus
KL17::corinne bargoin samuelian,KL17,Koh-Lanta : Johor,Corinne Bargoin Samuelian,7,9,1,0,,0,Femme,0.0,Profil non physique,42+,42 ans et plus
KL17::corinne bargoin samuelian,KL17,Koh-Lanta : Johor,Corinne Bargoin Samuelian,8,9,1,0,,0,Femme,0.0,Profil non physique,42+,42 ans et plus
KL17::corinne bargoin samuelian,KL17,Koh-Lanta : Johor,Corinne Bargoin Samuelian,9,9,1,1,MEDICAL,0,Femme,0.0,Profil non physique,42+,42 ans et plus
KL17::cédric giosserand-lucas,KL17,Koh-Lanta : Johor,Cédric Giosserand-Lucas,1,10,1,0,,1,Homme,0.0,Profil non physique,34-41,34–41 ans
KL17::cédric giosserand-lucas,KL17,Koh-Lanta : Johor,Cédric Giosserand-Lucas,2,10,1,0,,1,Homme,0.0,Profil non physique,34-41,34–41 ans
KL17::cédric giosserand-lucas,KL17,Koh-Lanta : Johor,Cédric Giosserand-Lucas,3,10,1,0,,1,Homme,0.0,Profil non physique,34-41,34–41 ans
KL17::cédric giosserand-lucas,KL17,Koh-Lanta : Johor,Cédric Giosserand-Lucas,4,10,1,0,,1,Homme,0.0,Profil non physique,34-41,34–41 ans
KL17::cédric giosserand-lucas,KL17,Koh-Lanta : Johor,Cédric Giosserand-Lucas,5,10,1,0,,1,Homme,0.0,Profil non physique,34-41,34–41 ans
KL17::cédric giosserand-lucas,KL17,Koh-Lanta : Johor,Cédric Giosserand-Lucas,6,10,1,0,,1,Homme,0.0,Profil non physique,34-41,34–41 ans
KL17::cédric giosserand-lucas,KL17,Koh-Lanta : Johor,Cédric Giosserand-Lucas,7,10,1,0,,1,Homme,0.0,Profil non physique,34-41,34–41 ans
KL17::cédric giosserand-lucas,KL17,Koh-Lanta : Johor,Cédric Giosserand-Lucas,8,10,1,0,,1,Homme,0.0,Profil non physique,34-41,34–41 ans
KL17::cédric giosserand-lucas,KL17,Koh-Lanta : Johor,Cédric Giosserand-Lucas,9,10,1,0,,1,Homme,0.0,Profil non physique,34-41,34–41 ans
KL17::cédric giosserand-lucas,KL17,Koh-Lanta : Johor,Cédric Giosserand-Lucas,10,10,1,1,VOTE_CONSEIL,1,Homme,0.0,Profil non physique,34-41,34–41 ans
KL17::charlaine cuny,KL17,Koh-Lanta : Johor,Charlaine Cuny,1,11,1,0,,0,Femme,0.0,Profil non physique,18-25,18–25 ans
KL17::charlaine cuny,KL17,Koh-Lanta : Johor,Charlaine Cuny,2,11,1,0,,0,Femme,0.0,Profil non physique,18-25,18–25 ans
KL17::charlaine cuny,KL17,Koh-Lanta : Johor,Charlaine Cuny,3,11,1,0,,0,Femme,0.0,Profil non physique,18-25,18–25 ans
KL17::charlaine cuny,KL17,Koh-Lanta : Johor,Charlaine Cuny,4,11,1,0,,0,Femme,0.0,Profil non physique,18-25,18–25 ans
KL17::charlaine cuny,KL17,Koh-Lanta : Johor,Charlaine Cuny,5,11,1,0,,0,Femme,0.0,Profil non physique,18-25,18–25 ans
KL17::charlaine cuny,KL17,Koh-Lanta : Johor,Charlaine Cuny,6,11,1,0,,0,Femme,0.0,Profil non physique,18-25,18–25 ans
KL17::charlaine cuny,KL17,Koh-Lanta : Johor,Charlaine Cuny,7,11,1,0,,0,Femme,0.0,Profil non physique,18-25,18–25 ans
KL17::charlaine cuny,KL17,Koh-Lanta : Johor,Charlaine Cuny,8,11,1,0,,0,Femme,0.0,Profil non physique,18-25,18–25 ans
KL17::charlaine cuny,KL17,Koh-Lanta : Johor,Charlaine Cuny,9,11,1,0,,0,Femme,0.0,Profil non physique,18-25,18–25 ans
KL17::charlaine cuny,KL17,Koh-Lanta : Johor,Charlaine Cuny,10,11,1,0,,0,Femme,0.0,Profil non physique,18-25,18–25 ans
KL17::charlaine cuny,KL17,Koh-Lanta : Johor,Charlaine Cuny,11,11,1,1,VOTE_CONSEIL,0,Femme,0.0,Profil non physique,18-25,18–25 ans
KL17::nessim kouachi,KL17,Koh-Lanta : Johor,Nessim Kouachi,1,12,1,0,,1,Homme,0.0,Profil non physique,26-33,26–33 ans
KL17::nessim kouachi,KL17,Koh-Lanta : Johor,Nessim Kouachi,2,12,1,0,,1,Homme,0.0,Profil non physique,26-33,26–33 ans
KL17::nessim kouachi,KL17,Koh-Lanta : Johor,Nessim Kouachi,3,12,1,0,,1,Homme,0.0,Profil non physique,26-33,26–33 ans
KL17::nessim kouachi,KL17,Koh-Lanta : Johor,Nessim Kouachi,4,12,1,0,,1,Homme,0.0,Profil non physique,26-33,26–33 ans
KL17::nessim kouachi,KL17,Koh-Lanta : Johor,Nessim Kouachi,5,12,1,0,,1,Homme,0.0,Profil non physique,26-33,26–33 ans
KL17::nessim kouachi,KL17,Koh-Lanta : Johor,Nessim Kouachi,6,12,1,0,,1,Homme,0.0,Profil non physique,26-33,26–33 ans
KL17::nessim kouachi,KL17,Koh-Lanta : Johor,Nessim Kouachi,7,12,1,0,,1,Homme,0.0,Profil non physique,26-33,26–33 ans
KL17::nessim kouachi,KL17,Koh-Lanta : Johor,Nessim Kouachi,8,12,1,0,,1,Homme,0.0,Profil non physique,26-33,26–33 ans
KL17::nessim kouachi,KL17,Koh-Lanta : Johor,Nessim Kouachi,9,12,1,0,,1,Homme,0.0,Profil non physique,26-33,26–33 ans
KL17::nessim kouachi,KL17,Koh-Lanta : Johor,Nessim Kouachi,10,12,1,0,,1,Homme,0.0,Profil non physique,26-33,26–33 ans
KL17::nessim kouachi,KL17,Koh-Lanta : Johor,Nessim Kouachi,11,12,1,0,,1,Homme,0.0,Profil non physique,26-33,26–33 ans
KL17::nessim kouachi,KL17,Koh-Lanta : Johor,Nessim Kouachi,12,12,1,1,VOTE_CONSEIL,1,Homme,0.0,Profil non physique,26-33,26–33 ans
KL17::jeff santiago,KL17,Koh-Lanta : Johor,Jeff Santiago,1,13,1,0,,1,Homme,0.0,Profil non physique,26-33,26–33 ans
KL17::jeff santiago,KL17,Koh-Lanta : Johor,Jeff Santiago,2,13,1,0,,1,Homme,0.0,Profil non physique,26-33,26–33 ans
KL17::jeff santiago,KL17,Koh-Lanta : Johor,Jeff Santiago,3,13,1,0,,1,Homme,0.0,Profil non physique,26-33,26–33 ans
KL17::jeff santiago,KL17,Koh-Lanta : Johor,Jeff Santiago,4,13,1,0,,1,Homme,0.0,Profil non physique,26-33,26–33 ans
KL17::jeff santiago,KL17,Koh-Lanta : Johor,Jeff Santiago,5,13,1,0,,1,Homme,0.0,Profil non physique,26-33,26–33 ans
KL17::jeff santiago,KL17,Koh-Lanta : Johor,Jeff Santiago,6,13,1,0,,1,Homme,0.0,Profil non physique,26-33,26–33 ans
KL17::jeff santiago,KL17,Koh-Lanta : Johor,Jeff Santiago,7,13,1,0,,1,Homme,0.0,Profil non physique,26-33,26–33 ans
KL17::jeff santiago,KL17,Koh-Lanta : Johor,Jeff Santiago,8,13,1,0,,1,Homme,0.0,Profil non physique,26-33,26–33 ans
KL17::jeff santiago,KL17,Koh-Lanta : Johor,Jeff Santiago,9,13,1,0,,1,Homme,0.0,Profil non physique,26-33,26–33 ans
KL17::jeff santiago,KL17,Koh-Lanta : Johor,Jeff Santiago,10,13,1,0,,1,Homme,0.0,Profil non physique,26-33,26–33 ans
KL17::jeff santiago,KL17,Koh-Lanta : Johor,Jeff Santiago,11,13,1,0,,1,Homme,0.0,Profil non physique,26-33,26–33 ans
KL17::jeff santiago,KL17,Koh-Lanta : Johor,Jeff Santiago,12,13,1,0,,1,Homme,0.0,Profil non physique,26-33,26–33 ans
KL17::jeff santiago,KL17,Koh-Lanta : Johor,Jeff Santiago,13,13,1,1,VOTE_CONSEIL,1,Homme,0.0,Profil non physique,26-33,26–33 ans
KL17::christophe pendon,KL17,Koh-Lanta : Johor,Christophe Pendon,1,14,1,0,,1,Homme,0.0,Profil non physique,26-33,26–33 ans
KL17::christophe pendon,KL17,Koh-Lanta : Johor,Christophe Pendon,2,14,1,0,,1,Homme,0.0,Profil non physique,26-33,26–33 ans
KL17::christophe pendon,KL17,Koh-Lanta : Johor,Christophe Pendon,3,14,1,0,,1,Homme,0.0,Profil non physique,26-33,26–33 ans
KL17::christophe pendon,KL17,Koh-Lanta : Johor,Christophe Pendon,4,14,1,0,,1,Homme,0.0,Profil non physique,26-33,26–33 ans
KL17::christophe pendon,KL17,Koh-Lanta : Johor,Christophe Pendon,5,14,1,0,,1,Homme,0.0,Profil non physique,26-33,26–33 ans
KL17::christophe pendon,KL17,Koh-Lanta : Johor,Christophe Pendon,6,14,1,0,,1,Homme,0.0,Profil non physique,26-33,26–33 ans
KL17::christophe pendon,KL17,Koh-Lanta : Johor,Christophe Pendon,7,14,1,0,,1,Homme,0.0,Profil non physique,26-33,26–33 ans
KL17::christophe pendon,KL17,Koh-Lanta : Johor,Christophe Pendon,8,14,1,0,,1,Homme,0.0,Profil non physique,26-33,26–33 ans
KL17::christophe pendon,KL17,Koh-Lanta : Johor,Christophe Pendon,9,14,1,0,,1,Homme,0.0,Profil non physique,26-33,26–33 ans
KL17::christophe pendon,KL17,Koh-Lanta : Johor,Christophe Pendon,10,14,1,0,,1,Homme,0.0,Profil non physique,26-33,26–33 ans
KL17::christophe pendon,KL17,Koh-Lanta : Johor,Christophe Pendon,11,14,1,0,,1,Homme,0.0,Profil non physique,26-33,26–33 ans
KL17::christophe pendon,KL17,Koh-Lanta : Johor,Christophe Pendon,12,14,1,0,,1,Homme,0.0,Profil non physique,26-33,26–33 ans
KL17::christophe pendon,KL17,Koh-Lanta : Johor,Christophe Pendon,13,14,1,0,,1,Homme,0.0,Profil non physique,26-33,26–33 ans
KL17::christophe pendon,KL17,Koh-Lanta : Johor,Christophe Pendon,14,14,1,1,VOTE_CONSEIL,1,Homme,0.0,Profil non physique,26-33,26–33 ans
KL17::jessica potel,KL17,Koh-Lanta : Johor,Jessica Potel,1,15,1,0,,0,Femme,0.0,Profil non physique,26-33,26–33 ans
KL17::jessica potel,KL17,Koh-Lanta : Johor,Jessica Potel,2,15,1,0,,0,Femme,0.0,Profil non physique,26-33,26–33 ans
KL17::jessica potel,KL17,Koh-Lanta : Johor,Jessica Potel,3,15,1,0,,0,Femme,0.0,Profil non physique,26-33,26–33 ans
KL17::jessica potel,KL17,Koh-Lanta : Johor,Jessica Potel,4,15,1,0,,0,Femme,0.0,Profil non physique,26-33,26–33 ans
KL17::jessica potel,KL17,Koh-Lanta : Johor,Jessica Potel,5,15,1,0,,0,Femme,0.0,Profil non physique,26-33,26–33 ans
KL17::jessica potel,KL17,Koh-Lanta : Johor,Jessica Potel,6,15,1,0,,0,Femme,0.0,Profil non physique,26-33,26–33 ans
KL17::jessica potel,KL17,Koh-Lanta : Johor,Jessica Potel,7,15,1,0,,0,Femme,0.0,Profil non physique,26-33,26–33 ans
KL17::jessica potel,KL17,Koh-Lanta : Johor,Jessica Potel,8,15,1,0,,0,Femme,0.0,Profil non physique,26-33,26–33 ans
KL17::jessica potel,KL17,Koh-Lanta : Johor,Jessica Potel,9,15,1,0,,0,Femme,0.0,Profil non physique,26-33,26–33 ans
KL17::jessica potel,KL17,Koh-Lanta : Johor,Jessica Potel,10,15,1,0,,0,Femme,0.0,Profil non physique,26-33,26–33 ans
KL17::jessica potel,KL17,Koh-Lanta : Johor,Jessica Potel,11,15,1,0,,0,Femme,0.0,Profil non physique,26-33,26–33 ans
KL17::jessica potel,KL17,Koh-Lanta : Johor,Jessica Potel,12,15,1,0,,0,Femme,0.0,Profil non physique,26-33,26–33 ans
KL17::jessica potel,KL17,Koh-Lanta : Johor,Jessica Potel,13,15,1,0,,0,Femme,0.0,Profil non physique,26-33,26–33 ans
KL17::jessica potel,KL17,Koh-Lanta : Johor,Jessica Potel,14,15,1,0,,0,Femme,0.0,Profil non physique,26-33,26–33 ans
KL17::jessica potel,KL17,Koh-Lanta : Johor,Jessica Potel,15,15,1,1,VOTE_CONSEIL,0,Femme,0.0,Profil non physique,26-33,26–33 ans
KL17::sébastien ballesteros,KL17,Koh-Lanta : Johor,Sébastien Ballesteros,1,16,1,0,,1,Homme,1.0,Profil physique,18-25,18–25 ans
KL17::sébastien ballesteros,KL17,Koh-Lanta : Johor,Sébastien Ballesteros,2,16,1,0,,1,Homme,1.0,Profil physique,18-25,18–25 ans
KL17::sébastien ballesteros,KL17,Koh-Lanta : Johor,Sébastien Ballesteros,3,16,1,0,,1,Homme,1.0,Profil physique,18-25,18–25 ans
KL17::sébastien ballesteros,KL17,Koh-Lanta : Johor,Sébastien Ballesteros,4,16,1,0,,1,Homme,1.0,Profil physique,18-25,18–25 ans
KL17::sébastien ballesteros,KL17,Koh-Lanta : Johor,Sébastien Ballesteros,5,16,1,0,,1,Homme,1.0,Profil physique,18-25,18–25 ans
KL17::sébastien ballesteros,KL17,Koh-Lanta : Johor,Sébastien Ballesteros,6,16,1,0,,1,Homme,1.0,Profil physique,18-25,18–25 ans
KL17::sébastien ballesteros,KL17,Koh-Lanta : Johor,Sébastien Ballesteros,7,16,1,0,,1,Homme,1.0,Profil physique,18-25,18–25 ans
KL17::sébastien ballesteros,KL17,Koh-Lanta : Johor,Sébastien Ballesteros,8,16,1,0,,1,Homme,1.0,Profil physique,18-25,18–25 ans
KL17::sébastien ballesteros,KL17,Koh-Lanta : Johor,Sébastien Ballesteros,9,16,1,0,,1,Homme,1.0,Profil physique,18-25,18–25 ans
KL17::sébastien ballesteros,KL17,Koh-Lanta : Johor,Sébastien Ballesteros,10,16,1,0,,1,Homme,1.0,Profil physique,18-25,18–25 ans
KL17::sébastien ballesteros,KL17,Koh-Lanta : Johor,Sébastien Ballesteros,11,16,1,0,,1,Homme,1.0,Profil physique,18-25,18–25 ans
KL17::sébastien ballesteros,KL17,Koh-Lanta : Johor,Sébastien Ballesteros,12,16,1,0,,1,Homme,1.0,Profil physique,18-25,18–25 ans
KL17::sébastien ballesteros,KL17,Koh-Lanta : Johor,Sébastien Ballesteros,13,16,1,0,,1,Homme,1.0,Profil physique,18-25,18–25 ans
KL17::sébastien ballesteros,KL17,Koh-Lanta : Johor,Sébastien Ballesteros,14,16,1,0,,1,Homme,1.0,Profil physique,18-25,18–25 ans
KL17::sébastien ballesteros,KL17,Koh-Lanta : Johor,Sébastien Ballesteros,15,16,1,0,,1,Homme,1.0,Profil physique,18-25,18–25 ans
KL17::sébastien ballesteros,KL17,Koh-Lanta : Johor,Sébastien Ballesteros,16,16,1,1,VOTE_CONSEIL,1,Homme,1.0,Profil physique,18-25,18–25 ans
KL17::bruno peisey,KL17,Koh-Lanta : Johor,Bruno Peisey,1,17,1,0,,1,Homme,0.0,Profil non physique,42+,42 ans et plus
KL17::bruno peisey,KL17,Koh-Lanta : Johor,Bruno Peisey,2,17,1,0,,1,Homme,0.0,Profil non physique,42+,42 ans et plus
KL17::bruno peisey,KL17,Koh-Lanta : Johor,Bruno Peisey,3,17,1,0,,1,Homme,0.0,Profil non physique,42+,42 ans et plus
KL17::bruno peisey,KL17,Koh-Lanta : Johor,Bruno Peisey,4,17,1,0,,1,Homme,0.0,Profil non physique,42+,42 ans et plus
KL17::bruno peisey,KL17,Koh-Lanta : Johor,Bruno Peisey,5,17,1,0,,1,Homme,0.0,Profil non physique,42+,42 ans et plus
KL17::bruno peisey,KL17,Koh-Lanta : Johor,Bruno Peisey,6,17,1,0,,1,Homme,0.0,Profil non physique,42+,42 ans et plus
KL17::bruno peisey,KL17,Koh-Lanta : Johor,Bruno Peisey,7,17,1,0,,1,Homme,0.0,Profil non physique,42+,42 ans et plus
KL17::bruno peisey,KL17,Koh-Lanta : Johor,Bruno Peisey,8,17,1,0,,1,Homme,0.0,Profil non physique,42+,42 ans et plus
KL17::bruno peisey,KL17,Koh-Lanta : Johor,Bruno Peisey,9,17,1,0,,1,Homme,0.0,Profil non physique,42+,42 ans et plus
KL17::bruno peisey,KL17,Koh-Lanta : Johor,Bruno Peisey,10,17,1,0,,1,Homme,0.0,Profil non physique,42+,42 ans et plus
KL17::bruno peisey,KL17,Koh-Lanta : Johor,Bruno Peisey,11,17,1,0,,1,Homme,0.0,Profil non physique,42+,42 ans et plus
KL17::bruno peisey,KL17,Koh-Lanta : Johor,Bruno Peisey,12,17,1,0,,1,Homme,0.0,Profil non physique,42+,42 ans et plus
KL17::bruno peisey,KL17,Koh-Lanta : Johor,Bruno Peisey,13,17,1,0,,1,Homme,0.0,Profil non physique,42+,42 ans et plus
KL17::bruno peisey,KL17,Koh-Lanta : Johor,Bruno Peisey,14,17,1,0,,1,Homme,0.0,Profil non physique,42+,42 ans et plus
KL17::bruno peisey,KL17,Koh-Lanta : Johor,Bruno Peisey,15,17,1,0,,1,Homme,0.0,Profil non physique,42+,42 ans et plus
KL17::bruno peisey,KL17,Koh-Lanta : Johor,Bruno Peisey,16,17,1,0,,1,Homme,0.0,Profil non physique,42+,42 ans et plus
KL17::bruno peisey,KL17,Koh-Lanta : Johor,Bruno Peisey,17,17,1,1,FINALE_ORIENTATION,1,Homme,0.0,Profil non physique,42+,42 ans et plus
KL17::mélissa bastin,KL17,Koh-Lanta : Johor,Mélissa Bastin,1,18,1,0,,0,Femme,1.0,Profil physique,26-33,26–33 ans
KL17::mélissa bastin,KL17,Koh-Lanta : Johor,Mélissa Bastin,2,18,1,0,,0,Femme,1.0,Profil physique,26-33,26–33 ans
KL17::mélissa bastin,KL17,Koh-Lanta : Johor,Mélissa Bastin,3,18,1,0,,0,Femme,1.0,Profil physique,26-33,26–33 ans
KL17::mélissa bastin,KL17,Koh-Lanta : Johor,Mélissa Bastin,4,18,1,0,,0,Femme,1.0,Profil physique,26-33,26–33 ans
KL17::mélissa bastin,KL17,Koh-Lanta : Johor,Mélissa Bastin,5,18,1,0,,0,Femme,1.0,Profil physique,26-33,26–33 ans
KL17::mélissa bastin,KL17,Koh-Lanta : Johor,Mélissa Bastin,6,18,1,0,,0,Femme,1.0,Profil physique,26-33,26–33 ans
KL17::mélissa bastin,KL17,Koh-Lanta : Johor,Mélissa Bastin,7,18,1,0,,0,Femme,1.0,Profil physique,26-33,26–33 ans
KL17::mélissa bastin,KL17,Koh-Lanta : Johor,Mélissa Bastin,8,18,1,0,,0,Femme,1.0,Profil physique,26-33,26–33 ans
KL17::mélissa bastin,KL17,Koh-Lanta : Johor,Mélissa Bastin,9,18,1,0,,0,Femme,1.0,Profil physique,26-33,26–33 ans
KL17::mélissa bastin,KL17,Koh-Lanta : Johor,Mélissa Bastin,10,18,1,0,,0,Femme,1.0,Profil physique,26-33,26–33 ans
KL17::mélissa bastin,KL17,Koh-Lanta : Johor,Mélissa Bastin,11,18,1,0,,0,Femme,1.0,Profil physique,26-33,26–33 ans
KL17::mélissa bastin,KL17,Koh-Lanta : Johor,Mélissa Bastin,12,18,1,0,,0,Femme,1.0,Profil physique,26-33,26–33 ans
KL17::mélissa bastin,KL17,Koh-Lanta : Johor,Mélissa Bastin,13,18,1,0,,0,Femme,1.0,Profil physique,26-33,26–33 ans
KL17::mélissa bastin,KL17,Koh-Lanta : Johor,Mélissa Bastin,14,18,1,0,,0,Femme,1.0,Profil physique,26-33,26–33 ans
KL17::mélissa bastin,KL17,Koh-Lanta : Johor,Mélissa Bastin,15,18,1,0,,0,Femme,1.0,Profil physique,26-33,26–33 ans
KL17::mélissa bastin,KL17,Koh-Lanta : Johor,Mélissa Bastin,16,18,1,0,,0,Femme,1.0,Profil physique,26-33,26–33 ans
KL17::mélissa bastin,KL17,Koh-Lanta : Johor,Mélissa Bastin,17,18,1,0,,0,Femme,1.0,Profil physique,26-33,26–33 ans
KL17::mélissa bastin,KL17,Koh-Lanta : Johor,Mélissa Bastin,18,18,1,1,FINALE_POTEAUX,0,Femme,1.0,Profil physique,26-33,26–33 ans
KL17::chantel ménard,KL17,Koh-Lanta : Johor,Chantel Ménard,1,19,1,0,,0,Femme,1.0,Profil physique,42+,42 ans et plus
KL17::chantel ménard,KL17,Koh-Lanta : Johor,Chantel Ménard,2,19,1,0,,0,Femme,1.0,Profil physique,42+,42 ans et plus
KL17::chantel ménard,KL17,Koh-Lanta : Johor,Chantel Ménard,3,19,1,0,,0,Femme,1.0,Profil physique,42+,42 ans et plus
KL17::chantel ménard,KL17,Koh-Lanta : Johor,Chantel Ménard,4,19,1,0,,0,Femme,1.0,Profil physique,42+,42 ans et plus
KL17::chantel ménard,KL17,Koh-Lanta : Johor,Chantel Ménard,5,19,1,0,,0,Femme,1.0,Profil physique,42+,42 ans et plus
KL17::chantel ménard,KL17,Koh-Lanta : Johor,Chantel Ménard,6,19,1,0,,0,Femme,1.0,Profil physique,42+,42 ans et plus
KL17::chantel ménard,KL17,Koh-Lanta : Johor,Chantel Ménard,7,19,1,0,,0,Femme,1.0,Profil physique,42+,42 ans et plus
KL17::chantel ménard,KL17,Koh-Lanta : Johor,Chantel Ménard,8,19,1,0,,0,Femme,1.0,Profil physique,42+,42 ans et plus
KL17::chantel ménard,KL17,Koh-Lanta : Johor,Chantel Ménard,9,19,1,0,,0,Femme,1.0,Profil physique,42+,42 ans et plus
KL17::chantel ménard,KL17,Koh-Lanta : Johor,Chantel Ménard,10,19,1,0,,0,Femme,1.0,Profil physique,42+,42 ans et plus
KL17::chantel ménard,KL17,Koh-Lanta : Johor,Chantel Ménard,11,19,1,0,,0,Femme,1.0,Profil physique,42+,42 ans et plus
KL17::chantel ménard,KL17,Koh-Lanta : Johor,Chantel Ménard,12,19,1,0,,0,Femme,1.0,Profil physique,42+,42 ans et plus
KL17::chantel ménard,KL17,Koh-Lanta : Johor,Chantel Ménard,13,19,1,0,,0,Femme,1.0,Profil physique,42+,42 ans et plus
KL17::chantel ménard,KL17,Koh-Lanta : Johor,Chantel Ménard,14,19,1,0,,0,Femme,1.0,Profil physique,42+,42 ans et plus
KL17::chantel ménard,KL17,Koh-Lanta : Johor,Chantel Ménard,15,19,1,0,,0,Femme,1.0,Profil physique,42+,42 ans et plus
KL17::chantel ménard,KL17,Koh-Lanta : Johor,Chantel Ménard,16,19,1,0,,0,Femme,1.0,Profil physique,42+,42 ans et plus
KL17::chantel ménard,KL17,Koh-Lanta : Johor,Chantel Ménard,17,19,1,0,,0,Femme,1.0,Profil physique,42+,42 ans et plus
KL17::chantel ménard,KL17,Koh-Lanta : Johor,Chantel Ménard,18,19,1,0,,0,Femme,1.0,Profil physique,42+,42 ans et plus
KL17::chantel ménard,KL17,Koh-Lanta : Johor,Chantel Ménard,19,19,1,1,JURY_FINAL_DECISION,0,Femme,1.0,Profil physique,42+,42 ans et plus
KL17::marc rambaud,KL17,Koh-Lanta : Johor,Marc Rambaud,1,20,1,0,,1,Homme,0.0,Profil non physique,42+,42 ans et plus
KL17::marc rambaud,KL17,Koh-Lanta : Johor,Marc Rambaud,2,20,1,0,,1,Homme,0.0,Profil non physique,42+,42 ans et plus
KL17::marc rambaud,KL17,Koh-Lanta : Johor,Marc Rambaud,3,20,1,0,,1,Homme,0.0,Profil non physique,42+,42 ans et plus
KL17::marc rambaud,KL17,Koh-Lanta : Johor,Marc Rambaud,4,20,1,0,,1,Homme,0.0,Profil non physique,42+,42 ans et plus
KL17::marc rambaud,KL17,Koh-Lanta : Johor,Marc Rambaud,5,20,1,0,,1,Homme,0.0,Profil non physique,42+,42 ans et plus
KL17::marc rambaud,KL17,Koh-Lanta : Johor,Marc Rambaud,6,20,1,0,,1,Homme,0.0,Profil non physique,42+,42 ans et plus
KL17::marc rambaud,KL17,Koh-Lanta : Johor,Marc Rambaud,7,20,1,0,,1,Homme,0.0,Profil non physique,42+,42 ans et plus
KL17::marc rambaud,KL17,Koh-Lanta : Johor,Marc Rambaud,8,20,1,0,,1,Homme,0.0,Profil non physique,42+,42 ans et plus
KL17::marc rambaud,KL17,Koh-Lanta : Johor,Marc Rambaud,9,20,1,0,,1,Homme,0.0,Profil non physique,42+,42 ans et plus
KL17::marc rambaud,KL17,Koh-Lanta : Johor,Marc Rambaud,10,20,1,0,,1,Homme,0.0,Profil non physique,42+,42 ans et plus
KL17::marc rambaud,KL17,Koh-Lanta : Johor,Marc Rambaud,11,20,1,0,,1,Homme,0.0,Profil non physique,42+,42 ans et plus
KL17::marc rambaud,KL17,Koh-Lanta : Johor,Marc Rambaud,12,20,1,0,,1,Homme,0.0,Profil non physique,42+,42 ans et plus
KL17::marc rambaud,KL17,Koh-Lanta : Johor,Marc Rambaud,13,20,1,0,,1,Homme,0.0,Profil non physique,42+,42 ans et plus
KL17::marc rambaud,KL17,Koh-Lanta : Johor,Marc Rambaud,14,20,1,0,,1,Homme,0.0,Profil non physique,42+,42 ans et plus
KL17::marc rambaud,KL17,Koh-Lanta : Johor,Marc Rambaud,15,20,1,0,,1,Homme,0.0,Profil non physique,42+,42 ans et plus
KL17::marc rambaud,KL17,Koh-Lanta : Johor,Marc Rambaud,16,20,1,0,,1,Homme,0.0,Profil non physique,42+,42 ans et plus
KL17::marc rambaud,KL17,Koh-Lanta : Johor,Marc Rambaud,17,20,1,0,,1,Homme,0.0,Profil non physique,42+,42 ans et plus
KL17::marc rambaud,KL17,Koh-Lanta : Johor,Marc Rambaud,18,20,1,0,,1,Homme,0.0,Profil non physique,42+,42 ans et plus
KL17::marc rambaud,KL17,Koh-Lanta : Johor,Marc Rambaud,19,20,1,0,,1,Homme,0.0,Profil non physique,42+,42 ans et plus
KL17::marc rambaud,KL17,Koh-Lanta : Johor,Marc Rambaud,20,20,1,0,,1,Homme,0.0,Profil non physique,42+,42 ans et plus
KL31::myriam zenasni,KL31,Koh-Lanta : L'Île au trésor,Myriam Zenasni,1,1,1,1,VOTE_CONSEIL,0,Femme,0.0,Profil non physique,34-41,34–41 ans
KL31::amandine schmitt,KL31,Koh-Lanta : L'Île au trésor,Amandine Schmitt,1,2,1,0,,0,Femme,0.0,Profil non physique,26-33,26–33 ans
KL31::amandine schmitt,KL31,Koh-Lanta : L'Île au trésor,Amandine Schmitt,2,2,1,1,VOTE_CONSEIL,0,Femme,0.0,Profil non physique,26-33,26–33 ans
KL31::sophie le nestic sabattier,KL31,Koh-Lanta : L'Île au trésor,Sophie Le Nestic Sabattier,1,3,1,0,,0,Femme,0.0,Profil non physique,42+,42 ans et plus
KL31::sophie le nestic sabattier,KL31,Koh-Lanta : L'Île au trésor,Sophie Le Nestic Sabattier,2,3,1,0,,0,Femme,0.0,Profil non physique,42+,42 ans et plus
KL31::sophie le nestic sabattier,KL31,Koh-Lanta : L'Île au trésor,Sophie Le Nestic Sabattier,3,3,1,1,VOTE_CONSEIL,0,Femme,0.0,Profil non physique,42+,42 ans et plus
KL31::sandrine bouzekri,KL31,Koh-Lanta : L'Île au trésor,Sandrine Bouzekri,1,4,1,0,,0,Femme,0.0,Profil non physique,26-33,26–33 ans
KL31::sandrine bouzekri,KL31,Koh-Lanta : L'Île au trésor,Sandrine Bouzekri,2,4,1,0,,0,Femme,0.0,Profil non physique,26-33,26–33 ans
KL31::sandrine bouzekri,KL31,Koh-Lanta : L'Île au trésor,Sandrine Bouzekri,3,4,1,0,,0,Femme,0.0,Profil non physique,26-33,26–33 ans
KL31::sandrine bouzekri,KL31,Koh-Lanta : L'Île au trésor,Sandrine Bouzekri,4,4,1,1,VOTE_CONSEIL,0,Femme,0.0,Profil non physique,26-33,26–33 ans
KL31::laurent mischkind,KL31,Koh-Lanta : L'Île au trésor,Laurent Mischkind,1,5,1,0,,1,Homme,0.0,Profil non physique,34-41,34–41 ans
KL31::laurent mischkind,KL31,Koh-Lanta : L'Île au trésor,Laurent Mischkind,2,5,1,0,,1,Homme,0.0,Profil non physique,34-41,34–41 ans
KL31::laurent mischkind,KL31,Koh-Lanta : L'Île au trésor,Laurent Mischkind,3,5,1,0,,1,Homme,0.0,Profil non physique,34-41,34–41 ans
KL31::laurent mischkind,KL31,Koh-Lanta : L'Île au trésor,Laurent Mischkind,4,5,1,0,,1,Homme,0.0,Profil non physique,34-41,34–41 ans
KL31::laurent mischkind,KL31,Koh-Lanta : L'Île au trésor,Laurent Mischkind,5,5,1,1,VOTE_CONSEIL,1,Homme,0.0,Profil non physique,34-41,34–41 ans
KL31::jean-luc duboscq,KL31,Koh-Lanta : L'Île au trésor,Jean-Luc Duboscq,1,6,1,0,,1,Homme,0.0,Profil non physique,42+,42 ans et plus
KL31::jean-luc duboscq,KL31,Koh-Lanta : L'Île au trésor,Jean-Luc Duboscq,2,6,1,0,,1,Homme,0.0,Profil non physique,42+,42 ans et plus
KL31::jean-luc duboscq,KL31,Koh-Lanta : L'Île au trésor,Jean-Luc Duboscq,3,6,1,0,,1,Homme,0.0,Profil non physique,42+,42 ans et plus
KL31::jean-luc duboscq,KL31,Koh-Lanta : L'Île au trésor,Jean-Luc Duboscq,4,6,1,0,,1,Homme,0.0,Profil non physique,42+,42 ans et plus
KL31::jean-luc duboscq,KL31,Koh-Lanta : L'Île au trésor,Jean-Luc Duboscq,5,6,1,0,,1,Homme,0.0,Profil non physique,42+,42 ans et plus
KL31::jean-luc duboscq,KL31,Koh-Lanta : L'Île au trésor,Jean-Luc Duboscq,6,6,1,1,VOTE_CONSEIL,1,Homme,0.0,Profil non physique,42+,42 ans et plus
KL31::jérôme merlier,KL31,Koh-Lanta : L'Île au trésor,Jérôme Merlier,1,7,1,0,,1,Homme,0.0,Profil non physique,42+,42 ans et plus
KL31::jérôme merlier,KL31,Koh-Lanta : L'Île au trésor,Jérôme Merlier,2,7,1,0,,1,Homme,0.0,Profil non physique,42+,42 ans et plus
KL31::jérôme merlier,KL31,Koh-Lanta : L'Île au trésor,Jérôme Merlier,3,7,1,0,,1,Homme,0.0,Profil non physique,42+,42 ans et plus
KL31::jérôme merlier,KL31,Koh-Lanta : L'Île au trésor,Jérôme Merlier,4,7,1,0,,1,Homme,0.0,Profil non physique,42+,42 ans et plus
KL31::jérôme merlier,KL31,Koh-Lanta : L'Île au trésor,Jérôme Merlier,5,7,1,0,,1,Homme,0.0,Profil non physique,42+,42 ans et plus
KL31::jérôme merlier,KL31,Koh-Lanta : L'Île au trésor,Jérôme Merlier,6,7,1,0,,1,Homme,0.0,Profil non physique,42+,42 ans et plus
KL31::jérôme merlier,KL31,Koh-Lanta : L'Île au trésor,Jérôme Merlier,7,7,1,1,AMBASSADEURS,1,Homme,0.0,Profil non physique,42+,42 ans et plus
"KL31::laurent ""lau"" émilien",KL31,Koh-Lanta : L'Île au trésor,"Laurent ""Lau"" Émilien",1,8,1,0,,1,Homme,0.0,Profil non physique,26-33,26–33 ans
"KL31::laurent ""lau"" émilien",KL31,Koh-Lanta : L'Île au trésor,"Laurent ""Lau"" Émilien",2,8,1,0,,1,Homme,0.0,Profil non physique,26-33,26–33 ans
"KL31::laurent ""lau"" émilien",KL31,Koh-Lanta : L'Île au trésor,"Laurent ""Lau"" Émilien",3,8,1,0,,1,Homme,0.0,Profil non physique,26-33,26–33 ans
"KL31::laurent ""lau"" émilien",KL31,Koh-Lanta : L'Île au trésor,"Laurent ""Lau"" Émilien",4,8,1,0,,1,Homme,0.0,Profil non physique,26-33,26–33 ans
"KL31::laurent ""lau"" émilien",KL31,Koh-Lanta : L'Île au trésor,"Laurent ""Lau"" Émilien",5,8,1,0,,1,Homme,0.0,Profil non physique,26-33,26–33 ans
"KL31::laurent ""lau"" émilien",KL31,Koh-Lanta : L'Île au trésor,"Laurent ""Lau"" Émilien",6,8,1,0,,1,Homme,0.0,Profil non physique,26-33,26–33 ans
"KL31::laurent ""lau"" émilien",KL31,Koh-Lanta : L'Île au trésor,"Laurent ""Lau"" Émilien",7,8,1,0,,1,Homme,0.0,Profil non physique,26-33,26–33 ans
"KL31::laurent ""lau"" émilien",KL31,Koh-Lanta : L'Île au trésor,"Laurent ""Lau"" Émilien",8,8,1,1,VOTE_CONSEIL,1,Homme,0.0,Profil non physique,26-33,26–33 ans
KL31::béryl libault de la chevasnerie,KL31,Koh-Lanta : L'Île au trésor,Béryl Libault de la Chevasnerie,1,9,1,0,,0,Femme,0.0,Profil non physique,26-33,26–33 ans
KL31::béryl libault de la chevasnerie,KL31,Koh-Lanta : L'Île au trésor,Béryl Libault de la Chevasnerie,2,9,1,0,,0,Femme,0.0,Profil non physique,26-33,26–33 ans
KL31::béryl libault de la chevasnerie,KL31,Koh-Lanta : L'Île au trésor,Béryl Libault de la Chevasnerie,3,9,1,0,,0,Femme,0.0,Profil non physique,26-33,26–33 ans
KL31::béryl libault de la chevasnerie,KL31,Koh-Lanta : L'Île au trésor,Béryl Libault de la Chevasnerie,4,9,1,0,,0,Femme,0.0,Profil non physique,26-33,26–33 ans
KL31::béryl libault de la chevasnerie,KL31,Koh-Lanta : L'Île au trésor,Béryl Libault de la Chevasnerie,5,9,1,0,,0,Femme,0.0,Profil non physique,26-33,26–33 ans
KL31::béryl libault de la chevasnerie,KL31,Koh-Lanta : L'Île au trésor,Béryl Libault de la Chevasnerie,6,9,1,0,,0,Femme,0.0,Profil non physique,26-33,26–33 ans
KL31::béryl libault de la chevasnerie,KL31,Koh-Lanta : L'Île au trésor,Béryl Libault de la Chevasnerie,7,9,1,0,,0,Femme,0.0,Profil non physique,26-33,26–33 ans
KL31::béryl libault de la chevasnerie,KL31,Koh-Lanta : L'Île au trésor,Béryl Libault de la Chevasnerie,8,9,1,0,,0,Femme,0.0,Profil non physique,26-33,26–33 ans
KL31::béryl libault de la chevasnerie,KL31,Koh-Lanta : L'Île au trésor,Béryl Libault de la Chevasnerie,9,9,1,1,VOTE_CONSEIL,0,Femme,0.0,Profil non physique,26-33,26–33 ans
KL31::alexandra pharisien,KL31,Koh-Lanta : L'Île au trésor,Alexandra Pharisien,1,10,1,0,,0,Femme,0.0,Profil non physique,34-41,34–41 ans
KL31::alexandra pharisien,KL31,Koh-Lanta : L'Île au trésor,Alexandra Pharisien,2,10,1,0,,0,Femme,0.0,Profil non physique,34-41,34–41 ans
KL31::alexandra pharisien,KL31,Koh-Lanta : L'Île au trésor,Alexandra Pharisien,3,10,1,0,,0,Femme,0.0,Profil non physique,34-41,34–41 ans
KL31::alexandra pharisien,KL31,Koh-Lanta : L'Île au trésor,Alexandra Pharisien,4,10,1,0,,0,Femme,0.0,Profil non physique,34-41,34–41 ans
KL31::alexandra pharisien,KL31,Koh-Lanta : L'Île au trésor,Alexandra Pharisien,5,10,1,0,,0,Femme,0.0,Profil non physique,34-41,34–41 ans
KL31::alexandra pharisien,KL31,Koh-Lanta : L'Île au trésor,Alexandra Pharisien,6,10,1,0,,0,Femme,0.0,Profil non physique,34-41,34–41 ans
KL31::alexandra pharisien,KL31,Koh-Lanta : L'Île au trésor,Alexandra Pharisien,7,10,1,0,,0,Femme,0.0,Profil non physique,34-41,34–41 ans
KL31::alexandra pharisien,KL31,Koh-Lanta : L'Île au trésor,Alexandra Pharisien,8,10,1,0,,0,Femme,0.0,Profil non physique,34-41,34–41 ans
KL31::alexandra pharisien,KL31,Koh-Lanta : L'Île au trésor,Alexandra Pharisien,9,10,1,0,,0,Femme,0.0,Profil non physique,34-41,34–41 ans
KL31::alexandra pharisien,KL31,Koh-Lanta : L'Île au trésor,Alexandra Pharisien,10,10,1,1,VOTE_CONSEIL,0,Femme,0.0,Profil non physique,34-41,34–41 ans
KL31::yannick delalleau,KL31,Koh-Lanta : L'Île au trésor,Yannick Delalleau,1,11,1,0,,1,Homme,1.0,Profil physique,34-41,34–41 ans
KL31::yannick delalleau,KL31,Koh-Lanta : L'Île au trésor,Yannick Delalleau,2,11,1,0,,1,Homme,1.0,Profil physique,34-41,34–41 ans
KL31::yannick delalleau,KL31,Koh-Lanta : L'Île au trésor,Yannick Delalleau,3,11,1,0,,1,Homme,1.0,Profil physique,34-41,34–41 ans
KL31::yannick delalleau,KL31,Koh-Lanta : L'Île au trésor,Yannick Delalleau,4,11,1,0,,1,Homme,1.0,Profil physique,34-41,34–41 ans
KL31::yannick delalleau,KL31,Koh-Lanta : L'Île au trésor,Yannick Delalleau,5,11,1,0,,1,Homme,1.0,Profil physique,34-41,34–41 ans
KL31::yannick delalleau,KL31,Koh-Lanta : L'Île au trésor,Yannick Delalleau,6,11,1,0,,1,Homme,1.0,Profil physique,34-41,34–41 ans
KL31::yannick delalleau,KL31,Koh-Lanta : L'Île au trésor,Yannick Delalleau,7,11,1,0,,1,Homme,1.0,Profil physique,34-41,34–41 ans
KL31::yannick delalleau,KL31,Koh-Lanta : L'Île au trésor,Yannick Delalleau,8,11,1,0,,1,Homme,1.0,Profil physique,34-41,34–41 ans
KL31::yannick delalleau,KL31,Koh-Lanta : L'Île au trésor,Yannick Delalleau,9,11,1,0,,1,Homme,1.0,Profil physique,34-41,34–41 ans
KL31::yannick delalleau,KL31,Koh-Lanta : L'Île au trésor,Yannick Delalleau,10,11,1,0,,1,Homme,1.0,Profil physique,34-41,34–41 ans
KL31::yannick delalleau,KL31,Koh-Lanta : L'Île au trésor,Yannick Delalleau,11,11,1,1,VOTE_CONSEIL,1,Homme,1.0,Profil physique,34-41,34–41 ans
KL31::julie navarro-camilleri,KL31,Koh-Lanta : L'Île au trésor,Julie Navarro-Camilleri,1,12,1,0,,0,Femme,0.0,Profil non physique,34-41,34–41 ans
KL31::julie navarro-camilleri,KL31,Koh-Lanta : L'Île au trésor,Julie Navarro-Camilleri,2,12,1,0,,0,Femme,0.0,Profil non physique,34-41,34–41 ans
KL31::julie navarro-camilleri,KL31,Koh-Lanta : L'Île au trésor,Julie Navarro-Camilleri,3,12,1,0,,0,Femme,0.0,Profil non physique,34-41,34–41 ans
KL31::julie navarro-camilleri,KL31,Koh-Lanta : L'Île au trésor,Julie Navarro-Camilleri,4,12,1,0,,0,Femme,0.0,Profil non physique,34-41,34–41 ans
KL31::julie navarro-camilleri,KL31,Koh-Lanta : L'Île au trésor,Julie Navarro-Camilleri,5,12,1,0,,0,Femme,0.0,Profil non physique,34-41,34–41 ans
KL31::julie navarro-camilleri,KL31,Koh-Lanta : L'Île au trésor,Julie Navarro-Camilleri,6,12,1,0,,0,Femme,0.0,Profil non physique,34-41,34–41 ans
KL31::julie navarro-camilleri,KL31,Koh-Lanta : L'Île au trésor,Julie Navarro-Camilleri,7,12,1,0,,0,Femme,0.0,Profil non physique,34-41,34–41 ans
KL31::julie navarro-camilleri,KL31,Koh-Lanta : L'Île au trésor,Julie Navarro-Camilleri,8,12,1,0,,0,Femme,0.0,Profil non physique,34-41,34–41 ans
KL31::julie navarro-camilleri,KL31,Koh-Lanta : L'Île au trésor,Julie Navarro-Camilleri,9,12,1,0,,0,Femme,0.0,Profil non physique,34-41,34–41 ans
KL31::julie navarro-camilleri,KL31,Koh-Lanta : L'Île au trésor,Julie Navarro-Camilleri,10,12,1,0,,0,Femme,0.0,Profil non physique,34-41,34–41 ans
KL31::julie navarro-camilleri,KL31,Koh-Lanta : L'Île au trésor,Julie Navarro-Camilleri,11,12,1,0,,0,Femme,0.0,Profil non physique,34-41,34–41 ans
KL31::julie navarro-camilleri,KL31,Koh-Lanta : L'Île au trésor,Julie Navarro-Camilleri,12,12,1,1,ELIMINATION_CHALLENGE,0,Femme,0.0,Profil non physique,34-41,34–41 ans
KL31::jérémy raffin,KL31,Koh-Lanta : L'Île au trésor,Jérémy Raffin,1,13,1,0,,1,Homme,0.0,Profil non physique,26-33,26–33 ans
KL31::jérémy raffin,KL31,Koh-Lanta : L'Île au trésor,Jérémy Raffin,2,13,1,0,,1,Homme,0.0,Profil non physique,26-33,26–33 ans
KL31::jérémy raffin,KL31,Koh-Lanta : L'Île au trésor,Jérémy Raffin,3,13,1,0,,1,Homme,0.0,Profil non physique,26-33,26–33 ans
KL31::jérémy raffin,KL31,Koh-Lanta : L'Île au trésor,Jérémy Raffin,4,13,1,0,,1,Homme,0.0,Profil non physique,26-33,26–33 ans
KL31::jérémy raffin,KL31,Koh-Lanta : L'Île au trésor,Jérémy Raffin,5,13,1,0,,1,Homme,0.0,Profil non physique,26-33,26–33 ans
KL31::jérémy raffin,KL31,Koh-Lanta : L'Île au trésor,Jérémy Raffin,6,13,1,0,,1,Homme,0.0,Profil non physique,26-33,26–33 ans
KL31::jérémy raffin,KL31,Koh-Lanta : L'Île au trésor,Jérémy Raffin,7,13,1,0,,1,Homme,0.0,Profil non physique,26-33,26–33 ans
KL31::jérémy raffin,KL31,Koh-Lanta : L'Île au trésor,Jérémy Raffin,8,13,1,0,,1,Homme,0.0,Profil non physique,26-33,26–33 ans
KL31::jérémy raffin,KL31,Koh-Lanta : L'Île au trésor,Jérémy Raffin,9,13,1,0,,1,Homme,0.0,Profil non physique,26-33,26–33 ans
KL31::jérémy raffin,KL31,Koh-Lanta : L'Île au trésor,Jérémy Raffin,10,13,1,0,,1,Homme,0.0,Profil non physique,26-33,26–33 ans
KL31::jérémy raffin,KL31,Koh-Lanta : L'Île au trésor,Jérémy Raffin,11,13,1,0,,1,Homme,0.0,Profil non physique,26-33,26–33 ans
KL31::jérémy raffin,KL31,Koh-Lanta : L'Île au trésor,Jérémy Raffin,12,13,1,0,,1,Homme,0.0,Profil non physique,26-33,26–33 ans
KL31::jérémy raffin,KL31,Koh-Lanta : L'Île au trésor,Jérémy Raffin,13,13,1,1,VOTE_CONSEIL,1,Homme,0.0,Profil non physique,26-33,26–33 ans
KL31::stéphane cipolla,KL31,Koh-Lanta : L'Île au trésor,Stéphane Cipolla,1,14,1,0,,1,Homme,0.0,Profil non physique,42+,42 ans et plus
KL31::stéphane cipolla,KL31,Koh-Lanta : L'Île au trésor,Stéphane Cipolla,2,14,1,0,,1,Homme,0.0,Profil non physique,42+,42 ans et plus
KL31::stéphane cipolla,KL31,Koh-Lanta : L'Île au trésor,Stéphane Cipolla,3,14,1,0,,1,Homme,0.0,Profil non physique,42+,42 ans et plus
KL31::stéphane cipolla,KL31,Koh-Lanta : L'Île au trésor,Stéphane Cipolla,4,14,1,0,,1,Homme,0.0,Profil non physique,42+,42 ans et plus
KL31::stéphane cipolla,KL31,Koh-Lanta : L'Île au trésor,Stéphane Cipolla,5,14,1,0,,1,Homme,0.0,Profil non physique,42+,42 ans et plus
KL31::stéphane cipolla,KL31,Koh-Lanta : L'Île au trésor,Stéphane Cipolla,6,14,1,0,,1,Homme,0.0,Profil non physique,42+,42 ans et plus
KL31::stéphane cipolla,KL31,Koh-Lanta : L'Île au trésor,Stéphane Cipolla,7,14,1,0,,1,Homme,0.0,Profil non physique,42+,42 ans et plus
KL31::stéphane cipolla,KL31,Koh-Lanta : L'Île au trésor,Stéphane Cipolla,8,14,1,0,,1,Homme,0.0,Profil non physique,42+,42 ans et plus
KL31::stéphane cipolla,KL31,Koh-Lanta : L'Île au trésor,Stéphane Cipolla,9,14,1,0,,1,Homme,0.0,Profil non physique,42+,42 ans et plus
KL31::stéphane cipolla,KL31,Koh-Lanta : L'Île au trésor,Stéphane Cipolla,10,14,1,0,,1,Homme,0.0,Profil non physique,42+,42 ans et plus
KL31::stéphane cipolla,KL31,Koh-Lanta : L'Île au trésor,Stéphane Cipolla,11,14,1,0,,1,Homme,0.0,Profil non physique,42+,42 ans et plus
KL31::stéphane cipolla,KL31,Koh-Lanta : L'Île au trésor,Stéphane Cipolla,12,14,1,0,,1,Homme,0.0,Profil non physique,42+,42 ans et plus
KL31::stéphane cipolla,KL31,Koh-Lanta : L'Île au trésor,Stéphane Cipolla,13,14,1,0,,1,Homme,0.0,Profil non physique,42+,42 ans et plus
KL31::stéphane cipolla,KL31,Koh-Lanta : L'Île au trésor,Stéphane Cipolla,14,14,1,1,VOTE_CONSEIL,1,Homme,0.0,Profil non physique,42+,42 ans et plus
KL31::ludivine wiart,KL31,Koh-Lanta : L'Île au trésor,Ludivine Wiart,1,15,1,0,,0,Femme,1.0,Profil physique,26-33,26–33 ans
KL31::ludivine wiart,KL31,Koh-Lanta : L'Île au trésor,Ludivine Wiart,2,15,1,0,,0,Femme,1.0,Profil physique,26-33,26–33 ans
KL31::ludivine wiart,KL31,Koh-Lanta : L'Île au trésor,Ludivine Wiart,3,15,1,0,,0,Femme,1.0,Profil physique,26-33,26–33 ans
KL31::ludivine wiart,KL31,Koh-Lanta : L'Île au trésor,Ludivine Wiart,4,15,1,0,,0,Femme,1.0,Profil physique,26-33,26–33 ans
KL31::ludivine wiart,KL31,Koh-Lanta : L'Île au trésor,Ludivine Wiart,5,15,1,0,,0,Femme,1.0,Profil physique,26-33,26–33 ans
KL31::ludivine wiart,KL31,Koh-Lanta : L'Île au trésor,Ludivine Wiart,6,15,1,0,,0,Femme,1.0,Profil physique,26-33,26–33 ans
KL31::ludivine wiart,KL31,Koh-Lanta : L'Île au trésor,Ludivine Wiart,7,15,1,0,,0,Femme,1.0,Profil physique,26-33,26–33 ans
KL31::ludivine wiart,KL31,Koh-Lanta : L'Île au trésor,Ludivine Wiart,8,15,1,0,,0,Femme,1.0,Profil physique,26-33,26–33 ans
KL31::ludivine wiart,KL31,Koh-Lanta : L'Île au trésor,Ludivine Wiart,9,15,1,0,,0,Femme,1.0,Profil physique,26-33,26–33 ans
KL31::ludivine wiart,KL31,Koh-Lanta : L'Île au trésor,Ludivine Wiart,10,15,1,0,,0,Femme,1.0,Profil physique,26-33,26–33 ans
KL31::ludivine wiart,KL31,Koh-Lanta : L'Île au trésor,Ludivine Wiart,11,15,1,0,,0,Femme,1.0,Profil physique,26-33,26–33 ans
KL31::ludivine wiart,KL31,Koh-Lanta : L'Île au trésor,Ludivine Wiart,12,15,1,0,,0,Femme,1.0,Profil physique,26-33,26–33 ans
KL31::ludivine wiart,KL31,Koh-Lanta : L'Île au trésor,Ludivine Wiart,13,15,1,0,,0,Femme,1.0,Profil physique,26-33,26–33 ans
KL31::ludivine wiart,KL31,Koh-Lanta : L'Île au trésor,Ludivine Wiart,14,15,1,0,,0,Femme,1.0,Profil physique,26-33,26–33 ans
KL31::ludivine wiart,KL31,Koh-Lanta : L'Île au trésor,Ludivine Wiart,15,15,1,1,VOTE_CONSEIL,0,Femme,1.0,Profil physique,26-33,26–33 ans
KL31::candice boisson,KL31,Koh-Lanta : L'Île au trésor,Candice Boisson,1,16,1,0,,0,Femme,1.0,Profil physique,18-25,18–25 ans
KL31::candice boisson,KL31,Koh-Lanta : L'Île au trésor,Candice Boisson,2,16,1,0,,0,Femme,1.0,Profil physique,18-25,18–25 ans
KL31::candice boisson,KL31,Koh-Lanta : L'Île au trésor,Candice Boisson,3,16,1,0,,0,Femme,1.0,Profil physique,18-25,18–25 ans
KL31::candice boisson,KL31,Koh-Lanta : L'Île au trésor,Candice Boisson,4,16,1,0,,0,Femme,1.0,Profil physique,18-25,18–25 ans
KL31::candice boisson,KL31,Koh-Lanta : L'Île au trésor,Candice Boisson,5,16,1,0,,0,Femme,1.0,Profil physique,18-25,18–25 ans
KL31::candice boisson,KL31,Koh-Lanta : L'Île au trésor,Candice Boisson,6,16,1,0,,0,Femme,1.0,Profil physique,18-25,18–25 ans
KL31::candice boisson,KL31,Koh-Lanta : L'Île au trésor,Candice Boisson,7,16,1,0,,0,Femme,1.0,Profil physique,18-25,18–25 ans
KL31::candice boisson,KL31,Koh-Lanta : L'Île au trésor,Candice Boisson,8,16,1,0,,0,Femme,1.0,Profil physique,18-25,18–25 ans
KL31::candice boisson,KL31,Koh-Lanta : L'Île au trésor,Candice Boisson,9,16,1,0,,0,Femme,1.0,Profil physique,18-25,18–25 ans
KL31::candice boisson,KL31,Koh-Lanta : L'Île au trésor,Candice Boisson,10,16,1,0,,0,Femme,1.0,Profil physique,18-25,18–25 ans
KL31::candice boisson,KL31,Koh-Lanta : L'Île au trésor,Candice Boisson,11,16,1,0,,0,Femme,1.0,Profil physique,18-25,18–25 ans
KL31::candice boisson,KL31,Koh-Lanta : L'Île au trésor,Candice Boisson,12,16,1,0,,0,Femme,1.0,Profil physique,18-25,18–25 ans
KL31::candice boisson,KL31,Koh-Lanta : L'Île au trésor,Candice Boisson,13,16,1,0,,0,Femme,1.0,Profil physique,18-25,18–25 ans
KL31::candice boisson,KL31,Koh-Lanta : L'Île au trésor,Candice Boisson,14,16,1,0,,0,Femme,1.0,Profil physique,18-25,18–25 ans
KL31::candice boisson,KL31,Koh-Lanta : L'Île au trésor,Candice Boisson,15,16,1,0,,0,Femme,1.0,Profil physique,18-25,18–25 ans
KL31::candice boisson,KL31,Koh-Lanta : L'Île au trésor,Candice Boisson,16,16,1,1,ELIMINATION_CHALLENGE,0,Femme,1.0,Profil physique,18-25,18–25 ans
KL31::bruno troester,KL31,Koh-Lanta : L'Île au trésor,Bruno Troester,1,17,1,0,,1,Homme,0.0,Profil non physique,42+,42 ans et plus
KL31::bruno troester,KL31,Koh-Lanta : L'Île au trésor,Bruno Troester,2,17,1,0,,1,Homme,0.0,Profil non physique,42+,42 ans et plus
KL31::bruno troester,KL31,Koh-Lanta : L'Île au trésor,Bruno Troester,3,17,1,0,,1,Homme,0.0,Profil non physique,42+,42 ans et plus
KL31::bruno troester,KL31,Koh-Lanta : L'Île au trésor,Bruno Troester,4,17,1,0,,1,Homme,0.0,Profil non physique,42+,42 ans et plus
KL31::bruno troester,KL31,Koh-Lanta : L'Île au trésor,Bruno Troester,5,17,1,0,,1,Homme,0.0,Profil non physique,42+,42 ans et plus
KL31::bruno troester,KL31,Koh-Lanta : L'Île au trésor,Bruno Troester,6,17,1,0,,1,Homme,0.0,Profil non physique,42+,42 ans et plus
KL31::bruno troester,KL31,Koh-Lanta : L'Île au trésor,Bruno Troester,7,17,1,0,,1,Homme,0.0,Profil non physique,42+,42 ans et plus
KL31::bruno troester,KL31,Koh-Lanta : L'Île au trésor,Bruno Troester,8,17,1,0,,1,Homme,0.0,Profil non physique,42+,42 ans et plus
KL31::bruno troester,KL31,Koh-Lanta : L'Île au trésor,Bruno Troester,9,17,1,0,,1,Homme,0.0,Profil non physique,42+,42 ans et plus
KL31::bruno troester,KL31,Koh-Lanta : L'Île au trésor,Bruno Troester,10,17,1,0,,1,Homme,0.0,Profil non physique,42+,42 ans et plus
KL31::bruno troester,KL31,Koh-Lanta : L'Île au trésor,Bruno Troester,11,17,1,0,,1,Homme,0.0,Profil non physique,42+,42 ans et plus
KL31::bruno troester,KL31,Koh-Lanta : L'Île au trésor,Bruno Troester,12,17,1,0,,1,Homme,0.0,Profil non physique,42+,42 ans et plus
KL31::bruno troester,KL31,Koh-Lanta : L'Île au trésor,Bruno Troester,13,17,1,0,,1,Homme,0.0,Profil non physique,42+,42 ans et plus
KL31::bruno troester,KL31,Koh-Lanta : L'Île au trésor,Bruno Troester,14,17,1,0,,1,Homme,0.0,Profil non physique,42+,42 ans et plus
KL31::bruno troester,KL31,Koh-Lanta : L'Île au trésor,Bruno Troester,15,17,1,0,,1,Homme,0.0,Profil non physique,42+,42 ans et plus
KL31::bruno troester,KL31,Koh-Lanta : L'Île au trésor,Bruno Troester,16,17,1,0,,1,Homme,0.0,Profil non physique,42+,42 ans et plus
KL31::bruno troester,KL31,Koh-Lanta : L'Île au trésor,Bruno Troester,17,17,1,1,FINALE_ORIENTATION,1,Homme,0.0,Profil non physique,42+,42 ans et plus
KL31::freddy bolzer,KL31,Koh-Lanta : L'Île au trésor,Freddy Bolzer,1,18,1,0,,1,Homme,0.0,Profil non physique,26-33,26–33 ans
KL31::freddy bolzer,KL31,Koh-Lanta : L'Île au trésor,Freddy Bolzer,2,18,1,0,,1,Homme,0.0,Profil non physique,26-33,26–33 ans
KL31::freddy bolzer,KL31,Koh-Lanta : L'Île au trésor,Freddy Bolzer,3,18,1,0,,1,Homme,0.0,Profil non physique,26-33,26–33 ans
KL31::freddy bolzer,KL31,Koh-Lanta : L'Île au trésor,Freddy Bolzer,4,18,1,0,,1,Homme,0.0,Profil non physique,26-33,26–33 ans
KL31::freddy bolzer,KL31,Koh-Lanta : L'Île au trésor,Freddy Bolzer,5,18,1,0,,1,Homme,0.0,Profil non physique,26-33,26–33 ans
KL31::freddy bolzer,KL31,Koh-Lanta : L'Île au trésor,Freddy Bolzer,6,18,1,0,,1,Homme,0.0,Profil non physique,26-33,26–33 ans
KL31::freddy bolzer,KL31,Koh-Lanta : L'Île au trésor,Freddy Bolzer,7,18,1,0,,1,Homme,0.0,Profil non physique,26-33,26–33 ans
KL31::freddy bolzer,KL31,Koh-Lanta : L'Île au trésor,Freddy Bolzer,8,18,1,0,,1,Homme,0.0,Profil non physique,26-33,26–33 ans
KL31::freddy bolzer,KL31,Koh-Lanta : L'Île au trésor,Freddy Bolzer,9,18,1,0,,1,Homme,0.0,Profil non physique,26-33,26–33 ans
KL31::freddy bolzer,KL31,Koh-Lanta : L'Île au trésor,Freddy Bolzer,10,18,1,0,,1,Homme,0.0,Profil non physique,26-33,26–33 ans
KL31::freddy bolzer,KL31,Koh-Lanta : L'Île au trésor,Freddy Bolzer,11,18,1,0,,1,Homme,0.0,Profil non physique,26-33,26–33 ans
KL31::freddy bolzer,KL31,Koh-Lanta : L'Île au trésor,Freddy Bolzer,12,18,1,0,,1,Homme,0.0,Profil non physique,26-33,26–33 ans
KL31::freddy bolzer,KL31,Koh-Lanta : L'Île au trésor,Freddy Bolzer,13,18,1,0,,1,Homme,0.0,Profil non physique,26-33,26–33 ans
KL31::freddy bolzer,KL31,Koh-Lanta : L'Île au trésor,Freddy Bolzer,14,18,1,0,,1,Homme,0.0,Profil non physique,26-33,26–33 ans
KL31::freddy bolzer,KL31,Koh-Lanta : L'Île au trésor,Freddy Bolzer,15,18,1,0,,1,Homme,0.0,Profil non physique,26-33,26–33 ans
KL31::freddy bolzer,KL31,Koh-Lanta : L'Île au trésor,Freddy Bolzer,16,18,1,0,,1,Homme,0.0,Profil non physique,26-33,26–33 ans
KL31::freddy bolzer,KL31,Koh-Lanta : L'Île au trésor,Freddy Bolzer,17,18,1,0,,1,Homme,0.0,Profil non physique,26-33,26–33 ans
KL31::freddy bolzer,KL31,Koh-Lanta : L'Île au trésor,Freddy Bolzer,18,18,1,1,FINALE_POTEAUX,1,Homme,0.0,Profil non physique,26-33,26–33 ans
KL31::jesta hillmann,KL31,Koh-Lanta : L'Île au trésor,Jesta Hillmann,1,19,1,0,,0,Femme,0.0,Profil non physique,18-25,18–25 ans
KL31::jesta hillmann,KL31,Koh-Lanta : L'Île au trésor,Jesta Hillmann,2,19,1,0,,0,Femme,0.0,Profil non physique,18-25,18–25 ans
KL31::jesta hillmann,KL31,Koh-Lanta : L'Île au trésor,Jesta Hillmann,3,19,1,0,,0,Femme,0.0,Profil non physique,18-25,18–25 ans
KL31::jesta hillmann,KL31,Koh-Lanta : L'Île au trésor,Jesta Hillmann,4,19,1,0,,0,Femme,0.0,Profil non physique,18-25,18–25 ans
KL31::jesta hillmann,KL31,Koh-Lanta : L'Île au trésor,Jesta Hillmann,5,19,1,0,,0,Femme,0.0,Profil non physique,18-25,18–25 ans
KL31::jesta hillmann,KL31,Koh-Lanta : L'Île au trésor,Jesta Hillmann,6,19,1,0,,0,Femme,0.0,Profil non physique,18-25,18–25 ans
KL31::jesta hillmann,KL31,Koh-Lanta : L'Île au trésor,Jesta Hillmann,7,19,1,0,,0,Femme,0.0,Profil non physique,18-25,18–25 ans
KL31::jesta hillmann,KL31,Koh-Lanta : L'Île au trésor,Jesta Hillmann,8,19,1,0,,0,Femme,0.0,Profil non physique,18-25,18–25 ans
KL31::jesta hillmann,KL31,Koh-Lanta : L'Île au trésor,Jesta Hillmann,9,19,1,0,,0,Femme,0.0,Profil non physique,18-25,18–25 ans
KL31::jesta hillmann,KL31,Koh-Lanta : L'Île au trésor,Jesta Hillmann,10,19,1,0,,0,Femme,0.0,Profil non physique,18-25,18–25 ans
KL31::jesta hillmann,KL31,Koh-Lanta : L'Île au trésor,Jesta Hillmann,11,19,1,0,,0,Femme,0.0,Profil non physique,18-25,18–25 ans
KL31::jesta hillmann,KL31,Koh-Lanta : L'Île au trésor,Jesta Hillmann,12,19,1,0,,0,Femme,0.0,Profil non physique,18-25,18–25 ans
KL31::jesta hillmann,KL31,Koh-Lanta : L'Île au trésor,Jesta Hillmann,13,19,1,0,,0,Femme,0.0,Profil non physique,18-25,18–25 ans
KL31::jesta hillmann,KL31,Koh-Lanta : L'Île au trésor,Jesta Hillmann,14,19,1,0,,0,Femme,0.0,Profil non physique,18-25,18–25 ans
KL31::jesta hillmann,KL31,Koh-Lanta : L'Île au trésor,Jesta Hillmann,15,19,1,0,,0,Femme,0.0,Profil non physique,18-25,18–25 ans
KL31::jesta hillmann,KL31,Koh-Lanta : L'Île au trésor,Jesta Hillmann,16,19,1,0,,0,Femme,0.0,Profil non physique,18-25,18–25 ans
KL31::jesta hillmann,KL31,Koh-Lanta : L'Île au trésor,Jesta Hillmann,17,19,1,0,,0,Femme,0.0,Profil non physique,18-25,18–25 ans
KL31::jesta hillmann,KL31,Koh-Lanta : L'Île au trésor,Jesta Hillmann,18,19,1,0,,0,Femme,0.0,Profil non physique,18-25,18–25 ans
KL31::jesta hillmann,KL31,Koh-Lanta : L'Île au trésor,Jesta Hillmann,19,19,1,1,JURY_FINAL_DECISION,0,Femme,0.0,Profil non physique,18-25,18–25 ans
KL31::benoît assadi,KL31,Koh-Lanta : L'Île au trésor,Benoît Assadi,1,20,1,0,,1,Homme,1.0,Profil physique,18-25,18–25 ans
KL31::benoît assadi,KL31,Koh-Lanta : L'Île au trésor,Benoît Assadi,2,20,1,0,,1,Homme,1.0,Profil physique,18-25,18–25 ans
KL31::benoît assadi,KL31,Koh-Lanta : L'Île au trésor,Benoît Assadi,3,20,1,0,,1,Homme,1.0,Profil physique,18-25,18–25 ans
KL31::benoît assadi,KL31,Koh-Lanta : L'Île au trésor,Benoît Assadi,4,20,1,0,,1,Homme,1.0,Profil physique,18-25,18–25 ans
KL31::benoît assadi,KL31,Koh-Lanta : L'Île au trésor,Benoît Assadi,5,20,1,0,,1,Homme,1.0,Profil physique,18-25,18–25 ans
KL31::benoît assadi,KL31,Koh-Lanta : L'Île au trésor,Benoît Assadi,6,20,1,0,,1,Homme,1.0,Profil physique,18-25,18–25 ans
KL31::benoît assadi,KL31,Koh-Lanta : L'Île au trésor,Benoît Assadi,7,20,1,0,,1,Homme,1.0,Profil physique,18-25,18–25 ans
KL31::benoît assadi,KL31,Koh-Lanta : L'Île au trésor,Benoît Assadi,8,20,1,0,,1,Homme,1.0,Profil physique,18-25,18–25 ans
KL31::benoît assadi,KL31,Koh-Lanta : L'Île au trésor,Benoît Assadi,9,20,1,0,,1,Homme,1.0,Profil physique,18-25,18–25 ans
KL31::benoît assadi,KL31,Koh-Lanta : L'Île au trésor,Benoît Assadi,10,20,1,0,,1,Homme,1.0,Profil physique,18-25,18–25 ans
KL31::benoît assadi,KL31,Koh-Lanta : L'Île au trésor,Benoît Assadi,11,20,1,0,,1,Homme,1.0,Profil physique,18-25,18–25 ans
KL31::benoît assadi,KL31,Koh-Lanta : L'Île au trésor,Benoît Assadi,12,20,1,0,,1,Homme,1.0,Profil physique,18-25,18–25 ans
KL31::benoît assadi,KL31,Koh-Lanta : L'Île au trésor,Benoît Assadi,13,20,1,0,,1,Homme,1.0,Profil physique,18-25,18–25 ans
KL31::benoît assadi,KL31,Koh-Lanta : L'Île au trésor,Benoît Assadi,14,20,1,0,,1,Homme,1.0,Profil physique,18-25,18–25 ans
KL31::benoît assadi,KL31,Koh-Lanta : L'Île au trésor,Benoît Assadi,15,20,1,0,,1,Homme,1.0,Profil physique,18-25,18–25 ans
KL31::benoît assadi,KL31,Koh-Lanta : L'Île au trésor,Benoît Assadi,16,20,1,0,,1,Homme,1.0,Profil physique,18-25,18–25 ans
KL31::benoît assadi,KL31,Koh-Lanta : L'Île au trésor,Benoît Assadi,17,20,1,0,,1,Homme,1.0,Profil physique,18-25,18–25 ans
KL31::benoît assadi,KL31,Koh-Lanta : L'Île au trésor,Benoît Assadi,18,20,1,0,,1,Homme,1.0,Profil physique,18-25,18–25 ans
KL31::benoît assadi,KL31,Koh-Lanta : L'Île au trésor,Benoît Assadi,19,20,1,0,,1,Homme,1.0,Profil physique,18-25,18–25 ans
KL31::benoît assadi,KL31,Koh-Lanta : L'Île au trésor,Benoît Assadi,20,20,1,0,,1,Homme,1.0,Profil physique,18-25,18–25 ans
KL22::aliséa,KL22,Koh-Lanta : La Guerre des Chefs,Aliséa,1,1,1,1,MEDICAL,0,Femme,1.0,Profil physique,18-25,18–25 ans
KL22::carinne,KL22,Koh-Lanta : La Guerre des Chefs,Carinne,1,2,1,0,,0,Femme,0.0,Profil non physique,42+,42 ans et plus
KL22::carinne,KL22,Koh-Lanta : La Guerre des Chefs,Carinne,2,2,1,1,MEDICAL,0,Femme,0.0,Profil non physique,42+,42 ans et plus
KL22::émilie,KL22,Koh-Lanta : La Guerre des Chefs,Émilie,1,3,1,0,,0,Femme,0.0,Profil non physique,34-41,34–41 ans
KL22::émilie,KL22,Koh-Lanta : La Guerre des Chefs,Émilie,2,3,1,0,,0,Femme,0.0,Profil non physique,34-41,34–41 ans
KL22::émilie,KL22,Koh-Lanta : La Guerre des Chefs,Émilie,3,3,1,1,VOTE_CONSEIL,0,Femme,0.0,Profil non physique,34-41,34–41 ans
KL22::victor,KL22,Koh-Lanta : La Guerre des Chefs,Victor,1,4,1,0,,1,Homme,1.0,Profil physique,18-25,18–25 ans
KL22::victor,KL22,Koh-Lanta : La Guerre des Chefs,Victor,2,4,1,0,,1,Homme,1.0,Profil physique,18-25,18–25 ans
KL22::victor,KL22,Koh-Lanta : La Guerre des Chefs,Victor,3,4,1,0,,1,Homme,1.0,Profil physique,18-25,18–25 ans
KL22::victor,KL22,Koh-Lanta : La Guerre des Chefs,Victor,4,4,1,1,VOTE_CONSEIL,1,Homme,1.0,Profil physique,18-25,18–25 ans
KL22::chloé,KL22,Koh-Lanta : La Guerre des Chefs,Chloé,1,5,1,0,,0,Femme,0.0,Profil non physique,26-33,26–33 ans
KL22::chloé,KL22,Koh-Lanta : La Guerre des Chefs,Chloé,2,5,1,0,,0,Femme,0.0,Profil non physique,26-33,26–33 ans
KL22::chloé,KL22,Koh-Lanta : La Guerre des Chefs,Chloé,3,5,1,0,,0,Femme,0.0,Profil non physique,26-33,26–33 ans
KL22::chloé,KL22,Koh-Lanta : La Guerre des Chefs,Chloé,4,5,1,0,,0,Femme,0.0,Profil non physique,26-33,26–33 ans
KL22::chloé,KL22,Koh-Lanta : La Guerre des Chefs,Chloé,5,5,1,1,VOTE_CONSEIL,0,Femme,0.0,Profil non physique,26-33,26–33 ans
KL22::xavier,KL22,Koh-Lanta : La Guerre des Chefs,Xavier,1,6,1,0,,1,Homme,1.0,Profil physique,42+,42 ans et plus
KL22::xavier,KL22,Koh-Lanta : La Guerre des Chefs,Xavier,2,6,1,0,,1,Homme,1.0,Profil physique,42+,42 ans et plus
KL22::xavier,KL22,Koh-Lanta : La Guerre des Chefs,Xavier,3,6,1,0,,1,Homme,1.0,Profil physique,42+,42 ans et plus
KL22::xavier,KL22,Koh-Lanta : La Guerre des Chefs,Xavier,4,6,1,0,,1,Homme,1.0,Profil physique,42+,42 ans et plus
KL22::xavier,KL22,Koh-Lanta : La Guerre des Chefs,Xavier,5,6,1,0,,1,Homme,1.0,Profil physique,42+,42 ans et plus
KL22::xavier,KL22,Koh-Lanta : La Guerre des Chefs,Xavier,6,6,1,1,VOTE_CONSEIL,1,Homme,1.0,Profil physique,42+,42 ans et plus
KL22::frédéric,KL22,Koh-Lanta : La Guerre des Chefs,Frédéric,1,7,1,0,,1,Homme,0.0,Profil non physique,42+,42 ans et plus
KL22::frédéric,KL22,Koh-Lanta : La Guerre des Chefs,Frédéric,2,7,1,0,,1,Homme,0.0,Profil non physique,42+,42 ans et plus
KL22::frédéric,KL22,Koh-Lanta : La Guerre des Chefs,Frédéric,3,7,1,0,,1,Homme,0.0,Profil non physique,42+,42 ans et plus
KL22::frédéric,KL22,Koh-Lanta : La Guerre des Chefs,Frédéric,4,7,1,0,,1,Homme,0.0,Profil non physique,42+,42 ans et plus
KL22::frédéric,KL22,Koh-Lanta : La Guerre des Chefs,Frédéric,5,7,1,0,,1,Homme,0.0,Profil non physique,42+,42 ans et plus
KL22::frédéric,KL22,Koh-Lanta : La Guerre des Chefs,Frédéric,6,7,1,0,,1,Homme,0.0,Profil non physique,42+,42 ans et plus
KL22::frédéric,KL22,Koh-Lanta : La Guerre des Chefs,Frédéric,7,7,1,1,AMBASSADEURS,1,Homme,0.0,Profil non physique,42+,42 ans et plus
KL22::alexandre,KL22,Koh-Lanta : La Guerre des Chefs,Alexandre,1,8,1,0,,1,Homme,0.0,Profil non physique,26-33,26–33 ans
KL22::alexandre,KL22,Koh-Lanta : La Guerre des Chefs,Alexandre,2,8,1,0,,1,Homme,0.0,Profil non physique,26-33,26–33 ans
KL22::alexandre,KL22,Koh-Lanta : La Guerre des Chefs,Alexandre,3,8,1,0,,1,Homme,0.0,Profil non physique,26-33,26–33 ans
KL22::alexandre,KL22,Koh-Lanta : La Guerre des Chefs,Alexandre,4,8,1,0,,1,Homme,0.0,Profil non physique,26-33,26–33 ans
KL22::alexandre,KL22,Koh-Lanta : La Guerre des Chefs,Alexandre,5,8,1,0,,1,Homme,0.0,Profil non physique,26-33,26–33 ans
KL22::alexandre,KL22,Koh-Lanta : La Guerre des Chefs,Alexandre,6,8,1,0,,1,Homme,0.0,Profil non physique,26-33,26–33 ans
KL22::alexandre,KL22,Koh-Lanta : La Guerre des Chefs,Alexandre,7,8,1,0,,1,Homme,0.0,Profil non physique,26-33,26–33 ans
KL22::alexandre,KL22,Koh-Lanta : La Guerre des Chefs,Alexandre,8,8,1,1,VOTE_CONSEIL,1,Homme,0.0,Profil non physique,26-33,26–33 ans
KL22::béatrice,KL22,Koh-Lanta : La Guerre des Chefs,Béatrice,1,9,1,0,,0,Femme,1.0,Profil physique,26-33,26–33 ans
KL22::béatrice,KL22,Koh-Lanta : La Guerre des Chefs,Béatrice,2,9,1,0,,0,Femme,1.0,Profil physique,26-33,26–33 ans
KL22::béatrice,KL22,Koh-Lanta : La Guerre des Chefs,Béatrice,3,9,1,0,,0,Femme,1.0,Profil physique,26-33,26–33 ans
KL22::béatrice,KL22,Koh-Lanta : La Guerre des Chefs,Béatrice,4,9,1,0,,0,Femme,1.0,Profil physique,26-33,26–33 ans
KL22::béatrice,KL22,Koh-Lanta : La Guerre des Chefs,Béatrice,5,9,1,0,,0,Femme,1.0,Profil physique,26-33,26–33 ans
KL22::béatrice,KL22,Koh-Lanta : La Guerre des Chefs,Béatrice,6,9,1,0,,0,Femme,1.0,Profil physique,26-33,26–33 ans
KL22::béatrice,KL22,Koh-Lanta : La Guerre des Chefs,Béatrice,7,9,1,0,,0,Femme,1.0,Profil physique,26-33,26–33 ans
KL22::béatrice,KL22,Koh-Lanta : La Guerre des Chefs,Béatrice,8,9,1,0,,0,Femme,1.0,Profil physique,26-33,26–33 ans
KL22::béatrice,KL22,Koh-Lanta : La Guerre des Chefs,Béatrice,9,9,1,1,VOTE_CONSEIL,0,Femme,1.0,Profil physique,26-33,26–33 ans
KL22::brice,KL22,Koh-Lanta : La Guerre des Chefs,Brice,1,10,1,0,,1,Homme,0.0,Profil non physique,18-25,18–25 ans
KL22::brice,KL22,Koh-Lanta : La Guerre des Chefs,Brice,2,10,1,0,,1,Homme,0.0,Profil non physique,18-25,18–25 ans
KL22::brice,KL22,Koh-Lanta : La Guerre des Chefs,Brice,3,10,1,0,,1,Homme,0.0,Profil non physique,18-25,18–25 ans
KL22::brice,KL22,Koh-Lanta : La Guerre des Chefs,Brice,4,10,1,0,,1,Homme,0.0,Profil non physique,18-25,18–25 ans
KL22::brice,KL22,Koh-Lanta : La Guerre des Chefs,Brice,5,10,1,0,,1,Homme,0.0,Profil non physique,18-25,18–25 ans
KL22::brice,KL22,Koh-Lanta : La Guerre des Chefs,Brice,6,10,1,0,,1,Homme,0.0,Profil non physique,18-25,18–25 ans
KL22::brice,KL22,Koh-Lanta : La Guerre des Chefs,Brice,7,10,1,0,,1,Homme,0.0,Profil non physique,18-25,18–25 ans
KL22::brice,KL22,Koh-Lanta : La Guerre des Chefs,Brice,8,10,1,0,,1,Homme,0.0,Profil non physique,18-25,18–25 ans
KL22::brice,KL22,Koh-Lanta : La Guerre des Chefs,Brice,9,10,1,0,,1,Homme,0.0,Profil non physique,18-25,18–25 ans
KL22::brice,KL22,Koh-Lanta : La Guerre des Chefs,Brice,10,10,1,1,VOTE_CONSEIL,1,Homme,0.0,Profil non physique,18-25,18–25 ans
KL22::sophie,KL22,Koh-Lanta : La Guerre des Chefs,Sophie,1,11,1,0,,0,Femme,1.0,Profil physique,34-41,34–41 ans
KL22::sophie,KL22,Koh-Lanta : La Guerre des Chefs,Sophie,2,11,1,0,,0,Femme,1.0,Profil physique,34-41,34–41 ans
KL22::sophie,KL22,Koh-Lanta : La Guerre des Chefs,Sophie,3,11,1,0,,0,Femme,1.0,Profil physique,34-41,34–41 ans
KL22::sophie,KL22,Koh-Lanta : La Guerre des Chefs,Sophie,4,11,1,0,,0,Femme,1.0,Profil physique,34-41,34–41 ans
KL22::sophie,KL22,Koh-Lanta : La Guerre des Chefs,Sophie,5,11,1,0,,0,Femme,1.0,Profil physique,34-41,34–41 ans
KL22::sophie,KL22,Koh-Lanta : La Guerre des Chefs,Sophie,6,11,1,0,,0,Femme,1.0,Profil physique,34-41,34–41 ans
KL22::sophie,KL22,Koh-Lanta : La Guerre des Chefs,Sophie,7,11,1,0,,0,Femme,1.0,Profil physique,34-41,34–41 ans
KL22::sophie,KL22,Koh-Lanta : La Guerre des Chefs,Sophie,8,11,1,0,,0,Femme,1.0,Profil physique,34-41,34–41 ans
KL22::sophie,KL22,Koh-Lanta : La Guerre des Chefs,Sophie,9,11,1,0,,0,Femme,1.0,Profil physique,34-41,34–41 ans
KL22::sophie,KL22,Koh-Lanta : La Guerre des Chefs,Sophie,10,11,1,0,,0,Femme,1.0,Profil physique,34-41,34–41 ans
KL22::sophie,KL22,Koh-Lanta : La Guerre des Chefs,Sophie,11,11,1,1,VOTE_CONSEIL,0,Femme,1.0,Profil physique,34-41,34–41 ans
KL22::angélique,KL22,Koh-Lanta : La Guerre des Chefs,Angélique,1,11,1,0,,0,Femme,0.0,Profil non physique,18-25,18–25 ans
KL22::angélique,KL22,Koh-Lanta : La Guerre des Chefs,Angélique,2,11,1,0,,0,Femme,0.0,Profil non physique,18-25,18–25 ans
KL22::angélique,KL22,Koh-Lanta : La Guerre des Chefs,Angélique,3,11,1,0,,0,Femme,0.0,Profil non physique,18-25,18–25 ans
KL22::angélique,KL22,Koh-Lanta : La Guerre des Chefs,Angélique,4,11,1,0,,0,Femme,0.0,Profil non physique,18-25,18–25 ans
KL22::angélique,KL22,Koh-Lanta : La Guerre des Chefs,Angélique,5,11,1,0,,0,Femme,0.0,Profil non physique,18-25,18–25 ans
KL22::angélique,KL22,Koh-Lanta : La Guerre des Chefs,Angélique,6,11,1,0,,0,Femme,0.0,Profil non physique,18-25,18–25 ans
KL22::angélique,KL22,Koh-Lanta : La Guerre des Chefs,Angélique,7,11,1,0,,0,Femme,0.0,Profil non physique,18-25,18–25 ans
KL22::angélique,KL22,Koh-Lanta : La Guerre des Chefs,Angélique,8,11,1,0,,0,Femme,0.0,Profil non physique,18-25,18–25 ans
KL22::angélique,KL22,Koh-Lanta : La Guerre des Chefs,Angélique,9,11,1,0,,0,Femme,0.0,Profil non physique,18-25,18–25 ans
KL22::angélique,KL22,Koh-Lanta : La Guerre des Chefs,Angélique,10,11,1,0,,0,Femme,0.0,Profil non physique,18-25,18–25 ans
KL22::angélique,KL22,Koh-Lanta : La Guerre des Chefs,Angélique,11,11,1,1,VOTE_CONSEIL,0,Femme,0.0,Profil non physique,18-25,18–25 ans
KL22::mohamed,KL22,Koh-Lanta : La Guerre des Chefs,Mohamed,1,12,1,0,,1,Homme,0.0,Profil non physique,34-41,34–41 ans
KL22::mohamed,KL22,Koh-Lanta : La Guerre des Chefs,Mohamed,2,12,1,0,,1,Homme,0.0,Profil non physique,34-41,34–41 ans
KL22::mohamed,KL22,Koh-Lanta : La Guerre des Chefs,Mohamed,3,12,1,0,,1,Homme,0.0,Profil non physique,34-41,34–41 ans
KL22::mohamed,KL22,Koh-Lanta : La Guerre des Chefs,Mohamed,4,12,1,0,,1,Homme,0.0,Profil non physique,34-41,34–41 ans
KL22::mohamed,KL22,Koh-Lanta : La Guerre des Chefs,Mohamed,5,12,1,0,,1,Homme,0.0,Profil non physique,34-41,34–41 ans
KL22::mohamed,KL22,Koh-Lanta : La Guerre des Chefs,Mohamed,6,12,1,0,,1,Homme,0.0,Profil non physique,34-41,34–41 ans
KL22::mohamed,KL22,Koh-Lanta : La Guerre des Chefs,Mohamed,7,12,1,0,,1,Homme,0.0,Profil non physique,34-41,34–41 ans
KL22::mohamed,KL22,Koh-Lanta : La Guerre des Chefs,Mohamed,8,12,1,0,,1,Homme,0.0,Profil non physique,34-41,34–41 ans
KL22::mohamed,KL22,Koh-Lanta : La Guerre des Chefs,Mohamed,9,12,1,0,,1,Homme,0.0,Profil non physique,34-41,34–41 ans
KL22::mohamed,KL22,Koh-Lanta : La Guerre des Chefs,Mohamed,10,12,1,0,,1,Homme,0.0,Profil non physique,34-41,34–41 ans
KL22::mohamed,KL22,Koh-Lanta : La Guerre des Chefs,Mohamed,11,12,1,0,,1,Homme,0.0,Profil non physique,34-41,34–41 ans
KL22::mohamed,KL22,Koh-Lanta : La Guerre des Chefs,Mohamed,12,12,1,1,VOTE_CONSEIL,1,Homme,0.0,Profil non physique,34-41,34–41 ans
KL22::nicolas,KL22,Koh-Lanta : La Guerre des Chefs,Nicolas,1,13,1,0,,1,Homme,0.0,Profil non physique,34-41,34–41 ans
KL22::nicolas,KL22,Koh-Lanta : La Guerre des Chefs,Nicolas,2,13,1,0,,1,Homme,0.0,Profil non physique,34-41,34–41 ans
KL22::nicolas,KL22,Koh-Lanta : La Guerre des Chefs,Nicolas,3,13,1,0,,1,Homme,0.0,Profil non physique,34-41,34–41 ans
KL22::nicolas,KL22,Koh-Lanta : La Guerre des Chefs,Nicolas,4,13,1,0,,1,Homme,0.0,Profil non physique,34-41,34–41 ans
KL22::nicolas,KL22,Koh-Lanta : La Guerre des Chefs,Nicolas,5,13,1,0,,1,Homme,0.0,Profil non physique,34-41,34–41 ans
KL22::nicolas,KL22,Koh-Lanta : La Guerre des Chefs,Nicolas,6,13,1,0,,1,Homme,0.0,Profil non physique,34-41,34–41 ans
KL22::nicolas,KL22,Koh-Lanta : La Guerre des Chefs,Nicolas,7,13,1,0,,1,Homme,0.0,Profil non physique,34-41,34–41 ans
KL22::nicolas,KL22,Koh-Lanta : La Guerre des Chefs,Nicolas,8,13,1,0,,1,Homme,0.0,Profil non physique,34-41,34–41 ans
KL22::nicolas,KL22,Koh-Lanta : La Guerre des Chefs,Nicolas,9,13,1,0,,1,Homme,0.0,Profil non physique,34-41,34–41 ans
KL22::nicolas,KL22,Koh-Lanta : La Guerre des Chefs,Nicolas,10,13,1,0,,1,Homme,0.0,Profil non physique,34-41,34–41 ans
KL22::nicolas,KL22,Koh-Lanta : La Guerre des Chefs,Nicolas,11,13,1,0,,1,Homme,0.0,Profil non physique,34-41,34–41 ans
KL22::nicolas,KL22,Koh-Lanta : La Guerre des Chefs,Nicolas,12,13,1,0,,1,Homme,0.0,Profil non physique,34-41,34–41 ans
KL22::nicolas,KL22,Koh-Lanta : La Guerre des Chefs,Nicolas,13,13,1,1,ELIMINATION_CHALLENGE,1,Homme,0.0,Profil non physique,34-41,34–41 ans
KL22::maxime,KL22,Koh-Lanta : La Guerre des Chefs,Maxime,1,14,1,0,,1,Homme,0.0,Profil non physique,26-33,26–33 ans
KL22::maxime,KL22,Koh-Lanta : La Guerre des Chefs,Maxime,2,14,1,0,,1,Homme,0.0,Profil non physique,26-33,26–33 ans
KL22::maxime,KL22,Koh-Lanta : La Guerre des Chefs,Maxime,3,14,1,0,,1,Homme,0.0,Profil non physique,26-33,26–33 ans
KL22::maxime,KL22,Koh-Lanta : La Guerre des Chefs,Maxime,4,14,1,0,,1,Homme,0.0,Profil non physique,26-33,26–33 ans
KL22::maxime,KL22,Koh-Lanta : La Guerre des Chefs,Maxime,5,14,1,0,,1,Homme,0.0,Profil non physique,26-33,26–33 ans
KL22::maxime,KL22,Koh-Lanta : La Guerre des Chefs,Maxime,6,14,1,0,,1,Homme,0.0,Profil non physique,26-33,26–33 ans
KL22::maxime,KL22,Koh-Lanta : La Guerre des Chefs,Maxime,7,14,1,0,,1,Homme,0.0,Profil non physique,26-33,26–33 ans
KL22::maxime,KL22,Koh-Lanta : La Guerre des Chefs,Maxime,8,14,1,0,,1,Homme,0.0,Profil non physique,26-33,26–33 ans
KL22::maxime,KL22,Koh-Lanta : La Guerre des Chefs,Maxime,9,14,1,0,,1,Homme,0.0,Profil non physique,26-33,26–33 ans
KL22::maxime,KL22,Koh-Lanta : La Guerre des Chefs,Maxime,10,14,1,0,,1,Homme,0.0,Profil non physique,26-33,26–33 ans
KL22::maxime,KL22,Koh-Lanta : La Guerre des Chefs,Maxime,11,14,1,0,,1,Homme,0.0,Profil non physique,26-33,26–33 ans
KL22::maxime,KL22,Koh-Lanta : La Guerre des Chefs,Maxime,12,14,1,0,,1,Homme,0.0,Profil non physique,26-33,26–33 ans
KL22::maxime,KL22,Koh-Lanta : La Guerre des Chefs,Maxime,13,14,1,0,,1,Homme,0.0,Profil non physique,26-33,26–33 ans
KL22::maxime,KL22,Koh-Lanta : La Guerre des Chefs,Maxime,14,14,1,1,VOTE_CONSEIL,1,Homme,0.0,Profil non physique,26-33,26–33 ans
KL22::cyril,KL22,Koh-Lanta : La Guerre des Chefs,Cyril,1,15,1,0,,1,Homme,0.0,Profil non physique,34-41,34–41 ans
KL22::cyril,KL22,Koh-Lanta : La Guerre des Chefs,Cyril,2,15,1,0,,1,Homme,0.0,Profil non physique,34-41,34–41 ans
KL22::cyril,KL22,Koh-Lanta : La Guerre des Chefs,Cyril,3,15,1,0,,1,Homme,0.0,Profil non physique,34-41,34–41 ans
KL22::cyril,KL22,Koh-Lanta : La Guerre des Chefs,Cyril,4,15,1,0,,1,Homme,0.0,Profil non physique,34-41,34–41 ans
KL22::cyril,KL22,Koh-Lanta : La Guerre des Chefs,Cyril,5,15,1,0,,1,Homme,0.0,Profil non physique,34-41,34–41 ans
KL22::cyril,KL22,Koh-Lanta : La Guerre des Chefs,Cyril,6,15,1,0,,1,Homme,0.0,Profil non physique,34-41,34–41 ans
KL22::cyril,KL22,Koh-Lanta : La Guerre des Chefs,Cyril,7,15,1,0,,1,Homme,0.0,Profil non physique,34-41,34–41 ans
KL22::cyril,KL22,Koh-Lanta : La Guerre des Chefs,Cyril,8,15,1,0,,1,Homme,0.0,Profil non physique,34-41,34–41 ans
KL22::cyril,KL22,Koh-Lanta : La Guerre des Chefs,Cyril,9,15,1,0,,1,Homme,0.0,Profil non physique,34-41,34–41 ans
KL22::cyril,KL22,Koh-Lanta : La Guerre des Chefs,Cyril,10,15,1,0,,1,Homme,0.0,Profil non physique,34-41,34–41 ans
KL22::cyril,KL22,Koh-Lanta : La Guerre des Chefs,Cyril,11,15,1,0,,1,Homme,0.0,Profil non physique,34-41,34–41 ans
KL22::cyril,KL22,Koh-Lanta : La Guerre des Chefs,Cyril,12,15,1,0,,1,Homme,0.0,Profil non physique,34-41,34–41 ans
KL22::cyril,KL22,Koh-Lanta : La Guerre des Chefs,Cyril,13,15,1,0,,1,Homme,0.0,Profil non physique,34-41,34–41 ans
KL22::cyril,KL22,Koh-Lanta : La Guerre des Chefs,Cyril,14,15,1,0,,1,Homme,0.0,Profil non physique,34-41,34–41 ans
KL22::cyril,KL22,Koh-Lanta : La Guerre des Chefs,Cyril,15,15,1,1,VOTE_CONSEIL,1,Homme,0.0,Profil non physique,34-41,34–41 ans
KL22::clo,KL22,Koh-Lanta : La Guerre des Chefs,Clo,1,16,1,0,,0,Femme,1.0,Profil physique,26-33,26–33 ans
KL22::clo,KL22,Koh-Lanta : La Guerre des Chefs,Clo,2,16,1,0,,0,Femme,1.0,Profil physique,26-33,26–33 ans
KL22::clo,KL22,Koh-Lanta : La Guerre des Chefs,Clo,3,16,1,0,,0,Femme,1.0,Profil physique,26-33,26–33 ans
KL22::clo,KL22,Koh-Lanta : La Guerre des Chefs,Clo,4,16,1,0,,0,Femme,1.0,Profil physique,26-33,26–33 ans
KL22::clo,KL22,Koh-Lanta : La Guerre des Chefs,Clo,5,16,1,0,,0,Femme,1.0,Profil physique,26-33,26–33 ans
KL22::clo,KL22,Koh-Lanta : La Guerre des Chefs,Clo,6,16,1,0,,0,Femme,1.0,Profil physique,26-33,26–33 ans
KL22::clo,KL22,Koh-Lanta : La Guerre des Chefs,Clo,7,16,1,0,,0,Femme,1.0,Profil physique,26-33,26–33 ans
KL22::clo,KL22,Koh-Lanta : La Guerre des Chefs,Clo,8,16,1,0,,0,Femme,1.0,Profil physique,26-33,26–33 ans
KL22::clo,KL22,Koh-Lanta : La Guerre des Chefs,Clo,9,16,1,0,,0,Femme,1.0,Profil physique,26-33,26–33 ans
KL22::clo,KL22,Koh-Lanta : La Guerre des Chefs,Clo,10,16,1,0,,0,Femme,1.0,Profil physique,26-33,26–33 ans
KL22::clo,KL22,Koh-Lanta : La Guerre des Chefs,Clo,11,16,1,0,,0,Femme,1.0,Profil physique,26-33,26–33 ans
KL22::clo,KL22,Koh-Lanta : La Guerre des Chefs,Clo,12,16,1,0,,0,Femme,1.0,Profil physique,26-33,26–33 ans
KL22::clo,KL22,Koh-Lanta : La Guerre des Chefs,Clo,13,16,1,0,,0,Femme,1.0,Profil physique,26-33,26–33 ans
KL22::clo,KL22,Koh-Lanta : La Guerre des Chefs,Clo,14,16,1,0,,0,Femme,1.0,Profil physique,26-33,26–33 ans
KL22::clo,KL22,Koh-Lanta : La Guerre des Chefs,Clo,15,16,1,0,,0,Femme,1.0,Profil physique,26-33,26–33 ans
KL22::clo,KL22,Koh-Lanta : La Guerre des Chefs,Clo,16,16,1,1,FINALE_ORIENTATION,0,Femme,1.0,Profil physique,26-33,26–33 ans
KL22::aurélien,KL22,Koh-Lanta : La Guerre des Chefs,Aurélien,1,17,1,0,,1,Homme,1.0,Profil physique,18-25,18–25 ans
KL22::aurélien,KL22,Koh-Lanta : La Guerre des Chefs,Aurélien,2,17,1,0,,1,Homme,1.0,Profil physique,18-25,18–25 ans
KL22::aurélien,KL22,Koh-Lanta : La Guerre des Chefs,Aurélien,3,17,1,0,,1,Homme,1.0,Profil physique,18-25,18–25 ans
KL22::aurélien,KL22,Koh-Lanta : La Guerre des Chefs,Aurélien,4,17,1,0,,1,Homme,1.0,Profil physique,18-25,18–25 ans
KL22::aurélien,KL22,Koh-Lanta : La Guerre des Chefs,Aurélien,5,17,1,0,,1,Homme,1.0,Profil physique,18-25,18–25 ans
KL22::aurélien,KL22,Koh-Lanta : La Guerre des Chefs,Aurélien,6,17,1,0,,1,Homme,1.0,Profil physique,18-25,18–25 ans
KL22::aurélien,KL22,Koh-Lanta : La Guerre des Chefs,Aurélien,7,17,1,0,,1,Homme,1.0,Profil physique,18-25,18–25 ans
KL22::aurélien,KL22,Koh-Lanta : La Guerre des Chefs,Aurélien,8,17,1,0,,1,Homme,1.0,Profil physique,18-25,18–25 ans
KL22::aurélien,KL22,Koh-Lanta : La Guerre des Chefs,Aurélien,9,17,1,0,,1,Homme,1.0,Profil physique,18-25,18–25 ans
KL22::aurélien,KL22,Koh-Lanta : La Guerre des Chefs,Aurélien,10,17,1,0,,1,Homme,1.0,Profil physique,18-25,18–25 ans
KL22::aurélien,KL22,Koh-Lanta : La Guerre des Chefs,Aurélien,11,17,1,0,,1,Homme,1.0,Profil physique,18-25,18–25 ans
KL22::aurélien,KL22,Koh-Lanta : La Guerre des Chefs,Aurélien,12,17,1,0,,1,Homme,1.0,Profil physique,18-25,18–25 ans
KL22::aurélien,KL22,Koh-Lanta : La Guerre des Chefs,Aurélien,13,17,1,0,,1,Homme,1.0,Profil physique,18-25,18–25 ans
KL22::aurélien,KL22,Koh-Lanta : La Guerre des Chefs,Aurélien,14,17,1,0,,1,Homme,1.0,Profil physique,18-25,18–25 ans
KL22::aurélien,KL22,Koh-Lanta : La Guerre des Chefs,Aurélien,15,17,1,0,,1,Homme,1.0,Profil physique,18-25,18–25 ans
KL22::aurélien,KL22,Koh-Lanta : La Guerre des Chefs,Aurélien,16,17,1,0,,1,Homme,1.0,Profil physique,18-25,18–25 ans
KL22::aurélien,KL22,Koh-Lanta : La Guerre des Chefs,Aurélien,17,17,1,1,FINALE_ORIENTATION,1,Homme,1.0,Profil physique,18-25,18–25 ans
KL22::steeve,KL22,Koh-Lanta : La Guerre des Chefs,Steeve,1,18,1,0,,1,Homme,0.0,Profil non physique,42+,42 ans et plus
KL22::steeve,KL22,Koh-Lanta : La Guerre des Chefs,Steeve,2,18,1,0,,1,Homme,0.0,Profil non physique,42+,42 ans et plus
KL22::steeve,KL22,Koh-Lanta : La Guerre des Chefs,Steeve,3,18,1,0,,1,Homme,0.0,Profil non physique,42+,42 ans et plus
KL22::steeve,KL22,Koh-Lanta : La Guerre des Chefs,Steeve,4,18,1,0,,1,Homme,0.0,Profil non physique,42+,42 ans et plus
KL22::steeve,KL22,Koh-Lanta : La Guerre des Chefs,Steeve,5,18,1,0,,1,Homme,0.0,Profil non physique,42+,42 ans et plus
KL22::steeve,KL22,Koh-Lanta : La Guerre des Chefs,Steeve,6,18,1,0,,1,Homme,0.0,Profil non physique,42+,42 ans et plus
KL22::steeve,KL22,Koh-Lanta : La Guerre des Chefs,Steeve,7,18,1,0,,1,Homme,0.0,Profil non physique,42+,42 ans et plus
KL22::steeve,KL22,Koh-Lanta : La Guerre des Chefs,Steeve,8,18,1,0,,1,Homme,0.0,Profil non physique,42+,42 ans et plus
KL22::steeve,KL22,Koh-Lanta : La Guerre des Chefs,Steeve,9,18,1,0,,1,Homme,0.0,Profil non physique,42+,42 ans et plus
KL22::steeve,KL22,Koh-Lanta : La Guerre des Chefs,Steeve,10,18,1,0,,1,Homme,0.0,Profil non physique,42+,42 ans et plus
KL22::steeve,KL22,Koh-Lanta : La Guerre des Chefs,Steeve,11,18,1,0,,1,Homme,0.0,Profil non physique,42+,42 ans et plus
KL22::steeve,KL22,Koh-Lanta : La Guerre des Chefs,Steeve,12,18,1,0,,1,Homme,0.0,Profil non physique,42+,42 ans et plus
KL22::steeve,KL22,Koh-Lanta : La Guerre des Chefs,Steeve,13,18,1,0,,1,Homme,0.0,Profil non physique,42+,42 ans et plus
KL22::steeve,KL22,Koh-Lanta : La Guerre des Chefs,Steeve,14,18,1,0,,1,Homme,0.0,Profil non physique,42+,42 ans et plus
KL22::steeve,KL22,Koh-Lanta : La Guerre des Chefs,Steeve,15,18,1,0,,1,Homme,0.0,Profil non physique,42+,42 ans et plus
KL22::steeve,KL22,Koh-Lanta : La Guerre des Chefs,Steeve,16,18,1,0,,1,Homme,0.0,Profil non physique,42+,42 ans et plus
KL22::steeve,KL22,Koh-Lanta : La Guerre des Chefs,Steeve,17,18,1,0,,1,Homme,0.0,Profil non physique,42+,42 ans et plus
KL22::steeve,KL22,Koh-Lanta : La Guerre des Chefs,Steeve,18,18,1,1,FINALE_POTEAUX,1,Homme,0.0,Profil non physique,42+,42 ans et plus
KL22::cindy,KL22,Koh-Lanta : La Guerre des Chefs,Cindy,1,19,1,0,,0,Femme,0.0,Profil non physique,26-33,26–33 ans
KL22::cindy,KL22,Koh-Lanta : La Guerre des Chefs,Cindy,2,19,1,0,,0,Femme,0.0,Profil non physique,26-33,26–33 ans
KL22::cindy,KL22,Koh-Lanta : La Guerre des Chefs,Cindy,3,19,1,0,,0,Femme,0.0,Profil non physique,26-33,26–33 ans
KL22::cindy,KL22,Koh-Lanta : La Guerre des Chefs,Cindy,4,19,1,0,,0,Femme,0.0,Profil non physique,26-33,26–33 ans
KL22::cindy,KL22,Koh-Lanta : La Guerre des Chefs,Cindy,5,19,1,0,,0,Femme,0.0,Profil non physique,26-33,26–33 ans
KL22::cindy,KL22,Koh-Lanta : La Guerre des Chefs,Cindy,6,19,1,0,,0,Femme,0.0,Profil non physique,26-33,26–33 ans
KL22::cindy,KL22,Koh-Lanta : La Guerre des Chefs,Cindy,7,19,1,0,,0,Femme,0.0,Profil non physique,26-33,26–33 ans
KL22::cindy,KL22,Koh-Lanta : La Guerre des Chefs,Cindy,8,19,1,0,,0,Femme,0.0,Profil non physique,26-33,26–33 ans
KL22::cindy,KL22,Koh-Lanta : La Guerre des Chefs,Cindy,9,19,1,0,,0,Femme,0.0,Profil non physique,26-33,26–33 ans
KL22::cindy,KL22,Koh-Lanta : La Guerre des Chefs,Cindy,10,19,1,0,,0,Femme,0.0,Profil non physique,26-33,26–33 ans
KL22::cindy,KL22,Koh-Lanta : La Guerre des Chefs,Cindy,11,19,1,0,,0,Femme,0.0,Profil non physique,26-33,26–33 ans
KL22::cindy,KL22,Koh-Lanta : La Guerre des Chefs,Cindy,12,19,1,0,,0,Femme,0.0,Profil non physique,26-33,26–33 ans
KL22::cindy,KL22,Koh-Lanta : La Guerre des Chefs,Cindy,13,19,1,0,,0,Femme,0.0,Profil non physique,26-33,26–33 ans
KL22::cindy,KL22,Koh-Lanta : La Guerre des Chefs,Cindy,14,19,1,0,,0,Femme,0.0,Profil non physique,26-33,26–33 ans
KL22::cindy,KL22,Koh-Lanta : La Guerre des Chefs,Cindy,15,19,1,0,,0,Femme,0.0,Profil non physique,26-33,26–33 ans
KL22::cindy,KL22,Koh-Lanta : La Guerre des Chefs,Cindy,16,19,1,0,,0,Femme,0.0,Profil non physique,26-33,26–33 ans
KL22::cindy,KL22,Koh-Lanta : La Guerre des Chefs,Cindy,17,19,1,0,,0,Femme,0.0,Profil non physique,26-33,26–33 ans
KL22::cindy,KL22,Koh-Lanta : La Guerre des Chefs,Cindy,18,19,1,0,,0,Femme,0.0,Profil non physique,26-33,26–33 ans
KL22::cindy,KL22,Koh-Lanta : La Guerre des Chefs,Cindy,19,19,1,1,JURY_FINAL_DECISION,0,Femme,0.0,Profil non physique,26-33,26–33 ans
KL22::maud,KL22,Koh-Lanta : La Guerre des Chefs,Maud,1,20,1,0,,0,Femme,0.0,Profil non physique,42+,42 ans et plus
KL22::maud,KL22,Koh-Lanta : La Guerre des Chefs,Maud,2,20,1,0,,0,Femme,0.0,Profil non physique,42+,42 ans et plus
KL22::maud,KL22,Koh-Lanta : La Guerre des Chefs,Maud,3,20,1,0,,0,Femme,0.0,Profil non physique,42+,42 ans et plus
KL22::maud,KL22,Koh-Lanta : La Guerre des Chefs,Maud,4,20,1,0,,0,Femme,0.0,Profil non physique,42+,42 ans et plus
KL22::maud,KL22,Koh-Lanta : La Guerre des Chefs,Maud,5,20,1,0,,0,Femme,0.0,Profil non physique,42+,42 ans et plus
KL22::maud,KL22,Koh-Lanta : La Guerre des Chefs,Maud,6,20,1,0,,0,Femme,0.0,Profil non physique,42+,42 ans et plus
KL22::maud,KL22,Koh-Lanta : La Guerre des Chefs,Maud,7,20,1,0,,0,Femme,0.0,Profil non physique,42+,42 ans et plus
KL22::maud,KL22,Koh-Lanta : La Guerre des Chefs,Maud,8,20,1,0,,0,Femme,0.0,Profil non physique,42+,42 ans et plus
KL22::maud,KL22,Koh-Lanta : La Guerre des Chefs,Maud,9,20,1,0,,0,Femme,0.0,Profil non physique,42+,42 ans et plus
KL22::maud,KL22,Koh-Lanta : La Guerre des Chefs,Maud,10,20,1,0,,0,Femme,0.0,Profil non physique,42+,42 ans et plus
KL22::maud,KL22,Koh-Lanta : La Guerre des Chefs,Maud,11,20,1,0,,0,Femme,0.0,Profil non physique,42+,42 ans et plus
KL22::maud,KL22,Koh-Lanta : La Guerre des Chefs,Maud,12,20,1,0,,0,Femme,0.0,Profil non physique,42+,42 ans et plus
KL22::maud,KL22,Koh-Lanta : La Guerre des Chefs,Maud,13,20,1,0,,0,Femme,0.0,Profil non physique,42+,42 ans et plus
KL22::maud,KL22,Koh-Lanta : La Guerre des Chefs,Maud,14,20,1,0,,0,Femme,0.0,Profil non physique,42+,42 ans et plus
KL22::maud,KL22,Koh-Lanta : La Guerre des Chefs,Maud,15,20,1,0,,0,Femme,0.0,Profil non physique,42+,42 ans et plus
KL22::maud,KL22,Koh-Lanta : La Guerre des Chefs,Maud,16,20,1,0,,0,Femme,0.0,Profil non physique,42+,42 ans et plus
KL22::maud,KL22,Koh-Lanta : La Guerre des Chefs,Maud,17,20,1,0,,0,Femme,0.0,Profil non physique,42+,42 ans et plus
KL22::maud,KL22,Koh-Lanta : La Guerre des Chefs,Maud,18,20,1,0,,0,Femme,0.0,Profil non physique,42+,42 ans et plus
KL22::maud,KL22,Koh-Lanta : La Guerre des Chefs,Maud,19,20,1,0,,0,Femme,0.0,Profil non physique,42+,42 ans et plus
KL22::maud,KL22,Koh-Lanta : La Guerre des Chefs,Maud,20,20,1,0,,0,Femme,0.0,Profil non physique,42+,42 ans et plus
KL29::cynthiana,KL29,Koh-Lanta : La Revanche des 4 Terres,Cynthiana,1,1,1,1,VOTE_CONSEIL,0,Femme,0.0,Profil non physique,34-41,34–41 ans
KL29::allan,KL29,Koh-Lanta : La Revanche des 4 Terres,Allan,1,2,1,0,,1,Homme,0.0,Profil non physique,18-25,18–25 ans
KL29::allan,KL29,Koh-Lanta : La Revanche des 4 Terres,Allan,2,2,1,1,MEDICAL,1,Homme,0.0,Profil non physique,18-25,18–25 ans
KL29::christian,KL29,Koh-Lanta : La Revanche des 4 Terres,Christian,1,3,1,0,,1,Homme,0.0,Profil non physique,42+,42 ans et plus
KL29::christian,KL29,Koh-Lanta : La Revanche des 4 Terres,Christian,2,3,1,0,,1,Homme,0.0,Profil non physique,42+,42 ans et plus
KL29::christian,KL29,Koh-Lanta : La Revanche des 4 Terres,Christian,3,3,1,1,VOTE_CONSEIL,1,Homme,0.0,Profil non physique,42+,42 ans et plus
KL29::romane,KL29,Koh-Lanta : La Revanche des 4 Terres,Romane,1,3,1,0,,0,Femme,0.0,Profil non physique,18-25,18–25 ans
KL29::romane,KL29,Koh-Lanta : La Revanche des 4 Terres,Romane,2,3,1,0,,0,Femme,0.0,Profil non physique,18-25,18–25 ans
KL29::romane,KL29,Koh-Lanta : La Revanche des 4 Terres,Romane,3,3,1,1,VOTE_CONSEIL,0,Femme,0.0,Profil non physique,18-25,18–25 ans
KL29::mehdi,KL29,Koh-Lanta : La Revanche des 4 Terres,Mehdi,1,4,1,0,,1,Homme,0.0,Profil non physique,26-33,26–33 ans
KL29::mehdi,KL29,Koh-Lanta : La Revanche des 4 Terres,Mehdi,2,4,1,0,,1,Homme,0.0,Profil non physique,26-33,26–33 ans
KL29::mehdi,KL29,Koh-Lanta : La Revanche des 4 Terres,Mehdi,3,4,1,0,,1,Homme,0.0,Profil non physique,26-33,26–33 ans
KL29::mehdi,KL29,Koh-Lanta : La Revanche des 4 Terres,Mehdi,4,4,1,1,VOLUNTARY,1,Homme,0.0,Profil non physique,26-33,26–33 ans
KL29::benoît,KL29,Koh-Lanta : La Revanche des 4 Terres,Benoît,1,5,1,0,,1,Homme,0.0,Profil non physique,18-25,18–25 ans
KL29::benoît,KL29,Koh-Lanta : La Revanche des 4 Terres,Benoît,2,5,1,0,,1,Homme,0.0,Profil non physique,18-25,18–25 ans
KL29::benoît,KL29,Koh-Lanta : La Revanche des 4 Terres,Benoît,3,5,1,0,,1,Homme,0.0,Profil non physique,18-25,18–25 ans
KL29::benoît,KL29,Koh-Lanta : La Revanche des 4 Terres,Benoît,4,5,1,0,,1,Homme,0.0,Profil non physique,18-25,18–25 ans
KL29::benoît,KL29,Koh-Lanta : La Revanche des 4 Terres,Benoît,5,5,1,1,VOTE_CONSEIL,1,Homme,0.0,Profil non physique,18-25,18–25 ans
KL29::mohamed,KL29,Koh-Lanta : La Revanche des 4 Terres,Mohamed,1,6,1,0,,1,Homme,0.0,Profil non physique,26-33,26–33 ans
KL29::mohamed,KL29,Koh-Lanta : La Revanche des 4 Terres,Mohamed,2,6,1,0,,1,Homme,0.0,Profil non physique,26-33,26–33 ans
KL29::mohamed,KL29,Koh-Lanta : La Revanche des 4 Terres,Mohamed,3,6,1,0,,1,Homme,0.0,Profil non physique,26-33,26–33 ans
KL29::mohamed,KL29,Koh-Lanta : La Revanche des 4 Terres,Mohamed,4,6,1,0,,1,Homme,0.0,Profil non physique,26-33,26–33 ans
KL29::mohamed,KL29,Koh-Lanta : La Revanche des 4 Terres,Mohamed,5,6,1,0,,1,Homme,0.0,Profil non physique,26-33,26–33 ans
KL29::mohamed,KL29,Koh-Lanta : La Revanche des 4 Terres,Mohamed,6,6,1,1,VOTE_CONSEIL,1,Homme,0.0,Profil non physique,26-33,26–33 ans
KL29::pauline,KL29,Koh-Lanta : La Revanche des 4 Terres,Pauline,1,7,1,0,,0,Femme,0.0,Profil non physique,34-41,34–41 ans
KL29::pauline,KL29,Koh-Lanta : La Revanche des 4 Terres,Pauline,2,7,1,0,,0,Femme,0.0,Profil non physique,34-41,34–41 ans
KL29::pauline,KL29,Koh-Lanta : La Revanche des 4 Terres,Pauline,3,7,1,0,,0,Femme,0.0,Profil non physique,34-41,34–41 ans
KL29::pauline,KL29,Koh-Lanta : La Revanche des 4 Terres,Pauline,4,7,1,0,,0,Femme,0.0,Profil non physique,34-41,34–41 ans
KL29::pauline,KL29,Koh-Lanta : La Revanche des 4 Terres,Pauline,5,7,1,0,,0,Femme,0.0,Profil non physique,34-41,34–41 ans
KL29::pauline,KL29,Koh-Lanta : La Revanche des 4 Terres,Pauline,6,7,1,0,,0,Femme,0.0,Profil non physique,34-41,34–41 ans
KL29::pauline,KL29,Koh-Lanta : La Revanche des 4 Terres,Pauline,7,7,1,1,VOTE_CONSEIL,0,Femme,0.0,Profil non physique,34-41,34–41 ans
KL29::andréa,KL29,Koh-Lanta : La Revanche des 4 Terres,Andréa,1,8,1,0,,0,Femme,0.0,Profil non physique,18-25,18–25 ans
KL29::andréa,KL29,Koh-Lanta : La Revanche des 4 Terres,Andréa,2,8,1,0,,0,Femme,0.0,Profil non physique,18-25,18–25 ans
KL29::andréa,KL29,Koh-Lanta : La Revanche des 4 Terres,Andréa,3,8,1,0,,0,Femme,0.0,Profil non physique,18-25,18–25 ans
KL29::andréa,KL29,Koh-Lanta : La Revanche des 4 Terres,Andréa,4,8,1,0,,0,Femme,0.0,Profil non physique,18-25,18–25 ans
KL29::andréa,KL29,Koh-Lanta : La Revanche des 4 Terres,Andréa,5,8,1,0,,0,Femme,0.0,Profil non physique,18-25,18–25 ans
KL29::andréa,KL29,Koh-Lanta : La Revanche des 4 Terres,Andréa,6,8,1,0,,0,Femme,0.0,Profil non physique,18-25,18–25 ans
KL29::andréa,KL29,Koh-Lanta : La Revanche des 4 Terres,Andréa,7,8,1,0,,0,Femme,0.0,Profil non physique,18-25,18–25 ans
KL29::andréa,KL29,Koh-Lanta : La Revanche des 4 Terres,Andréa,8,8,1,1,VOTE_CONSEIL,0,Femme,0.0,Profil non physique,18-25,18–25 ans
KL29::adrien,KL29,Koh-Lanta : La Revanche des 4 Terres,Adrien,1,8,1,0,,1,Homme,0.0,Profil non physique,18-25,18–25 ans
KL29::adrien,KL29,Koh-Lanta : La Revanche des 4 Terres,Adrien,2,8,1,0,,1,Homme,0.0,Profil non physique,18-25,18–25 ans
KL29::adrien,KL29,Koh-Lanta : La Revanche des 4 Terres,Adrien,3,8,1,0,,1,Homme,0.0,Profil non physique,18-25,18–25 ans
KL29::adrien,KL29,Koh-Lanta : La Revanche des 4 Terres,Adrien,4,8,1,0,,1,Homme,0.0,Profil non physique,18-25,18–25 ans
KL29::adrien,KL29,Koh-Lanta : La Revanche des 4 Terres,Adrien,5,8,1,0,,1,Homme,0.0,Profil non physique,18-25,18–25 ans
KL29::adrien,KL29,Koh-Lanta : La Revanche des 4 Terres,Adrien,6,8,1,0,,1,Homme,0.0,Profil non physique,18-25,18–25 ans
KL29::adrien,KL29,Koh-Lanta : La Revanche des 4 Terres,Adrien,7,8,1,0,,1,Homme,0.0,Profil non physique,18-25,18–25 ans
KL29::adrien,KL29,Koh-Lanta : La Revanche des 4 Terres,Adrien,8,8,1,1,VOTE_CONSEIL,1,Homme,0.0,Profil non physique,18-25,18–25 ans
KL29::frédéric,KL29,Koh-Lanta : La Revanche des 4 Terres,Frédéric,1,9,1,0,,1,Homme,0.0,Profil non physique,42+,42 ans et plus
KL29::frédéric,KL29,Koh-Lanta : La Revanche des 4 Terres,Frédéric,2,9,1,0,,1,Homme,0.0,Profil non physique,42+,42 ans et plus
KL29::frédéric,KL29,Koh-Lanta : La Revanche des 4 Terres,Frédéric,3,9,1,0,,1,Homme,0.0,Profil non physique,42+,42 ans et plus
KL29::frédéric,KL29,Koh-Lanta : La Revanche des 4 Terres,Frédéric,4,9,1,0,,1,Homme,0.0,Profil non physique,42+,42 ans et plus
KL29::frédéric,KL29,Koh-Lanta : La Revanche des 4 Terres,Frédéric,5,9,1,0,,1,Homme,0.0,Profil non physique,42+,42 ans et plus
KL29::frédéric,KL29,Koh-Lanta : La Revanche des 4 Terres,Frédéric,6,9,1,0,,1,Homme,0.0,Profil non physique,42+,42 ans et plus
KL29::frédéric,KL29,Koh-Lanta : La Revanche des 4 Terres,Frédéric,7,9,1,0,,1,Homme,0.0,Profil non physique,42+,42 ans et plus
KL29::frédéric,KL29,Koh-Lanta : La Revanche des 4 Terres,Frédéric,8,9,1,0,,1,Homme,0.0,Profil non physique,42+,42 ans et plus
KL29::frédéric,KL29,Koh-Lanta : La Revanche des 4 Terres,Frédéric,9,9,1,1,MEDICAL,1,Homme,0.0,Profil non physique,42+,42 ans et plus
KL29::jessica,KL29,Koh-Lanta : La Revanche des 4 Terres,Jessica,1,10,1,0,,0,Femme,0.0,Profil non physique,34-41,34–41 ans
KL29::jessica,KL29,Koh-Lanta : La Revanche des 4 Terres,Jessica,2,10,1,0,,0,Femme,0.0,Profil non physique,34-41,34–41 ans
KL29::jessica,KL29,Koh-Lanta : La Revanche des 4 Terres,Jessica,3,10,1,0,,0,Femme,0.0,Profil non physique,34-41,34–41 ans
KL29::jessica,KL29,Koh-Lanta : La Revanche des 4 Terres,Jessica,4,10,1,0,,0,Femme,0.0,Profil non physique,34-41,34–41 ans
KL29::jessica,KL29,Koh-Lanta : La Revanche des 4 Terres,Jessica,5,10,1,0,,0,Femme,0.0,Profil non physique,34-41,34–41 ans
KL29::jessica,KL29,Koh-Lanta : La Revanche des 4 Terres,Jessica,6,10,1,0,,0,Femme,0.0,Profil non physique,34-41,34–41 ans
KL29::jessica,KL29,Koh-Lanta : La Revanche des 4 Terres,Jessica,7,10,1,0,,0,Femme,0.0,Profil non physique,34-41,34–41 ans
KL29::jessica,KL29,Koh-Lanta : La Revanche des 4 Terres,Jessica,8,10,1,0,,0,Femme,0.0,Profil non physique,34-41,34–41 ans
KL29::jessica,KL29,Koh-Lanta : La Revanche des 4 Terres,Jessica,9,10,1,0,,0,Femme,0.0,Profil non physique,34-41,34–41 ans
KL29::jessica,KL29,Koh-Lanta : La Revanche des 4 Terres,Jessica,10,10,1,1,ELIMINATION_CHALLENGE,0,Femme,0.0,Profil non physique,34-41,34–41 ans
KL29::louise,KL29,Koh-Lanta : La Revanche des 4 Terres,Louise,1,11,1,0,,0,Femme,0.0,Profil non physique,18-25,18–25 ans
KL29::louise,KL29,Koh-Lanta : La Revanche des 4 Terres,Louise,2,11,1,0,,0,Femme,0.0,Profil non physique,18-25,18–25 ans
KL29::louise,KL29,Koh-Lanta : La Revanche des 4 Terres,Louise,3,11,1,0,,0,Femme,0.0,Profil non physique,18-25,18–25 ans
KL29::louise,KL29,Koh-Lanta : La Revanche des 4 Terres,Louise,4,11,1,0,,0,Femme,0.0,Profil non physique,18-25,18–25 ans
KL29::louise,KL29,Koh-Lanta : La Revanche des 4 Terres,Louise,5,11,1,0,,0,Femme,0.0,Profil non physique,18-25,18–25 ans
KL29::louise,KL29,Koh-Lanta : La Revanche des 4 Terres,Louise,6,11,1,0,,0,Femme,0.0,Profil non physique,18-25,18–25 ans
KL29::louise,KL29,Koh-Lanta : La Revanche des 4 Terres,Louise,7,11,1,0,,0,Femme,0.0,Profil non physique,18-25,18–25 ans
KL29::louise,KL29,Koh-Lanta : La Revanche des 4 Terres,Louise,8,11,1,0,,0,Femme,0.0,Profil non physique,18-25,18–25 ans
KL29::louise,KL29,Koh-Lanta : La Revanche des 4 Terres,Louise,9,11,1,0,,0,Femme,0.0,Profil non physique,18-25,18–25 ans
KL29::louise,KL29,Koh-Lanta : La Revanche des 4 Terres,Louise,10,11,1,0,,0,Femme,0.0,Profil non physique,18-25,18–25 ans
KL29::louise,KL29,Koh-Lanta : La Revanche des 4 Terres,Louise,11,11,1,1,VOTE_CONSEIL,0,Femme,0.0,Profil non physique,18-25,18–25 ans
KL29::joana,KL29,Koh-Lanta : La Revanche des 4 Terres,Joana,1,12,1,0,,0,Femme,0.0,Profil non physique,26-33,26–33 ans
KL29::joana,KL29,Koh-Lanta : La Revanche des 4 Terres,Joana,2,12,1,0,,0,Femme,0.0,Profil non physique,26-33,26–33 ans
KL29::joana,KL29,Koh-Lanta : La Revanche des 4 Terres,Joana,3,12,1,0,,0,Femme,0.0,Profil non physique,26-33,26–33 ans
KL29::joana,KL29,Koh-Lanta : La Revanche des 4 Terres,Joana,4,12,1,0,,0,Femme,0.0,Profil non physique,26-33,26–33 ans
KL29::joana,KL29,Koh-Lanta : La Revanche des 4 Terres,Joana,5,12,1,0,,0,Femme,0.0,Profil non physique,26-33,26–33 ans
KL29::joana,KL29,Koh-Lanta : La Revanche des 4 Terres,Joana,6,12,1,0,,0,Femme,0.0,Profil non physique,26-33,26–33 ans
KL29::joana,KL29,Koh-Lanta : La Revanche des 4 Terres,Joana,7,12,1,0,,0,Femme,0.0,Profil non physique,26-33,26–33 ans
KL29::joana,KL29,Koh-Lanta : La Revanche des 4 Terres,Joana,8,12,1,0,,0,Femme,0.0,Profil non physique,26-33,26–33 ans
KL29::joana,KL29,Koh-Lanta : La Revanche des 4 Terres,Joana,9,12,1,0,,0,Femme,0.0,Profil non physique,26-33,26–33 ans
KL29::joana,KL29,Koh-Lanta : La Revanche des 4 Terres,Joana,10,12,1,0,,0,Femme,0.0,Profil non physique,26-33,26–33 ans
KL29::joana,KL29,Koh-Lanta : La Revanche des 4 Terres,Joana,11,12,1,0,,0,Femme,0.0,Profil non physique,26-33,26–33 ans
KL29::joana,KL29,Koh-Lanta : La Revanche des 4 Terres,Joana,12,12,1,1,VOTE_CONSEIL,0,Femme,0.0,Profil non physique,26-33,26–33 ans
KL29::naïs,KL29,Koh-Lanta : La Revanche des 4 Terres,Naïs,1,13,1,0,,0,Femme,0.0,Profil non physique,18-25,18–25 ans
KL29::naïs,KL29,Koh-Lanta : La Revanche des 4 Terres,Naïs,2,13,1,0,,0,Femme,0.0,Profil non physique,18-25,18–25 ans
KL29::naïs,KL29,Koh-Lanta : La Revanche des 4 Terres,Naïs,3,13,1,0,,0,Femme,0.0,Profil non physique,18-25,18–25 ans
KL29::naïs,KL29,Koh-Lanta : La Revanche des 4 Terres,Naïs,4,13,1,0,,0,Femme,0.0,Profil non physique,18-25,18–25 ans
KL29::naïs,KL29,Koh-Lanta : La Revanche des 4 Terres,Naïs,5,13,1,0,,0,Femme,0.0,Profil non physique,18-25,18–25 ans
KL29::naïs,KL29,Koh-Lanta : La Revanche des 4 Terres,Naïs,6,13,1,0,,0,Femme,0.0,Profil non physique,18-25,18–25 ans
KL29::naïs,KL29,Koh-Lanta : La Revanche des 4 Terres,Naïs,7,13,1,0,,0,Femme,0.0,Profil non physique,18-25,18–25 ans
KL29::naïs,KL29,Koh-Lanta : La Revanche des 4 Terres,Naïs,8,13,1,0,,0,Femme,0.0,Profil non physique,18-25,18–25 ans
KL29::naïs,KL29,Koh-Lanta : La Revanche des 4 Terres,Naïs,9,13,1,0,,0,Femme,0.0,Profil non physique,18-25,18–25 ans
KL29::naïs,KL29,Koh-Lanta : La Revanche des 4 Terres,Naïs,10,13,1,0,,0,Femme,0.0,Profil non physique,18-25,18–25 ans
KL29::naïs,KL29,Koh-Lanta : La Revanche des 4 Terres,Naïs,11,13,1,0,,0,Femme,0.0,Profil non physique,18-25,18–25 ans
KL29::naïs,KL29,Koh-Lanta : La Revanche des 4 Terres,Naïs,12,13,1,0,,0,Femme,0.0,Profil non physique,18-25,18–25 ans
KL29::naïs,KL29,Koh-Lanta : La Revanche des 4 Terres,Naïs,13,13,1,1,VOTE_CONSEIL,0,Femme,0.0,Profil non physique,18-25,18–25 ans
KL29::pierre-marie,KL29,Koh-Lanta : La Revanche des 4 Terres,Pierre-Marie,1,13,1,0,,1,Homme,0.0,Profil non physique,34-41,34–41 ans
KL29::pierre-marie,KL29,Koh-Lanta : La Revanche des 4 Terres,Pierre-Marie,2,13,1,0,,1,Homme,0.0,Profil non physique,34-41,34–41 ans
KL29::pierre-marie,KL29,Koh-Lanta : La Revanche des 4 Terres,Pierre-Marie,3,13,1,0,,1,Homme,0.0,Profil non physique,34-41,34–41 ans
KL29::pierre-marie,KL29,Koh-Lanta : La Revanche des 4 Terres,Pierre-Marie,4,13,1,0,,1,Homme,0.0,Profil non physique,34-41,34–41 ans
KL29::pierre-marie,KL29,Koh-Lanta : La Revanche des 4 Terres,Pierre-Marie,5,13,1,0,,1,Homme,0.0,Profil non physique,34-41,34–41 ans
KL29::pierre-marie,KL29,Koh-Lanta : La Revanche des 4 Terres,Pierre-Marie,6,13,1,0,,1,Homme,0.0,Profil non physique,34-41,34–41 ans
KL29::pierre-marie,KL29,Koh-Lanta : La Revanche des 4 Terres,Pierre-Marie,7,13,1,0,,1,Homme,0.0,Profil non physique,34-41,34–41 ans
KL29::pierre-marie,KL29,Koh-Lanta : La Revanche des 4 Terres,Pierre-Marie,8,13,1,0,,1,Homme,0.0,Profil non physique,34-41,34–41 ans
KL29::pierre-marie,KL29,Koh-Lanta : La Revanche des 4 Terres,Pierre-Marie,9,13,1,0,,1,Homme,0.0,Profil non physique,34-41,34–41 ans
KL29::pierre-marie,KL29,Koh-Lanta : La Revanche des 4 Terres,Pierre-Marie,10,13,1,0,,1,Homme,0.0,Profil non physique,34-41,34–41 ans
KL29::pierre-marie,KL29,Koh-Lanta : La Revanche des 4 Terres,Pierre-Marie,11,13,1,0,,1,Homme,0.0,Profil non physique,34-41,34–41 ans
KL29::pierre-marie,KL29,Koh-Lanta : La Revanche des 4 Terres,Pierre-Marie,12,13,1,0,,1,Homme,0.0,Profil non physique,34-41,34–41 ans
KL29::pierre-marie,KL29,Koh-Lanta : La Revanche des 4 Terres,Pierre-Marie,13,13,1,1,VOTE_CONSEIL,1,Homme,0.0,Profil non physique,34-41,34–41 ans
KL29::maxime,KL29,Koh-Lanta : La Revanche des 4 Terres,Maxime,1,14,1,0,,1,Homme,0.0,Profil non physique,26-33,26–33 ans
KL29::maxime,KL29,Koh-Lanta : La Revanche des 4 Terres,Maxime,2,14,1,0,,1,Homme,0.0,Profil non physique,26-33,26–33 ans
KL29::maxime,KL29,Koh-Lanta : La Revanche des 4 Terres,Maxime,3,14,1,0,,1,Homme,0.0,Profil non physique,26-33,26–33 ans
KL29::maxime,KL29,Koh-Lanta : La Revanche des 4 Terres,Maxime,4,14,1,0,,1,Homme,0.0,Profil non physique,26-33,26–33 ans
KL29::maxime,KL29,Koh-Lanta : La Revanche des 4 Terres,Maxime,5,14,1,0,,1,Homme,0.0,Profil non physique,26-33,26–33 ans
KL29::maxime,KL29,Koh-Lanta : La Revanche des 4 Terres,Maxime,6,14,1,0,,1,Homme,0.0,Profil non physique,26-33,26–33 ans
KL29::maxime,KL29,Koh-Lanta : La Revanche des 4 Terres,Maxime,7,14,1,0,,1,Homme,0.0,Profil non physique,26-33,26–33 ans
KL29::maxime,KL29,Koh-Lanta : La Revanche des 4 Terres,Maxime,8,14,1,0,,1,Homme,0.0,Profil non physique,26-33,26–33 ans
KL29::maxime,KL29,Koh-Lanta : La Revanche des 4 Terres,Maxime,9,14,1,0,,1,Homme,0.0,Profil non physique,26-33,26–33 ans
KL29::maxime,KL29,Koh-Lanta : La Revanche des 4 Terres,Maxime,10,14,1,0,,1,Homme,0.0,Profil non physique,26-33,26–33 ans
KL29::maxime,KL29,Koh-Lanta : La Revanche des 4 Terres,Maxime,11,14,1,0,,1,Homme,0.0,Profil non physique,26-33,26–33 ans
KL29::maxime,KL29,Koh-Lanta : La Revanche des 4 Terres,Maxime,12,14,1,0,,1,Homme,0.0,Profil non physique,26-33,26–33 ans
KL29::maxime,KL29,Koh-Lanta : La Revanche des 4 Terres,Maxime,13,14,1,0,,1,Homme,0.0,Profil non physique,26-33,26–33 ans
KL29::maxime,KL29,Koh-Lanta : La Revanche des 4 Terres,Maxime,14,14,1,1,AMBASSADEURS,1,Homme,0.0,Profil non physique,26-33,26–33 ans
KL29::noémie,KL29,Koh-Lanta : La Revanche des 4 Terres,Noémie,1,15,1,0,,0,Femme,0.0,Profil non physique,26-33,26–33 ans
KL29::noémie,KL29,Koh-Lanta : La Revanche des 4 Terres,Noémie,2,15,1,0,,0,Femme,0.0,Profil non physique,26-33,26–33 ans
KL29::noémie,KL29,Koh-Lanta : La Revanche des 4 Terres,Noémie,3,15,1,0,,0,Femme,0.0,Profil non physique,26-33,26–33 ans
KL29::noémie,KL29,Koh-Lanta : La Revanche des 4 Terres,Noémie,4,15,1,0,,0,Femme,0.0,Profil non physique,26-33,26–33 ans
KL29::noémie,KL29,Koh-Lanta : La Revanche des 4 Terres,Noémie,5,15,1,0,,0,Femme,0.0,Profil non physique,26-33,26–33 ans
KL29::noémie,KL29,Koh-Lanta : La Revanche des 4 Terres,Noémie,6,15,1,0,,0,Femme,0.0,Profil non physique,26-33,26–33 ans
KL29::noémie,KL29,Koh-Lanta : La Revanche des 4 Terres,Noémie,7,15,1,0,,0,Femme,0.0,Profil non physique,26-33,26–33 ans
KL29::noémie,KL29,Koh-Lanta : La Revanche des 4 Terres,Noémie,8,15,1,0,,0,Femme,0.0,Profil non physique,26-33,26–33 ans
KL29::noémie,KL29,Koh-Lanta : La Revanche des 4 Terres,Noémie,9,15,1,0,,0,Femme,0.0,Profil non physique,26-33,26–33 ans
KL29::noémie,KL29,Koh-Lanta : La Revanche des 4 Terres,Noémie,10,15,1,0,,0,Femme,0.0,Profil non physique,26-33,26–33 ans
KL29::noémie,KL29,Koh-Lanta : La Revanche des 4 Terres,Noémie,11,15,1,0,,0,Femme,0.0,Profil non physique,26-33,26–33 ans
KL29::noémie,KL29,Koh-Lanta : La Revanche des 4 Terres,Noémie,12,15,1,0,,0,Femme,0.0,Profil non physique,26-33,26–33 ans
KL29::noémie,KL29,Koh-Lanta : La Revanche des 4 Terres,Noémie,13,15,1,0,,0,Femme,0.0,Profil non physique,26-33,26–33 ans
KL29::noémie,KL29,Koh-Lanta : La Revanche des 4 Terres,Noémie,14,15,1,0,,0,Femme,0.0,Profil non physique,26-33,26–33 ans
KL29::noémie,KL29,Koh-Lanta : La Revanche des 4 Terres,Noémie,15,15,1,1,VOTE_CONSEIL,0,Femme,0.0,Profil non physique,26-33,26–33 ans
KL29::céline,KL29,Koh-Lanta : La Revanche des 4 Terres,Céline,1,16,1,0,,0,Femme,0.0,Profil non physique,34-41,34–41 ans
KL29::céline,KL29,Koh-Lanta : La Revanche des 4 Terres,Céline,2,16,1,0,,0,Femme,0.0,Profil non physique,34-41,34–41 ans
KL29::céline,KL29,Koh-Lanta : La Revanche des 4 Terres,Céline,3,16,1,0,,0,Femme,0.0,Profil non physique,34-41,34–41 ans
KL29::céline,KL29,Koh-Lanta : La Revanche des 4 Terres,Céline,4,16,1,0,,0,Femme,0.0,Profil non physique,34-41,34–41 ans
KL29::céline,KL29,Koh-Lanta : La Revanche des 4 Terres,Céline,5,16,1,0,,0,Femme,0.0,Profil non physique,34-41,34–41 ans
KL29::céline,KL29,Koh-Lanta : La Revanche des 4 Terres,Céline,6,16,1,0,,0,Femme,0.0,Profil non physique,34-41,34–41 ans
KL29::céline,KL29,Koh-Lanta : La Revanche des 4 Terres,Céline,7,16,1,0,,0,Femme,0.0,Profil non physique,34-41,34–41 ans
KL29::céline,KL29,Koh-Lanta : La Revanche des 4 Terres,Céline,8,16,1,0,,0,Femme,0.0,Profil non physique,34-41,34–41 ans
KL29::céline,KL29,Koh-Lanta : La Revanche des 4 Terres,Céline,9,16,1,0,,0,Femme,0.0,Profil non physique,34-41,34–41 ans
KL29::céline,KL29,Koh-Lanta : La Revanche des 4 Terres,Céline,10,16,1,0,,0,Femme,0.0,Profil non physique,34-41,34–41 ans
KL29::céline,KL29,Koh-Lanta : La Revanche des 4 Terres,Céline,11,16,1,0,,0,Femme,0.0,Profil non physique,34-41,34–41 ans
KL29::céline,KL29,Koh-Lanta : La Revanche des 4 Terres,Céline,12,16,1,0,,0,Femme,0.0,Profil non physique,34-41,34–41 ans
KL29::céline,KL29,Koh-Lanta : La Revanche des 4 Terres,Céline,13,16,1,0,,0,Femme,0.0,Profil non physique,34-41,34–41 ans
KL29::céline,KL29,Koh-Lanta : La Revanche des 4 Terres,Céline,14,16,1,0,,0,Femme,0.0,Profil non physique,34-41,34–41 ans
KL29::céline,KL29,Koh-Lanta : La Revanche des 4 Terres,Céline,15,16,1,0,,0,Femme,0.0,Profil non physique,34-41,34–41 ans
KL29::céline,KL29,Koh-Lanta : La Revanche des 4 Terres,Céline,16,16,1,1,VOTE_CONSEIL,0,Femme,0.0,Profil non physique,34-41,34–41 ans
KL29::jérôme#row20,KL29,Koh-Lanta : La Revanche des 4 Terres,Jérôme,1,17,1,0,,1,Homme,0.0,Profil non physique,42+,42 ans et plus
KL29::jérôme#row20,KL29,Koh-Lanta : La Revanche des 4 Terres,Jérôme,2,17,1,0,,1,Homme,0.0,Profil non physique,42+,42 ans et plus
KL29::jérôme#row20,KL29,Koh-Lanta : La Revanche des 4 Terres,Jérôme,3,17,1,0,,1,Homme,0.0,Profil non physique,42+,42 ans et plus
KL29::jérôme#row20,KL29,Koh-Lanta : La Revanche des 4 Terres,Jérôme,4,17,1,0,,1,Homme,0.0,Profil non physique,42+,42 ans et plus
KL29::jérôme#row20,KL29,Koh-Lanta : La Revanche des 4 Terres,Jérôme,5,17,1,0,,1,Homme,0.0,Profil non physique,42+,42 ans et plus
KL29::jérôme#row20,KL29,Koh-Lanta : La Revanche des 4 Terres,Jérôme,6,17,1,0,,1,Homme,0.0,Profil non physique,42+,42 ans et plus
KL29::jérôme#row20,KL29,Koh-Lanta : La Revanche des 4 Terres,Jérôme,7,17,1,0,,1,Homme,0.0,Profil non physique,42+,42 ans et plus
KL29::jérôme#row20,KL29,Koh-Lanta : La Revanche des 4 Terres,Jérôme,8,17,1,0,,1,Homme,0.0,Profil non physique,42+,42 ans et plus
KL29::jérôme#row20,KL29,Koh-Lanta : La Revanche des 4 Terres,Jérôme,9,17,1,0,,1,Homme,0.0,Profil non physique,42+,42 ans et plus
KL29::jérôme#row20,KL29,Koh-Lanta : La Revanche des 4 Terres,Jérôme,10,17,1,0,,1,Homme,0.0,Profil non physique,42+,42 ans et plus
KL29::jérôme#row20,KL29,Koh-Lanta : La Revanche des 4 Terres,Jérôme,11,17,1,0,,1,Homme,0.0,Profil non physique,42+,42 ans et plus
KL29::jérôme#row20,KL29,Koh-Lanta : La Revanche des 4 Terres,Jérôme,12,17,1,0,,1,Homme,0.0,Profil non physique,42+,42 ans et plus
KL29::jérôme#row20,KL29,Koh-Lanta : La Revanche des 4 Terres,Jérôme,13,17,1,0,,1,Homme,0.0,Profil non physique,42+,42 ans et plus
KL29::jérôme#row20,KL29,Koh-Lanta : La Revanche des 4 Terres,Jérôme,14,17,1,0,,1,Homme,0.0,Profil non physique,42+,42 ans et plus
KL29::jérôme#row20,KL29,Koh-Lanta : La Revanche des 4 Terres,Jérôme,15,17,1,0,,1,Homme,0.0,Profil non physique,42+,42 ans et plus
KL29::jérôme#row20,KL29,Koh-Lanta : La Revanche des 4 Terres,Jérôme,16,17,1,0,,1,Homme,0.0,Profil non physique,42+,42 ans et plus
KL29::jérôme#row20,KL29,Koh-Lanta : La Revanche des 4 Terres,Jérôme,17,17,1,1,FINALE_ORIENTATION,1,Homme,0.0,Profil non physique,42+,42 ans et plus
KL29::claire,KL29,Koh-Lanta : La Revanche des 4 Terres,Claire,1,18,1,0,,0,Femme,0.0,Profil non physique,34-41,34–41 ans
KL29::claire,KL29,Koh-Lanta : La Revanche des 4 Terres,Claire,2,18,1,0,,0,Femme,0.0,Profil non physique,34-41,34–41 ans
KL29::claire,KL29,Koh-Lanta : La Revanche des 4 Terres,Claire,3,18,1,0,,0,Femme,0.0,Profil non physique,34-41,34–41 ans
KL29::claire,KL29,Koh-Lanta : La Revanche des 4 Terres,Claire,4,18,1,0,,0,Femme,0.0,Profil non physique,34-41,34–41 ans
KL29::claire,KL29,Koh-Lanta : La Revanche des 4 Terres,Claire,5,18,1,0,,0,Femme,0.0,Profil non physique,34-41,34–41 ans
KL29::claire,KL29,Koh-Lanta : La Revanche des 4 Terres,Claire,6,18,1,0,,0,Femme,0.0,Profil non physique,34-41,34–41 ans
KL29::claire,KL29,Koh-Lanta : La Revanche des 4 Terres,Claire,7,18,1,0,,0,Femme,0.0,Profil non physique,34-41,34–41 ans
KL29::claire,KL29,Koh-Lanta : La Revanche des 4 Terres,Claire,8,18,1,0,,0,Femme,0.0,Profil non physique,34-41,34–41 ans
KL29::claire,KL29,Koh-Lanta : La Revanche des 4 Terres,Claire,9,18,1,0,,0,Femme,0.0,Profil non physique,34-41,34–41 ans
KL29::claire,KL29,Koh-Lanta : La Revanche des 4 Terres,Claire,10,18,1,0,,0,Femme,0.0,Profil non physique,34-41,34–41 ans
KL29::claire,KL29,Koh-Lanta : La Revanche des 4 Terres,Claire,11,18,1,0,,0,Femme,0.0,Profil non physique,34-41,34–41 ans
KL29::claire,KL29,Koh-Lanta : La Revanche des 4 Terres,Claire,12,18,1,0,,0,Femme,0.0,Profil non physique,34-41,34–41 ans
KL29::claire,KL29,Koh-Lanta : La Revanche des 4 Terres,Claire,13,18,1,0,,0,Femme,0.0,Profil non physique,34-41,34–41 ans
KL29::claire,KL29,Koh-Lanta : La Revanche des 4 Terres,Claire,14,18,1,0,,0,Femme,0.0,Profil non physique,34-41,34–41 ans
KL29::claire,KL29,Koh-Lanta : La Revanche des 4 Terres,Claire,15,18,1,0,,0,Femme,0.0,Profil non physique,34-41,34–41 ans
KL29::claire,KL29,Koh-Lanta : La Revanche des 4 Terres,Claire,16,18,1,0,,0,Femme,0.0,Profil non physique,34-41,34–41 ans
KL29::claire,KL29,Koh-Lanta : La Revanche des 4 Terres,Claire,17,18,1,0,,0,Femme,0.0,Profil non physique,34-41,34–41 ans
KL29::claire,KL29,Koh-Lanta : La Revanche des 4 Terres,Claire,18,18,1,1,FINALE_ORIENTATION,0,Femme,0.0,Profil non physique,34-41,34–41 ans
KL29::jérôme#row22,KL29,Koh-Lanta : La Revanche des 4 Terres,Jérôme,1,18,1,0,,1,Homme,0.0,Profil non physique,42+,42 ans et plus
KL29::jérôme#row22,KL29,Koh-Lanta : La Revanche des 4 Terres,Jérôme,2,18,1,0,,1,Homme,0.0,Profil non physique,42+,42 ans et plus
KL29::jérôme#row22,KL29,Koh-Lanta : La Revanche des 4 Terres,Jérôme,3,18,1,0,,1,Homme,0.0,Profil non physique,42+,42 ans et plus
KL29::jérôme#row22,KL29,Koh-Lanta : La Revanche des 4 Terres,Jérôme,4,18,1,0,,1,Homme,0.0,Profil non physique,42+,42 ans et plus
KL29::jérôme#row22,KL29,Koh-Lanta : La Revanche des 4 Terres,Jérôme,5,18,1,0,,1,Homme,0.0,Profil non physique,42+,42 ans et plus
KL29::jérôme#row22,KL29,Koh-Lanta : La Revanche des 4 Terres,Jérôme,6,18,1,0,,1,Homme,0.0,Profil non physique,42+,42 ans et plus
KL29::jérôme#row22,KL29,Koh-Lanta : La Revanche des 4 Terres,Jérôme,7,18,1,0,,1,Homme,0.0,Profil non physique,42+,42 ans et plus
KL29::jérôme#row22,KL29,Koh-Lanta : La Revanche des 4 Terres,Jérôme,8,18,1,0,,1,Homme,0.0,Profil non physique,42+,42 ans et plus
KL29::jérôme#row22,KL29,Koh-Lanta : La Revanche des 4 Terres,Jérôme,9,18,1,0,,1,Homme,0.0,Profil non physique,42+,42 ans et plus
KL29::jérôme#row22,KL29,Koh-Lanta : La Revanche des 4 Terres,Jérôme,10,18,1,0,,1,Homme,0.0,Profil non physique,42+,42 ans et plus
KL29::jérôme#row22,KL29,Koh-Lanta : La Revanche des 4 Terres,Jérôme,11,18,1,0,,1,Homme,0.0,Profil non physique,42+,42 ans et plus
KL29::jérôme#row22,KL29,Koh-Lanta : La Revanche des 4 Terres,Jérôme,12,18,1,0,,1,Homme,0.0,Profil non physique,42+,42 ans et plus
KL29::jérôme#row22,KL29,Koh-Lanta : La Revanche des 4 Terres,Jérôme,13,18,1,0,,1,Homme,0.0,Profil non physique,42+,42 ans et plus
KL29::jérôme#row22,KL29,Koh-Lanta : La Revanche des 4 Terres,Jérôme,14,18,1,0,,1,Homme,0.0,Profil non physique,42+,42 ans et plus
KL29::jérôme#row22,KL29,Koh-Lanta : La Revanche des 4 Terres,Jérôme,15,18,1,0,,1,Homme,0.0,Profil non physique,42+,42 ans et plus
KL29::jérôme#row22,KL29,Koh-Lanta : La Revanche des 4 Terres,Jérôme,16,18,1,0,,1,Homme,0.0,Profil non physique,42+,42 ans et plus
KL29::jérôme#row22,KL29,Koh-Lanta : La Revanche des 4 Terres,Jérôme,17,18,1,0,,1,Homme,0.0,Profil non physique,42+,42 ans et plus
KL29::jérôme#row22,KL29,Koh-Lanta : La Revanche des 4 Terres,Jérôme,18,18,1,1,FINALE_POTEAUX,1,Homme,0.0,Profil non physique,42+,42 ans et plus
KL29::maël,KL29,Koh-Lanta : La Revanche des 4 Terres,Maël,1,19,1,0,,1,Homme,0.0,Profil non physique,26-33,26–33 ans
KL29::maël,KL29,Koh-Lanta : La Revanche des 4 Terres,Maël,2,19,1,0,,1,Homme,0.0,Profil non physique,26-33,26–33 ans
KL29::maël,KL29,Koh-Lanta : La Revanche des 4 Terres,Maël,3,19,1,0,,1,Homme,0.0,Profil non physique,26-33,26–33 ans
KL29::maël,KL29,Koh-Lanta : La Revanche des 4 Terres,Maël,4,19,1,0,,1,Homme,0.0,Profil non physique,26-33,26–33 ans
KL29::maël,KL29,Koh-Lanta : La Revanche des 4 Terres,Maël,5,19,1,0,,1,Homme,0.0,Profil non physique,26-33,26–33 ans
KL29::maël,KL29,Koh-Lanta : La Revanche des 4 Terres,Maël,6,19,1,0,,1,Homme,0.0,Profil non physique,26-33,26–33 ans
KL29::maël,KL29,Koh-Lanta : La Revanche des 4 Terres,Maël,7,19,1,0,,1,Homme,0.0,Profil non physique,26-33,26–33 ans
KL29::maël,KL29,Koh-Lanta : La Revanche des 4 Terres,Maël,8,19,1,0,,1,Homme,0.0,Profil non physique,26-33,26–33 ans
KL29::maël,KL29,Koh-Lanta : La Revanche des 4 Terres,Maël,9,19,1,0,,1,Homme,0.0,Profil non physique,26-33,26–33 ans
KL29::maël,KL29,Koh-Lanta : La Revanche des 4 Terres,Maël,10,19,1,0,,1,Homme,0.0,Profil non physique,26-33,26–33 ans
KL29::maël,KL29,Koh-Lanta : La Revanche des 4 Terres,Maël,11,19,1,0,,1,Homme,0.0,Profil non physique,26-33,26–33 ans
KL29::maël,KL29,Koh-Lanta : La Revanche des 4 Terres,Maël,12,19,1,0,,1,Homme,0.0,Profil non physique,26-33,26–33 ans
KL29::maël,KL29,Koh-Lanta : La Revanche des 4 Terres,Maël,13,19,1,0,,1,Homme,0.0,Profil non physique,26-33,26–33 ans
KL29::maël,KL29,Koh-Lanta : La Revanche des 4 Terres,Maël,14,19,1,0,,1,Homme,0.0,Profil non physique,26-33,26–33 ans
KL29::maël,KL29,Koh-Lanta : La Revanche des 4 Terres,Maël,15,19,1,0,,1,Homme,0.0,Profil non physique,26-33,26–33 ans
KL29::maël,KL29,Koh-Lanta : La Revanche des 4 Terres,Maël,16,19,1,0,,1,Homme,0.0,Profil non physique,26-33,26–33 ans
KL29::maël,KL29,Koh-Lanta : La Revanche des 4 Terres,Maël,17,19,1,0,,1,Homme,0.0,Profil non physique,26-33,26–33 ans
KL29::maël,KL29,Koh-Lanta : La Revanche des 4 Terres,Maël,18,19,1,0,,1,Homme,0.0,Profil non physique,26-33,26–33 ans
KL29::maël,KL29,Koh-Lanta : La Revanche des 4 Terres,Maël,19,19,1,1,JURY_FINAL_DECISION,1,Homme,0.0,Profil non physique,26-33,26–33 ans
KL29::gaëlle,KL29,Koh-Lanta : La Revanche des 4 Terres,Gaëlle,1,20,1,0,,0,Femme,0.0,Profil non physique,34-41,34–41 ans
KL29::gaëlle,KL29,Koh-Lanta : La Revanche des 4 Terres,Gaëlle,2,20,1,0,,0,Femme,0.0,Profil non physique,34-41,34–41 ans
KL29::gaëlle,KL29,Koh-Lanta : La Revanche des 4 Terres,Gaëlle,3,20,1,0,,0,Femme,0.0,Profil non physique,34-41,34–41 ans
KL29::gaëlle,KL29,Koh-Lanta : La Revanche des 4 Terres,Gaëlle,4,20,1,0,,0,Femme,0.0,Profil non physique,34-41,34–41 ans
KL29::gaëlle,KL29,Koh-Lanta : La Revanche des 4 Terres,Gaëlle,5,20,1,0,,0,Femme,0.0,Profil non physique,34-41,34–41 ans
KL29::gaëlle,KL29,Koh-Lanta : La Revanche des 4 Terres,Gaëlle,6,20,1,0,,0,Femme,0.0,Profil non physique,34-41,34–41 ans
KL29::gaëlle,KL29,Koh-Lanta : La Revanche des 4 Terres,Gaëlle,7,20,1,0,,0,Femme,0.0,Profil non physique,34-41,34–41 ans
KL29::gaëlle,KL29,Koh-Lanta : La Revanche des 4 Terres,Gaëlle,8,20,1,0,,0,Femme,0.0,Profil non physique,34-41,34–41 ans
KL29::gaëlle,KL29,Koh-Lanta : La Revanche des 4 Terres,Gaëlle,9,20,1,0,,0,Femme,0.0,Profil non physique,34-41,34–41 ans
KL29::gaëlle,KL29,Koh-Lanta : La Revanche des 4 Terres,Gaëlle,10,20,1,0,,0,Femme,0.0,Profil non physique,34-41,34–41 ans
KL29::gaëlle,KL29,Koh-Lanta : La Revanche des 4 Terres,Gaëlle,11,20,1,0,,0,Femme,0.0,Profil non physique,34-41,34–41 ans
KL29::gaëlle,KL29,Koh-Lanta : La Revanche des 4 Terres,Gaëlle,12,20,1,0,,0,Femme,0.0,Profil non physique,34-41,34–41 ans
KL29::gaëlle,KL29,Koh-Lanta : La Revanche des 4 Terres,Gaëlle,13,20,1,0,,0,Femme,0.0,Profil non physique,34-41,34–41 ans
KL29::gaëlle,KL29,Koh-Lanta : La Revanche des 4 Terres,Gaëlle,14,20,1,0,,0,Femme,0.0,Profil non physique,34-41,34–41 ans
KL29::gaëlle,KL29,Koh-Lanta : La Revanche des 4 Terres,Gaëlle,15,20,1,0,,0,Femme,0.0,Profil non physique,34-41,34–41 ans
KL29::gaëlle,KL29,Koh-Lanta : La Revanche des 4 Terres,Gaëlle,16,20,1,0,,0,Femme,0.0,Profil non physique,34-41,34–41 ans
KL29::gaëlle,KL29,Koh-Lanta : La Revanche des 4 Terres,Gaëlle,17,20,1,0,,0,Femme,0.0,Profil non physique,34-41,34–41 ans
KL29::gaëlle,KL29,Koh-Lanta : La Revanche des 4 Terres,Gaëlle,18,20,1,0,,0,Femme,0.0,Profil non physique,34-41,34–41 ans
KL29::gaëlle,KL29,Koh-Lanta : La Revanche des 4 Terres,Gaëlle,19,20,1,0,,0,Femme,0.0,Profil non physique,34-41,34–41 ans
KL29::gaëlle,KL29,Koh-Lanta : La Revanche des 4 Terres,Gaëlle,20,20,1,0,,0,Femme,0.0,Profil non physique,34-41,34–41 ans
KL26::célia,KL26,Koh-Lanta : Le Feu Sacré,Célia,1,1,1,1,VOTE_CONSEIL,0,Femme,0.0,Profil non physique,42+,42 ans et plus
KL26::emin,KL26,Koh-Lanta : Le Feu Sacré,Emin,1,2,1,0,,1,Homme,0.0,Profil non physique,42+,42 ans et plus
KL26::emin,KL26,Koh-Lanta : Le Feu Sacré,Emin,2,2,1,1,VOTE_CONSEIL,1,Homme,0.0,Profil non physique,42+,42 ans et plus
KL26::alexandre,KL26,Koh-Lanta : Le Feu Sacré,Alexandre,1,3,1,0,,1,Homme,0.0,Profil non physique,34-41,34–41 ans
KL26::alexandre,KL26,Koh-Lanta : Le Feu Sacré,Alexandre,2,3,1,0,,1,Homme,0.0,Profil non physique,34-41,34–41 ans
KL26::alexandre,KL26,Koh-Lanta : Le Feu Sacré,Alexandre,3,3,1,1,VOTE_CONSEIL,1,Homme,0.0,Profil non physique,34-41,34–41 ans
KL26::élodie,KL26,Koh-Lanta : Le Feu Sacré,Élodie,1,4,1,0,,0,Femme,0.0,Profil non physique,34-41,34–41 ans
KL26::élodie,KL26,Koh-Lanta : Le Feu Sacré,Élodie,2,4,1,0,,0,Femme,0.0,Profil non physique,34-41,34–41 ans
KL26::élodie,KL26,Koh-Lanta : Le Feu Sacré,Élodie,3,4,1,0,,0,Femme,0.0,Profil non physique,34-41,34–41 ans
KL26::élodie,KL26,Koh-Lanta : Le Feu Sacré,Élodie,4,4,1,1,ELIMINATION_CHALLENGE,0,Femme,0.0,Profil non physique,34-41,34–41 ans
KL26::benjamin,KL26,Koh-Lanta : Le Feu Sacré,Benjamin,1,5,1,0,,1,Homme,0.0,Profil non physique,18-25,18–25 ans
KL26::benjamin,KL26,Koh-Lanta : Le Feu Sacré,Benjamin,2,5,1,0,,1,Homme,0.0,Profil non physique,18-25,18–25 ans
KL26::benjamin,KL26,Koh-Lanta : Le Feu Sacré,Benjamin,3,5,1,0,,1,Homme,0.0,Profil non physique,18-25,18–25 ans
KL26::benjamin,KL26,Koh-Lanta : Le Feu Sacré,Benjamin,4,5,1,0,,1,Homme,0.0,Profil non physique,18-25,18–25 ans
KL26::benjamin,KL26,Koh-Lanta : Le Feu Sacré,Benjamin,5,5,1,1,VOLUNTARY,1,Homme,0.0,Profil non physique,18-25,18–25 ans
KL26::martin,KL26,Koh-Lanta : Le Feu Sacré,Martin,1,6,1,0,,1,Homme,0.0,Profil non physique,26-33,26–33 ans
KL26::martin,KL26,Koh-Lanta : Le Feu Sacré,Martin,2,6,1,0,,1,Homme,0.0,Profil non physique,26-33,26–33 ans
KL26::martin,KL26,Koh-Lanta : Le Feu Sacré,Martin,3,6,1,0,,1,Homme,0.0,Profil non physique,26-33,26–33 ans
KL26::martin,KL26,Koh-Lanta : Le Feu Sacré,Martin,4,6,1,0,,1,Homme,0.0,Profil non physique,26-33,26–33 ans
KL26::martin,KL26,Koh-Lanta : Le Feu Sacré,Martin,5,6,1,0,,1,Homme,0.0,Profil non physique,26-33,26–33 ans
KL26::martin,KL26,Koh-Lanta : Le Feu Sacré,Martin,6,6,1,1,MEDICAL,1,Homme,0.0,Profil non physique,26-33,26–33 ans
KL26::christine,KL26,Koh-Lanta : Le Feu Sacré,Christine,1,7,1,0,,0,Femme,0.0,Profil non physique,42+,42 ans et plus
KL26::christine,KL26,Koh-Lanta : Le Feu Sacré,Christine,2,7,1,0,,0,Femme,0.0,Profil non physique,42+,42 ans et plus
KL26::christine,KL26,Koh-Lanta : Le Feu Sacré,Christine,3,7,1,0,,0,Femme,0.0,Profil non physique,42+,42 ans et plus
KL26::christine,KL26,Koh-Lanta : Le Feu Sacré,Christine,4,7,1,0,,0,Femme,0.0,Profil non physique,42+,42 ans et plus
KL26::christine,KL26,Koh-Lanta : Le Feu Sacré,Christine,5,7,1,0,,0,Femme,0.0,Profil non physique,42+,42 ans et plus
KL26::christine,KL26,Koh-Lanta : Le Feu Sacré,Christine,6,7,1,0,,0,Femme,0.0,Profil non physique,42+,42 ans et plus
KL26::christine,KL26,Koh-Lanta : Le Feu Sacré,Christine,7,7,1,1,VOTE_CONSEIL,0,Femme,0.0,Profil non physique,42+,42 ans et plus
KL26::rudy,KL26,Koh-Lanta : Le Feu Sacré,Rudy,1,8,1,0,,1,Homme,0.0,Profil non physique,34-41,34–41 ans
KL26::rudy,KL26,Koh-Lanta : Le Feu Sacré,Rudy,2,8,1,0,,1,Homme,0.0,Profil non physique,34-41,34–41 ans
KL26::rudy,KL26,Koh-Lanta : Le Feu Sacré,Rudy,3,8,1,0,,1,Homme,0.0,Profil non physique,34-41,34–41 ans
KL26::rudy,KL26,Koh-Lanta : Le Feu Sacré,Rudy,4,8,1,0,,1,Homme,0.0,Profil non physique,34-41,34–41 ans
KL26::rudy,KL26,Koh-Lanta : Le Feu Sacré,Rudy,5,8,1,0,,1,Homme,0.0,Profil non physique,34-41,34–41 ans
KL26::rudy,KL26,Koh-Lanta : Le Feu Sacré,Rudy,6,8,1,0,,1,Homme,0.0,Profil non physique,34-41,34–41 ans
KL26::rudy,KL26,Koh-Lanta : Le Feu Sacré,Rudy,7,8,1,0,,1,Homme,0.0,Profil non physique,34-41,34–41 ans
KL26::rudy,KL26,Koh-Lanta : Le Feu Sacré,Rudy,8,8,1,1,VOTE_CONSEIL,1,Homme,0.0,Profil non physique,34-41,34–41 ans
KL26::grâce,KL26,Koh-Lanta : Le Feu Sacré,Grâce,1,9,1,0,,0,Femme,0.0,Profil non physique,34-41,34–41 ans
KL26::grâce,KL26,Koh-Lanta : Le Feu Sacré,Grâce,2,9,1,0,,0,Femme,0.0,Profil non physique,34-41,34–41 ans
KL26::grâce,KL26,Koh-Lanta : Le Feu Sacré,Grâce,3,9,1,0,,0,Femme,0.0,Profil non physique,34-41,34–41 ans
KL26::grâce,KL26,Koh-Lanta : Le Feu Sacré,Grâce,4,9,1,0,,0,Femme,0.0,Profil non physique,34-41,34–41 ans
KL26::grâce,KL26,Koh-Lanta : Le Feu Sacré,Grâce,5,9,1,0,,0,Femme,0.0,Profil non physique,34-41,34–41 ans
KL26::grâce,KL26,Koh-Lanta : Le Feu Sacré,Grâce,6,9,1,0,,0,Femme,0.0,Profil non physique,34-41,34–41 ans
KL26::grâce,KL26,Koh-Lanta : Le Feu Sacré,Grâce,7,9,1,0,,0,Femme,0.0,Profil non physique,34-41,34–41 ans
KL26::grâce,KL26,Koh-Lanta : Le Feu Sacré,Grâce,8,9,1,0,,0,Femme,0.0,Profil non physique,34-41,34–41 ans
KL26::grâce,KL26,Koh-Lanta : Le Feu Sacré,Grâce,9,9,1,1,VOLUNTARY,0,Femme,0.0,Profil non physique,34-41,34–41 ans
KL26::anne-sophie,KL26,Koh-Lanta : Le Feu Sacré,Anne-Sophie,1,10,1,0,,0,Femme,0.0,Profil non physique,34-41,34–41 ans
KL26::anne-sophie,KL26,Koh-Lanta : Le Feu Sacré,Anne-Sophie,2,10,1,0,,0,Femme,0.0,Profil non physique,34-41,34–41 ans
KL26::anne-sophie,KL26,Koh-Lanta : Le Feu Sacré,Anne-Sophie,3,10,1,0,,0,Femme,0.0,Profil non physique,34-41,34–41 ans
KL26::anne-sophie,KL26,Koh-Lanta : Le Feu Sacré,Anne-Sophie,4,10,1,0,,0,Femme,0.0,Profil non physique,34-41,34–41 ans
KL26::anne-sophie,KL26,Koh-Lanta : Le Feu Sacré,Anne-Sophie,5,10,1,0,,0,Femme,0.0,Profil non physique,34-41,34–41 ans
KL26::anne-sophie,KL26,Koh-Lanta : Le Feu Sacré,Anne-Sophie,6,10,1,0,,0,Femme,0.0,Profil non physique,34-41,34–41 ans
KL26::anne-sophie,KL26,Koh-Lanta : Le Feu Sacré,Anne-Sophie,7,10,1,0,,0,Femme,0.0,Profil non physique,34-41,34–41 ans
KL26::anne-sophie,KL26,Koh-Lanta : Le Feu Sacré,Anne-Sophie,8,10,1,0,,0,Femme,0.0,Profil non physique,34-41,34–41 ans
KL26::anne-sophie,KL26,Koh-Lanta : Le Feu Sacré,Anne-Sophie,9,10,1,0,,0,Femme,0.0,Profil non physique,34-41,34–41 ans
KL26::anne-sophie,KL26,Koh-Lanta : Le Feu Sacré,Anne-Sophie,10,10,1,1,VOTE_CONSEIL,0,Femme,0.0,Profil non physique,34-41,34–41 ans
KL26::helena,KL26,Koh-Lanta : Le Feu Sacré,Helena,1,11,1,0,,0,Femme,0.0,Profil non physique,26-33,26–33 ans
KL26::helena,KL26,Koh-Lanta : Le Feu Sacré,Helena,2,11,1,0,,0,Femme,0.0,Profil non physique,26-33,26–33 ans
KL26::helena,KL26,Koh-Lanta : Le Feu Sacré,Helena,3,11,1,0,,0,Femme,0.0,Profil non physique,26-33,26–33 ans
KL26::helena,KL26,Koh-Lanta : Le Feu Sacré,Helena,4,11,1,0,,0,Femme,0.0,Profil non physique,26-33,26–33 ans
KL26::helena,KL26,Koh-Lanta : Le Feu Sacré,Helena,5,11,1,0,,0,Femme,0.0,Profil non physique,26-33,26–33 ans
KL26::helena,KL26,Koh-Lanta : Le Feu Sacré,Helena,6,11,1,0,,0,Femme,0.0,Profil non physique,26-33,26–33 ans
KL26::helena,KL26,Koh-Lanta : Le Feu Sacré,Helena,7,11,1,0,,0,Femme,0.0,Profil non physique,26-33,26–33 ans
KL26::helena,KL26,Koh-Lanta : Le Feu Sacré,Helena,8,11,1,0,,0,Femme,0.0,Profil non physique,26-33,26–33 ans
KL26::helena,KL26,Koh-Lanta : Le Feu Sacré,Helena,9,11,1,0,,0,Femme,0.0,Profil non physique,26-33,26–33 ans
KL26::helena,KL26,Koh-Lanta : Le Feu Sacré,Helena,10,11,1,0,,0,Femme,0.0,Profil non physique,26-33,26–33 ans
KL26::helena,KL26,Koh-Lanta : Le Feu Sacré,Helena,11,11,1,1,VOTE_CONSEIL,0,Femme,0.0,Profil non physique,26-33,26–33 ans
KL26::gilles,KL26,Koh-Lanta : Le Feu Sacré,Gilles,1,12,1,0,,1,Homme,0.0,Profil non physique,26-33,26–33 ans
KL26::gilles,KL26,Koh-Lanta : Le Feu Sacré,Gilles,2,12,1,0,,1,Homme,0.0,Profil non physique,26-33,26–33 ans
KL26::gilles,KL26,Koh-Lanta : Le Feu Sacré,Gilles,3,12,1,0,,1,Homme,0.0,Profil non physique,26-33,26–33 ans
KL26::gilles,KL26,Koh-Lanta : Le Feu Sacré,Gilles,4,12,1,0,,1,Homme,0.0,Profil non physique,26-33,26–33 ans
KL26::gilles,KL26,Koh-Lanta : Le Feu Sacré,Gilles,5,12,1,0,,1,Homme,0.0,Profil non physique,26-33,26–33 ans
KL26::gilles,KL26,Koh-Lanta : Le Feu Sacré,Gilles,6,12,1,0,,1,Homme,0.0,Profil non physique,26-33,26–33 ans
KL26::gilles,KL26,Koh-Lanta : Le Feu Sacré,Gilles,7,12,1,0,,1,Homme,0.0,Profil non physique,26-33,26–33 ans
KL26::gilles,KL26,Koh-Lanta : Le Feu Sacré,Gilles,8,12,1,0,,1,Homme,0.0,Profil non physique,26-33,26–33 ans
KL26::gilles,KL26,Koh-Lanta : Le Feu Sacré,Gilles,9,12,1,0,,1,Homme,0.0,Profil non physique,26-33,26–33 ans
KL26::gilles,KL26,Koh-Lanta : Le Feu Sacré,Gilles,10,12,1,0,,1,Homme,0.0,Profil non physique,26-33,26–33 ans
KL26::gilles,KL26,Koh-Lanta : Le Feu Sacré,Gilles,11,12,1,0,,1,Homme,0.0,Profil non physique,26-33,26–33 ans
KL26::gilles,KL26,Koh-Lanta : Le Feu Sacré,Gilles,12,12,1,1,VOTE_CONSEIL,1,Homme,0.0,Profil non physique,26-33,26–33 ans
KL26::clémence,KL26,Koh-Lanta : Le Feu Sacré,Clémence,1,13,1,0,,0,Femme,0.0,Profil non physique,26-33,26–33 ans
KL26::clémence,KL26,Koh-Lanta : Le Feu Sacré,Clémence,2,13,1,0,,0,Femme,0.0,Profil non physique,26-33,26–33 ans
KL26::clémence,KL26,Koh-Lanta : Le Feu Sacré,Clémence,3,13,1,0,,0,Femme,0.0,Profil non physique,26-33,26–33 ans
KL26::clémence,KL26,Koh-Lanta : Le Feu Sacré,Clémence,4,13,1,0,,0,Femme,0.0,Profil non physique,26-33,26–33 ans
KL26::clémence,KL26,Koh-Lanta : Le Feu Sacré,Clémence,5,13,1,0,,0,Femme,0.0,Profil non physique,26-33,26–33 ans
KL26::clémence,KL26,Koh-Lanta : Le Feu Sacré,Clémence,6,13,1,0,,0,Femme,0.0,Profil non physique,26-33,26–33 ans
KL26::clémence,KL26,Koh-Lanta : Le Feu Sacré,Clémence,7,13,1,0,,0,Femme,0.0,Profil non physique,26-33,26–33 ans
KL26::clémence,KL26,Koh-Lanta : Le Feu Sacré,Clémence,8,13,1,0,,0,Femme,0.0,Profil non physique,26-33,26–33 ans
KL26::clémence,KL26,Koh-Lanta : Le Feu Sacré,Clémence,9,13,1,0,,0,Femme,0.0,Profil non physique,26-33,26–33 ans
KL26::clémence,KL26,Koh-Lanta : Le Feu Sacré,Clémence,10,13,1,0,,0,Femme,0.0,Profil non physique,26-33,26–33 ans
KL26::clémence,KL26,Koh-Lanta : Le Feu Sacré,Clémence,11,13,1,0,,0,Femme,0.0,Profil non physique,26-33,26–33 ans
KL26::clémence,KL26,Koh-Lanta : Le Feu Sacré,Clémence,12,13,1,0,,0,Femme,0.0,Profil non physique,26-33,26–33 ans
KL26::clémence,KL26,Koh-Lanta : Le Feu Sacré,Clémence,13,13,1,1,VOTE_CONSEIL,0,Femme,0.0,Profil non physique,26-33,26–33 ans
KL26::esteban,KL26,Koh-Lanta : Le Feu Sacré,Esteban,1,14,1,0,,1,Homme,0.0,Profil non physique,34-41,34–41 ans
KL26::esteban,KL26,Koh-Lanta : Le Feu Sacré,Esteban,2,14,1,0,,1,Homme,0.0,Profil non physique,34-41,34–41 ans
KL26::esteban,KL26,Koh-Lanta : Le Feu Sacré,Esteban,3,14,1,0,,1,Homme,0.0,Profil non physique,34-41,34–41 ans
KL26::esteban,KL26,Koh-Lanta : Le Feu Sacré,Esteban,4,14,1,0,,1,Homme,0.0,Profil non physique,34-41,34–41 ans
KL26::esteban,KL26,Koh-Lanta : Le Feu Sacré,Esteban,5,14,1,0,,1,Homme,0.0,Profil non physique,34-41,34–41 ans
KL26::esteban,KL26,Koh-Lanta : Le Feu Sacré,Esteban,6,14,1,0,,1,Homme,0.0,Profil non physique,34-41,34–41 ans
KL26::esteban,KL26,Koh-Lanta : Le Feu Sacré,Esteban,7,14,1,0,,1,Homme,0.0,Profil non physique,34-41,34–41 ans
KL26::esteban,KL26,Koh-Lanta : Le Feu Sacré,Esteban,8,14,1,0,,1,Homme,0.0,Profil non physique,34-41,34–41 ans
KL26::esteban,KL26,Koh-Lanta : Le Feu Sacré,Esteban,9,14,1,0,,1,Homme,0.0,Profil non physique,34-41,34–41 ans
KL26::esteban,KL26,Koh-Lanta : Le Feu Sacré,Esteban,10,14,1,0,,1,Homme,0.0,Profil non physique,34-41,34–41 ans
KL26::esteban,KL26,Koh-Lanta : Le Feu Sacré,Esteban,11,14,1,0,,1,Homme,0.0,Profil non physique,34-41,34–41 ans
KL26::esteban,KL26,Koh-Lanta : Le Feu Sacré,Esteban,12,14,1,0,,1,Homme,0.0,Profil non physique,34-41,34–41 ans
KL26::esteban,KL26,Koh-Lanta : Le Feu Sacré,Esteban,13,14,1,0,,1,Homme,0.0,Profil non physique,34-41,34–41 ans
KL26::esteban,KL26,Koh-Lanta : Le Feu Sacré,Esteban,14,14,1,1,VOTE_CONSEIL,1,Homme,0.0,Profil non physique,34-41,34–41 ans
KL26::laura,KL26,Koh-Lanta : Le Feu Sacré,Laura,1,15,1,0,,0,Femme,0.0,Profil non physique,26-33,26–33 ans
KL26::laura,KL26,Koh-Lanta : Le Feu Sacré,Laura,2,15,1,0,,0,Femme,0.0,Profil non physique,26-33,26–33 ans
KL26::laura,KL26,Koh-Lanta : Le Feu Sacré,Laura,3,15,1,0,,0,Femme,0.0,Profil non physique,26-33,26–33 ans
KL26::laura,KL26,Koh-Lanta : Le Feu Sacré,Laura,4,15,1,0,,0,Femme,0.0,Profil non physique,26-33,26–33 ans
KL26::laura,KL26,Koh-Lanta : Le Feu Sacré,Laura,5,15,1,0,,0,Femme,0.0,Profil non physique,26-33,26–33 ans
KL26::laura,KL26,Koh-Lanta : Le Feu Sacré,Laura,6,15,1,0,,0,Femme,0.0,Profil non physique,26-33,26–33 ans
KL26::laura,KL26,Koh-Lanta : Le Feu Sacré,Laura,7,15,1,0,,0,Femme,0.0,Profil non physique,26-33,26–33 ans
KL26::laura,KL26,Koh-Lanta : Le Feu Sacré,Laura,8,15,1,0,,0,Femme,0.0,Profil non physique,26-33,26–33 ans
KL26::laura,KL26,Koh-Lanta : Le Feu Sacré,Laura,9,15,1,0,,0,Femme,0.0,Profil non physique,26-33,26–33 ans
KL26::laura,KL26,Koh-Lanta : Le Feu Sacré,Laura,10,15,1,0,,0,Femme,0.0,Profil non physique,26-33,26–33 ans
KL26::laura,KL26,Koh-Lanta : Le Feu Sacré,Laura,11,15,1,0,,0,Femme,0.0,Profil non physique,26-33,26–33 ans
KL26::laura,KL26,Koh-Lanta : Le Feu Sacré,Laura,12,15,1,0,,0,Femme,0.0,Profil non physique,26-33,26–33 ans
KL26::laura,KL26,Koh-Lanta : Le Feu Sacré,Laura,13,15,1,0,,0,Femme,0.0,Profil non physique,26-33,26–33 ans
KL26::laura,KL26,Koh-Lanta : Le Feu Sacré,Laura,14,15,1,0,,0,Femme,0.0,Profil non physique,26-33,26–33 ans
KL26::laura,KL26,Koh-Lanta : Le Feu Sacré,Laura,15,15,1,1,VOTE_CONSEIL,0,Femme,0.0,Profil non physique,26-33,26–33 ans
KL26::quentin,KL26,Koh-Lanta : Le Feu Sacré,Quentin,1,16,1,0,,1,Homme,0.0,Profil non physique,26-33,26–33 ans
KL26::quentin,KL26,Koh-Lanta : Le Feu Sacré,Quentin,2,16,1,0,,1,Homme,0.0,Profil non physique,26-33,26–33 ans
KL26::quentin,KL26,Koh-Lanta : Le Feu Sacré,Quentin,3,16,1,0,,1,Homme,0.0,Profil non physique,26-33,26–33 ans
KL26::quentin,KL26,Koh-Lanta : Le Feu Sacré,Quentin,4,16,1,0,,1,Homme,0.0,Profil non physique,26-33,26–33 ans
KL26::quentin,KL26,Koh-Lanta : Le Feu Sacré,Quentin,5,16,1,0,,1,Homme,0.0,Profil non physique,26-33,26–33 ans
KL26::quentin,KL26,Koh-Lanta : Le Feu Sacré,Quentin,6,16,1,0,,1,Homme,0.0,Profil non physique,26-33,26–33 ans
KL26::quentin,KL26,Koh-Lanta : Le Feu Sacré,Quentin,7,16,1,0,,1,Homme,0.0,Profil non physique,26-33,26–33 ans
KL26::quentin,KL26,Koh-Lanta : Le Feu Sacré,Quentin,8,16,1,0,,1,Homme,0.0,Profil non physique,26-33,26–33 ans
KL26::quentin,KL26,Koh-Lanta : Le Feu Sacré,Quentin,9,16,1,0,,1,Homme,0.0,Profil non physique,26-33,26–33 ans
KL26::quentin,KL26,Koh-Lanta : Le Feu Sacré,Quentin,10,16,1,0,,1,Homme,0.0,Profil non physique,26-33,26–33 ans
KL26::quentin,KL26,Koh-Lanta : Le Feu Sacré,Quentin,11,16,1,0,,1,Homme,0.0,Profil non physique,26-33,26–33 ans
KL26::quentin,KL26,Koh-Lanta : Le Feu Sacré,Quentin,12,16,1,0,,1,Homme,0.0,Profil non physique,26-33,26–33 ans
KL26::quentin,KL26,Koh-Lanta : Le Feu Sacré,Quentin,13,16,1,0,,1,Homme,0.0,Profil non physique,26-33,26–33 ans
KL26::quentin,KL26,Koh-Lanta : Le Feu Sacré,Quentin,14,16,1,0,,1,Homme,0.0,Profil non physique,26-33,26–33 ans
KL26::quentin,KL26,Koh-Lanta : Le Feu Sacré,Quentin,15,16,1,0,,1,Homme,0.0,Profil non physique,26-33,26–33 ans
KL26::quentin,KL26,Koh-Lanta : Le Feu Sacré,Quentin,16,16,1,1,AMBASSADEURS,1,Homme,0.0,Profil non physique,26-33,26–33 ans
KL26::julie,KL26,Koh-Lanta : Le Feu Sacré,Julie,1,17,1,0,,0,Femme,1.0,Profil physique,26-33,26–33 ans
KL26::julie,KL26,Koh-Lanta : Le Feu Sacré,Julie,2,17,1,0,,0,Femme,1.0,Profil physique,26-33,26–33 ans
KL26::julie,KL26,Koh-Lanta : Le Feu Sacré,Julie,3,17,1,0,,0,Femme,1.0,Profil physique,26-33,26–33 ans
KL26::julie,KL26,Koh-Lanta : Le Feu Sacré,Julie,4,17,1,0,,0,Femme,1.0,Profil physique,26-33,26–33 ans
KL26::julie,KL26,Koh-Lanta : Le Feu Sacré,Julie,5,17,1,0,,0,Femme,1.0,Profil physique,26-33,26–33 ans
KL26::julie,KL26,Koh-Lanta : Le Feu Sacré,Julie,6,17,1,0,,0,Femme,1.0,Profil physique,26-33,26–33 ans
KL26::julie,KL26,Koh-Lanta : Le Feu Sacré,Julie,7,17,1,0,,0,Femme,1.0,Profil physique,26-33,26–33 ans
KL26::julie,KL26,Koh-Lanta : Le Feu Sacré,Julie,8,17,1,0,,0,Femme,1.0,Profil physique,26-33,26–33 ans
KL26::julie,KL26,Koh-Lanta : Le Feu Sacré,Julie,9,17,1,0,,0,Femme,1.0,Profil physique,26-33,26–33 ans
KL26::julie,KL26,Koh-Lanta : Le Feu Sacré,Julie,10,17,1,0,,0,Femme,1.0,Profil physique,26-33,26–33 ans
KL26::julie,KL26,Koh-Lanta : Le Feu Sacré,Julie,11,17,1,0,,0,Femme,1.0,Profil physique,26-33,26–33 ans
KL26::julie,KL26,Koh-Lanta : Le Feu Sacré,Julie,12,17,1,0,,0,Femme,1.0,Profil physique,26-33,26–33 ans
KL26::julie,KL26,Koh-Lanta : Le Feu Sacré,Julie,13,17,1,0,,0,Femme,1.0,Profil physique,26-33,26–33 ans
KL26::julie,KL26,Koh-Lanta : Le Feu Sacré,Julie,14,17,1,0,,0,Femme,1.0,Profil physique,26-33,26–33 ans
KL26::julie,KL26,Koh-Lanta : Le Feu Sacré,Julie,15,17,1,0,,0,Femme,1.0,Profil physique,26-33,26–33 ans
KL26::julie,KL26,Koh-Lanta : Le Feu Sacré,Julie,16,17,1,0,,0,Femme,1.0,Profil physique,26-33,26–33 ans
KL26::julie,KL26,Koh-Lanta : Le Feu Sacré,Julie,17,17,1,1,FINALE_ORIENTATION,0,Femme,1.0,Profil physique,26-33,26–33 ans
KL26::nicolas,KL26,Koh-Lanta : Le Feu Sacré,Nicolas,1,18,1,0,,1,Homme,0.0,Profil non physique,42+,42 ans et plus
KL26::nicolas,KL26,Koh-Lanta : Le Feu Sacré,Nicolas,2,18,1,0,,1,Homme,0.0,Profil non physique,42+,42 ans et plus
KL26::nicolas,KL26,Koh-Lanta : Le Feu Sacré,Nicolas,3,18,1,0,,1,Homme,0.0,Profil non physique,42+,42 ans et plus
KL26::nicolas,KL26,Koh-Lanta : Le Feu Sacré,Nicolas,4,18,1,0,,1,Homme,0.0,Profil non physique,42+,42 ans et plus
KL26::nicolas,KL26,Koh-Lanta : Le Feu Sacré,Nicolas,5,18,1,0,,1,Homme,0.0,Profil non physique,42+,42 ans et plus
KL26::nicolas,KL26,Koh-Lanta : Le Feu Sacré,Nicolas,6,18,1,0,,1,Homme,0.0,Profil non physique,42+,42 ans et plus
KL26::nicolas,KL26,Koh-Lanta : Le Feu Sacré,Nicolas,7,18,1,0,,1,Homme,0.0,Profil non physique,42+,42 ans et plus
KL26::nicolas,KL26,Koh-Lanta : Le Feu Sacré,Nicolas,8,18,1,0,,1,Homme,0.0,Profil non physique,42+,42 ans et plus
KL26::nicolas,KL26,Koh-Lanta : Le Feu Sacré,Nicolas,9,18,1,0,,1,Homme,0.0,Profil non physique,42+,42 ans et plus
KL26::nicolas,KL26,Koh-Lanta : Le Feu Sacré,Nicolas,10,18,1,0,,1,Homme,0.0,Profil non physique,42+,42 ans et plus
KL26::nicolas,KL26,Koh-Lanta : Le Feu Sacré,Nicolas,11,18,1,0,,1,Homme,0.0,Profil non physique,42+,42 ans et plus
KL26::nicolas,KL26,Koh-Lanta : Le Feu Sacré,Nicolas,12,18,1,0,,1,Homme,0.0,Profil non physique,42+,42 ans et plus
KL26::nicolas,KL26,Koh-Lanta : Le Feu Sacré,Nicolas,13,18,1,0,,1,Homme,0.0,Profil non physique,42+,42 ans et plus
KL26::nicolas,KL26,Koh-Lanta : Le Feu Sacré,Nicolas,14,18,1,0,,1,Homme,0.0,Profil non physique,42+,42 ans et plus
KL26::nicolas,KL26,Koh-Lanta : Le Feu Sacré,Nicolas,15,18,1,0,,1,Homme,0.0,Profil non physique,42+,42 ans et plus
KL26::nicolas,KL26,Koh-Lanta : Le Feu Sacré,Nicolas,16,18,1,0,,1,Homme,0.0,Profil non physique,42+,42 ans et plus
KL26::nicolas,KL26,Koh-Lanta : Le Feu Sacré,Nicolas,17,18,1,0,,1,Homme,0.0,Profil non physique,42+,42 ans et plus
KL26::nicolas,KL26,Koh-Lanta : Le Feu Sacré,Nicolas,18,18,1,1,FINALE_POTEAUX,1,Homme,0.0,Profil non physique,42+,42 ans et plus
KL26::tania,KL26,Koh-Lanta : Le Feu Sacré,Tania,1,19,1,0,,0,Femme,0.0,Profil non physique,18-25,18–25 ans
KL26::tania,KL26,Koh-Lanta : Le Feu Sacré,Tania,2,19,1,0,,0,Femme,0.0,Profil non physique,18-25,18–25 ans
KL26::tania,KL26,Koh-Lanta : Le Feu Sacré,Tania,3,19,1,0,,0,Femme,0.0,Profil non physique,18-25,18–25 ans
KL26::tania,KL26,Koh-Lanta : Le Feu Sacré,Tania,4,19,1,0,,0,Femme,0.0,Profil non physique,18-25,18–25 ans
KL26::tania,KL26,Koh-Lanta : Le Feu Sacré,Tania,5,19,1,0,,0,Femme,0.0,Profil non physique,18-25,18–25 ans
KL26::tania,KL26,Koh-Lanta : Le Feu Sacré,Tania,6,19,1,0,,0,Femme,0.0,Profil non physique,18-25,18–25 ans
KL26::tania,KL26,Koh-Lanta : Le Feu Sacré,Tania,7,19,1,0,,0,Femme,0.0,Profil non physique,18-25,18–25 ans
KL26::tania,KL26,Koh-Lanta : Le Feu Sacré,Tania,8,19,1,0,,0,Femme,0.0,Profil non physique,18-25,18–25 ans
KL26::tania,KL26,Koh-Lanta : Le Feu Sacré,Tania,9,19,1,0,,0,Femme,0.0,Profil non physique,18-25,18–25 ans
KL26::tania,KL26,Koh-Lanta : Le Feu Sacré,Tania,10,19,1,0,,0,Femme,0.0,Profil non physique,18-25,18–25 ans
KL26::tania,KL26,Koh-Lanta : Le Feu Sacré,Tania,11,19,1,0,,0,Femme,0.0,Profil non physique,18-25,18–25 ans
KL26::tania,KL26,Koh-Lanta : Le Feu Sacré,Tania,12,19,1,0,,0,Femme,0.0,Profil non physique,18-25,18–25 ans
KL26::tania,KL26,Koh-Lanta : Le Feu Sacré,Tania,13,19,1,0,,0,Femme,0.0,Profil non physique,18-25,18–25 ans
KL26::tania,KL26,Koh-Lanta : Le Feu Sacré,Tania,14,19,1,0,,0,Femme,0.0,Profil non physique,18-25,18–25 ans
KL26::tania,KL26,Koh-Lanta : Le Feu Sacré,Tania,15,19,1,0,,0,Femme,0.0,Profil non physique,18-25,18–25 ans
KL26::tania,KL26,Koh-Lanta : Le Feu Sacré,Tania,16,19,1,0,,0,Femme,0.0,Profil non physique,18-25,18–25 ans
KL26::tania,KL26,Koh-Lanta : Le Feu Sacré,Tania,17,19,1,0,,0,Femme,0.0,Profil non physique,18-25,18–25 ans
KL26::tania,KL26,Koh-Lanta : Le Feu Sacré,Tania,18,19,1,0,,0,Femme,0.0,Profil non physique,18-25,18–25 ans
KL26::tania,KL26,Koh-Lanta : Le Feu Sacré,Tania,19,19,1,1,JURY_FINAL_DECISION,0,Femme,0.0,Profil non physique,18-25,18–25 ans
KL26::frédéric,KL26,Koh-Lanta : Le Feu Sacré,Frédéric,1,20,1,0,,1,Homme,0.0,Profil non physique,26-33,26–33 ans
KL26::frédéric,KL26,Koh-Lanta : Le Feu Sacré,Frédéric,2,20,1,0,,1,Homme,0.0,Profil non physique,26-33,26–33 ans
KL26::frédéric,KL26,Koh-Lanta : Le Feu Sacré,Frédéric,3,20,1,0,,1,Homme,0.0,Profil non physique,26-33,26–33 ans
KL26::frédéric,KL26,Koh-Lanta : Le Feu Sacré,Frédéric,4,20,1,0,,1,Homme,0.0,Profil non physique,26-33,26–33 ans
KL26::frédéric,KL26,Koh-Lanta : Le Feu Sacré,Frédéric,5,20,1,0,,1,Homme,0.0,Profil non physique,26-33,26–33 ans
KL26::frédéric,KL26,Koh-Lanta : Le Feu Sacré,Frédéric,6,20,1,0,,1,Homme,0.0,Profil non physique,26-33,26–33 ans
KL26::frédéric,KL26,Koh-Lanta : Le Feu Sacré,Frédéric,7,20,1,0,,1,Homme,0.0,Profil non physique,26-33,26–33 ans
KL26::frédéric,KL26,Koh-Lanta : Le Feu Sacré,Frédéric,8,20,1,0,,1,Homme,0.0,Profil non physique,26-33,26–33 ans
KL26::frédéric,KL26,Koh-Lanta : Le Feu Sacré,Frédéric,9,20,1,0,,1,Homme,0.0,Profil non physique,26-33,26–33 ans
KL26::frédéric,KL26,Koh-Lanta : Le Feu Sacré,Frédéric,10,20,1,0,,1,Homme,0.0,Profil non physique,26-33,26–33 ans
KL26::frédéric,KL26,Koh-Lanta : Le Feu Sacré,Frédéric,11,20,1,0,,1,Homme,0.0,Profil non physique,26-33,26–33 ans
KL26::frédéric,KL26,Koh-Lanta : Le Feu Sacré,Frédéric,12,20,1,0,,1,Homme,0.0,Profil non physique,26-33,26–33 ans
KL26::frédéric,KL26,Koh-Lanta : Le Feu Sacré,Frédéric,13,20,1,0,,1,Homme,0.0,Profil non physique,26-33,26–33 ans
KL26::frédéric,KL26,Koh-Lanta : Le Feu Sacré,Frédéric,14,20,1,0,,1,Homme,0.0,Profil non physique,26-33,26–33 ans
KL26::frédéric,KL26,Koh-Lanta : Le Feu Sacré,Frédéric,15,20,1,0,,1,Homme,0.0,Profil non physique,26-33,26–33 ans
KL26::frédéric,KL26,Koh-Lanta : Le Feu Sacré,Frédéric,16,20,1,0,,1,Homme,0.0,Profil non physique,26-33,26–33 ans
KL26::frédéric,KL26,Koh-Lanta : Le Feu Sacré,Frédéric,17,20,1,0,,1,Homme,0.0,Profil non physique,26-33,26–33 ans
KL26::frédéric,KL26,Koh-Lanta : Le Feu Sacré,Frédéric,18,20,1,0,,1,Homme,0.0,Profil non physique,26-33,26–33 ans
KL26::frédéric,KL26,Koh-Lanta : Le Feu Sacré,Frédéric,19,20,1,0,,1,Homme,0.0,Profil non physique,26-33,26–33 ans
KL26::frédéric,KL26,Koh-Lanta : Le Feu Sacré,Frédéric,20,20,1,0,,1,Homme,0.0,Profil non physique,26-33,26–33 ans
"KL25::céline ""lili"" gasnier",KL25,Koh-Lanta : Le Totem Maudit,"Céline ""Lili"" Gasnier",1,1,1,1,VOTE_CONSEIL,0,Femme,0.0,Profil non physique,34-41,34–41 ans
KL25::céline dufrenoy,KL25,Koh-Lanta : Le Totem Maudit,Céline Dufrenoy,1,2,1,0,,0,Femme,0.0,Profil non physique,34-41,34–41 ans
KL25::céline dufrenoy,KL25,Koh-Lanta : Le Totem Maudit,Céline Dufrenoy,2,2,1,1,VOTE_CONSEIL,0,Femme,0.0,Profil non physique,34-41,34–41 ans
KL25::franck macia,KL25,Koh-Lanta : Le Totem Maudit,Franck Macia,1,3,1,0,,1,Homme,1.0,Profil physique,42+,42 ans et plus
KL25::franck macia,KL25,Koh-Lanta : Le Totem Maudit,Franck Macia,2,3,1,0,,1,Homme,1.0,Profil physique,42+,42 ans et plus
KL25::franck macia,KL25,Koh-Lanta : Le Totem Maudit,Franck Macia,3,3,1,1,VOLUNTARY,1,Homme,1.0,Profil physique,42+,42 ans et plus
KL25::mattéo real,KL25,Koh-Lanta : Le Totem Maudit,Mattéo Real,1,3,1,0,,1,Homme,1.0,Profil physique,18-25,18–25 ans
KL25::mattéo real,KL25,Koh-Lanta : Le Totem Maudit,Mattéo Real,2,3,1,0,,1,Homme,1.0,Profil physique,18-25,18–25 ans
KL25::mattéo real,KL25,Koh-Lanta : Le Totem Maudit,Mattéo Real,3,3,1,1,VOTE_CONSEIL,1,Homme,1.0,Profil physique,18-25,18–25 ans
KL25::samira aït-brahim,KL25,Koh-Lanta : Le Totem Maudit,Samira Aït-Brahim,1,4,1,0,,0,Femme,1.0,Profil physique,34-41,34–41 ans
KL25::samira aït-brahim,KL25,Koh-Lanta : Le Totem Maudit,Samira Aït-Brahim,2,4,1,0,,0,Femme,1.0,Profil physique,34-41,34–41 ans
KL25::samira aït-brahim,KL25,Koh-Lanta : Le Totem Maudit,Samira Aït-Brahim,3,4,1,0,,0,Femme,1.0,Profil physique,34-41,34–41 ans
KL25::samira aït-brahim,KL25,Koh-Lanta : Le Totem Maudit,Samira Aït-Brahim,4,4,1,1,VOTE_CONSEIL,0,Femme,1.0,Profil physique,34-41,34–41 ans
KL25::benjamin breerette,KL25,Koh-Lanta : Le Totem Maudit,Benjamin Breerette,1,5,1,0,,1,Homme,0.0,Profil non physique,18-25,18–25 ans
KL25::benjamin breerette,KL25,Koh-Lanta : Le Totem Maudit,Benjamin Breerette,2,5,1,0,,1,Homme,0.0,Profil non physique,18-25,18–25 ans
KL25::benjamin breerette,KL25,Koh-Lanta : Le Totem Maudit,Benjamin Breerette,3,5,1,0,,1,Homme,0.0,Profil non physique,18-25,18–25 ans
KL25::benjamin breerette,KL25,Koh-Lanta : Le Totem Maudit,Benjamin Breerette,4,5,1,0,,1,Homme,0.0,Profil non physique,18-25,18–25 ans
KL25::benjamin breerette,KL25,Koh-Lanta : Le Totem Maudit,Benjamin Breerette,5,5,1,1,VOTE_CONSEIL,1,Homme,0.0,Profil non physique,18-25,18–25 ans
KL25::stéphanie tribot,KL25,Koh-Lanta : Le Totem Maudit,Stéphanie Tribot,1,6,1,0,,0,Femme,0.0,Profil non physique,34-41,34–41 ans
KL25::stéphanie tribot,KL25,Koh-Lanta : Le Totem Maudit,Stéphanie Tribot,2,6,1,0,,0,Femme,0.0,Profil non physique,34-41,34–41 ans
KL25::stéphanie tribot,KL25,Koh-Lanta : Le Totem Maudit,Stéphanie Tribot,3,6,1,0,,0,Femme,0.0,Profil non physique,34-41,34–41 ans
KL25::stéphanie tribot,KL25,Koh-Lanta : Le Totem Maudit,Stéphanie Tribot,4,6,1,0,,0,Femme,0.0,Profil non physique,34-41,34–41 ans
KL25::stéphanie tribot,KL25,Koh-Lanta : Le Totem Maudit,Stéphanie Tribot,5,6,1,0,,0,Femme,0.0,Profil non physique,34-41,34–41 ans
KL25::stéphanie tribot,KL25,Koh-Lanta : Le Totem Maudit,Stéphanie Tribot,6,6,1,1,VOTE_CONSEIL,0,Femme,0.0,Profil non physique,34-41,34–41 ans
KL25::jean-philippe masy,KL25,Koh-Lanta : Le Totem Maudit,Jean-Philippe Masy,1,7,1,0,,1,Homme,0.0,Profil non physique,34-41,34–41 ans
KL25::jean-philippe masy,KL25,Koh-Lanta : Le Totem Maudit,Jean-Philippe Masy,2,7,1,0,,1,Homme,0.0,Profil non physique,34-41,34–41 ans
KL25::jean-philippe masy,KL25,Koh-Lanta : Le Totem Maudit,Jean-Philippe Masy,3,7,1,0,,1,Homme,0.0,Profil non physique,34-41,34–41 ans
KL25::jean-philippe masy,KL25,Koh-Lanta : Le Totem Maudit,Jean-Philippe Masy,4,7,1,0,,1,Homme,0.0,Profil non physique,34-41,34–41 ans
KL25::jean-philippe masy,KL25,Koh-Lanta : Le Totem Maudit,Jean-Philippe Masy,5,7,1,0,,1,Homme,0.0,Profil non physique,34-41,34–41 ans
KL25::jean-philippe masy,KL25,Koh-Lanta : Le Totem Maudit,Jean-Philippe Masy,6,7,1,0,,1,Homme,0.0,Profil non physique,34-41,34–41 ans
KL25::jean-philippe masy,KL25,Koh-Lanta : Le Totem Maudit,Jean-Philippe Masy,7,7,1,1,MEDICAL,1,Homme,0.0,Profil non physique,34-41,34–41 ans
KL25::alexandra élizé,KL25,Koh-Lanta : Le Totem Maudit,Alexandra Élizé,1,8,1,0,,0,Femme,0.0,Profil non physique,34-41,34–41 ans
KL25::alexandra élizé,KL25,Koh-Lanta : Le Totem Maudit,Alexandra Élizé,2,8,1,0,,0,Femme,0.0,Profil non physique,34-41,34–41 ans
KL25::alexandra élizé,KL25,Koh-Lanta : Le Totem Maudit,Alexandra Élizé,3,8,1,0,,0,Femme,0.0,Profil non physique,34-41,34–41 ans
KL25::alexandra élizé,KL25,Koh-Lanta : Le Totem Maudit,Alexandra Élizé,4,8,1,0,,0,Femme,0.0,Profil non physique,34-41,34–41 ans
KL25::alexandra élizé,KL25,Koh-Lanta : Le Totem Maudit,Alexandra Élizé,5,8,1,0,,0,Femme,0.0,Profil non physique,34-41,34–41 ans
KL25::alexandra élizé,KL25,Koh-Lanta : Le Totem Maudit,Alexandra Élizé,6,8,1,0,,0,Femme,0.0,Profil non physique,34-41,34–41 ans
KL25::alexandra élizé,KL25,Koh-Lanta : Le Totem Maudit,Alexandra Élizé,7,8,1,0,,0,Femme,0.0,Profil non physique,34-41,34–41 ans
KL25::alexandra élizé,KL25,Koh-Lanta : Le Totem Maudit,Alexandra Élizé,8,8,1,1,VOTE_CONSEIL,0,Femme,0.0,Profil non physique,34-41,34–41 ans
KL25::setha el hajjami,KL25,Koh-Lanta : Le Totem Maudit,Setha El Hajjami,1,8,1,0,,0,Femme,0.0,Profil non physique,34-41,34–41 ans
KL25::setha el hajjami,KL25,Koh-Lanta : Le Totem Maudit,Setha El Hajjami,2,8,1,0,,0,Femme,0.0,Profil non physique,34-41,34–41 ans
KL25::setha el hajjami,KL25,Koh-Lanta : Le Totem Maudit,Setha El Hajjami,3,8,1,0,,0,Femme,0.0,Profil non physique,34-41,34–41 ans
KL25::setha el hajjami,KL25,Koh-Lanta : Le Totem Maudit,Setha El Hajjami,4,8,1,0,,0,Femme,0.0,Profil non physique,34-41,34–41 ans
KL25::setha el hajjami,KL25,Koh-Lanta : Le Totem Maudit,Setha El Hajjami,5,8,1,0,,0,Femme,0.0,Profil non physique,34-41,34–41 ans
KL25::setha el hajjami,KL25,Koh-Lanta : Le Totem Maudit,Setha El Hajjami,6,8,1,0,,0,Femme,0.0,Profil non physique,34-41,34–41 ans
KL25::setha el hajjami,KL25,Koh-Lanta : Le Totem Maudit,Setha El Hajjami,7,8,1,0,,0,Femme,0.0,Profil non physique,34-41,34–41 ans
KL25::setha el hajjami,KL25,Koh-Lanta : Le Totem Maudit,Setha El Hajjami,8,8,1,1,AMBASSADEURS,0,Femme,0.0,Profil non physique,34-41,34–41 ans
KL25::colin mottas,KL25,Koh-Lanta : Le Totem Maudit,Colin Mottas,1,9,1,0,,1,Homme,0.0,Profil non physique,18-25,18–25 ans
KL25::colin mottas,KL25,Koh-Lanta : Le Totem Maudit,Colin Mottas,2,9,1,0,,1,Homme,0.0,Profil non physique,18-25,18–25 ans
KL25::colin mottas,KL25,Koh-Lanta : Le Totem Maudit,Colin Mottas,3,9,1,0,,1,Homme,0.0,Profil non physique,18-25,18–25 ans
KL25::colin mottas,KL25,Koh-Lanta : Le Totem Maudit,Colin Mottas,4,9,1,0,,1,Homme,0.0,Profil non physique,18-25,18–25 ans
KL25::colin mottas,KL25,Koh-Lanta : Le Totem Maudit,Colin Mottas,5,9,1,0,,1,Homme,0.0,Profil non physique,18-25,18–25 ans
KL25::colin mottas,KL25,Koh-Lanta : Le Totem Maudit,Colin Mottas,6,9,1,0,,1,Homme,0.0,Profil non physique,18-25,18–25 ans
KL25::colin mottas,KL25,Koh-Lanta : Le Totem Maudit,Colin Mottas,7,9,1,0,,1,Homme,0.0,Profil non physique,18-25,18–25 ans
KL25::colin mottas,KL25,Koh-Lanta : Le Totem Maudit,Colin Mottas,8,9,1,0,,1,Homme,0.0,Profil non physique,18-25,18–25 ans
KL25::colin mottas,KL25,Koh-Lanta : Le Totem Maudit,Colin Mottas,9,9,1,1,VOTE_CONSEIL,1,Homme,0.0,Profil non physique,18-25,18–25 ans
KL25::pauline pourchaire,KL25,Koh-Lanta : Le Totem Maudit,Pauline Pourchaire,1,10,1,0,,0,Femme,0.0,Profil non physique,18-25,18–25 ans
KL25::pauline pourchaire,KL25,Koh-Lanta : Le Totem Maudit,Pauline Pourchaire,2,10,1,0,,0,Femme,0.0,Profil non physique,18-25,18–25 ans
KL25::pauline pourchaire,KL25,Koh-Lanta : Le Totem Maudit,Pauline Pourchaire,3,10,1,0,,0,Femme,0.0,Profil non physique,18-25,18–25 ans
KL25::pauline pourchaire,KL25,Koh-Lanta : Le Totem Maudit,Pauline Pourchaire,4,10,1,0,,0,Femme,0.0,Profil non physique,18-25,18–25 ans
KL25::pauline pourchaire,KL25,Koh-Lanta : Le Totem Maudit,Pauline Pourchaire,5,10,1,0,,0,Femme,0.0,Profil non physique,18-25,18–25 ans
KL25::pauline pourchaire,KL25,Koh-Lanta : Le Totem Maudit,Pauline Pourchaire,6,10,1,0,,0,Femme,0.0,Profil non physique,18-25,18–25 ans
KL25::pauline pourchaire,KL25,Koh-Lanta : Le Totem Maudit,Pauline Pourchaire,7,10,1,0,,0,Femme,0.0,Profil non physique,18-25,18–25 ans
KL25::pauline pourchaire,KL25,Koh-Lanta : Le Totem Maudit,Pauline Pourchaire,8,10,1,0,,0,Femme,0.0,Profil non physique,18-25,18–25 ans
KL25::pauline pourchaire,KL25,Koh-Lanta : Le Totem Maudit,Pauline Pourchaire,9,10,1,0,,0,Femme,0.0,Profil non physique,18-25,18–25 ans
KL25::pauline pourchaire,KL25,Koh-Lanta : Le Totem Maudit,Pauline Pourchaire,10,10,1,1,ELIMINATION_CHALLENGE,0,Femme,0.0,Profil non physique,18-25,18–25 ans
KL25::yannick zachée,KL25,Koh-Lanta : Le Totem Maudit,Yannick Zachée,1,11,1,0,,1,Homme,1.0,Profil physique,34-41,34–41 ans
KL25::yannick zachée,KL25,Koh-Lanta : Le Totem Maudit,Yannick Zachée,2,11,1,0,,1,Homme,1.0,Profil physique,34-41,34–41 ans
KL25::yannick zachée,KL25,Koh-Lanta : Le Totem Maudit,Yannick Zachée,3,11,1,0,,1,Homme,1.0,Profil physique,34-41,34–41 ans
KL25::yannick zachée,KL25,Koh-Lanta : Le Totem Maudit,Yannick Zachée,4,11,1,0,,1,Homme,1.0,Profil physique,34-41,34–41 ans
KL25::yannick zachée,KL25,Koh-Lanta : Le Totem Maudit,Yannick Zachée,5,11,1,0,,1,Homme,1.0,Profil physique,34-41,34–41 ans
KL25::yannick zachée,KL25,Koh-Lanta : Le Totem Maudit,Yannick Zachée,6,11,1,0,,1,Homme,1.0,Profil physique,34-41,34–41 ans
KL25::yannick zachée,KL25,Koh-Lanta : Le Totem Maudit,Yannick Zachée,7,11,1,0,,1,Homme,1.0,Profil physique,34-41,34–41 ans
KL25::yannick zachée,KL25,Koh-Lanta : Le Totem Maudit,Yannick Zachée,8,11,1,0,,1,Homme,1.0,Profil physique,34-41,34–41 ans
KL25::yannick zachée,KL25,Koh-Lanta : Le Totem Maudit,Yannick Zachée,9,11,1,0,,1,Homme,1.0,Profil physique,34-41,34–41 ans
KL25::yannick zachée,KL25,Koh-Lanta : Le Totem Maudit,Yannick Zachée,10,11,1,0,,1,Homme,1.0,Profil physique,34-41,34–41 ans
KL25::yannick zachée,KL25,Koh-Lanta : Le Totem Maudit,Yannick Zachée,11,11,1,1,VOTE_CONSEIL,1,Homme,1.0,Profil physique,34-41,34–41 ans
KL25::anne-sophie mounier,KL25,Koh-Lanta : Le Totem Maudit,Anne-Sophie Mounier,1,12,1,0,,0,Femme,1.0,Profil physique,34-41,34–41 ans
KL25::anne-sophie mounier,KL25,Koh-Lanta : Le Totem Maudit,Anne-Sophie Mounier,2,12,1,0,,0,Femme,1.0,Profil physique,34-41,34–41 ans
KL25::anne-sophie mounier,KL25,Koh-Lanta : Le Totem Maudit,Anne-Sophie Mounier,3,12,1,0,,0,Femme,1.0,Profil physique,34-41,34–41 ans
KL25::anne-sophie mounier,KL25,Koh-Lanta : Le Totem Maudit,Anne-Sophie Mounier,4,12,1,0,,0,Femme,1.0,Profil physique,34-41,34–41 ans
KL25::anne-sophie mounier,KL25,Koh-Lanta : Le Totem Maudit,Anne-Sophie Mounier,5,12,1,0,,0,Femme,1.0,Profil physique,34-41,34–41 ans
KL25::anne-sophie mounier,KL25,Koh-Lanta : Le Totem Maudit,Anne-Sophie Mounier,6,12,1,0,,0,Femme,1.0,Profil physique,34-41,34–41 ans
KL25::anne-sophie mounier,KL25,Koh-Lanta : Le Totem Maudit,Anne-Sophie Mounier,7,12,1,0,,0,Femme,1.0,Profil physique,34-41,34–41 ans
KL25::anne-sophie mounier,KL25,Koh-Lanta : Le Totem Maudit,Anne-Sophie Mounier,8,12,1,0,,0,Femme,1.0,Profil physique,34-41,34–41 ans
KL25::anne-sophie mounier,KL25,Koh-Lanta : Le Totem Maudit,Anne-Sophie Mounier,9,12,1,0,,0,Femme,1.0,Profil physique,34-41,34–41 ans
KL25::anne-sophie mounier,KL25,Koh-Lanta : Le Totem Maudit,Anne-Sophie Mounier,10,12,1,0,,0,Femme,1.0,Profil physique,34-41,34–41 ans
KL25::anne-sophie mounier,KL25,Koh-Lanta : Le Totem Maudit,Anne-Sophie Mounier,11,12,1,0,,0,Femme,1.0,Profil physique,34-41,34–41 ans
KL25::anne-sophie mounier,KL25,Koh-Lanta : Le Totem Maudit,Anne-Sophie Mounier,12,12,1,1,VOTE_CONSEIL,0,Femme,1.0,Profil physique,34-41,34–41 ans
KL25::maxime tournoux,KL25,Koh-Lanta : Le Totem Maudit,Maxime Tournoux,1,13,1,0,,1,Homme,0.0,Profil non physique,26-33,26–33 ans
KL25::maxime tournoux,KL25,Koh-Lanta : Le Totem Maudit,Maxime Tournoux,2,13,1,0,,1,Homme,0.0,Profil non physique,26-33,26–33 ans
KL25::maxime tournoux,KL25,Koh-Lanta : Le Totem Maudit,Maxime Tournoux,3,13,1,0,,1,Homme,0.0,Profil non physique,26-33,26–33 ans
KL25::maxime tournoux,KL25,Koh-Lanta : Le Totem Maudit,Maxime Tournoux,4,13,1,0,,1,Homme,0.0,Profil non physique,26-33,26–33 ans
KL25::maxime tournoux,KL25,Koh-Lanta : Le Totem Maudit,Maxime Tournoux,5,13,1,0,,1,Homme,0.0,Profil non physique,26-33,26–33 ans
KL25::maxime tournoux,KL25,Koh-Lanta : Le Totem Maudit,Maxime Tournoux,6,13,1,0,,1,Homme,0.0,Profil non physique,26-33,26–33 ans
KL25::maxime tournoux,KL25,Koh-Lanta : Le Totem Maudit,Maxime Tournoux,7,13,1,0,,1,Homme,0.0,Profil non physique,26-33,26–33 ans
KL25::maxime tournoux,KL25,Koh-Lanta : Le Totem Maudit,Maxime Tournoux,8,13,1,0,,1,Homme,0.0,Profil non physique,26-33,26–33 ans
KL25::maxime tournoux,KL25,Koh-Lanta : Le Totem Maudit,Maxime Tournoux,9,13,1,0,,1,Homme,0.0,Profil non physique,26-33,26–33 ans
KL25::maxime tournoux,KL25,Koh-Lanta : Le Totem Maudit,Maxime Tournoux,10,13,1,0,,1,Homme,0.0,Profil non physique,26-33,26–33 ans
KL25::maxime tournoux,KL25,Koh-Lanta : Le Totem Maudit,Maxime Tournoux,11,13,1,0,,1,Homme,0.0,Profil non physique,26-33,26–33 ans
KL25::maxime tournoux,KL25,Koh-Lanta : Le Totem Maudit,Maxime Tournoux,12,13,1,0,,1,Homme,0.0,Profil non physique,26-33,26–33 ans
KL25::maxime tournoux,KL25,Koh-Lanta : Le Totem Maudit,Maxime Tournoux,13,13,1,1,VOTE_CONSEIL,1,Homme,0.0,Profil non physique,26-33,26–33 ans
KL25::louana roy,KL25,Koh-Lanta : Le Totem Maudit,Louana Roy,1,13,1,0,,0,Femme,0.0,Profil non physique,26-33,26–33 ans
KL25::louana roy,KL25,Koh-Lanta : Le Totem Maudit,Louana Roy,2,13,1,0,,0,Femme,0.0,Profil non physique,26-33,26–33 ans
KL25::louana roy,KL25,Koh-Lanta : Le Totem Maudit,Louana Roy,3,13,1,0,,0,Femme,0.0,Profil non physique,26-33,26–33 ans
KL25::louana roy,KL25,Koh-Lanta : Le Totem Maudit,Louana Roy,4,13,1,0,,0,Femme,0.0,Profil non physique,26-33,26–33 ans
KL25::louana roy,KL25,Koh-Lanta : Le Totem Maudit,Louana Roy,5,13,1,0,,0,Femme,0.0,Profil non physique,26-33,26–33 ans
KL25::louana roy,KL25,Koh-Lanta : Le Totem Maudit,Louana Roy,6,13,1,0,,0,Femme,0.0,Profil non physique,26-33,26–33 ans
KL25::louana roy,KL25,Koh-Lanta : Le Totem Maudit,Louana Roy,7,13,1,0,,0,Femme,0.0,Profil non physique,26-33,26–33 ans
KL25::louana roy,KL25,Koh-Lanta : Le Totem Maudit,Louana Roy,8,13,1,0,,0,Femme,0.0,Profil non physique,26-33,26–33 ans
KL25::louana roy,KL25,Koh-Lanta : Le Totem Maudit,Louana Roy,9,13,1,0,,0,Femme,0.0,Profil non physique,26-33,26–33 ans
KL25::louana roy,KL25,Koh-Lanta : Le Totem Maudit,Louana Roy,10,13,1,0,,0,Femme,0.0,Profil non physique,26-33,26–33 ans
KL25::louana roy,KL25,Koh-Lanta : Le Totem Maudit,Louana Roy,11,13,1,0,,0,Femme,0.0,Profil non physique,26-33,26–33 ans
KL25::louana roy,KL25,Koh-Lanta : Le Totem Maudit,Louana Roy,12,13,1,0,,0,Femme,0.0,Profil non physique,26-33,26–33 ans
KL25::louana roy,KL25,Koh-Lanta : Le Totem Maudit,Louana Roy,13,13,1,1,VOTE_CONSEIL,0,Femme,0.0,Profil non physique,26-33,26–33 ans
KL25::fouzi ould bouamama,KL25,Koh-Lanta : Le Totem Maudit,Fouzi Ould Bouamama,1,14,1,0,,1,Homme,0.0,Profil non physique,26-33,26–33 ans
KL25::fouzi ould bouamama,KL25,Koh-Lanta : Le Totem Maudit,Fouzi Ould Bouamama,2,14,1,0,,1,Homme,0.0,Profil non physique,26-33,26–33 ans
KL25::fouzi ould bouamama,KL25,Koh-Lanta : Le Totem Maudit,Fouzi Ould Bouamama,3,14,1,0,,1,Homme,0.0,Profil non physique,26-33,26–33 ans
KL25::fouzi ould bouamama,KL25,Koh-Lanta : Le Totem Maudit,Fouzi Ould Bouamama,4,14,1,0,,1,Homme,0.0,Profil non physique,26-33,26–33 ans
KL25::fouzi ould bouamama,KL25,Koh-Lanta : Le Totem Maudit,Fouzi Ould Bouamama,5,14,1,0,,1,Homme,0.0,Profil non physique,26-33,26–33 ans
KL25::fouzi ould bouamama,KL25,Koh-Lanta : Le Totem Maudit,Fouzi Ould Bouamama,6,14,1,0,,1,Homme,0.0,Profil non physique,26-33,26–33 ans
KL25::fouzi ould bouamama,KL25,Koh-Lanta : Le Totem Maudit,Fouzi Ould Bouamama,7,14,1,0,,1,Homme,0.0,Profil non physique,26-33,26–33 ans
KL25::fouzi ould bouamama,KL25,Koh-Lanta : Le Totem Maudit,Fouzi Ould Bouamama,8,14,1,0,,1,Homme,0.0,Profil non physique,26-33,26–33 ans
KL25::fouzi ould bouamama,KL25,Koh-Lanta : Le Totem Maudit,Fouzi Ould Bouamama,9,14,1,0,,1,Homme,0.0,Profil non physique,26-33,26–33 ans
KL25::fouzi ould bouamama,KL25,Koh-Lanta : Le Totem Maudit,Fouzi Ould Bouamama,10,14,1,0,,1,Homme,0.0,Profil non physique,26-33,26–33 ans
KL25::fouzi ould bouamama,KL25,Koh-Lanta : Le Totem Maudit,Fouzi Ould Bouamama,11,14,1,0,,1,Homme,0.0,Profil non physique,26-33,26–33 ans
KL25::fouzi ould bouamama,KL25,Koh-Lanta : Le Totem Maudit,Fouzi Ould Bouamama,12,14,1,0,,1,Homme,0.0,Profil non physique,26-33,26–33 ans
KL25::fouzi ould bouamama,KL25,Koh-Lanta : Le Totem Maudit,Fouzi Ould Bouamama,13,14,1,0,,1,Homme,0.0,Profil non physique,26-33,26–33 ans
KL25::fouzi ould bouamama,KL25,Koh-Lanta : Le Totem Maudit,Fouzi Ould Bouamama,14,14,1,1,ELIMINATION_CHALLENGE,1,Homme,0.0,Profil non physique,26-33,26–33 ans
KL25::nicolas bellon,KL25,Koh-Lanta : Le Totem Maudit,Nicolas Bellon,1,15,1,0,,1,Homme,0.0,Profil non physique,34-41,34–41 ans
KL25::nicolas bellon,KL25,Koh-Lanta : Le Totem Maudit,Nicolas Bellon,2,15,1,0,,1,Homme,0.0,Profil non physique,34-41,34–41 ans
KL25::nicolas bellon,KL25,Koh-Lanta : Le Totem Maudit,Nicolas Bellon,3,15,1,0,,1,Homme,0.0,Profil non physique,34-41,34–41 ans
KL25::nicolas bellon,KL25,Koh-Lanta : Le Totem Maudit,Nicolas Bellon,4,15,1,0,,1,Homme,0.0,Profil non physique,34-41,34–41 ans
KL25::nicolas bellon,KL25,Koh-Lanta : Le Totem Maudit,Nicolas Bellon,5,15,1,0,,1,Homme,0.0,Profil non physique,34-41,34–41 ans
KL25::nicolas bellon,KL25,Koh-Lanta : Le Totem Maudit,Nicolas Bellon,6,15,1,0,,1,Homme,0.0,Profil non physique,34-41,34–41 ans
KL25::nicolas bellon,KL25,Koh-Lanta : Le Totem Maudit,Nicolas Bellon,7,15,1,0,,1,Homme,0.0,Profil non physique,34-41,34–41 ans
KL25::nicolas bellon,KL25,Koh-Lanta : Le Totem Maudit,Nicolas Bellon,8,15,1,0,,1,Homme,0.0,Profil non physique,34-41,34–41 ans
KL25::nicolas bellon,KL25,Koh-Lanta : Le Totem Maudit,Nicolas Bellon,9,15,1,0,,1,Homme,0.0,Profil non physique,34-41,34–41 ans
KL25::nicolas bellon,KL25,Koh-Lanta : Le Totem Maudit,Nicolas Bellon,10,15,1,0,,1,Homme,0.0,Profil non physique,34-41,34–41 ans
KL25::nicolas bellon,KL25,Koh-Lanta : Le Totem Maudit,Nicolas Bellon,11,15,1,0,,1,Homme,0.0,Profil non physique,34-41,34–41 ans
KL25::nicolas bellon,KL25,Koh-Lanta : Le Totem Maudit,Nicolas Bellon,12,15,1,0,,1,Homme,0.0,Profil non physique,34-41,34–41 ans
KL25::nicolas bellon,KL25,Koh-Lanta : Le Totem Maudit,Nicolas Bellon,13,15,1,0,,1,Homme,0.0,Profil non physique,34-41,34–41 ans
KL25::nicolas bellon,KL25,Koh-Lanta : Le Totem Maudit,Nicolas Bellon,14,15,1,0,,1,Homme,0.0,Profil non physique,34-41,34–41 ans
KL25::nicolas bellon,KL25,Koh-Lanta : Le Totem Maudit,Nicolas Bellon,15,15,1,1,VOTE_CONSEIL,1,Homme,0.0,Profil non physique,34-41,34–41 ans
KL25::olga khokhlova,KL25,Koh-Lanta : Le Totem Maudit,Olga Khokhlova,1,16,1,0,,0,Femme,1.0,Profil physique,34-41,34–41 ans
KL25::olga khokhlova,KL25,Koh-Lanta : Le Totem Maudit,Olga Khokhlova,2,16,1,0,,0,Femme,1.0,Profil physique,34-41,34–41 ans
KL25::olga khokhlova,KL25,Koh-Lanta : Le Totem Maudit,Olga Khokhlova,3,16,1,0,,0,Femme,1.0,Profil physique,34-41,34–41 ans
KL25::olga khokhlova,KL25,Koh-Lanta : Le Totem Maudit,Olga Khokhlova,4,16,1,0,,0,Femme,1.0,Profil physique,34-41,34–41 ans
KL25::olga khokhlova,KL25,Koh-Lanta : Le Totem Maudit,Olga Khokhlova,5,16,1,0,,0,Femme,1.0,Profil physique,34-41,34–41 ans
KL25::olga khokhlova,KL25,Koh-Lanta : Le Totem Maudit,Olga Khokhlova,6,16,1,0,,0,Femme,1.0,Profil physique,34-41,34–41 ans
KL25::olga khokhlova,KL25,Koh-Lanta : Le Totem Maudit,Olga Khokhlova,7,16,1,0,,0,Femme,1.0,Profil physique,34-41,34–41 ans
KL25::olga khokhlova,KL25,Koh-Lanta : Le Totem Maudit,Olga Khokhlova,8,16,1,0,,0,Femme,1.0,Profil physique,34-41,34–41 ans
KL25::olga khokhlova,KL25,Koh-Lanta : Le Totem Maudit,Olga Khokhlova,9,16,1,0,,0,Femme,1.0,Profil physique,34-41,34–41 ans
KL25::olga khokhlova,KL25,Koh-Lanta : Le Totem Maudit,Olga Khokhlova,10,16,1,0,,0,Femme,1.0,Profil physique,34-41,34–41 ans
KL25::olga khokhlova,KL25,Koh-Lanta : Le Totem Maudit,Olga Khokhlova,11,16,1,0,,0,Femme,1.0,Profil physique,34-41,34–41 ans
KL25::olga khokhlova,KL25,Koh-Lanta : Le Totem Maudit,Olga Khokhlova,12,16,1,0,,0,Femme,1.0,Profil physique,34-41,34–41 ans
KL25::olga khokhlova,KL25,Koh-Lanta : Le Totem Maudit,Olga Khokhlova,13,16,1,0,,0,Femme,1.0,Profil physique,34-41,34–41 ans
KL25::olga khokhlova,KL25,Koh-Lanta : Le Totem Maudit,Olga Khokhlova,14,16,1,0,,0,Femme,1.0,Profil physique,34-41,34–41 ans
KL25::olga khokhlova,KL25,Koh-Lanta : Le Totem Maudit,Olga Khokhlova,15,16,1,0,,0,Femme,1.0,Profil physique,34-41,34–41 ans
KL25::olga khokhlova,KL25,Koh-Lanta : Le Totem Maudit,Olga Khokhlova,16,16,1,1,VOTE_CONSEIL,0,Femme,1.0,Profil physique,34-41,34–41 ans
KL25::ambre daudet,KL25,Koh-Lanta : Le Totem Maudit,Ambre Daudet,1,17,1,0,,0,Femme,0.0,Profil non physique,26-33,26–33 ans
KL25::ambre daudet,KL25,Koh-Lanta : Le Totem Maudit,Ambre Daudet,2,17,1,0,,0,Femme,0.0,Profil non physique,26-33,26–33 ans
KL25::ambre daudet,KL25,Koh-Lanta : Le Totem Maudit,Ambre Daudet,3,17,1,0,,0,Femme,0.0,Profil non physique,26-33,26–33 ans
KL25::ambre daudet,KL25,Koh-Lanta : Le Totem Maudit,Ambre Daudet,4,17,1,0,,0,Femme,0.0,Profil non physique,26-33,26–33 ans
KL25::ambre daudet,KL25,Koh-Lanta : Le Totem Maudit,Ambre Daudet,5,17,1,0,,0,Femme,0.0,Profil non physique,26-33,26–33 ans
KL25::ambre daudet,KL25,Koh-Lanta : Le Totem Maudit,Ambre Daudet,6,17,1,0,,0,Femme,0.0,Profil non physique,26-33,26–33 ans
KL25::ambre daudet,KL25,Koh-Lanta : Le Totem Maudit,Ambre Daudet,7,17,1,0,,0,Femme,0.0,Profil non physique,26-33,26–33 ans
KL25::ambre daudet,KL25,Koh-Lanta : Le Totem Maudit,Ambre Daudet,8,17,1,0,,0,Femme,0.0,Profil non physique,26-33,26–33 ans
KL25::ambre daudet,KL25,Koh-Lanta : Le Totem Maudit,Ambre Daudet,9,17,1,0,,0,Femme,0.0,Profil non physique,26-33,26–33 ans
KL25::ambre daudet,KL25,Koh-Lanta : Le Totem Maudit,Ambre Daudet,10,17,1,0,,0,Femme,0.0,Profil non physique,26-33,26–33 ans
KL25::ambre daudet,KL25,Koh-Lanta : Le Totem Maudit,Ambre Daudet,11,17,1,0,,0,Femme,0.0,Profil non physique,26-33,26–33 ans
KL25::ambre daudet,KL25,Koh-Lanta : Le Totem Maudit,Ambre Daudet,12,17,1,0,,0,Femme,0.0,Profil non physique,26-33,26–33 ans
KL25::ambre daudet,KL25,Koh-Lanta : Le Totem Maudit,Ambre Daudet,13,17,1,0,,0,Femme,0.0,Profil non physique,26-33,26–33 ans
KL25::ambre daudet,KL25,Koh-Lanta : Le Totem Maudit,Ambre Daudet,14,17,1,0,,0,Femme,0.0,Profil non physique,26-33,26–33 ans
KL25::ambre daudet,KL25,Koh-Lanta : Le Totem Maudit,Ambre Daudet,15,17,1,0,,0,Femme,0.0,Profil non physique,26-33,26–33 ans
KL25::ambre daudet,KL25,Koh-Lanta : Le Totem Maudit,Ambre Daudet,16,17,1,0,,0,Femme,0.0,Profil non physique,26-33,26–33 ans
KL25::ambre daudet,KL25,Koh-Lanta : Le Totem Maudit,Ambre Daudet,17,17,1,1,FINALE_ORIENTATION,0,Femme,0.0,Profil non physique,26-33,26–33 ans
KL25::jean-charles chatelus,KL25,Koh-Lanta : Le Totem Maudit,Jean-Charles Chatelus,1,18,1,0,,1,Homme,0.0,Profil non physique,34-41,34–41 ans
KL25::jean-charles chatelus,KL25,Koh-Lanta : Le Totem Maudit,Jean-Charles Chatelus,2,18,1,0,,1,Homme,0.0,Profil non physique,34-41,34–41 ans
KL25::jean-charles chatelus,KL25,Koh-Lanta : Le Totem Maudit,Jean-Charles Chatelus,3,18,1,0,,1,Homme,0.0,Profil non physique,34-41,34–41 ans
KL25::jean-charles chatelus,KL25,Koh-Lanta : Le Totem Maudit,Jean-Charles Chatelus,4,18,1,0,,1,Homme,0.0,Profil non physique,34-41,34–41 ans
KL25::jean-charles chatelus,KL25,Koh-Lanta : Le Totem Maudit,Jean-Charles Chatelus,5,18,1,0,,1,Homme,0.0,Profil non physique,34-41,34–41 ans
KL25::jean-charles chatelus,KL25,Koh-Lanta : Le Totem Maudit,Jean-Charles Chatelus,6,18,1,0,,1,Homme,0.0,Profil non physique,34-41,34–41 ans
KL25::jean-charles chatelus,KL25,Koh-Lanta : Le Totem Maudit,Jean-Charles Chatelus,7,18,1,0,,1,Homme,0.0,Profil non physique,34-41,34–41 ans
KL25::jean-charles chatelus,KL25,Koh-Lanta : Le Totem Maudit,Jean-Charles Chatelus,8,18,1,0,,1,Homme,0.0,Profil non physique,34-41,34–41 ans
KL25::jean-charles chatelus,KL25,Koh-Lanta : Le Totem Maudit,Jean-Charles Chatelus,9,18,1,0,,1,Homme,0.0,Profil non physique,34-41,34–41 ans
KL25::jean-charles chatelus,KL25,Koh-Lanta : Le Totem Maudit,Jean-Charles Chatelus,10,18,1,0,,1,Homme,0.0,Profil non physique,34-41,34–41 ans
KL25::jean-charles chatelus,KL25,Koh-Lanta : Le Totem Maudit,Jean-Charles Chatelus,11,18,1,0,,1,Homme,0.0,Profil non physique,34-41,34–41 ans
KL25::jean-charles chatelus,KL25,Koh-Lanta : Le Totem Maudit,Jean-Charles Chatelus,12,18,1,0,,1,Homme,0.0,Profil non physique,34-41,34–41 ans
KL25::jean-charles chatelus,KL25,Koh-Lanta : Le Totem Maudit,Jean-Charles Chatelus,13,18,1,0,,1,Homme,0.0,Profil non physique,34-41,34–41 ans
KL25::jean-charles chatelus,KL25,Koh-Lanta : Le Totem Maudit,Jean-Charles Chatelus,14,18,1,0,,1,Homme,0.0,Profil non physique,34-41,34–41 ans
KL25::jean-charles chatelus,KL25,Koh-Lanta : Le Totem Maudit,Jean-Charles Chatelus,15,18,1,0,,1,Homme,0.0,Profil non physique,34-41,34–41 ans
KL25::jean-charles chatelus,KL25,Koh-Lanta : Le Totem Maudit,Jean-Charles Chatelus,16,18,1,0,,1,Homme,0.0,Profil non physique,34-41,34–41 ans
KL25::jean-charles chatelus,KL25,Koh-Lanta : Le Totem Maudit,Jean-Charles Chatelus,17,18,1,0,,1,Homme,0.0,Profil non physique,34-41,34–41 ans
KL25::jean-charles chatelus,KL25,Koh-Lanta : Le Totem Maudit,Jean-Charles Chatelus,18,18,1,1,FINALE_POTEAUX,1,Homme,0.0,Profil non physique,34-41,34–41 ans
KL25::géraldine nicolle,KL25,Koh-Lanta : Le Totem Maudit,Géraldine Nicolle,1,18,1,0,,0,Femme,0.0,Profil non physique,42+,42 ans et plus
KL25::géraldine nicolle,KL25,Koh-Lanta : Le Totem Maudit,Géraldine Nicolle,2,18,1,0,,0,Femme,0.0,Profil non physique,42+,42 ans et plus
KL25::géraldine nicolle,KL25,Koh-Lanta : Le Totem Maudit,Géraldine Nicolle,3,18,1,0,,0,Femme,0.0,Profil non physique,42+,42 ans et plus
KL25::géraldine nicolle,KL25,Koh-Lanta : Le Totem Maudit,Géraldine Nicolle,4,18,1,0,,0,Femme,0.0,Profil non physique,42+,42 ans et plus
KL25::géraldine nicolle,KL25,Koh-Lanta : Le Totem Maudit,Géraldine Nicolle,5,18,1,0,,0,Femme,0.0,Profil non physique,42+,42 ans et plus
KL25::géraldine nicolle,KL25,Koh-Lanta : Le Totem Maudit,Géraldine Nicolle,6,18,1,0,,0,Femme,0.0,Profil non physique,42+,42 ans et plus
KL25::géraldine nicolle,KL25,Koh-Lanta : Le Totem Maudit,Géraldine Nicolle,7,18,1,0,,0,Femme,0.0,Profil non physique,42+,42 ans et plus
KL25::géraldine nicolle,KL25,Koh-Lanta : Le Totem Maudit,Géraldine Nicolle,8,18,1,0,,0,Femme,0.0,Profil non physique,42+,42 ans et plus
KL25::géraldine nicolle,KL25,Koh-Lanta : Le Totem Maudit,Géraldine Nicolle,9,18,1,0,,0,Femme,0.0,Profil non physique,42+,42 ans et plus
KL25::géraldine nicolle,KL25,Koh-Lanta : Le Totem Maudit,Géraldine Nicolle,10,18,1,0,,0,Femme,0.0,Profil non physique,42+,42 ans et plus
KL25::géraldine nicolle,KL25,Koh-Lanta : Le Totem Maudit,Géraldine Nicolle,11,18,1,0,,0,Femme,0.0,Profil non physique,42+,42 ans et plus
KL25::géraldine nicolle,KL25,Koh-Lanta : Le Totem Maudit,Géraldine Nicolle,12,18,1,0,,0,Femme,0.0,Profil non physique,42+,42 ans et plus
KL25::géraldine nicolle,KL25,Koh-Lanta : Le Totem Maudit,Géraldine Nicolle,13,18,1,0,,0,Femme,0.0,Profil non physique,42+,42 ans et plus
KL25::géraldine nicolle,KL25,Koh-Lanta : Le Totem Maudit,Géraldine Nicolle,14,18,1,0,,0,Femme,0.0,Profil non physique,42+,42 ans et plus
KL25::géraldine nicolle,KL25,Koh-Lanta : Le Totem Maudit,Géraldine Nicolle,15,18,1,0,,0,Femme,0.0,Profil non physique,42+,42 ans et plus
KL25::géraldine nicolle,KL25,Koh-Lanta : Le Totem Maudit,Géraldine Nicolle,16,18,1,0,,0,Femme,0.0,Profil non physique,42+,42 ans et plus
KL25::géraldine nicolle,KL25,Koh-Lanta : Le Totem Maudit,Géraldine Nicolle,17,18,1,0,,0,Femme,0.0,Profil non physique,42+,42 ans et plus
KL25::géraldine nicolle,KL25,Koh-Lanta : Le Totem Maudit,Géraldine Nicolle,18,18,1,1,JURY_FINAL_DECISION,0,Femme,0.0,Profil non physique,42+,42 ans et plus
KL25::bastien san pedro,KL25,Koh-Lanta : Le Totem Maudit,Bastien San Pedro,1,19,1,0,,1,Homme,0.0,Profil non physique,26-33,26–33 ans
KL25::bastien san pedro,KL25,Koh-Lanta : Le Totem Maudit,Bastien San Pedro,2,19,1,0,,1,Homme,0.0,Profil non physique,26-33,26–33 ans
KL25::bastien san pedro,KL25,Koh-Lanta : Le Totem Maudit,Bastien San Pedro,3,19,1,0,,1,Homme,0.0,Profil non physique,26-33,26–33 ans
KL25::bastien san pedro,KL25,Koh-Lanta : Le Totem Maudit,Bastien San Pedro,4,19,1,0,,1,Homme,0.0,Profil non physique,26-33,26–33 ans
KL25::bastien san pedro,KL25,Koh-Lanta : Le Totem Maudit,Bastien San Pedro,5,19,1,0,,1,Homme,0.0,Profil non physique,26-33,26–33 ans
KL25::bastien san pedro,KL25,Koh-Lanta : Le Totem Maudit,Bastien San Pedro,6,19,1,0,,1,Homme,0.0,Profil non physique,26-33,26–33 ans
KL25::bastien san pedro,KL25,Koh-Lanta : Le Totem Maudit,Bastien San Pedro,7,19,1,0,,1,Homme,0.0,Profil non physique,26-33,26–33 ans
KL25::bastien san pedro,KL25,Koh-Lanta : Le Totem Maudit,Bastien San Pedro,8,19,1,0,,1,Homme,0.0,Profil non physique,26-33,26–33 ans
KL25::bastien san pedro,KL25,Koh-Lanta : Le Totem Maudit,Bastien San Pedro,9,19,1,0,,1,Homme,0.0,Profil non physique,26-33,26–33 ans
KL25::bastien san pedro,KL25,Koh-Lanta : Le Totem Maudit,Bastien San Pedro,10,19,1,0,,1,Homme,0.0,Profil non physique,26-33,26–33 ans
KL25::bastien san pedro,KL25,Koh-Lanta : Le Totem Maudit,Bastien San Pedro,11,19,1,0,,1,Homme,0.0,Profil non physique,26-33,26–33 ans
KL25::bastien san pedro,KL25,Koh-Lanta : Le Totem Maudit,Bastien San Pedro,12,19,1,0,,1,Homme,0.0,Profil non physique,26-33,26–33 ans
KL25::bastien san pedro,KL25,Koh-Lanta : Le Totem Maudit,Bastien San Pedro,13,19,1,0,,1,Homme,0.0,Profil non physique,26-33,26–33 ans
KL25::bastien san pedro,KL25,Koh-Lanta : Le Totem Maudit,Bastien San Pedro,14,19,1,0,,1,Homme,0.0,Profil non physique,26-33,26–33 ans
KL25::bastien san pedro,KL25,Koh-Lanta : Le Totem Maudit,Bastien San Pedro,15,19,1,0,,1,Homme,0.0,Profil non physique,26-33,26–33 ans
KL25::bastien san pedro,KL25,Koh-Lanta : Le Totem Maudit,Bastien San Pedro,16,19,1,0,,1,Homme,0.0,Profil non physique,26-33,26–33 ans
KL25::bastien san pedro,KL25,Koh-Lanta : Le Totem Maudit,Bastien San Pedro,17,19,1,0,,1,Homme,0.0,Profil non physique,26-33,26–33 ans
KL25::bastien san pedro,KL25,Koh-Lanta : Le Totem Maudit,Bastien San Pedro,18,19,1,0,,1,Homme,0.0,Profil non physique,26-33,26–33 ans
KL25::bastien san pedro,KL25,Koh-Lanta : Le Totem Maudit,Bastien San Pedro,19,19,1,0,,1,Homme,0.0,Profil non physique,26-33,26–33 ans
KL25::françois descamp,KL25,Koh-Lanta : Le Totem Maudit,François Descamp,1,20,1,0,,1,Homme,1.0,Profil physique,34-41,34–41 ans
KL25::françois descamp,KL25,Koh-Lanta : Le Totem Maudit,François Descamp,2,20,1,0,,1,Homme,1.0,Profil physique,34-41,34–41 ans
KL25::françois descamp,KL25,Koh-Lanta : Le Totem Maudit,François Descamp,3,20,1,0,,1,Homme,1.0,Profil physique,34-41,34–41 ans
KL25::françois descamp,KL25,Koh-Lanta : Le Totem Maudit,François Descamp,4,20,1,0,,1,Homme,1.0,Profil physique,34-41,34–41 ans
KL25::françois descamp,KL25,Koh-Lanta : Le Totem Maudit,François Descamp,5,20,1,0,,1,Homme,1.0,Profil physique,34-41,34–41 ans
KL25::françois descamp,KL25,Koh-Lanta : Le Totem Maudit,François Descamp,6,20,1,0,,1,Homme,1.0,Profil physique,34-41,34–41 ans
KL25::françois descamp,KL25,Koh-Lanta : Le Totem Maudit,François Descamp,7,20,1,0,,1,Homme,1.0,Profil physique,34-41,34–41 ans
KL25::françois descamp,KL25,Koh-Lanta : Le Totem Maudit,François Descamp,8,20,1,0,,1,Homme,1.0,Profil physique,34-41,34–41 ans
KL25::françois descamp,KL25,Koh-Lanta : Le Totem Maudit,François Descamp,9,20,1,0,,1,Homme,1.0,Profil physique,34-41,34–41 ans
KL25::françois descamp,KL25,Koh-Lanta : Le Totem Maudit,François Descamp,10,20,1,0,,1,Homme,1.0,Profil physique,34-41,34–41 ans
KL25::françois descamp,KL25,Koh-Lanta : Le Totem Maudit,François Descamp,11,20,1,0,,1,Homme,1.0,Profil physique,34-41,34–41 ans
KL25::françois descamp,KL25,Koh-Lanta : Le Totem Maudit,François Descamp,12,20,1,0,,1,Homme,1.0,Profil physique,34-41,34–41 ans
KL25::françois descamp,KL25,Koh-Lanta : Le Totem Maudit,François Descamp,13,20,1,0,,1,Homme,1.0,Profil physique,34-41,34–41 ans
KL25::françois descamp,KL25,Koh-Lanta : Le Totem Maudit,François Descamp,14,20,1,0,,1,Homme,1.0,Profil physique,34-41,34–41 ans
KL25::françois descamp,KL25,Koh-Lanta : Le Totem Maudit,François Descamp,15,20,1,0,,1,Homme,1.0,Profil physique,34-41,34–41 ans
KL25::françois descamp,KL25,Koh-Lanta : Le Totem Maudit,François Descamp,16,20,1,0,,1,Homme,1.0,Profil physique,34-41,34–41 ans
KL25::françois descamp,KL25,Koh-Lanta : Le Totem Maudit,François Descamp,17,20,1,0,,1,Homme,1.0,Profil physique,34-41,34–41 ans
KL25::françois descamp,KL25,Koh-Lanta : Le Totem Maudit,François Descamp,18,20,1,0,,1,Homme,1.0,Profil physique,34-41,34–41 ans
KL25::françois descamp,KL25,Koh-Lanta : Le Totem Maudit,François Descamp,19,20,1,0,,1,Homme,1.0,Profil physique,34-41,34–41 ans
KL25::françois descamp,KL25,Koh-Lanta : Le Totem Maudit,François Descamp,20,20,1,0,,1,Homme,1.0,Profil physique,34-41,34–41 ans
KL32::françois,KL32,Koh-Lanta : Les 4 Terres,François,1,1,1,1,MEDICAL,1,Homme,0.0,Profil non physique,42+,42 ans et plus
KL32::carole,KL32,Koh-Lanta : Les 4 Terres,Carole,1,2,1,0,,0,Femme,0.0,Profil non physique,42+,42 ans et plus
KL32::carole,KL32,Koh-Lanta : Les 4 Terres,Carole,2,2,1,1,VOTE_CONSEIL,0,Femme,0.0,Profil non physique,42+,42 ans et plus
KL32::samuel,KL32,Koh-Lanta : Les 4 Terres,Samuel,1,3,1,0,,1,Homme,0.0,Profil non physique,34-41,34–41 ans
KL32::samuel,KL32,Koh-Lanta : Les 4 Terres,Samuel,2,3,1,0,,1,Homme,0.0,Profil non physique,34-41,34–41 ans
KL32::samuel,KL32,Koh-Lanta : Les 4 Terres,Samuel,3,3,1,1,MEDICAL,1,Homme,0.0,Profil non physique,34-41,34–41 ans
KL32::diane,KL32,Koh-Lanta : Les 4 Terres,Diane,1,3,1,0,,0,Femme,0.0,Profil non physique,18-25,18–25 ans
KL32::diane,KL32,Koh-Lanta : Les 4 Terres,Diane,2,3,1,0,,0,Femme,0.0,Profil non physique,18-25,18–25 ans
KL32::diane,KL32,Koh-Lanta : Les 4 Terres,Diane,3,3,1,1,VOTE_CONSEIL,0,Femme,0.0,Profil non physique,18-25,18–25 ans
KL32::estelle,KL32,Koh-Lanta : Les 4 Terres,Estelle,1,4,1,0,,0,Femme,0.0,Profil non physique,42+,42 ans et plus
KL32::estelle,KL32,Koh-Lanta : Les 4 Terres,Estelle,2,4,1,0,,0,Femme,0.0,Profil non physique,42+,42 ans et plus
KL32::estelle,KL32,Koh-Lanta : Les 4 Terres,Estelle,3,4,1,0,,0,Femme,0.0,Profil non physique,42+,42 ans et plus
KL32::estelle,KL32,Koh-Lanta : Les 4 Terres,Estelle,4,4,1,1,VOTE_CONSEIL,0,Femme,0.0,Profil non physique,42+,42 ans et plus
KL32::mathieu,KL32,Koh-Lanta : Les 4 Terres,Mathieu,1,5,1,0,,1,Homme,1.0,Profil physique,26-33,26–33 ans
KL32::mathieu,KL32,Koh-Lanta : Les 4 Terres,Mathieu,2,5,1,0,,1,Homme,1.0,Profil physique,26-33,26–33 ans
KL32::mathieu,KL32,Koh-Lanta : Les 4 Terres,Mathieu,3,5,1,0,,1,Homme,1.0,Profil physique,26-33,26–33 ans
KL32::mathieu,KL32,Koh-Lanta : Les 4 Terres,Mathieu,4,5,1,0,,1,Homme,1.0,Profil physique,26-33,26–33 ans
KL32::mathieu,KL32,Koh-Lanta : Les 4 Terres,Mathieu,5,5,1,1,VOTE_CONSEIL,1,Homme,1.0,Profil physique,26-33,26–33 ans
KL32::adrien,KL32,Koh-Lanta : Les 4 Terres,Adrien,1,6,1,0,,1,Homme,0.0,Profil non physique,26-33,26–33 ans
KL32::adrien,KL32,Koh-Lanta : Les 4 Terres,Adrien,2,6,1,0,,1,Homme,0.0,Profil non physique,26-33,26–33 ans
KL32::adrien,KL32,Koh-Lanta : Les 4 Terres,Adrien,3,6,1,0,,1,Homme,0.0,Profil non physique,26-33,26–33 ans
KL32::adrien,KL32,Koh-Lanta : Les 4 Terres,Adrien,4,6,1,0,,1,Homme,0.0,Profil non physique,26-33,26–33 ans
KL32::adrien,KL32,Koh-Lanta : Les 4 Terres,Adrien,5,6,1,0,,1,Homme,0.0,Profil non physique,26-33,26–33 ans
KL32::adrien,KL32,Koh-Lanta : Les 4 Terres,Adrien,6,6,1,1,VOTE_CONSEIL,1,Homme,0.0,Profil non physique,26-33,26–33 ans
KL32::aubin,KL32,Koh-Lanta : Les 4 Terres,Aubin,1,7,1,0,,1,Homme,0.0,Profil non physique,18-25,18–25 ans
KL32::aubin,KL32,Koh-Lanta : Les 4 Terres,Aubin,2,7,1,0,,1,Homme,0.0,Profil non physique,18-25,18–25 ans
KL32::aubin,KL32,Koh-Lanta : Les 4 Terres,Aubin,3,7,1,0,,1,Homme,0.0,Profil non physique,18-25,18–25 ans
KL32::aubin,KL32,Koh-Lanta : Les 4 Terres,Aubin,4,7,1,0,,1,Homme,0.0,Profil non physique,18-25,18–25 ans
KL32::aubin,KL32,Koh-Lanta : Les 4 Terres,Aubin,5,7,1,0,,1,Homme,0.0,Profil non physique,18-25,18–25 ans
KL32::aubin,KL32,Koh-Lanta : Les 4 Terres,Aubin,6,7,1,0,,1,Homme,0.0,Profil non physique,18-25,18–25 ans
KL32::aubin,KL32,Koh-Lanta : Les 4 Terres,Aubin,7,7,1,1,VOTE_CONSEIL,1,Homme,0.0,Profil non physique,18-25,18–25 ans
KL32::sébastien,KL32,Koh-Lanta : Les 4 Terres,Sébastien,1,8,1,0,,1,Homme,0.0,Profil non physique,34-41,34–41 ans
KL32::sébastien,KL32,Koh-Lanta : Les 4 Terres,Sébastien,2,8,1,0,,1,Homme,0.0,Profil non physique,34-41,34–41 ans
KL32::sébastien,KL32,Koh-Lanta : Les 4 Terres,Sébastien,3,8,1,0,,1,Homme,0.0,Profil non physique,34-41,34–41 ans
KL32::sébastien,KL32,Koh-Lanta : Les 4 Terres,Sébastien,4,8,1,0,,1,Homme,0.0,Profil non physique,34-41,34–41 ans
KL32::sébastien,KL32,Koh-Lanta : Les 4 Terres,Sébastien,5,8,1,0,,1,Homme,0.0,Profil non physique,34-41,34–41 ans
KL32::sébastien,KL32,Koh-Lanta : Les 4 Terres,Sébastien,6,8,1,0,,1,Homme,0.0,Profil non physique,34-41,34–41 ans
KL32::sébastien,KL32,Koh-Lanta : Les 4 Terres,Sébastien,7,8,1,0,,1,Homme,0.0,Profil non physique,34-41,34–41 ans
KL32::sébastien,KL32,Koh-Lanta : Les 4 Terres,Sébastien,8,8,1,1,VOTE_CONSEIL,1,Homme,0.0,Profil non physique,34-41,34–41 ans
KL32::marie-france,KL32,Koh-Lanta : Les 4 Terres,Marie-France,1,8,1,0,,0,Femme,0.0,Profil non physique,42+,42 ans et plus
KL32::marie-france,KL32,Koh-Lanta : Les 4 Terres,Marie-France,2,8,1,0,,0,Femme,0.0,Profil non physique,42+,42 ans et plus
KL32::marie-france,KL32,Koh-Lanta : Les 4 Terres,Marie-France,3,8,1,0,,0,Femme,0.0,Profil non physique,42+,42 ans et plus
KL32::marie-france,KL32,Koh-Lanta : Les 4 Terres,Marie-France,4,8,1,0,,0,Femme,0.0,Profil non physique,42+,42 ans et plus
KL32::marie-france,KL32,Koh-Lanta : Les 4 Terres,Marie-France,5,8,1,0,,0,Femme,0.0,Profil non physique,42+,42 ans et plus
KL32::marie-france,KL32,Koh-Lanta : Les 4 Terres,Marie-France,6,8,1,0,,0,Femme,0.0,Profil non physique,42+,42 ans et plus
KL32::marie-france,KL32,Koh-Lanta : Les 4 Terres,Marie-France,7,8,1,0,,0,Femme,0.0,Profil non physique,42+,42 ans et plus
KL32::marie-france,KL32,Koh-Lanta : Les 4 Terres,Marie-France,8,8,1,1,VOTE_CONSEIL,0,Femme,0.0,Profil non physique,42+,42 ans et plus
KL32::hadja,KL32,Koh-Lanta : Les 4 Terres,Hadja,1,9,1,0,,0,Femme,1.0,Profil physique,26-33,26–33 ans
KL32::hadja,KL32,Koh-Lanta : Les 4 Terres,Hadja,2,9,1,0,,0,Femme,1.0,Profil physique,26-33,26–33 ans
KL32::hadja,KL32,Koh-Lanta : Les 4 Terres,Hadja,3,9,1,0,,0,Femme,1.0,Profil physique,26-33,26–33 ans
KL32::hadja,KL32,Koh-Lanta : Les 4 Terres,Hadja,4,9,1,0,,0,Femme,1.0,Profil physique,26-33,26–33 ans
KL32::hadja,KL32,Koh-Lanta : Les 4 Terres,Hadja,5,9,1,0,,0,Femme,1.0,Profil physique,26-33,26–33 ans
KL32::hadja,KL32,Koh-Lanta : Les 4 Terres,Hadja,6,9,1,0,,0,Femme,1.0,Profil physique,26-33,26–33 ans
KL32::hadja,KL32,Koh-Lanta : Les 4 Terres,Hadja,7,9,1,0,,0,Femme,1.0,Profil physique,26-33,26–33 ans
KL32::hadja,KL32,Koh-Lanta : Les 4 Terres,Hadja,8,9,1,0,,0,Femme,1.0,Profil physique,26-33,26–33 ans
KL32::hadja,KL32,Koh-Lanta : Les 4 Terres,Hadja,9,9,1,1,VOTE_CONSEIL,0,Femme,1.0,Profil physique,26-33,26–33 ans
KL32::bertrand-kamal († décédé avant la finale),KL32,Koh-Lanta : Les 4 Terres,Bertrand-Kamal († décédé avant la finale),1,10,1,0,,1,Homme,1.0,Profil physique,26-33,26–33 ans
KL32::bertrand-kamal († décédé avant la finale),KL32,Koh-Lanta : Les 4 Terres,Bertrand-Kamal († décédé avant la finale),2,10,1,0,,1,Homme,1.0,Profil physique,26-33,26–33 ans
KL32::bertrand-kamal († décédé avant la finale),KL32,Koh-Lanta : Les 4 Terres,Bertrand-Kamal († décédé avant la finale),3,10,1,0,,1,Homme,1.0,Profil physique,26-33,26–33 ans
KL32::bertrand-kamal († décédé avant la finale),KL32,Koh-Lanta : Les 4 Terres,Bertrand-Kamal († décédé avant la finale),4,10,1,0,,1,Homme,1.0,Profil physique,26-33,26–33 ans
KL32::bertrand-kamal († décédé avant la finale),KL32,Koh-Lanta : Les 4 Terres,Bertrand-Kamal († décédé avant la finale),5,10,1,0,,1,Homme,1.0,Profil physique,26-33,26–33 ans
KL32::bertrand-kamal († décédé avant la finale),KL32,Koh-Lanta : Les 4 Terres,Bertrand-Kamal († décédé avant la finale),6,10,1,0,,1,Homme,1.0,Profil physique,26-33,26–33 ans
KL32::bertrand-kamal († décédé avant la finale),KL32,Koh-Lanta : Les 4 Terres,Bertrand-Kamal († décédé avant la finale),7,10,1,0,,1,Homme,1.0,Profil physique,26-33,26–33 ans
KL32::bertrand-kamal († décédé avant la finale),KL32,Koh-Lanta : Les 4 Terres,Bertrand-Kamal († décédé avant la finale),8,10,1,0,,1,Homme,1.0,Profil physique,26-33,26–33 ans
KL32::bertrand-kamal († décédé avant la finale),KL32,Koh-Lanta : Les 4 Terres,Bertrand-Kamal († décédé avant la finale),9,10,1,0,,1,Homme,1.0,Profil physique,26-33,26–33 ans
KL32::bertrand-kamal († décédé avant la finale),KL32,Koh-Lanta : Les 4 Terres,Bertrand-Kamal († décédé avant la finale),10,10,1,1,ELIMINATION_CHALLENGE,1,Homme,1.0,Profil physique,26-33,26–33 ans
KL32::joaquina,KL32,Koh-Lanta : Les 4 Terres,Joaquina,1,11,1,0,,0,Femme,0.0,Profil non physique,34-41,34–41 ans
KL32::joaquina,KL32,Koh-Lanta : Les 4 Terres,Joaquina,2,11,1,0,,0,Femme,0.0,Profil non physique,34-41,34–41 ans
KL32::joaquina,KL32,Koh-Lanta : Les 4 Terres,Joaquina,3,11,1,0,,0,Femme,0.0,Profil non physique,34-41,34–41 ans
KL32::joaquina,KL32,Koh-Lanta : Les 4 Terres,Joaquina,4,11,1,0,,0,Femme,0.0,Profil non physique,34-41,34–41 ans
KL32::joaquina,KL32,Koh-Lanta : Les 4 Terres,Joaquina,5,11,1,0,,0,Femme,0.0,Profil non physique,34-41,34–41 ans
KL32::joaquina,KL32,Koh-Lanta : Les 4 Terres,Joaquina,6,11,1,0,,0,Femme,0.0,Profil non physique,34-41,34–41 ans
KL32::joaquina,KL32,Koh-Lanta : Les 4 Terres,Joaquina,7,11,1,0,,0,Femme,0.0,Profil non physique,34-41,34–41 ans
KL32::joaquina,KL32,Koh-Lanta : Les 4 Terres,Joaquina,8,11,1,0,,0,Femme,0.0,Profil non physique,34-41,34–41 ans
KL32::joaquina,KL32,Koh-Lanta : Les 4 Terres,Joaquina,9,11,1,0,,0,Femme,0.0,Profil non physique,34-41,34–41 ans
KL32::joaquina,KL32,Koh-Lanta : Les 4 Terres,Joaquina,10,11,1,0,,0,Femme,0.0,Profil non physique,34-41,34–41 ans
KL32::joaquina,KL32,Koh-Lanta : Les 4 Terres,Joaquina,11,11,1,1,VOTE_CONSEIL,0,Femme,0.0,Profil non physique,34-41,34–41 ans
KL32::jody,KL32,Koh-Lanta : Les 4 Terres,Jody,1,12,1,0,,0,Femme,0.0,Profil non physique,26-33,26–33 ans
KL32::jody,KL32,Koh-Lanta : Les 4 Terres,Jody,2,12,1,0,,0,Femme,0.0,Profil non physique,26-33,26–33 ans
KL32::jody,KL32,Koh-Lanta : Les 4 Terres,Jody,3,12,1,0,,0,Femme,0.0,Profil non physique,26-33,26–33 ans
KL32::jody,KL32,Koh-Lanta : Les 4 Terres,Jody,4,12,1,0,,0,Femme,0.0,Profil non physique,26-33,26–33 ans
KL32::jody,KL32,Koh-Lanta : Les 4 Terres,Jody,5,12,1,0,,0,Femme,0.0,Profil non physique,26-33,26–33 ans
KL32::jody,KL32,Koh-Lanta : Les 4 Terres,Jody,6,12,1,0,,0,Femme,0.0,Profil non physique,26-33,26–33 ans
KL32::jody,KL32,Koh-Lanta : Les 4 Terres,Jody,7,12,1,0,,0,Femme,0.0,Profil non physique,26-33,26–33 ans
KL32::jody,KL32,Koh-Lanta : Les 4 Terres,Jody,8,12,1,0,,0,Femme,0.0,Profil non physique,26-33,26–33 ans
KL32::jody,KL32,Koh-Lanta : Les 4 Terres,Jody,9,12,1,0,,0,Femme,0.0,Profil non physique,26-33,26–33 ans
KL32::jody,KL32,Koh-Lanta : Les 4 Terres,Jody,10,12,1,0,,0,Femme,0.0,Profil non physique,26-33,26–33 ans
KL32::jody,KL32,Koh-Lanta : Les 4 Terres,Jody,11,12,1,0,,0,Femme,0.0,Profil non physique,26-33,26–33 ans
KL32::jody,KL32,Koh-Lanta : Les 4 Terres,Jody,12,12,1,1,VOTE_CONSEIL,0,Femme,0.0,Profil non physique,26-33,26–33 ans
KL32::laurent,KL32,Koh-Lanta : Les 4 Terres,Laurent,1,13,1,0,,1,Homme,0.0,Profil non physique,42+,42 ans et plus
KL32::laurent,KL32,Koh-Lanta : Les 4 Terres,Laurent,2,13,1,0,,1,Homme,0.0,Profil non physique,42+,42 ans et plus
KL32::laurent,KL32,Koh-Lanta : Les 4 Terres,Laurent,3,13,1,0,,1,Homme,0.0,Profil non physique,42+,42 ans et plus
KL32::laurent,KL32,Koh-Lanta : Les 4 Terres,Laurent,4,13,1,0,,1,Homme,0.0,Profil non physique,42+,42 ans et plus
KL32::laurent,KL32,Koh-Lanta : Les 4 Terres,Laurent,5,13,1,0,,1,Homme,0.0,Profil non physique,42+,42 ans et plus
KL32::laurent,KL32,Koh-Lanta : Les 4 Terres,Laurent,6,13,1,0,,1,Homme,0.0,Profil non physique,42+,42 ans et plus
KL32::laurent,KL32,Koh-Lanta : Les 4 Terres,Laurent,7,13,1,0,,1,Homme,0.0,Profil non physique,42+,42 ans et plus
KL32::laurent,KL32,Koh-Lanta : Les 4 Terres,Laurent,8,13,1,0,,1,Homme,0.0,Profil non physique,42+,42 ans et plus
KL32::laurent,KL32,Koh-Lanta : Les 4 Terres,Laurent,9,13,1,0,,1,Homme,0.0,Profil non physique,42+,42 ans et plus
KL32::laurent,KL32,Koh-Lanta : Les 4 Terres,Laurent,10,13,1,0,,1,Homme,0.0,Profil non physique,42+,42 ans et plus
KL32::laurent,KL32,Koh-Lanta : Les 4 Terres,Laurent,11,13,1,0,,1,Homme,0.0,Profil non physique,42+,42 ans et plus
KL32::laurent,KL32,Koh-Lanta : Les 4 Terres,Laurent,12,13,1,0,,1,Homme,0.0,Profil non physique,42+,42 ans et plus
KL32::laurent,KL32,Koh-Lanta : Les 4 Terres,Laurent,13,13,1,1,VOTE_CONSEIL,1,Homme,0.0,Profil non physique,42+,42 ans et plus
KL32::alix,KL32,Koh-Lanta : Les 4 Terres,Alix,1,13,1,0,,0,Femme,1.0,Profil physique,26-33,26–33 ans
KL32::alix,KL32,Koh-Lanta : Les 4 Terres,Alix,2,13,1,0,,0,Femme,1.0,Profil physique,26-33,26–33 ans
KL32::alix,KL32,Koh-Lanta : Les 4 Terres,Alix,3,13,1,0,,0,Femme,1.0,Profil physique,26-33,26–33 ans
KL32::alix,KL32,Koh-Lanta : Les 4 Terres,Alix,4,13,1,0,,0,Femme,1.0,Profil physique,26-33,26–33 ans
KL32::alix,KL32,Koh-Lanta : Les 4 Terres,Alix,5,13,1,0,,0,Femme,1.0,Profil physique,26-33,26–33 ans
KL32::alix,KL32,Koh-Lanta : Les 4 Terres,Alix,6,13,1,0,,0,Femme,1.0,Profil physique,26-33,26–33 ans
KL32::alix,KL32,Koh-Lanta : Les 4 Terres,Alix,7,13,1,0,,0,Femme,1.0,Profil physique,26-33,26–33 ans
KL32::alix,KL32,Koh-Lanta : Les 4 Terres,Alix,8,13,1,0,,0,Femme,1.0,Profil physique,26-33,26–33 ans
KL32::alix,KL32,Koh-Lanta : Les 4 Terres,Alix,9,13,1,0,,0,Femme,1.0,Profil physique,26-33,26–33 ans
KL32::alix,KL32,Koh-Lanta : Les 4 Terres,Alix,10,13,1,0,,0,Femme,1.0,Profil physique,26-33,26–33 ans
KL32::alix,KL32,Koh-Lanta : Les 4 Terres,Alix,11,13,1,0,,0,Femme,1.0,Profil physique,26-33,26–33 ans
KL32::alix,KL32,Koh-Lanta : Les 4 Terres,Alix,12,13,1,0,,0,Femme,1.0,Profil physique,26-33,26–33 ans
KL32::alix,KL32,Koh-Lanta : Les 4 Terres,Alix,13,13,1,1,VOTE_CONSEIL,0,Femme,1.0,Profil physique,26-33,26–33 ans
KL32::fabrice,KL32,Koh-Lanta : Les 4 Terres,Fabrice,1,14,1,0,,1,Homme,0.0,Profil non physique,42+,42 ans et plus
KL32::fabrice,KL32,Koh-Lanta : Les 4 Terres,Fabrice,2,14,1,0,,1,Homme,0.0,Profil non physique,42+,42 ans et plus
KL32::fabrice,KL32,Koh-Lanta : Les 4 Terres,Fabrice,3,14,1,0,,1,Homme,0.0,Profil non physique,42+,42 ans et plus
KL32::fabrice,KL32,Koh-Lanta : Les 4 Terres,Fabrice,4,14,1,0,,1,Homme,0.0,Profil non physique,42+,42 ans et plus
KL32::fabrice,KL32,Koh-Lanta : Les 4 Terres,Fabrice,5,14,1,0,,1,Homme,0.0,Profil non physique,42+,42 ans et plus
KL32::fabrice,KL32,Koh-Lanta : Les 4 Terres,Fabrice,6,14,1,0,,1,Homme,0.0,Profil non physique,42+,42 ans et plus
KL32::fabrice,KL32,Koh-Lanta : Les 4 Terres,Fabrice,7,14,1,0,,1,Homme,0.0,Profil non physique,42+,42 ans et plus
KL32::fabrice,KL32,Koh-Lanta : Les 4 Terres,Fabrice,8,14,1,0,,1,Homme,0.0,Profil non physique,42+,42 ans et plus
KL32::fabrice,KL32,Koh-Lanta : Les 4 Terres,Fabrice,9,14,1,0,,1,Homme,0.0,Profil non physique,42+,42 ans et plus
KL32::fabrice,KL32,Koh-Lanta : Les 4 Terres,Fabrice,10,14,1,0,,1,Homme,0.0,Profil non physique,42+,42 ans et plus
KL32::fabrice,KL32,Koh-Lanta : Les 4 Terres,Fabrice,11,14,1,0,,1,Homme,0.0,Profil non physique,42+,42 ans et plus
KL32::fabrice,KL32,Koh-Lanta : Les 4 Terres,Fabrice,12,14,1,0,,1,Homme,0.0,Profil non physique,42+,42 ans et plus
KL32::fabrice,KL32,Koh-Lanta : Les 4 Terres,Fabrice,13,14,1,0,,1,Homme,0.0,Profil non physique,42+,42 ans et plus
KL32::fabrice,KL32,Koh-Lanta : Les 4 Terres,Fabrice,14,14,1,1,ELIMINATION_CHALLENGE,1,Homme,0.0,Profil non physique,42+,42 ans et plus
KL32::ava,KL32,Koh-Lanta : Les 4 Terres,Ava,1,15,1,0,,0,Femme,0.0,Profil non physique,26-33,26–33 ans
KL32::ava,KL32,Koh-Lanta : Les 4 Terres,Ava,2,15,1,0,,0,Femme,0.0,Profil non physique,26-33,26–33 ans
KL32::ava,KL32,Koh-Lanta : Les 4 Terres,Ava,3,15,1,0,,0,Femme,0.0,Profil non physique,26-33,26–33 ans
KL32::ava,KL32,Koh-Lanta : Les 4 Terres,Ava,4,15,1,0,,0,Femme,0.0,Profil non physique,26-33,26–33 ans
KL32::ava,KL32,Koh-Lanta : Les 4 Terres,Ava,5,15,1,0,,0,Femme,0.0,Profil non physique,26-33,26–33 ans
KL32::ava,KL32,Koh-Lanta : Les 4 Terres,Ava,6,15,1,0,,0,Femme,0.0,Profil non physique,26-33,26–33 ans
KL32::ava,KL32,Koh-Lanta : Les 4 Terres,Ava,7,15,1,0,,0,Femme,0.0,Profil non physique,26-33,26–33 ans
KL32::ava,KL32,Koh-Lanta : Les 4 Terres,Ava,8,15,1,0,,0,Femme,0.0,Profil non physique,26-33,26–33 ans
KL32::ava,KL32,Koh-Lanta : Les 4 Terres,Ava,9,15,1,0,,0,Femme,0.0,Profil non physique,26-33,26–33 ans
KL32::ava,KL32,Koh-Lanta : Les 4 Terres,Ava,10,15,1,0,,0,Femme,0.0,Profil non physique,26-33,26–33 ans
KL32::ava,KL32,Koh-Lanta : Les 4 Terres,Ava,11,15,1,0,,0,Femme,0.0,Profil non physique,26-33,26–33 ans
KL32::ava,KL32,Koh-Lanta : Les 4 Terres,Ava,12,15,1,0,,0,Femme,0.0,Profil non physique,26-33,26–33 ans
KL32::ava,KL32,Koh-Lanta : Les 4 Terres,Ava,13,15,1,0,,0,Femme,0.0,Profil non physique,26-33,26–33 ans
KL32::ava,KL32,Koh-Lanta : Les 4 Terres,Ava,14,15,1,0,,0,Femme,0.0,Profil non physique,26-33,26–33 ans
KL32::ava,KL32,Koh-Lanta : Les 4 Terres,Ava,15,15,1,1,VOTE_CONSEIL,0,Femme,0.0,Profil non physique,26-33,26–33 ans
KL32::angélique,KL32,Koh-Lanta : Les 4 Terres,Angélique,1,16,1,0,,0,Femme,0.0,Profil non physique,26-33,26–33 ans
KL32::angélique,KL32,Koh-Lanta : Les 4 Terres,Angélique,2,16,1,0,,0,Femme,0.0,Profil non physique,26-33,26–33 ans
KL32::angélique,KL32,Koh-Lanta : Les 4 Terres,Angélique,3,16,1,0,,0,Femme,0.0,Profil non physique,26-33,26–33 ans
KL32::angélique,KL32,Koh-Lanta : Les 4 Terres,Angélique,4,16,1,0,,0,Femme,0.0,Profil non physique,26-33,26–33 ans
KL32::angélique,KL32,Koh-Lanta : Les 4 Terres,Angélique,5,16,1,0,,0,Femme,0.0,Profil non physique,26-33,26–33 ans
KL32::angélique,KL32,Koh-Lanta : Les 4 Terres,Angélique,6,16,1,0,,0,Femme,0.0,Profil non physique,26-33,26–33 ans
KL32::angélique,KL32,Koh-Lanta : Les 4 Terres,Angélique,7,16,1,0,,0,Femme,0.0,Profil non physique,26-33,26–33 ans
KL32::angélique,KL32,Koh-Lanta : Les 4 Terres,Angélique,8,16,1,0,,0,Femme,0.0,Profil non physique,26-33,26–33 ans
KL32::angélique,KL32,Koh-Lanta : Les 4 Terres,Angélique,9,16,1,0,,0,Femme,0.0,Profil non physique,26-33,26–33 ans
KL32::angélique,KL32,Koh-Lanta : Les 4 Terres,Angélique,10,16,1,0,,0,Femme,0.0,Profil non physique,26-33,26–33 ans
KL32::angélique,KL32,Koh-Lanta : Les 4 Terres,Angélique,11,16,1,0,,0,Femme,0.0,Profil non physique,26-33,26–33 ans
KL32::angélique,KL32,Koh-Lanta : Les 4 Terres,Angélique,12,16,1,0,,0,Femme,0.0,Profil non physique,26-33,26–33 ans
KL32::angélique,KL32,Koh-Lanta : Les 4 Terres,Angélique,13,16,1,0,,0,Femme,0.0,Profil non physique,26-33,26–33 ans
KL32::angélique,KL32,Koh-Lanta : Les 4 Terres,Angélique,14,16,1,0,,0,Femme,0.0,Profil non physique,26-33,26–33 ans
KL32::angélique,KL32,Koh-Lanta : Les 4 Terres,Angélique,15,16,1,0,,0,Femme,0.0,Profil non physique,26-33,26–33 ans
KL32::angélique,KL32,Koh-Lanta : Les 4 Terres,Angélique,16,16,1,1,VOTE_CONSEIL,0,Femme,0.0,Profil non physique,26-33,26–33 ans
KL32::dorian,KL32,Koh-Lanta : Les 4 Terres,Dorian,1,17,1,0,,1,Homme,1.0,Profil physique,26-33,26–33 ans
KL32::dorian,KL32,Koh-Lanta : Les 4 Terres,Dorian,2,17,1,0,,1,Homme,1.0,Profil physique,26-33,26–33 ans
KL32::dorian,KL32,Koh-Lanta : Les 4 Terres,Dorian,3,17,1,0,,1,Homme,1.0,Profil physique,26-33,26–33 ans
KL32::dorian,KL32,Koh-Lanta : Les 4 Terres,Dorian,4,17,1,0,,1,Homme,1.0,Profil physique,26-33,26–33 ans
KL32::dorian,KL32,Koh-Lanta : Les 4 Terres,Dorian,5,17,1,0,,1,Homme,1.0,Profil physique,26-33,26–33 ans
KL32::dorian,KL32,Koh-Lanta : Les 4 Terres,Dorian,6,17,1,0,,1,Homme,1.0,Profil physique,26-33,26–33 ans
KL32::dorian,KL32,Koh-Lanta : Les 4 Terres,Dorian,7,17,1,0,,1,Homme,1.0,Profil physique,26-33,26–33 ans
KL32::dorian,KL32,Koh-Lanta : Les 4 Terres,Dorian,8,17,1,0,,1,Homme,1.0,Profil physique,26-33,26–33 ans
KL32::dorian,KL32,Koh-Lanta : Les 4 Terres,Dorian,9,17,1,0,,1,Homme,1.0,Profil physique,26-33,26–33 ans
KL32::dorian,KL32,Koh-Lanta : Les 4 Terres,Dorian,10,17,1,0,,1,Homme,1.0,Profil physique,26-33,26–33 ans
KL32::dorian,KL32,Koh-Lanta : Les 4 Terres,Dorian,11,17,1,0,,1,Homme,1.0,Profil physique,26-33,26–33 ans
KL32::dorian,KL32,Koh-Lanta : Les 4 Terres,Dorian,12,17,1,0,,1,Homme,1.0,Profil physique,26-33,26–33 ans
KL32::dorian,KL32,Koh-Lanta : Les 4 Terres,Dorian,13,17,1,0,,1,Homme,1.0,Profil physique,26-33,26–33 ans
KL32::dorian,KL32,Koh-Lanta : Les 4 Terres,Dorian,14,17,1,0,,1,Homme,1.0,Profil physique,26-33,26–33 ans
KL32::dorian,KL32,Koh-Lanta : Les 4 Terres,Dorian,15,17,1,0,,1,Homme,1.0,Profil physique,26-33,26–33 ans
KL32::dorian,KL32,Koh-Lanta : Les 4 Terres,Dorian,16,17,1,0,,1,Homme,1.0,Profil physique,26-33,26–33 ans
KL32::dorian,KL32,Koh-Lanta : Les 4 Terres,Dorian,17,17,1,1,FINALE_ORIENTATION,1,Homme,1.0,Profil physique,26-33,26–33 ans
KL32::lola,KL32,Koh-Lanta : Les 4 Terres,Lola,1,18,1,0,,0,Femme,0.0,Profil non physique,18-25,18–25 ans
KL32::lola,KL32,Koh-Lanta : Les 4 Terres,Lola,2,18,1,0,,0,Femme,0.0,Profil non physique,18-25,18–25 ans
KL32::lola,KL32,Koh-Lanta : Les 4 Terres,Lola,3,18,1,0,,0,Femme,0.0,Profil non physique,18-25,18–25 ans
KL32::lola,KL32,Koh-Lanta : Les 4 Terres,Lola,4,18,1,0,,0,Femme,0.0,Profil non physique,18-25,18–25 ans
KL32::lola,KL32,Koh-Lanta : Les 4 Terres,Lola,5,18,1,0,,0,Femme,0.0,Profil non physique,18-25,18–25 ans
KL32::lola,KL32,Koh-Lanta : Les 4 Terres,Lola,6,18,1,0,,0,Femme,0.0,Profil non physique,18-25,18–25 ans
KL32::lola,KL32,Koh-Lanta : Les 4 Terres,Lola,7,18,1,0,,0,Femme,0.0,Profil non physique,18-25,18–25 ans
KL32::lola,KL32,Koh-Lanta : Les 4 Terres,Lola,8,18,1,0,,0,Femme,0.0,Profil non physique,18-25,18–25 ans
KL32::lola,KL32,Koh-Lanta : Les 4 Terres,Lola,9,18,1,0,,0,Femme,0.0,Profil non physique,18-25,18–25 ans
KL32::lola,KL32,Koh-Lanta : Les 4 Terres,Lola,10,18,1,0,,0,Femme,0.0,Profil non physique,18-25,18–25 ans
KL32::lola,KL32,Koh-Lanta : Les 4 Terres,Lola,11,18,1,0,,0,Femme,0.0,Profil non physique,18-25,18–25 ans
KL32::lola,KL32,Koh-Lanta : Les 4 Terres,Lola,12,18,1,0,,0,Femme,0.0,Profil non physique,18-25,18–25 ans
KL32::lola,KL32,Koh-Lanta : Les 4 Terres,Lola,13,18,1,0,,0,Femme,0.0,Profil non physique,18-25,18–25 ans
KL32::lola,KL32,Koh-Lanta : Les 4 Terres,Lola,14,18,1,0,,0,Femme,0.0,Profil non physique,18-25,18–25 ans
KL32::lola,KL32,Koh-Lanta : Les 4 Terres,Lola,15,18,1,0,,0,Femme,0.0,Profil non physique,18-25,18–25 ans
KL32::lola,KL32,Koh-Lanta : Les 4 Terres,Lola,16,18,1,0,,0,Femme,0.0,Profil non physique,18-25,18–25 ans
KL32::lola,KL32,Koh-Lanta : Les 4 Terres,Lola,17,18,1,0,,0,Femme,0.0,Profil non physique,18-25,18–25 ans
KL32::lola,KL32,Koh-Lanta : Les 4 Terres,Lola,18,18,1,1,FINALE_ORIENTATION,0,Femme,0.0,Profil non physique,18-25,18–25 ans
KL32::loïc,KL32,Koh-Lanta : Les 4 Terres,Loïc,1,18,1,0,,1,Homme,1.0,Profil physique,18-25,18–25 ans
KL32::loïc,KL32,Koh-Lanta : Les 4 Terres,Loïc,2,18,1,0,,1,Homme,1.0,Profil physique,18-25,18–25 ans
KL32::loïc,KL32,Koh-Lanta : Les 4 Terres,Loïc,3,18,1,0,,1,Homme,1.0,Profil physique,18-25,18–25 ans
KL32::loïc,KL32,Koh-Lanta : Les 4 Terres,Loïc,4,18,1,0,,1,Homme,1.0,Profil physique,18-25,18–25 ans
KL32::loïc,KL32,Koh-Lanta : Les 4 Terres,Loïc,5,18,1,0,,1,Homme,1.0,Profil physique,18-25,18–25 ans
KL32::loïc,KL32,Koh-Lanta : Les 4 Terres,Loïc,6,18,1,0,,1,Homme,1.0,Profil physique,18-25,18–25 ans
KL32::loïc,KL32,Koh-Lanta : Les 4 Terres,Loïc,7,18,1,0,,1,Homme,1.0,Profil physique,18-25,18–25 ans
KL32::loïc,KL32,Koh-Lanta : Les 4 Terres,Loïc,8,18,1,0,,1,Homme,1.0,Profil physique,18-25,18–25 ans
KL32::loïc,KL32,Koh-Lanta : Les 4 Terres,Loïc,9,18,1,0,,1,Homme,1.0,Profil physique,18-25,18–25 ans
KL32::loïc,KL32,Koh-Lanta : Les 4 Terres,Loïc,10,18,1,0,,1,Homme,1.0,Profil physique,18-25,18–25 ans
KL32::loïc,KL32,Koh-Lanta : Les 4 Terres,Loïc,11,18,1,0,,1,Homme,1.0,Profil physique,18-25,18–25 ans
KL32::loïc,KL32,Koh-Lanta : Les 4 Terres,Loïc,12,18,1,0,,1,Homme,1.0,Profil physique,18-25,18–25 ans
KL32::loïc,KL32,Koh-Lanta : Les 4 Terres,Loïc,13,18,1,0,,1,Homme,1.0,Profil physique,18-25,18–25 ans
KL32::loïc,KL32,Koh-Lanta : Les 4 Terres,Loïc,14,18,1,0,,1,Homme,1.0,Profil physique,18-25,18–25 ans
KL32::loïc,KL32,Koh-Lanta : Les 4 Terres,Loïc,15,18,1,0,,1,Homme,1.0,Profil physique,18-25,18–25 ans
KL32::loïc,KL32,Koh-Lanta : Les 4 Terres,Loïc,16,18,1,0,,1,Homme,1.0,Profil physique,18-25,18–25 ans
KL32::loïc,KL32,Koh-Lanta : Les 4 Terres,Loïc,17,18,1,0,,1,Homme,1.0,Profil physique,18-25,18–25 ans
KL32::loïc,KL32,Koh-Lanta : Les 4 Terres,Loïc,18,18,1,1,FINALE_POTEAUX,1,Homme,1.0,Profil physique,18-25,18–25 ans
KL32::brice,KL32,Koh-Lanta : Les 4 Terres,Brice,1,19,1,0,,1,Homme,0.0,Profil non physique,18-25,18–25 ans
KL32::brice,KL32,Koh-Lanta : Les 4 Terres,Brice,2,19,1,0,,1,Homme,0.0,Profil non physique,18-25,18–25 ans
KL32::brice,KL32,Koh-Lanta : Les 4 Terres,Brice,3,19,1,0,,1,Homme,0.0,Profil non physique,18-25,18–25 ans
KL32::brice,KL32,Koh-Lanta : Les 4 Terres,Brice,4,19,1,0,,1,Homme,0.0,Profil non physique,18-25,18–25 ans
KL32::brice,KL32,Koh-Lanta : Les 4 Terres,Brice,5,19,1,0,,1,Homme,0.0,Profil non physique,18-25,18–25 ans
KL32::brice,KL32,Koh-Lanta : Les 4 Terres,Brice,6,19,1,0,,1,Homme,0.0,Profil non physique,18-25,18–25 ans
KL32::brice,KL32,Koh-Lanta : Les 4 Terres,Brice,7,19,1,0,,1,Homme,0.0,Profil non physique,18-25,18–25 ans
KL32::brice,KL32,Koh-Lanta : Les 4 Terres,Brice,8,19,1,0,,1,Homme,0.0,Profil non physique,18-25,18–25 ans
KL32::brice,KL32,Koh-Lanta : Les 4 Terres,Brice,9,19,1,0,,1,Homme,0.0,Profil non physique,18-25,18–25 ans
KL32::brice,KL32,Koh-Lanta : Les 4 Terres,Brice,10,19,1,0,,1,Homme,0.0,Profil non physique,18-25,18–25 ans
KL32::brice,KL32,Koh-Lanta : Les 4 Terres,Brice,11,19,1,0,,1,Homme,0.0,Profil non physique,18-25,18–25 ans
KL32::brice,KL32,Koh-Lanta : Les 4 Terres,Brice,12,19,1,0,,1,Homme,0.0,Profil non physique,18-25,18–25 ans
KL32::brice,KL32,Koh-Lanta : Les 4 Terres,Brice,13,19,1,0,,1,Homme,0.0,Profil non physique,18-25,18–25 ans
KL32::brice,KL32,Koh-Lanta : Les 4 Terres,Brice,14,19,1,0,,1,Homme,0.0,Profil non physique,18-25,18–25 ans
KL32::brice,KL32,Koh-Lanta : Les 4 Terres,Brice,15,19,1,0,,1,Homme,0.0,Profil non physique,18-25,18–25 ans
KL32::brice,KL32,Koh-Lanta : Les 4 Terres,Brice,16,19,1,0,,1,Homme,0.0,Profil non physique,18-25,18–25 ans
KL32::brice,KL32,Koh-Lanta : Les 4 Terres,Brice,17,19,1,0,,1,Homme,0.0,Profil non physique,18-25,18–25 ans
KL32::brice,KL32,Koh-Lanta : Les 4 Terres,Brice,18,19,1,0,,1,Homme,0.0,Profil non physique,18-25,18–25 ans
KL32::brice,KL32,Koh-Lanta : Les 4 Terres,Brice,19,19,1,1,JURY_FINAL_DECISION,1,Homme,0.0,Profil non physique,18-25,18–25 ans
KL32::alexandra,KL32,Koh-Lanta : Les 4 Terres,Alexandra,1,20,1,0,,0,Femme,0.0,Profil non physique,26-33,26–33 ans
KL32::alexandra,KL32,Koh-Lanta : Les 4 Terres,Alexandra,2,20,1,0,,0,Femme,0.0,Profil non physique,26-33,26–33 ans
KL32::alexandra,KL32,Koh-Lanta : Les 4 Terres,Alexandra,3,20,1,0,,0,Femme,0.0,Profil non physique,26-33,26–33 ans
KL32::alexandra,KL32,Koh-Lanta : Les 4 Terres,Alexandra,4,20,1,0,,0,Femme,0.0,Profil non physique,26-33,26–33 ans
KL32::alexandra,KL32,Koh-Lanta : Les 4 Terres,Alexandra,5,20,1,0,,0,Femme,0.0,Profil non physique,26-33,26–33 ans
KL32::alexandra,KL32,Koh-Lanta : Les 4 Terres,Alexandra,6,20,1,0,,0,Femme,0.0,Profil non physique,26-33,26–33 ans
KL32::alexandra,KL32,Koh-Lanta : Les 4 Terres,Alexandra,7,20,1,0,,0,Femme,0.0,Profil non physique,26-33,26–33 ans
KL32::alexandra,KL32,Koh-Lanta : Les 4 Terres,Alexandra,8,20,1,0,,0,Femme,0.0,Profil non physique,26-33,26–33 ans
KL32::alexandra,KL32,Koh-Lanta : Les 4 Terres,Alexandra,9,20,1,0,,0,Femme,0.0,Profil non physique,26-33,26–33 ans
KL32::alexandra,KL32,Koh-Lanta : Les 4 Terres,Alexandra,10,20,1,0,,0,Femme,0.0,Profil non physique,26-33,26–33 ans
KL32::alexandra,KL32,Koh-Lanta : Les 4 Terres,Alexandra,11,20,1,0,,0,Femme,0.0,Profil non physique,26-33,26–33 ans
KL32::alexandra,KL32,Koh-Lanta : Les 4 Terres,Alexandra,12,20,1,0,,0,Femme,0.0,Profil non physique,26-33,26–33 ans
KL32::alexandra,KL32,Koh-Lanta : Les 4 Terres,Alexandra,13,20,1,0,,0,Femme,0.0,Profil non physique,26-33,26–33 ans
KL32::alexandra,KL32,Koh-Lanta : Les 4 Terres,Alexandra,14,20,1,0,,0,Femme,0.0,Profil non physique,26-33,26–33 ans
KL32::alexandra,KL32,Koh-Lanta : Les 4 Terres,Alexandra,15,20,1,0,,0,Femme,0.0,Profil non physique,26-33,26–33 ans
KL32::alexandra,KL32,Koh-Lanta : Les 4 Terres,Alexandra,16,20,1,0,,0,Femme,0.0,Profil non physique,26-33,26–33 ans
KL32::alexandra,KL32,Koh-Lanta : Les 4 Terres,Alexandra,17,20,1,0,,0,Femme,0.0,Profil non physique,26-33,26–33 ans
KL32::alexandra,KL32,Koh-Lanta : Les 4 Terres,Alexandra,18,20,1,0,,0,Femme,0.0,Profil non physique,26-33,26–33 ans
KL32::alexandra,KL32,Koh-Lanta : Les 4 Terres,Alexandra,19,20,1,0,,0,Femme,0.0,Profil non physique,26-33,26–33 ans
KL32::alexandra,KL32,Koh-Lanta : Les 4 Terres,Alexandra,20,20,1,0,,0,Femme,0.0,Profil non physique,26-33,26–33 ans
KL33::sylviane,KL33,Koh-Lanta : Les Armes secrètes,Sylviane,1,1,1,1,VOTE_CONSEIL,0,Femme,1.0,Profil physique,42+,42 ans et plus
KL33::marie,KL33,Koh-Lanta : Les Armes secrètes,Marie,1,2,1,0,,0,Femme,0.0,Profil non physique,18-25,18–25 ans
KL33::marie,KL33,Koh-Lanta : Les Armes secrètes,Marie,2,2,1,1,VOTE_CONSEIL,0,Femme,0.0,Profil non physique,18-25,18–25 ans
KL33::élodie,KL33,Koh-Lanta : Les Armes secrètes,Élodie,1,3,1,0,,0,Femme,0.0,Profil non physique,34-41,34–41 ans
KL33::élodie,KL33,Koh-Lanta : Les Armes secrètes,Élodie,2,3,1,0,,0,Femme,0.0,Profil non physique,34-41,34–41 ans
KL33::élodie,KL33,Koh-Lanta : Les Armes secrètes,Élodie,3,3,1,1,VOTE_CONSEIL,0,Femme,0.0,Profil non physique,34-41,34–41 ans
KL33::candice,KL33,Koh-Lanta : Les Armes secrètes,Candice,1,4,1,0,,0,Femme,0.0,Profil non physique,18-25,18–25 ans
KL33::candice,KL33,Koh-Lanta : Les Armes secrètes,Candice,2,4,1,0,,0,Femme,0.0,Profil non physique,18-25,18–25 ans
KL33::candice,KL33,Koh-Lanta : Les Armes secrètes,Candice,3,4,1,0,,0,Femme,0.0,Profil non physique,18-25,18–25 ans
KL33::candice,KL33,Koh-Lanta : Les Armes secrètes,Candice,4,4,1,1,VOTE_CONSEIL,0,Femme,0.0,Profil non physique,18-25,18–25 ans
KL33::gabin,KL33,Koh-Lanta : Les Armes secrètes,Gabin,1,5,1,0,,1,Homme,0.0,Profil non physique,26-33,26–33 ans
KL33::gabin,KL33,Koh-Lanta : Les Armes secrètes,Gabin,2,5,1,0,,1,Homme,0.0,Profil non physique,26-33,26–33 ans
KL33::gabin,KL33,Koh-Lanta : Les Armes secrètes,Gabin,3,5,1,0,,1,Homme,0.0,Profil non physique,26-33,26–33 ans
KL33::gabin,KL33,Koh-Lanta : Les Armes secrètes,Gabin,4,5,1,0,,1,Homme,0.0,Profil non physique,26-33,26–33 ans
KL33::gabin,KL33,Koh-Lanta : Les Armes secrètes,Gabin,5,5,1,1,MEDICAL,1,Homme,0.0,Profil non physique,26-33,26–33 ans
KL33::aurélien,KL33,Koh-Lanta : Les Armes secrètes,Aurélien,1,6,1,0,,1,Homme,0.0,Profil non physique,34-41,34–41 ans
KL33::aurélien,KL33,Koh-Lanta : Les Armes secrètes,Aurélien,2,6,1,0,,1,Homme,0.0,Profil non physique,34-41,34–41 ans
KL33::aurélien,KL33,Koh-Lanta : Les Armes secrètes,Aurélien,3,6,1,0,,1,Homme,0.0,Profil non physique,34-41,34–41 ans
KL33::aurélien,KL33,Koh-Lanta : Les Armes secrètes,Aurélien,4,6,1,0,,1,Homme,0.0,Profil non physique,34-41,34–41 ans
KL33::aurélien,KL33,Koh-Lanta : Les Armes secrètes,Aurélien,5,6,1,0,,1,Homme,0.0,Profil non physique,34-41,34–41 ans
KL33::aurélien,KL33,Koh-Lanta : Les Armes secrètes,Aurélien,6,6,1,1,VOTE_CONSEIL,1,Homme,0.0,Profil non physique,34-41,34–41 ans
KL33::frédéric,KL33,Koh-Lanta : Les Armes secrètes,Frédéric,1,7,1,0,,1,Homme,0.0,Profil non physique,42+,42 ans et plus
KL33::frédéric,KL33,Koh-Lanta : Les Armes secrètes,Frédéric,2,7,1,0,,1,Homme,0.0,Profil non physique,42+,42 ans et plus
KL33::frédéric,KL33,Koh-Lanta : Les Armes secrètes,Frédéric,3,7,1,0,,1,Homme,0.0,Profil non physique,42+,42 ans et plus
KL33::frédéric,KL33,Koh-Lanta : Les Armes secrètes,Frédéric,4,7,1,0,,1,Homme,0.0,Profil non physique,42+,42 ans et plus
KL33::frédéric,KL33,Koh-Lanta : Les Armes secrètes,Frédéric,5,7,1,0,,1,Homme,0.0,Profil non physique,42+,42 ans et plus
KL33::frédéric,KL33,Koh-Lanta : Les Armes secrètes,Frédéric,6,7,1,0,,1,Homme,0.0,Profil non physique,42+,42 ans et plus
KL33::frédéric,KL33,Koh-Lanta : Les Armes secrètes,Frédéric,7,7,1,1,AMBASSADEURS,1,Homme,0.0,Profil non physique,42+,42 ans et plus
KL33::hervé,KL33,Koh-Lanta : Les Armes secrètes,Hervé,1,8,1,0,,1,Homme,0.0,Profil non physique,42+,42 ans et plus
KL33::hervé,KL33,Koh-Lanta : Les Armes secrètes,Hervé,2,8,1,0,,1,Homme,0.0,Profil non physique,42+,42 ans et plus
KL33::hervé,KL33,Koh-Lanta : Les Armes secrètes,Hervé,3,8,1,0,,1,Homme,0.0,Profil non physique,42+,42 ans et plus
KL33::hervé,KL33,Koh-Lanta : Les Armes secrètes,Hervé,4,8,1,0,,1,Homme,0.0,Profil non physique,42+,42 ans et plus
KL33::hervé,KL33,Koh-Lanta : Les Armes secrètes,Hervé,5,8,1,0,,1,Homme,0.0,Profil non physique,42+,42 ans et plus
KL33::hervé,KL33,Koh-Lanta : Les Armes secrètes,Hervé,6,8,1,0,,1,Homme,0.0,Profil non physique,42+,42 ans et plus
KL33::hervé,KL33,Koh-Lanta : Les Armes secrètes,Hervé,7,8,1,0,,1,Homme,0.0,Profil non physique,42+,42 ans et plus
KL33::hervé,KL33,Koh-Lanta : Les Armes secrètes,Hervé,8,8,1,1,VOTE_CONSEIL,1,Homme,0.0,Profil non physique,42+,42 ans et plus
KL33::mathieu,KL33,Koh-Lanta : Les Armes secrètes,Mathieu,1,9,1,0,,1,Homme,0.0,Profil non physique,26-33,26–33 ans
KL33::mathieu,KL33,Koh-Lanta : Les Armes secrètes,Mathieu,2,9,1,0,,1,Homme,0.0,Profil non physique,26-33,26–33 ans
KL33::mathieu,KL33,Koh-Lanta : Les Armes secrètes,Mathieu,3,9,1,0,,1,Homme,0.0,Profil non physique,26-33,26–33 ans
KL33::mathieu,KL33,Koh-Lanta : Les Armes secrètes,Mathieu,4,9,1,0,,1,Homme,0.0,Profil non physique,26-33,26–33 ans
KL33::mathieu,KL33,Koh-Lanta : Les Armes secrètes,Mathieu,5,9,1,0,,1,Homme,0.0,Profil non physique,26-33,26–33 ans
KL33::mathieu,KL33,Koh-Lanta : Les Armes secrètes,Mathieu,6,9,1,0,,1,Homme,0.0,Profil non physique,26-33,26–33 ans
KL33::mathieu,KL33,Koh-Lanta : Les Armes secrètes,Mathieu,7,9,1,0,,1,Homme,0.0,Profil non physique,26-33,26–33 ans
KL33::mathieu,KL33,Koh-Lanta : Les Armes secrètes,Mathieu,8,9,1,0,,1,Homme,0.0,Profil non physique,26-33,26–33 ans
KL33::mathieu,KL33,Koh-Lanta : Les Armes secrètes,Mathieu,9,9,1,1,ELIMINATION_CHALLENGE,1,Homme,0.0,Profil non physique,26-33,26–33 ans
KL33::shanice,KL33,Koh-Lanta : Les Armes secrètes,Shanice,1,10,1,0,,0,Femme,0.0,Profil non physique,26-33,26–33 ans
KL33::shanice,KL33,Koh-Lanta : Les Armes secrètes,Shanice,2,10,1,0,,0,Femme,0.0,Profil non physique,26-33,26–33 ans
KL33::shanice,KL33,Koh-Lanta : Les Armes secrètes,Shanice,3,10,1,0,,0,Femme,0.0,Profil non physique,26-33,26–33 ans
KL33::shanice,KL33,Koh-Lanta : Les Armes secrètes,Shanice,4,10,1,0,,0,Femme,0.0,Profil non physique,26-33,26–33 ans
KL33::shanice,KL33,Koh-Lanta : Les Armes secrètes,Shanice,5,10,1,0,,0,Femme,0.0,Profil non physique,26-33,26–33 ans
KL33::shanice,KL33,Koh-Lanta : Les Armes secrètes,Shanice,6,10,1,0,,0,Femme,0.0,Profil non physique,26-33,26–33 ans
KL33::shanice,KL33,Koh-Lanta : Les Armes secrètes,Shanice,7,10,1,0,,0,Femme,0.0,Profil non physique,26-33,26–33 ans
KL33::shanice,KL33,Koh-Lanta : Les Armes secrètes,Shanice,8,10,1,0,,0,Femme,0.0,Profil non physique,26-33,26–33 ans
KL33::shanice,KL33,Koh-Lanta : Les Armes secrètes,Shanice,9,10,1,0,,0,Femme,0.0,Profil non physique,26-33,26–33 ans
KL33::shanice,KL33,Koh-Lanta : Les Armes secrètes,Shanice,10,10,1,1,VOTE_CONSEIL,0,Femme,0.0,Profil non physique,26-33,26–33 ans
KL33::myriam,KL33,Koh-Lanta : Les Armes secrètes,Myriam,1,11,1,0,,0,Femme,0.0,Profil non physique,34-41,34–41 ans
KL33::myriam,KL33,Koh-Lanta : Les Armes secrètes,Myriam,2,11,1,0,,0,Femme,0.0,Profil non physique,34-41,34–41 ans
KL33::myriam,KL33,Koh-Lanta : Les Armes secrètes,Myriam,3,11,1,0,,0,Femme,0.0,Profil non physique,34-41,34–41 ans
KL33::myriam,KL33,Koh-Lanta : Les Armes secrètes,Myriam,4,11,1,0,,0,Femme,0.0,Profil non physique,34-41,34–41 ans
KL33::myriam,KL33,Koh-Lanta : Les Armes secrètes,Myriam,5,11,1,0,,0,Femme,0.0,Profil non physique,34-41,34–41 ans
KL33::myriam,KL33,Koh-Lanta : Les Armes secrètes,Myriam,6,11,1,0,,0,Femme,0.0,Profil non physique,34-41,34–41 ans
KL33::myriam,KL33,Koh-Lanta : Les Armes secrètes,Myriam,7,11,1,0,,0,Femme,0.0,Profil non physique,34-41,34–41 ans
KL33::myriam,KL33,Koh-Lanta : Les Armes secrètes,Myriam,8,11,1,0,,0,Femme,0.0,Profil non physique,34-41,34–41 ans
KL33::myriam,KL33,Koh-Lanta : Les Armes secrètes,Myriam,9,11,1,0,,0,Femme,0.0,Profil non physique,34-41,34–41 ans
KL33::myriam,KL33,Koh-Lanta : Les Armes secrètes,Myriam,10,11,1,0,,0,Femme,0.0,Profil non physique,34-41,34–41 ans
KL33::myriam,KL33,Koh-Lanta : Les Armes secrètes,Myriam,11,11,1,1,VOTE_CONSEIL,0,Femme,0.0,Profil non physique,34-41,34–41 ans
KL33::vincent,KL33,Koh-Lanta : Les Armes secrètes,Vincent,1,11,1,0,,1,Homme,0.0,Profil non physique,26-33,26–33 ans
KL33::vincent,KL33,Koh-Lanta : Les Armes secrètes,Vincent,2,11,1,0,,1,Homme,0.0,Profil non physique,26-33,26–33 ans
KL33::vincent,KL33,Koh-Lanta : Les Armes secrètes,Vincent,3,11,1,0,,1,Homme,0.0,Profil non physique,26-33,26–33 ans
KL33::vincent,KL33,Koh-Lanta : Les Armes secrètes,Vincent,4,11,1,0,,1,Homme,0.0,Profil non physique,26-33,26–33 ans
KL33::vincent,KL33,Koh-Lanta : Les Armes secrètes,Vincent,5,11,1,0,,1,Homme,0.0,Profil non physique,26-33,26–33 ans
KL33::vincent,KL33,Koh-Lanta : Les Armes secrètes,Vincent,6,11,1,0,,1,Homme,0.0,Profil non physique,26-33,26–33 ans
KL33::vincent,KL33,Koh-Lanta : Les Armes secrètes,Vincent,7,11,1,0,,1,Homme,0.0,Profil non physique,26-33,26–33 ans
KL33::vincent,KL33,Koh-Lanta : Les Armes secrètes,Vincent,8,11,1,0,,1,Homme,0.0,Profil non physique,26-33,26–33 ans
KL33::vincent,KL33,Koh-Lanta : Les Armes secrètes,Vincent,9,11,1,0,,1,Homme,0.0,Profil non physique,26-33,26–33 ans
KL33::vincent,KL33,Koh-Lanta : Les Armes secrètes,Vincent,10,11,1,0,,1,Homme,0.0,Profil non physique,26-33,26–33 ans
KL33::vincent,KL33,Koh-Lanta : Les Armes secrètes,Vincent,11,11,1,1,VOTE_CONSEIL,1,Homme,0.0,Profil non physique,26-33,26–33 ans
KL33::laëtitia,KL33,Koh-Lanta : Les Armes secrètes,Laëtitia,1,12,1,0,,0,Femme,0.0,Profil non physique,34-41,34–41 ans
KL33::laëtitia,KL33,Koh-Lanta : Les Armes secrètes,Laëtitia,2,12,1,0,,0,Femme,0.0,Profil non physique,34-41,34–41 ans
KL33::laëtitia,KL33,Koh-Lanta : Les Armes secrètes,Laëtitia,3,12,1,0,,0,Femme,0.0,Profil non physique,34-41,34–41 ans
KL33::laëtitia,KL33,Koh-Lanta : Les Armes secrètes,Laëtitia,4,12,1,0,,0,Femme,0.0,Profil non physique,34-41,34–41 ans
KL33::laëtitia,KL33,Koh-Lanta : Les Armes secrètes,Laëtitia,5,12,1,0,,0,Femme,0.0,Profil non physique,34-41,34–41 ans
KL33::laëtitia,KL33,Koh-Lanta : Les Armes secrètes,Laëtitia,6,12,1,0,,0,Femme,0.0,Profil non physique,34-41,34–41 ans
KL33::laëtitia,KL33,Koh-Lanta : Les Armes secrètes,Laëtitia,7,12,1,0,,0,Femme,0.0,Profil non physique,34-41,34–41 ans
KL33::laëtitia,KL33,Koh-Lanta : Les Armes secrètes,Laëtitia,8,12,1,0,,0,Femme,0.0,Profil non physique,34-41,34–41 ans
KL33::laëtitia,KL33,Koh-Lanta : Les Armes secrètes,Laëtitia,9,12,1,0,,0,Femme,0.0,Profil non physique,34-41,34–41 ans
KL33::laëtitia,KL33,Koh-Lanta : Les Armes secrètes,Laëtitia,10,12,1,0,,0,Femme,0.0,Profil non physique,34-41,34–41 ans
KL33::laëtitia,KL33,Koh-Lanta : Les Armes secrètes,Laëtitia,11,12,1,0,,0,Femme,0.0,Profil non physique,34-41,34–41 ans
KL33::laëtitia,KL33,Koh-Lanta : Les Armes secrètes,Laëtitia,12,12,1,1,VOTE_CONSEIL,0,Femme,0.0,Profil non physique,34-41,34–41 ans
KL33::thomas,KL33,Koh-Lanta : Les Armes secrètes,Thomas,1,13,1,0,,1,Homme,0.0,Profil non physique,34-41,34–41 ans
KL33::thomas,KL33,Koh-Lanta : Les Armes secrètes,Thomas,2,13,1,0,,1,Homme,0.0,Profil non physique,34-41,34–41 ans
KL33::thomas,KL33,Koh-Lanta : Les Armes secrètes,Thomas,3,13,1,0,,1,Homme,0.0,Profil non physique,34-41,34–41 ans
KL33::thomas,KL33,Koh-Lanta : Les Armes secrètes,Thomas,4,13,1,0,,1,Homme,0.0,Profil non physique,34-41,34–41 ans
KL33::thomas,KL33,Koh-Lanta : Les Armes secrètes,Thomas,5,13,1,0,,1,Homme,0.0,Profil non physique,34-41,34–41 ans
KL33::thomas,KL33,Koh-Lanta : Les Armes secrètes,Thomas,6,13,1,0,,1,Homme,0.0,Profil non physique,34-41,34–41 ans
KL33::thomas,KL33,Koh-Lanta : Les Armes secrètes,Thomas,7,13,1,0,,1,Homme,0.0,Profil non physique,34-41,34–41 ans
KL33::thomas,KL33,Koh-Lanta : Les Armes secrètes,Thomas,8,13,1,0,,1,Homme,0.0,Profil non physique,34-41,34–41 ans
KL33::thomas,KL33,Koh-Lanta : Les Armes secrètes,Thomas,9,13,1,0,,1,Homme,0.0,Profil non physique,34-41,34–41 ans
KL33::thomas,KL33,Koh-Lanta : Les Armes secrètes,Thomas,10,13,1,0,,1,Homme,0.0,Profil non physique,34-41,34–41 ans
KL33::thomas,KL33,Koh-Lanta : Les Armes secrètes,Thomas,11,13,1,0,,1,Homme,0.0,Profil non physique,34-41,34–41 ans
KL33::thomas,KL33,Koh-Lanta : Les Armes secrètes,Thomas,12,13,1,0,,1,Homme,0.0,Profil non physique,34-41,34–41 ans
KL33::thomas,KL33,Koh-Lanta : Les Armes secrètes,Thomas,13,13,1,1,VOTE_CONSEIL,1,Homme,0.0,Profil non physique,34-41,34–41 ans
KL33::flavio,KL33,Koh-Lanta : Les Armes secrètes,Flavio,1,14,1,0,,1,Homme,0.0,Profil non physique,26-33,26–33 ans
KL33::flavio,KL33,Koh-Lanta : Les Armes secrètes,Flavio,2,14,1,0,,1,Homme,0.0,Profil non physique,26-33,26–33 ans
KL33::flavio,KL33,Koh-Lanta : Les Armes secrètes,Flavio,3,14,1,0,,1,Homme,0.0,Profil non physique,26-33,26–33 ans
KL33::flavio,KL33,Koh-Lanta : Les Armes secrètes,Flavio,4,14,1,0,,1,Homme,0.0,Profil non physique,26-33,26–33 ans
KL33::flavio,KL33,Koh-Lanta : Les Armes secrètes,Flavio,5,14,1,0,,1,Homme,0.0,Profil non physique,26-33,26–33 ans
KL33::flavio,KL33,Koh-Lanta : Les Armes secrètes,Flavio,6,14,1,0,,1,Homme,0.0,Profil non physique,26-33,26–33 ans
KL33::flavio,KL33,Koh-Lanta : Les Armes secrètes,Flavio,7,14,1,0,,1,Homme,0.0,Profil non physique,26-33,26–33 ans
KL33::flavio,KL33,Koh-Lanta : Les Armes secrètes,Flavio,8,14,1,0,,1,Homme,0.0,Profil non physique,26-33,26–33 ans
KL33::flavio,KL33,Koh-Lanta : Les Armes secrètes,Flavio,9,14,1,0,,1,Homme,0.0,Profil non physique,26-33,26–33 ans
KL33::flavio,KL33,Koh-Lanta : Les Armes secrètes,Flavio,10,14,1,0,,1,Homme,0.0,Profil non physique,26-33,26–33 ans
KL33::flavio,KL33,Koh-Lanta : Les Armes secrètes,Flavio,11,14,1,0,,1,Homme,0.0,Profil non physique,26-33,26–33 ans
KL33::flavio,KL33,Koh-Lanta : Les Armes secrètes,Flavio,12,14,1,0,,1,Homme,0.0,Profil non physique,26-33,26–33 ans
KL33::flavio,KL33,Koh-Lanta : Les Armes secrètes,Flavio,13,14,1,0,,1,Homme,0.0,Profil non physique,26-33,26–33 ans
KL33::flavio,KL33,Koh-Lanta : Les Armes secrètes,Flavio,14,14,1,1,ELIMINATION_CHALLENGE,1,Homme,0.0,Profil non physique,26-33,26–33 ans
KL33::magali,KL33,Koh-Lanta : Les Armes secrètes,Magali,1,15,1,0,,0,Femme,0.0,Profil non physique,42+,42 ans et plus
KL33::magali,KL33,Koh-Lanta : Les Armes secrètes,Magali,2,15,1,0,,0,Femme,0.0,Profil non physique,42+,42 ans et plus
KL33::magali,KL33,Koh-Lanta : Les Armes secrètes,Magali,3,15,1,0,,0,Femme,0.0,Profil non physique,42+,42 ans et plus
KL33::magali,KL33,Koh-Lanta : Les Armes secrètes,Magali,4,15,1,0,,0,Femme,0.0,Profil non physique,42+,42 ans et plus
KL33::magali,KL33,Koh-Lanta : Les Armes secrètes,Magali,5,15,1,0,,0,Femme,0.0,Profil non physique,42+,42 ans et plus
KL33::magali,KL33,Koh-Lanta : Les Armes secrètes,Magali,6,15,1,0,,0,Femme,0.0,Profil non physique,42+,42 ans et plus
KL33::magali,KL33,Koh-Lanta : Les Armes secrètes,Magali,7,15,1,0,,0,Femme,0.0,Profil non physique,42+,42 ans et plus
KL33::magali,KL33,Koh-Lanta : Les Armes secrètes,Magali,8,15,1,0,,0,Femme,0.0,Profil non physique,42+,42 ans et plus
KL33::magali,KL33,Koh-Lanta : Les Armes secrètes,Magali,9,15,1,0,,0,Femme,0.0,Profil non physique,42+,42 ans et plus
KL33::magali,KL33,Koh-Lanta : Les Armes secrètes,Magali,10,15,1,0,,0,Femme,0.0,Profil non physique,42+,42 ans et plus
KL33::magali,KL33,Koh-Lanta : Les Armes secrètes,Magali,11,15,1,0,,0,Femme,0.0,Profil non physique,42+,42 ans et plus
KL33::magali,KL33,Koh-Lanta : Les Armes secrètes,Magali,12,15,1,0,,0,Femme,0.0,Profil non physique,42+,42 ans et plus
KL33::magali,KL33,Koh-Lanta : Les Armes secrètes,Magali,13,15,1,0,,0,Femme,0.0,Profil non physique,42+,42 ans et plus
KL33::magali,KL33,Koh-Lanta : Les Armes secrètes,Magali,14,15,1,0,,0,Femme,0.0,Profil non physique,42+,42 ans et plus
KL33::magali,KL33,Koh-Lanta : Les Armes secrètes,Magali,15,15,1,1,VOTE_CONSEIL,0,Femme,0.0,Profil non physique,42+,42 ans et plus
KL33::arnaud,KL33,Koh-Lanta : Les Armes secrètes,Arnaud,1,16,1,0,,1,Homme,0.0,Profil non physique,34-41,34–41 ans
KL33::arnaud,KL33,Koh-Lanta : Les Armes secrètes,Arnaud,2,16,1,0,,1,Homme,0.0,Profil non physique,34-41,34–41 ans
KL33::arnaud,KL33,Koh-Lanta : Les Armes secrètes,Arnaud,3,16,1,0,,1,Homme,0.0,Profil non physique,34-41,34–41 ans
KL33::arnaud,KL33,Koh-Lanta : Les Armes secrètes,Arnaud,4,16,1,0,,1,Homme,0.0,Profil non physique,34-41,34–41 ans
KL33::arnaud,KL33,Koh-Lanta : Les Armes secrètes,Arnaud,5,16,1,0,,1,Homme,0.0,Profil non physique,34-41,34–41 ans
KL33::arnaud,KL33,Koh-Lanta : Les Armes secrètes,Arnaud,6,16,1,0,,1,Homme,0.0,Profil non physique,34-41,34–41 ans
KL33::arnaud,KL33,Koh-Lanta : Les Armes secrètes,Arnaud,7,16,1,0,,1,Homme,0.0,Profil non physique,34-41,34–41 ans
KL33::arnaud,KL33,Koh-Lanta : Les Armes secrètes,Arnaud,8,16,1,0,,1,Homme,0.0,Profil non physique,34-41,34–41 ans
KL33::arnaud,KL33,Koh-Lanta : Les Armes secrètes,Arnaud,9,16,1,0,,1,Homme,0.0,Profil non physique,34-41,34–41 ans
KL33::arnaud,KL33,Koh-Lanta : Les Armes secrètes,Arnaud,10,16,1,0,,1,Homme,0.0,Profil non physique,34-41,34–41 ans
KL33::arnaud,KL33,Koh-Lanta : Les Armes secrètes,Arnaud,11,16,1,0,,1,Homme,0.0,Profil non physique,34-41,34–41 ans
KL33::arnaud,KL33,Koh-Lanta : Les Armes secrètes,Arnaud,12,16,1,0,,1,Homme,0.0,Profil non physique,34-41,34–41 ans
KL33::arnaud,KL33,Koh-Lanta : Les Armes secrètes,Arnaud,13,16,1,0,,1,Homme,0.0,Profil non physique,34-41,34–41 ans
KL33::arnaud,KL33,Koh-Lanta : Les Armes secrètes,Arnaud,14,16,1,0,,1,Homme,0.0,Profil non physique,34-41,34–41 ans
KL33::arnaud,KL33,Koh-Lanta : Les Armes secrètes,Arnaud,15,16,1,0,,1,Homme,0.0,Profil non physique,34-41,34–41 ans
KL33::arnaud,KL33,Koh-Lanta : Les Armes secrètes,Arnaud,16,16,1,1,FINALE_ORIENTATION,1,Homme,0.0,Profil non physique,34-41,34–41 ans
KL33::laure,KL33,Koh-Lanta : Les Armes secrètes,Laure,1,17,1,0,,0,Femme,0.0,Profil non physique,26-33,26–33 ans
KL33::laure,KL33,Koh-Lanta : Les Armes secrètes,Laure,2,17,1,0,,0,Femme,0.0,Profil non physique,26-33,26–33 ans
KL33::laure,KL33,Koh-Lanta : Les Armes secrètes,Laure,3,17,1,0,,0,Femme,0.0,Profil non physique,26-33,26–33 ans
KL33::laure,KL33,Koh-Lanta : Les Armes secrètes,Laure,4,17,1,0,,0,Femme,0.0,Profil non physique,26-33,26–33 ans
KL33::laure,KL33,Koh-Lanta : Les Armes secrètes,Laure,5,17,1,0,,0,Femme,0.0,Profil non physique,26-33,26–33 ans
KL33::laure,KL33,Koh-Lanta : Les Armes secrètes,Laure,6,17,1,0,,0,Femme,0.0,Profil non physique,26-33,26–33 ans
KL33::laure,KL33,Koh-Lanta : Les Armes secrètes,Laure,7,17,1,0,,0,Femme,0.0,Profil non physique,26-33,26–33 ans
KL33::laure,KL33,Koh-Lanta : Les Armes secrètes,Laure,8,17,1,0,,0,Femme,0.0,Profil non physique,26-33,26–33 ans
KL33::laure,KL33,Koh-Lanta : Les Armes secrètes,Laure,9,17,1,0,,0,Femme,0.0,Profil non physique,26-33,26–33 ans
KL33::laure,KL33,Koh-Lanta : Les Armes secrètes,Laure,10,17,1,0,,0,Femme,0.0,Profil non physique,26-33,26–33 ans
KL33::laure,KL33,Koh-Lanta : Les Armes secrètes,Laure,11,17,1,0,,0,Femme,0.0,Profil non physique,26-33,26–33 ans
KL33::laure,KL33,Koh-Lanta : Les Armes secrètes,Laure,12,17,1,0,,0,Femme,0.0,Profil non physique,26-33,26–33 ans
KL33::laure,KL33,Koh-Lanta : Les Armes secrètes,Laure,13,17,1,0,,0,Femme,0.0,Profil non physique,26-33,26–33 ans
KL33::laure,KL33,Koh-Lanta : Les Armes secrètes,Laure,14,17,1,0,,0,Femme,0.0,Profil non physique,26-33,26–33 ans
KL33::laure,KL33,Koh-Lanta : Les Armes secrètes,Laure,15,17,1,0,,0,Femme,0.0,Profil non physique,26-33,26–33 ans
KL33::laure,KL33,Koh-Lanta : Les Armes secrètes,Laure,16,17,1,0,,0,Femme,0.0,Profil non physique,26-33,26–33 ans
KL33::laure,KL33,Koh-Lanta : Les Armes secrètes,Laure,17,17,1,1,FINALE_ORIENTATION,0,Femme,0.0,Profil non physique,26-33,26–33 ans
KL33::jonathan,KL33,Koh-Lanta : Les Armes secrètes,Jonathan,1,18,1,0,,1,Homme,1.0,Profil physique,26-33,26–33 ans
KL33::jonathan,KL33,Koh-Lanta : Les Armes secrètes,Jonathan,2,18,1,0,,1,Homme,1.0,Profil physique,26-33,26–33 ans
KL33::jonathan,KL33,Koh-Lanta : Les Armes secrètes,Jonathan,3,18,1,0,,1,Homme,1.0,Profil physique,26-33,26–33 ans
KL33::jonathan,KL33,Koh-Lanta : Les Armes secrètes,Jonathan,4,18,1,0,,1,Homme,1.0,Profil physique,26-33,26–33 ans
KL33::jonathan,KL33,Koh-Lanta : Les Armes secrètes,Jonathan,5,18,1,0,,1,Homme,1.0,Profil physique,26-33,26–33 ans
KL33::jonathan,KL33,Koh-Lanta : Les Armes secrètes,Jonathan,6,18,1,0,,1,Homme,1.0,Profil physique,26-33,26–33 ans
KL33::jonathan,KL33,Koh-Lanta : Les Armes secrètes,Jonathan,7,18,1,0,,1,Homme,1.0,Profil physique,26-33,26–33 ans
KL33::jonathan,KL33,Koh-Lanta : Les Armes secrètes,Jonathan,8,18,1,0,,1,Homme,1.0,Profil physique,26-33,26–33 ans
KL33::jonathan,KL33,Koh-Lanta : Les Armes secrètes,Jonathan,9,18,1,0,,1,Homme,1.0,Profil physique,26-33,26–33 ans
KL33::jonathan,KL33,Koh-Lanta : Les Armes secrètes,Jonathan,10,18,1,0,,1,Homme,1.0,Profil physique,26-33,26–33 ans
KL33::jonathan,KL33,Koh-Lanta : Les Armes secrètes,Jonathan,11,18,1,0,,1,Homme,1.0,Profil physique,26-33,26–33 ans
KL33::jonathan,KL33,Koh-Lanta : Les Armes secrètes,Jonathan,12,18,1,0,,1,Homme,1.0,Profil physique,26-33,26–33 ans
KL33::jonathan,KL33,Koh-Lanta : Les Armes secrètes,Jonathan,13,18,1,0,,1,Homme,1.0,Profil physique,26-33,26–33 ans
KL33::jonathan,KL33,Koh-Lanta : Les Armes secrètes,Jonathan,14,18,1,0,,1,Homme,1.0,Profil physique,26-33,26–33 ans
KL33::jonathan,KL33,Koh-Lanta : Les Armes secrètes,Jonathan,15,18,1,0,,1,Homme,1.0,Profil physique,26-33,26–33 ans
KL33::jonathan,KL33,Koh-Lanta : Les Armes secrètes,Jonathan,16,18,1,0,,1,Homme,1.0,Profil physique,26-33,26–33 ans
KL33::jonathan,KL33,Koh-Lanta : Les Armes secrètes,Jonathan,17,18,1,0,,1,Homme,1.0,Profil physique,26-33,26–33 ans
KL33::jonathan,KL33,Koh-Lanta : Les Armes secrètes,Jonathan,18,18,1,1,FINALE_POTEAUX,1,Homme,1.0,Profil physique,26-33,26–33 ans
KL33::lucie,KL33,Koh-Lanta : Les Armes secrètes,Lucie,1,19,1,0,,0,Femme,1.0,Profil physique,34-41,34–41 ans
KL33::lucie,KL33,Koh-Lanta : Les Armes secrètes,Lucie,2,19,1,0,,0,Femme,1.0,Profil physique,34-41,34–41 ans
KL33::lucie,KL33,Koh-Lanta : Les Armes secrètes,Lucie,3,19,1,0,,0,Femme,1.0,Profil physique,34-41,34–41 ans
KL33::lucie,KL33,Koh-Lanta : Les Armes secrètes,Lucie,4,19,1,0,,0,Femme,1.0,Profil physique,34-41,34–41 ans
KL33::lucie,KL33,Koh-Lanta : Les Armes secrètes,Lucie,5,19,1,0,,0,Femme,1.0,Profil physique,34-41,34–41 ans
KL33::lucie,KL33,Koh-Lanta : Les Armes secrètes,Lucie,6,19,1,0,,0,Femme,1.0,Profil physique,34-41,34–41 ans
KL33::lucie,KL33,Koh-Lanta : Les Armes secrètes,Lucie,7,19,1,0,,0,Femme,1.0,Profil physique,34-41,34–41 ans
KL33::lucie,KL33,Koh-Lanta : Les Armes secrètes,Lucie,8,19,1,0,,0,Femme,1.0,Profil physique,34-41,34–41 ans
KL33::lucie,KL33,Koh-Lanta : Les Armes secrètes,Lucie,9,19,1,0,,0,Femme,1.0,Profil physique,34-41,34–41 ans
KL33::lucie,KL33,Koh-Lanta : Les Armes secrètes,Lucie,10,19,1,0,,0,Femme,1.0,Profil physique,34-41,34–41 ans
KL33::lucie,KL33,Koh-Lanta : Les Armes secrètes,Lucie,11,19,1,0,,0,Femme,1.0,Profil physique,34-41,34–41 ans
KL33::lucie,KL33,Koh-Lanta : Les Armes secrètes,Lucie,12,19,1,0,,0,Femme,1.0,Profil physique,34-41,34–41 ans
KL33::lucie,KL33,Koh-Lanta : Les Armes secrètes,Lucie,13,19,1,0,,0,Femme,1.0,Profil physique,34-41,34–41 ans
KL33::lucie,KL33,Koh-Lanta : Les Armes secrètes,Lucie,14,19,1,0,,0,Femme,1.0,Profil physique,34-41,34–41 ans
KL33::lucie,KL33,Koh-Lanta : Les Armes secrètes,Lucie,15,19,1,0,,0,Femme,1.0,Profil physique,34-41,34–41 ans
KL33::lucie,KL33,Koh-Lanta : Les Armes secrètes,Lucie,16,19,1,0,,0,Femme,1.0,Profil physique,34-41,34–41 ans
KL33::lucie,KL33,Koh-Lanta : Les Armes secrètes,Lucie,17,19,1,0,,0,Femme,1.0,Profil physique,34-41,34–41 ans
KL33::lucie,KL33,Koh-Lanta : Les Armes secrètes,Lucie,18,19,1,0,,0,Femme,1.0,Profil physique,34-41,34–41 ans
KL33::lucie,KL33,Koh-Lanta : Les Armes secrètes,Lucie,19,19,1,1,JURY_FINAL_DECISION,0,Femme,1.0,Profil physique,34-41,34–41 ans
KL33::maxine,KL33,Koh-Lanta : Les Armes secrètes,Maxine,1,20,1,0,,0,Femme,0.0,Profil non physique,18-25,18–25 ans
KL33::maxine,KL33,Koh-Lanta : Les Armes secrètes,Maxine,2,20,1,0,,0,Femme,0.0,Profil non physique,18-25,18–25 ans
KL33::maxine,KL33,Koh-Lanta : Les Armes secrètes,Maxine,3,20,1,0,,0,Femme,0.0,Profil non physique,18-25,18–25 ans
KL33::maxine,KL33,Koh-Lanta : Les Armes secrètes,Maxine,4,20,1,0,,0,Femme,0.0,Profil non physique,18-25,18–25 ans
KL33::maxine,KL33,Koh-Lanta : Les Armes secrètes,Maxine,5,20,1,0,,0,Femme,0.0,Profil non physique,18-25,18–25 ans
KL33::maxine,KL33,Koh-Lanta : Les Armes secrètes,Maxine,6,20,1,0,,0,Femme,0.0,Profil non physique,18-25,18–25 ans
KL33::maxine,KL33,Koh-Lanta : Les Armes secrètes,Maxine,7,20,1,0,,0,Femme,0.0,Profil non physique,18-25,18–25 ans
KL33::maxine,KL33,Koh-Lanta : Les Armes secrètes,Maxine,8,20,1,0,,0,Femme,0.0,Profil non physique,18-25,18–25 ans
KL33::maxine,KL33,Koh-Lanta : Les Armes secrètes,Maxine,9,20,1,0,,0,Femme,0.0,Profil non physique,18-25,18–25 ans
KL33::maxine,KL33,Koh-Lanta : Les Armes secrètes,Maxine,10,20,1,0,,0,Femme,0.0,Profil non physique,18-25,18–25 ans
KL33::maxine,KL33,Koh-Lanta : Les Armes secrètes,Maxine,11,20,1,0,,0,Femme,0.0,Profil non physique,18-25,18–25 ans
KL33::maxine,KL33,Koh-Lanta : Les Armes secrètes,Maxine,12,20,1,0,,0,Femme,0.0,Profil non physique,18-25,18–25 ans
KL33::maxine,KL33,Koh-Lanta : Les Armes secrètes,Maxine,13,20,1,0,,0,Femme,0.0,Profil non physique,18-25,18–25 ans
KL33::maxine,KL33,Koh-Lanta : Les Armes secrètes,Maxine,14,20,1,0,,0,Femme,0.0,Profil non physique,18-25,18–25 ans
KL33::maxine,KL33,Koh-Lanta : Les Armes secrètes,Maxine,15,20,1,0,,0,Femme,0.0,Profil non physique,18-25,18–25 ans
KL33::maxine,KL33,Koh-Lanta : Les Armes secrètes,Maxine,16,20,1,0,,0,Femme,0.0,Profil non physique,18-25,18–25 ans
KL33::maxine,KL33,Koh-Lanta : Les Armes secrètes,Maxine,17,20,1,0,,0,Femme,0.0,Profil non physique,18-25,18–25 ans
KL33::maxine,KL33,Koh-Lanta : Les Armes secrètes,Maxine,18,20,1,0,,0,Femme,0.0,Profil non physique,18-25,18–25 ans
KL33::maxine,KL33,Koh-Lanta : Les Armes secrètes,Maxine,19,20,1,0,,0,Femme,0.0,Profil non physique,18-25,18–25 ans
KL33::maxine,KL33,Koh-Lanta : Les Armes secrètes,Maxine,20,20,1,0,,0,Femme,0.0,Profil non physique,18-25,18–25 ans
KL27::steve grenier,KL27,Koh-Lanta : Les Chasseurs d'Immunité,Steve Grenier,1,1,1,1,VOTE_CONSEIL,1,Homme,0.0,Profil non physique,34-41,34–41 ans
KL27::alicia bouly,KL27,Koh-Lanta : Les Chasseurs d'Immunité,Alicia Bouly,1,2,1,0,,0,Femme,0.0,Profil non physique,18-25,18–25 ans
KL27::alicia bouly,KL27,Koh-Lanta : Les Chasseurs d'Immunité,Alicia Bouly,2,2,1,1,VOTE_CONSEIL,0,Femme,0.0,Profil non physique,18-25,18–25 ans
KL27::nathalie suhard,KL27,Koh-Lanta : Les Chasseurs d'Immunité,Nathalie Suhard,1,3,1,0,,0,Femme,0.0,Profil non physique,42+,42 ans et plus
KL27::nathalie suhard,KL27,Koh-Lanta : Les Chasseurs d'Immunité,Nathalie Suhard,2,3,1,0,,0,Femme,0.0,Profil non physique,42+,42 ans et plus
KL27::nathalie suhard,KL27,Koh-Lanta : Les Chasseurs d'Immunité,Nathalie Suhard,3,3,1,1,ELIMINATION_CHALLENGE,0,Femme,0.0,Profil non physique,42+,42 ans et plus
KL27::william plancq,KL27,Koh-Lanta : Les Chasseurs d'Immunité,William Plancq,1,4,1,0,,1,Homme,1.0,Profil physique,42+,42 ans et plus
KL27::william plancq,KL27,Koh-Lanta : Les Chasseurs d'Immunité,William Plancq,2,4,1,0,,1,Homme,1.0,Profil physique,42+,42 ans et plus
KL27::william plancq,KL27,Koh-Lanta : Les Chasseurs d'Immunité,William Plancq,3,4,1,0,,1,Homme,1.0,Profil physique,42+,42 ans et plus
KL27::william plancq,KL27,Koh-Lanta : Les Chasseurs d'Immunité,William Plancq,4,4,1,1,VOTE_CONSEIL,1,Homme,1.0,Profil physique,42+,42 ans et plus
KL27::alexis tchernychev,KL27,Koh-Lanta : Les Chasseurs d'Immunité,Alexis Tchernychev,1,4,1,0,,1,Homme,0.0,Profil non physique,18-25,18–25 ans
KL27::alexis tchernychev,KL27,Koh-Lanta : Les Chasseurs d'Immunité,Alexis Tchernychev,2,4,1,0,,1,Homme,0.0,Profil non physique,18-25,18–25 ans
KL27::alexis tchernychev,KL27,Koh-Lanta : Les Chasseurs d'Immunité,Alexis Tchernychev,3,4,1,0,,1,Homme,0.0,Profil non physique,18-25,18–25 ans
KL27::alexis tchernychev,KL27,Koh-Lanta : Les Chasseurs d'Immunité,Alexis Tchernychev,4,4,1,1,VOTE_CONSEIL,1,Homme,0.0,Profil non physique,18-25,18–25 ans
KL27::émilie clavis,KL27,Koh-Lanta : Les Chasseurs d'Immunité,Émilie Clavis,1,5,1,0,,0,Femme,0.0,Profil non physique,42+,42 ans et plus
KL27::émilie clavis,KL27,Koh-Lanta : Les Chasseurs d'Immunité,Émilie Clavis,2,5,1,0,,0,Femme,0.0,Profil non physique,42+,42 ans et plus
KL27::émilie clavis,KL27,Koh-Lanta : Les Chasseurs d'Immunité,Émilie Clavis,3,5,1,0,,0,Femme,0.0,Profil non physique,42+,42 ans et plus
KL27::émilie clavis,KL27,Koh-Lanta : Les Chasseurs d'Immunité,Émilie Clavis,4,5,1,0,,0,Femme,0.0,Profil non physique,42+,42 ans et plus
KL27::émilie clavis,KL27,Koh-Lanta : Les Chasseurs d'Immunité,Émilie Clavis,5,5,1,1,VOTE_CONSEIL,0,Femme,0.0,Profil non physique,42+,42 ans et plus
KL27::sarah diawara,KL27,Koh-Lanta : Les Chasseurs d'Immunité,Sarah Diawara,1,6,1,0,,0,Femme,0.0,Profil non physique,34-41,34–41 ans
KL27::sarah diawara,KL27,Koh-Lanta : Les Chasseurs d'Immunité,Sarah Diawara,2,6,1,0,,0,Femme,0.0,Profil non physique,34-41,34–41 ans
KL27::sarah diawara,KL27,Koh-Lanta : Les Chasseurs d'Immunité,Sarah Diawara,3,6,1,0,,0,Femme,0.0,Profil non physique,34-41,34–41 ans
KL27::sarah diawara,KL27,Koh-Lanta : Les Chasseurs d'Immunité,Sarah Diawara,4,6,1,0,,0,Femme,0.0,Profil non physique,34-41,34–41 ans
KL27::sarah diawara,KL27,Koh-Lanta : Les Chasseurs d'Immunité,Sarah Diawara,5,6,1,0,,0,Femme,0.0,Profil non physique,34-41,34–41 ans
KL27::sarah diawara,KL27,Koh-Lanta : Les Chasseurs d'Immunité,Sarah Diawara,6,6,1,1,VOTE_CONSEIL,0,Femme,0.0,Profil non physique,34-41,34–41 ans
KL27::maxime barbet,KL27,Koh-Lanta : Les Chasseurs d'Immunité,Maxime Barbet,1,7,1,0,,1,Homme,0.0,Profil non physique,42+,42 ans et plus
KL27::maxime barbet,KL27,Koh-Lanta : Les Chasseurs d'Immunité,Maxime Barbet,2,7,1,0,,1,Homme,0.0,Profil non physique,42+,42 ans et plus
KL27::maxime barbet,KL27,Koh-Lanta : Les Chasseurs d'Immunité,Maxime Barbet,3,7,1,0,,1,Homme,0.0,Profil non physique,42+,42 ans et plus
KL27::maxime barbet,KL27,Koh-Lanta : Les Chasseurs d'Immunité,Maxime Barbet,4,7,1,0,,1,Homme,0.0,Profil non physique,42+,42 ans et plus
KL27::maxime barbet,KL27,Koh-Lanta : Les Chasseurs d'Immunité,Maxime Barbet,5,7,1,0,,1,Homme,0.0,Profil non physique,42+,42 ans et plus
KL27::maxime barbet,KL27,Koh-Lanta : Les Chasseurs d'Immunité,Maxime Barbet,6,7,1,0,,1,Homme,0.0,Profil non physique,42+,42 ans et plus
KL27::maxime barbet,KL27,Koh-Lanta : Les Chasseurs d'Immunité,Maxime Barbet,7,7,1,1,VOTE_CONSEIL,1,Homme,0.0,Profil non physique,42+,42 ans et plus
KL27::ricky poyet,KL27,Koh-Lanta : Les Chasseurs d'Immunité,Ricky Poyet,1,8,1,0,,1,Homme,0.0,Profil non physique,18-25,18–25 ans
KL27::ricky poyet,KL27,Koh-Lanta : Les Chasseurs d'Immunité,Ricky Poyet,2,8,1,0,,1,Homme,0.0,Profil non physique,18-25,18–25 ans
KL27::ricky poyet,KL27,Koh-Lanta : Les Chasseurs d'Immunité,Ricky Poyet,3,8,1,0,,1,Homme,0.0,Profil non physique,18-25,18–25 ans
KL27::ricky poyet,KL27,Koh-Lanta : Les Chasseurs d'Immunité,Ricky Poyet,4,8,1,0,,1,Homme,0.0,Profil non physique,18-25,18–25 ans
KL27::ricky poyet,KL27,Koh-Lanta : Les Chasseurs d'Immunité,Ricky Poyet,5,8,1,0,,1,Homme,0.0,Profil non physique,18-25,18–25 ans
KL27::ricky poyet,KL27,Koh-Lanta : Les Chasseurs d'Immunité,Ricky Poyet,6,8,1,0,,1,Homme,0.0,Profil non physique,18-25,18–25 ans
KL27::ricky poyet,KL27,Koh-Lanta : Les Chasseurs d'Immunité,Ricky Poyet,7,8,1,0,,1,Homme,0.0,Profil non physique,18-25,18–25 ans
KL27::ricky poyet,KL27,Koh-Lanta : Les Chasseurs d'Immunité,Ricky Poyet,8,8,1,1,AMBASSADEURS,1,Homme,0.0,Profil non physique,18-25,18–25 ans
KL27::léa notardonato,KL27,Koh-Lanta : Les Chasseurs d'Immunité,Léa Notardonato,1,9,1,0,,0,Femme,0.0,Profil non physique,18-25,18–25 ans
KL27::léa notardonato,KL27,Koh-Lanta : Les Chasseurs d'Immunité,Léa Notardonato,2,9,1,0,,0,Femme,0.0,Profil non physique,18-25,18–25 ans
KL27::léa notardonato,KL27,Koh-Lanta : Les Chasseurs d'Immunité,Léa Notardonato,3,9,1,0,,0,Femme,0.0,Profil non physique,18-25,18–25 ans
KL27::léa notardonato,KL27,Koh-Lanta : Les Chasseurs d'Immunité,Léa Notardonato,4,9,1,0,,0,Femme,0.0,Profil non physique,18-25,18–25 ans
KL27::léa notardonato,KL27,Koh-Lanta : Les Chasseurs d'Immunité,Léa Notardonato,5,9,1,0,,0,Femme,0.0,Profil non physique,18-25,18–25 ans
KL27::léa notardonato,KL27,Koh-Lanta : Les Chasseurs d'Immunité,Léa Notardonato,6,9,1,0,,0,Femme,0.0,Profil non physique,18-25,18–25 ans
KL27::léa notardonato,KL27,Koh-Lanta : Les Chasseurs d'Immunité,Léa Notardonato,7,9,1,0,,0,Femme,0.0,Profil non physique,18-25,18–25 ans
KL27::léa notardonato,KL27,Koh-Lanta : Les Chasseurs d'Immunité,Léa Notardonato,8,9,1,0,,0,Femme,0.0,Profil non physique,18-25,18–25 ans
KL27::léa notardonato,KL27,Koh-Lanta : Les Chasseurs d'Immunité,Léa Notardonato,9,9,1,1,VOTE_CONSEIL,0,Femme,0.0,Profil non physique,18-25,18–25 ans
KL27::océane montenegro,KL27,Koh-Lanta : Les Chasseurs d'Immunité,Océane Montenegro,1,10,1,0,,0,Femme,0.0,Profil non physique,34-41,34–41 ans
KL27::océane montenegro,KL27,Koh-Lanta : Les Chasseurs d'Immunité,Océane Montenegro,2,10,1,0,,0,Femme,0.0,Profil non physique,34-41,34–41 ans
KL27::océane montenegro,KL27,Koh-Lanta : Les Chasseurs d'Immunité,Océane Montenegro,3,10,1,0,,0,Femme,0.0,Profil non physique,34-41,34–41 ans
KL27::océane montenegro,KL27,Koh-Lanta : Les Chasseurs d'Immunité,Océane Montenegro,4,10,1,0,,0,Femme,0.0,Profil non physique,34-41,34–41 ans
KL27::océane montenegro,KL27,Koh-Lanta : Les Chasseurs d'Immunité,Océane Montenegro,5,10,1,0,,0,Femme,0.0,Profil non physique,34-41,34–41 ans
KL27::océane montenegro,KL27,Koh-Lanta : Les Chasseurs d'Immunité,Océane Montenegro,6,10,1,0,,0,Femme,0.0,Profil non physique,34-41,34–41 ans
KL27::océane montenegro,KL27,Koh-Lanta : Les Chasseurs d'Immunité,Océane Montenegro,7,10,1,0,,0,Femme,0.0,Profil non physique,34-41,34–41 ans
KL27::océane montenegro,KL27,Koh-Lanta : Les Chasseurs d'Immunité,Océane Montenegro,8,10,1,0,,0,Femme,0.0,Profil non physique,34-41,34–41 ans
KL27::océane montenegro,KL27,Koh-Lanta : Les Chasseurs d'Immunité,Océane Montenegro,9,10,1,0,,0,Femme,0.0,Profil non physique,34-41,34–41 ans
KL27::océane montenegro,KL27,Koh-Lanta : Les Chasseurs d'Immunité,Océane Montenegro,10,10,1,1,ELIMINATION_CHALLENGE,0,Femme,0.0,Profil non physique,34-41,34–41 ans
KL27::cécile poprawa,KL27,Koh-Lanta : Les Chasseurs d'Immunité,Cécile Poprawa,1,11,1,0,,0,Femme,0.0,Profil non physique,34-41,34–41 ans
KL27::cécile poprawa,KL27,Koh-Lanta : Les Chasseurs d'Immunité,Cécile Poprawa,2,11,1,0,,0,Femme,0.0,Profil non physique,34-41,34–41 ans
KL27::cécile poprawa,KL27,Koh-Lanta : Les Chasseurs d'Immunité,Cécile Poprawa,3,11,1,0,,0,Femme,0.0,Profil non physique,34-41,34–41 ans
KL27::cécile poprawa,KL27,Koh-Lanta : Les Chasseurs d'Immunité,Cécile Poprawa,4,11,1,0,,0,Femme,0.0,Profil non physique,34-41,34–41 ans
KL27::cécile poprawa,KL27,Koh-Lanta : Les Chasseurs d'Immunité,Cécile Poprawa,5,11,1,0,,0,Femme,0.0,Profil non physique,34-41,34–41 ans
KL27::cécile poprawa,KL27,Koh-Lanta : Les Chasseurs d'Immunité,Cécile Poprawa,6,11,1,0,,0,Femme,0.0,Profil non physique,34-41,34–41 ans
KL27::cécile poprawa,KL27,Koh-Lanta : Les Chasseurs d'Immunité,Cécile Poprawa,7,11,1,0,,0,Femme,0.0,Profil non physique,34-41,34–41 ans
KL27::cécile poprawa,KL27,Koh-Lanta : Les Chasseurs d'Immunité,Cécile Poprawa,8,11,1,0,,0,Femme,0.0,Profil non physique,34-41,34–41 ans
KL27::cécile poprawa,KL27,Koh-Lanta : Les Chasseurs d'Immunité,Cécile Poprawa,9,11,1,0,,0,Femme,0.0,Profil non physique,34-41,34–41 ans
KL27::cécile poprawa,KL27,Koh-Lanta : Les Chasseurs d'Immunité,Cécile Poprawa,10,11,1,0,,0,Femme,0.0,Profil non physique,34-41,34–41 ans
KL27::cécile poprawa,KL27,Koh-Lanta : Les Chasseurs d'Immunité,Cécile Poprawa,11,11,1,1,VOTE_CONSEIL,0,Femme,0.0,Profil non physique,34-41,34–41 ans
KL27::aurélien dulau,KL27,Koh-Lanta : Les Chasseurs d'Immunité,Aurélien Dulau,1,12,1,0,,1,Homme,0.0,Profil non physique,34-41,34–41 ans
KL27::aurélien dulau,KL27,Koh-Lanta : Les Chasseurs d'Immunité,Aurélien Dulau,2,12,1,0,,1,Homme,0.0,Profil non physique,34-41,34–41 ans
KL27::aurélien dulau,KL27,Koh-Lanta : Les Chasseurs d'Immunité,Aurélien Dulau,3,12,1,0,,1,Homme,0.0,Profil non physique,34-41,34–41 ans
KL27::aurélien dulau,KL27,Koh-Lanta : Les Chasseurs d'Immunité,Aurélien Dulau,4,12,1,0,,1,Homme,0.0,Profil non physique,34-41,34–41 ans
KL27::aurélien dulau,KL27,Koh-Lanta : Les Chasseurs d'Immunité,Aurélien Dulau,5,12,1,0,,1,Homme,0.0,Profil non physique,34-41,34–41 ans
KL27::aurélien dulau,KL27,Koh-Lanta : Les Chasseurs d'Immunité,Aurélien Dulau,6,12,1,0,,1,Homme,0.0,Profil non physique,34-41,34–41 ans
KL27::aurélien dulau,KL27,Koh-Lanta : Les Chasseurs d'Immunité,Aurélien Dulau,7,12,1,0,,1,Homme,0.0,Profil non physique,34-41,34–41 ans
KL27::aurélien dulau,KL27,Koh-Lanta : Les Chasseurs d'Immunité,Aurélien Dulau,8,12,1,0,,1,Homme,0.0,Profil non physique,34-41,34–41 ans
KL27::aurélien dulau,KL27,Koh-Lanta : Les Chasseurs d'Immunité,Aurélien Dulau,9,12,1,0,,1,Homme,0.0,Profil non physique,34-41,34–41 ans
KL27::aurélien dulau,KL27,Koh-Lanta : Les Chasseurs d'Immunité,Aurélien Dulau,10,12,1,0,,1,Homme,0.0,Profil non physique,34-41,34–41 ans
KL27::aurélien dulau,KL27,Koh-Lanta : Les Chasseurs d'Immunité,Aurélien Dulau,11,12,1,0,,1,Homme,0.0,Profil non physique,34-41,34–41 ans
KL27::aurélien dulau,KL27,Koh-Lanta : Les Chasseurs d'Immunité,Aurélien Dulau,12,12,1,1,VOTE_CONSEIL,1,Homme,0.0,Profil non physique,34-41,34–41 ans
KL27::jean belmonte,KL27,Koh-Lanta : Les Chasseurs d'Immunité,Jean Belmonte,1,13,1,0,,1,Homme,0.0,Profil non physique,26-33,26–33 ans
KL27::jean belmonte,KL27,Koh-Lanta : Les Chasseurs d'Immunité,Jean Belmonte,2,13,1,0,,1,Homme,0.0,Profil non physique,26-33,26–33 ans
KL27::jean belmonte,KL27,Koh-Lanta : Les Chasseurs d'Immunité,Jean Belmonte,3,13,1,0,,1,Homme,0.0,Profil non physique,26-33,26–33 ans
KL27::jean belmonte,KL27,Koh-Lanta : Les Chasseurs d'Immunité,Jean Belmonte,4,13,1,0,,1,Homme,0.0,Profil non physique,26-33,26–33 ans
KL27::jean belmonte,KL27,Koh-Lanta : Les Chasseurs d'Immunité,Jean Belmonte,5,13,1,0,,1,Homme,0.0,Profil non physique,26-33,26–33 ans
KL27::jean belmonte,KL27,Koh-Lanta : Les Chasseurs d'Immunité,Jean Belmonte,6,13,1,0,,1,Homme,0.0,Profil non physique,26-33,26–33 ans
KL27::jean belmonte,KL27,Koh-Lanta : Les Chasseurs d'Immunité,Jean Belmonte,7,13,1,0,,1,Homme,0.0,Profil non physique,26-33,26–33 ans
KL27::jean belmonte,KL27,Koh-Lanta : Les Chasseurs d'Immunité,Jean Belmonte,8,13,1,0,,1,Homme,0.0,Profil non physique,26-33,26–33 ans
KL27::jean belmonte,KL27,Koh-Lanta : Les Chasseurs d'Immunité,Jean Belmonte,9,13,1,0,,1,Homme,0.0,Profil non physique,26-33,26–33 ans
KL27::jean belmonte,KL27,Koh-Lanta : Les Chasseurs d'Immunité,Jean Belmonte,10,13,1,0,,1,Homme,0.0,Profil non physique,26-33,26–33 ans
KL27::jean belmonte,KL27,Koh-Lanta : Les Chasseurs d'Immunité,Jean Belmonte,11,13,1,0,,1,Homme,0.0,Profil non physique,26-33,26–33 ans
KL27::jean belmonte,KL27,Koh-Lanta : Les Chasseurs d'Immunité,Jean Belmonte,12,13,1,0,,1,Homme,0.0,Profil non physique,26-33,26–33 ans
KL27::jean belmonte,KL27,Koh-Lanta : Les Chasseurs d'Immunité,Jean Belmonte,13,13,1,1,MEDICAL,1,Homme,0.0,Profil non physique,26-33,26–33 ans
KL27::mégane rouland,KL27,Koh-Lanta : Les Chasseurs d'Immunité,Mégane Rouland,1,14,1,0,,0,Femme,0.0,Profil non physique,26-33,26–33 ans
KL27::mégane rouland,KL27,Koh-Lanta : Les Chasseurs d'Immunité,Mégane Rouland,2,14,1,0,,0,Femme,0.0,Profil non physique,26-33,26–33 ans
KL27::mégane rouland,KL27,Koh-Lanta : Les Chasseurs d'Immunité,Mégane Rouland,3,14,1,0,,0,Femme,0.0,Profil non physique,26-33,26–33 ans
KL27::mégane rouland,KL27,Koh-Lanta : Les Chasseurs d'Immunité,Mégane Rouland,4,14,1,0,,0,Femme,0.0,Profil non physique,26-33,26–33 ans
KL27::mégane rouland,KL27,Koh-Lanta : Les Chasseurs d'Immunité,Mégane Rouland,5,14,1,0,,0,Femme,0.0,Profil non physique,26-33,26–33 ans
KL27::mégane rouland,KL27,Koh-Lanta : Les Chasseurs d'Immunité,Mégane Rouland,6,14,1,0,,0,Femme,0.0,Profil non physique,26-33,26–33 ans
KL27::mégane rouland,KL27,Koh-Lanta : Les Chasseurs d'Immunité,Mégane Rouland,7,14,1,0,,0,Femme,0.0,Profil non physique,26-33,26–33 ans
KL27::mégane rouland,KL27,Koh-Lanta : Les Chasseurs d'Immunité,Mégane Rouland,8,14,1,0,,0,Femme,0.0,Profil non physique,26-33,26–33 ans
KL27::mégane rouland,KL27,Koh-Lanta : Les Chasseurs d'Immunité,Mégane Rouland,9,14,1,0,,0,Femme,0.0,Profil non physique,26-33,26–33 ans
KL27::mégane rouland,KL27,Koh-Lanta : Les Chasseurs d'Immunité,Mégane Rouland,10,14,1,0,,0,Femme,0.0,Profil non physique,26-33,26–33 ans
KL27::mégane rouland,KL27,Koh-Lanta : Les Chasseurs d'Immunité,Mégane Rouland,11,14,1,0,,0,Femme,0.0,Profil non physique,26-33,26–33 ans
KL27::mégane rouland,KL27,Koh-Lanta : Les Chasseurs d'Immunité,Mégane Rouland,12,14,1,0,,0,Femme,0.0,Profil non physique,26-33,26–33 ans
KL27::mégane rouland,KL27,Koh-Lanta : Les Chasseurs d'Immunité,Mégane Rouland,13,14,1,0,,0,Femme,0.0,Profil non physique,26-33,26–33 ans
KL27::mégane rouland,KL27,Koh-Lanta : Les Chasseurs d'Immunité,Mégane Rouland,14,14,1,1,VOTE_CONSEIL,0,Femme,0.0,Profil non physique,26-33,26–33 ans
KL27::david murail,KL27,Koh-Lanta : Les Chasseurs d'Immunité,David Murail,1,15,1,0,,1,Homme,1.0,Profil physique,34-41,34–41 ans
KL27::david murail,KL27,Koh-Lanta : Les Chasseurs d'Immunité,David Murail,2,15,1,0,,1,Homme,1.0,Profil physique,34-41,34–41 ans
KL27::david murail,KL27,Koh-Lanta : Les Chasseurs d'Immunité,David Murail,3,15,1,0,,1,Homme,1.0,Profil physique,34-41,34–41 ans
KL27::david murail,KL27,Koh-Lanta : Les Chasseurs d'Immunité,David Murail,4,15,1,0,,1,Homme,1.0,Profil physique,34-41,34–41 ans
KL27::david murail,KL27,Koh-Lanta : Les Chasseurs d'Immunité,David Murail,5,15,1,0,,1,Homme,1.0,Profil physique,34-41,34–41 ans
KL27::david murail,KL27,Koh-Lanta : Les Chasseurs d'Immunité,David Murail,6,15,1,0,,1,Homme,1.0,Profil physique,34-41,34–41 ans
KL27::david murail,KL27,Koh-Lanta : Les Chasseurs d'Immunité,David Murail,7,15,1,0,,1,Homme,1.0,Profil physique,34-41,34–41 ans
KL27::david murail,KL27,Koh-Lanta : Les Chasseurs d'Immunité,David Murail,8,15,1,0,,1,Homme,1.0,Profil physique,34-41,34–41 ans
KL27::david murail,KL27,Koh-Lanta : Les Chasseurs d'Immunité,David Murail,9,15,1,0,,1,Homme,1.0,Profil physique,34-41,34–41 ans
KL27::david murail,KL27,Koh-Lanta : Les Chasseurs d'Immunité,David Murail,10,15,1,0,,1,Homme,1.0,Profil physique,34-41,34–41 ans
KL27::david murail,KL27,Koh-Lanta : Les Chasseurs d'Immunité,David Murail,11,15,1,0,,1,Homme,1.0,Profil physique,34-41,34–41 ans
KL27::david murail,KL27,Koh-Lanta : Les Chasseurs d'Immunité,David Murail,12,15,1,0,,1,Homme,1.0,Profil physique,34-41,34–41 ans
KL27::david murail,KL27,Koh-Lanta : Les Chasseurs d'Immunité,David Murail,13,15,1,0,,1,Homme,1.0,Profil physique,34-41,34–41 ans
KL27::david murail,KL27,Koh-Lanta : Les Chasseurs d'Immunité,David Murail,14,15,1,0,,1,Homme,1.0,Profil physique,34-41,34–41 ans
KL27::david murail,KL27,Koh-Lanta : Les Chasseurs d'Immunité,David Murail,15,15,1,1,VOTE_CONSEIL,1,Homme,1.0,Profil physique,34-41,34–41 ans
KL27::sébastien cazaux,KL27,Koh-Lanta : Les Chasseurs d'Immunité,Sébastien Cazaux,1,16,1,0,,1,Homme,0.0,Profil non physique,26-33,26–33 ans
KL27::sébastien cazaux,KL27,Koh-Lanta : Les Chasseurs d'Immunité,Sébastien Cazaux,2,16,1,0,,1,Homme,0.0,Profil non physique,26-33,26–33 ans
KL27::sébastien cazaux,KL27,Koh-Lanta : Les Chasseurs d'Immunité,Sébastien Cazaux,3,16,1,0,,1,Homme,0.0,Profil non physique,26-33,26–33 ans
KL27::sébastien cazaux,KL27,Koh-Lanta : Les Chasseurs d'Immunité,Sébastien Cazaux,4,16,1,0,,1,Homme,0.0,Profil non physique,26-33,26–33 ans
KL27::sébastien cazaux,KL27,Koh-Lanta : Les Chasseurs d'Immunité,Sébastien Cazaux,5,16,1,0,,1,Homme,0.0,Profil non physique,26-33,26–33 ans
KL27::sébastien cazaux,KL27,Koh-Lanta : Les Chasseurs d'Immunité,Sébastien Cazaux,6,16,1,0,,1,Homme,0.0,Profil non physique,26-33,26–33 ans
KL27::sébastien cazaux,KL27,Koh-Lanta : Les Chasseurs d'Immunité,Sébastien Cazaux,7,16,1,0,,1,Homme,0.0,Profil non physique,26-33,26–33 ans
KL27::sébastien cazaux,KL27,Koh-Lanta : Les Chasseurs d'Immunité,Sébastien Cazaux,8,16,1,0,,1,Homme,0.0,Profil non physique,26-33,26–33 ans
KL27::sébastien cazaux,KL27,Koh-Lanta : Les Chasseurs d'Immunité,Sébastien Cazaux,9,16,1,0,,1,Homme,0.0,Profil non physique,26-33,26–33 ans
KL27::sébastien cazaux,KL27,Koh-Lanta : Les Chasseurs d'Immunité,Sébastien Cazaux,10,16,1,0,,1,Homme,0.0,Profil non physique,26-33,26–33 ans
KL27::sébastien cazaux,KL27,Koh-Lanta : Les Chasseurs d'Immunité,Sébastien Cazaux,11,16,1,0,,1,Homme,0.0,Profil non physique,26-33,26–33 ans
KL27::sébastien cazaux,KL27,Koh-Lanta : Les Chasseurs d'Immunité,Sébastien Cazaux,12,16,1,0,,1,Homme,0.0,Profil non physique,26-33,26–33 ans
KL27::sébastien cazaux,KL27,Koh-Lanta : Les Chasseurs d'Immunité,Sébastien Cazaux,13,16,1,0,,1,Homme,0.0,Profil non physique,26-33,26–33 ans
KL27::sébastien cazaux,KL27,Koh-Lanta : Les Chasseurs d'Immunité,Sébastien Cazaux,14,16,1,0,,1,Homme,0.0,Profil non physique,26-33,26–33 ans
KL27::sébastien cazaux,KL27,Koh-Lanta : Les Chasseurs d'Immunité,Sébastien Cazaux,15,16,1,0,,1,Homme,0.0,Profil non physique,26-33,26–33 ans
KL27::sébastien cazaux,KL27,Koh-Lanta : Les Chasseurs d'Immunité,Sébastien Cazaux,16,16,1,1,VOTE_CONSEIL,1,Homme,0.0,Profil non physique,26-33,26–33 ans
KL27::amri madani,KL27,Koh-Lanta : Les Chasseurs d'Immunité,Amri Madani,1,17,1,0,,1,Homme,1.0,Profil physique,42+,42 ans et plus
KL27::amri madani,KL27,Koh-Lanta : Les Chasseurs d'Immunité,Amri Madani,2,17,1,0,,1,Homme,1.0,Profil physique,42+,42 ans et plus
KL27::amri madani,KL27,Koh-Lanta : Les Chasseurs d'Immunité,Amri Madani,3,17,1,0,,1,Homme,1.0,Profil physique,42+,42 ans et plus
KL27::amri madani,KL27,Koh-Lanta : Les Chasseurs d'Immunité,Amri Madani,4,17,1,0,,1,Homme,1.0,Profil physique,42+,42 ans et plus
KL27::amri madani,KL27,Koh-Lanta : Les Chasseurs d'Immunité,Amri Madani,5,17,1,0,,1,Homme,1.0,Profil physique,42+,42 ans et plus
KL27::amri madani,KL27,Koh-Lanta : Les Chasseurs d'Immunité,Amri Madani,6,17,1,0,,1,Homme,1.0,Profil physique,42+,42 ans et plus
KL27::amri madani,KL27,Koh-Lanta : Les Chasseurs d'Immunité,Amri Madani,7,17,1,0,,1,Homme,1.0,Profil physique,42+,42 ans et plus
KL27::amri madani,KL27,Koh-Lanta : Les Chasseurs d'Immunité,Amri Madani,8,17,1,0,,1,Homme,1.0,Profil physique,42+,42 ans et plus
KL27::amri madani,KL27,Koh-Lanta : Les Chasseurs d'Immunité,Amri Madani,9,17,1,0,,1,Homme,1.0,Profil physique,42+,42 ans et plus
KL27::amri madani,KL27,Koh-Lanta : Les Chasseurs d'Immunité,Amri Madani,10,17,1,0,,1,Homme,1.0,Profil physique,42+,42 ans et plus
KL27::amri madani,KL27,Koh-Lanta : Les Chasseurs d'Immunité,Amri Madani,11,17,1,0,,1,Homme,1.0,Profil physique,42+,42 ans et plus
KL27::amri madani,KL27,Koh-Lanta : Les Chasseurs d'Immunité,Amri Madani,12,17,1,0,,1,Homme,1.0,Profil physique,42+,42 ans et plus
KL27::amri madani,KL27,Koh-Lanta : Les Chasseurs d'Immunité,Amri Madani,13,17,1,0,,1,Homme,1.0,Profil physique,42+,42 ans et plus
KL27::amri madani,KL27,Koh-Lanta : Les Chasseurs d'Immunité,Amri Madani,14,17,1,0,,1,Homme,1.0,Profil physique,42+,42 ans et plus
KL27::amri madani,KL27,Koh-Lanta : Les Chasseurs d'Immunité,Amri Madani,15,17,1,0,,1,Homme,1.0,Profil physique,42+,42 ans et plus
KL27::amri madani,KL27,Koh-Lanta : Les Chasseurs d'Immunité,Amri Madani,16,17,1,0,,1,Homme,1.0,Profil physique,42+,42 ans et plus
KL27::amri madani,KL27,Koh-Lanta : Les Chasseurs d'Immunité,Amri Madani,17,17,1,1,FINALE_ORIENTATION,1,Homme,1.0,Profil physique,42+,42 ans et plus
KL27::pauline bonneil,KL27,Koh-Lanta : Les Chasseurs d'Immunité,Pauline Bonneil,1,17,1,0,,0,Femme,0.0,Profil non physique,26-33,26–33 ans
KL27::pauline bonneil,KL27,Koh-Lanta : Les Chasseurs d'Immunité,Pauline Bonneil,2,17,1,0,,0,Femme,0.0,Profil non physique,26-33,26–33 ans
KL27::pauline bonneil,KL27,Koh-Lanta : Les Chasseurs d'Immunité,Pauline Bonneil,3,17,1,0,,0,Femme,0.0,Profil non physique,26-33,26–33 ans
KL27::pauline bonneil,KL27,Koh-Lanta : Les Chasseurs d'Immunité,Pauline Bonneil,4,17,1,0,,0,Femme,0.0,Profil non physique,26-33,26–33 ans
KL27::pauline bonneil,KL27,Koh-Lanta : Les Chasseurs d'Immunité,Pauline Bonneil,5,17,1,0,,0,Femme,0.0,Profil non physique,26-33,26–33 ans
KL27::pauline bonneil,KL27,Koh-Lanta : Les Chasseurs d'Immunité,Pauline Bonneil,6,17,1,0,,0,Femme,0.0,Profil non physique,26-33,26–33 ans
KL27::pauline bonneil,KL27,Koh-Lanta : Les Chasseurs d'Immunité,Pauline Bonneil,7,17,1,0,,0,Femme,0.0,Profil non physique,26-33,26–33 ans
KL27::pauline bonneil,KL27,Koh-Lanta : Les Chasseurs d'Immunité,Pauline Bonneil,8,17,1,0,,0,Femme,0.0,Profil non physique,26-33,26–33 ans
KL27::pauline bonneil,KL27,Koh-Lanta : Les Chasseurs d'Immunité,Pauline Bonneil,9,17,1,0,,0,Femme,0.0,Profil non physique,26-33,26–33 ans
KL27::pauline bonneil,KL27,Koh-Lanta : Les Chasseurs d'Immunité,Pauline Bonneil,10,17,1,0,,0,Femme,0.0,Profil non physique,26-33,26–33 ans
KL27::pauline bonneil,KL27,Koh-Lanta : Les Chasseurs d'Immunité,Pauline Bonneil,11,17,1,0,,0,Femme,0.0,Profil non physique,26-33,26–33 ans
KL27::pauline bonneil,KL27,Koh-Lanta : Les Chasseurs d'Immunité,Pauline Bonneil,12,17,1,0,,0,Femme,0.0,Profil non physique,26-33,26–33 ans
KL27::pauline bonneil,KL27,Koh-Lanta : Les Chasseurs d'Immunité,Pauline Bonneil,13,17,1,0,,0,Femme,0.0,Profil non physique,26-33,26–33 ans
KL27::pauline bonneil,KL27,Koh-Lanta : Les Chasseurs d'Immunité,Pauline Bonneil,14,17,1,0,,0,Femme,0.0,Profil non physique,26-33,26–33 ans
KL27::pauline bonneil,KL27,Koh-Lanta : Les Chasseurs d'Immunité,Pauline Bonneil,15,17,1,0,,0,Femme,0.0,Profil non physique,26-33,26–33 ans
KL27::pauline bonneil,KL27,Koh-Lanta : Les Chasseurs d'Immunité,Pauline Bonneil,16,17,1,0,,0,Femme,0.0,Profil non physique,26-33,26–33 ans
KL27::pauline bonneil,KL27,Koh-Lanta : Les Chasseurs d'Immunité,Pauline Bonneil,17,17,1,1,FINALE_ORIENTATION,0,Femme,0.0,Profil non physique,26-33,26–33 ans
KL27::julie rignault,KL27,Koh-Lanta : Les Chasseurs d'Immunité,Julie Rignault,1,18,1,0,,0,Femme,0.0,Profil non physique,34-41,34–41 ans
KL27::julie rignault,KL27,Koh-Lanta : Les Chasseurs d'Immunité,Julie Rignault,2,18,1,0,,0,Femme,0.0,Profil non physique,34-41,34–41 ans
KL27::julie rignault,KL27,Koh-Lanta : Les Chasseurs d'Immunité,Julie Rignault,3,18,1,0,,0,Femme,0.0,Profil non physique,34-41,34–41 ans
KL27::julie rignault,KL27,Koh-Lanta : Les Chasseurs d'Immunité,Julie Rignault,4,18,1,0,,0,Femme,0.0,Profil non physique,34-41,34–41 ans
KL27::julie rignault,KL27,Koh-Lanta : Les Chasseurs d'Immunité,Julie Rignault,5,18,1,0,,0,Femme,0.0,Profil non physique,34-41,34–41 ans
KL27::julie rignault,KL27,Koh-Lanta : Les Chasseurs d'Immunité,Julie Rignault,6,18,1,0,,0,Femme,0.0,Profil non physique,34-41,34–41 ans
KL27::julie rignault,KL27,Koh-Lanta : Les Chasseurs d'Immunité,Julie Rignault,7,18,1,0,,0,Femme,0.0,Profil non physique,34-41,34–41 ans
KL27::julie rignault,KL27,Koh-Lanta : Les Chasseurs d'Immunité,Julie Rignault,8,18,1,0,,0,Femme,0.0,Profil non physique,34-41,34–41 ans
KL27::julie rignault,KL27,Koh-Lanta : Les Chasseurs d'Immunité,Julie Rignault,9,18,1,0,,0,Femme,0.0,Profil non physique,34-41,34–41 ans
KL27::julie rignault,KL27,Koh-Lanta : Les Chasseurs d'Immunité,Julie Rignault,10,18,1,0,,0,Femme,0.0,Profil non physique,34-41,34–41 ans
KL27::julie rignault,KL27,Koh-Lanta : Les Chasseurs d'Immunité,Julie Rignault,11,18,1,0,,0,Femme,0.0,Profil non physique,34-41,34–41 ans
KL27::julie rignault,KL27,Koh-Lanta : Les Chasseurs d'Immunité,Julie Rignault,12,18,1,0,,0,Femme,0.0,Profil non physique,34-41,34–41 ans
KL27::julie rignault,KL27,Koh-Lanta : Les Chasseurs d'Immunité,Julie Rignault,13,18,1,0,,0,Femme,0.0,Profil non physique,34-41,34–41 ans
KL27::julie rignault,KL27,Koh-Lanta : Les Chasseurs d'Immunité,Julie Rignault,14,18,1,0,,0,Femme,0.0,Profil non physique,34-41,34–41 ans
KL27::julie rignault,KL27,Koh-Lanta : Les Chasseurs d'Immunité,Julie Rignault,15,18,1,0,,0,Femme,0.0,Profil non physique,34-41,34–41 ans
KL27::julie rignault,KL27,Koh-Lanta : Les Chasseurs d'Immunité,Julie Rignault,16,18,1,0,,0,Femme,0.0,Profil non physique,34-41,34–41 ans
KL27::julie rignault,KL27,Koh-Lanta : Les Chasseurs d'Immunité,Julie Rignault,17,18,1,0,,0,Femme,0.0,Profil non physique,34-41,34–41 ans
KL27::julie rignault,KL27,Koh-Lanta : Les Chasseurs d'Immunité,Julie Rignault,18,18,1,1,FINALE_POTEAUX,0,Femme,0.0,Profil non physique,34-41,34–41 ans
KL27::meïssa seck,KL27,Koh-Lanta : Les Chasseurs d'Immunité,Meïssa Seck,1,19,1,0,,1,Homme,0.0,Profil non physique,26-33,26–33 ans
KL27::meïssa seck,KL27,Koh-Lanta : Les Chasseurs d'Immunité,Meïssa Seck,2,19,1,0,,1,Homme,0.0,Profil non physique,26-33,26–33 ans
KL27::meïssa seck,KL27,Koh-Lanta : Les Chasseurs d'Immunité,Meïssa Seck,3,19,1,0,,1,Homme,0.0,Profil non physique,26-33,26–33 ans
KL27::meïssa seck,KL27,Koh-Lanta : Les Chasseurs d'Immunité,Meïssa Seck,4,19,1,0,,1,Homme,0.0,Profil non physique,26-33,26–33 ans
KL27::meïssa seck,KL27,Koh-Lanta : Les Chasseurs d'Immunité,Meïssa Seck,5,19,1,0,,1,Homme,0.0,Profil non physique,26-33,26–33 ans
KL27::meïssa seck,KL27,Koh-Lanta : Les Chasseurs d'Immunité,Meïssa Seck,6,19,1,0,,1,Homme,0.0,Profil non physique,26-33,26–33 ans
KL27::meïssa seck,KL27,Koh-Lanta : Les Chasseurs d'Immunité,Meïssa Seck,7,19,1,0,,1,Homme,0.0,Profil non physique,26-33,26–33 ans
KL27::meïssa seck,KL27,Koh-Lanta : Les Chasseurs d'Immunité,Meïssa Seck,8,19,1,0,,1,Homme,0.0,Profil non physique,26-33,26–33 ans
KL27::meïssa seck,KL27,Koh-Lanta : Les Chasseurs d'Immunité,Meïssa Seck,9,19,1,0,,1,Homme,0.0,Profil non physique,26-33,26–33 ans
KL27::meïssa seck,KL27,Koh-Lanta : Les Chasseurs d'Immunité,Meïssa Seck,10,19,1,0,,1,Homme,0.0,Profil non physique,26-33,26–33 ans
KL27::meïssa seck,KL27,Koh-Lanta : Les Chasseurs d'Immunité,Meïssa Seck,11,19,1,0,,1,Homme,0.0,Profil non physique,26-33,26–33 ans
KL27::meïssa seck,KL27,Koh-Lanta : Les Chasseurs d'Immunité,Meïssa Seck,12,19,1,0,,1,Homme,0.0,Profil non physique,26-33,26–33 ans
KL27::meïssa seck,KL27,Koh-Lanta : Les Chasseurs d'Immunité,Meïssa Seck,13,19,1,0,,1,Homme,0.0,Profil non physique,26-33,26–33 ans
KL27::meïssa seck,KL27,Koh-Lanta : Les Chasseurs d'Immunité,Meïssa Seck,14,19,1,0,,1,Homme,0.0,Profil non physique,26-33,26–33 ans
KL27::meïssa seck,KL27,Koh-Lanta : Les Chasseurs d'Immunité,Meïssa Seck,15,19,1,0,,1,Homme,0.0,Profil non physique,26-33,26–33 ans
KL27::meïssa seck,KL27,Koh-Lanta : Les Chasseurs d'Immunité,Meïssa Seck,16,19,1,0,,1,Homme,0.0,Profil non physique,26-33,26–33 ans
KL27::meïssa seck,KL27,Koh-Lanta : Les Chasseurs d'Immunité,Meïssa Seck,17,19,1,0,,1,Homme,0.0,Profil non physique,26-33,26–33 ans
KL27::meïssa seck,KL27,Koh-Lanta : Les Chasseurs d'Immunité,Meïssa Seck,18,19,1,0,,1,Homme,0.0,Profil non physique,26-33,26–33 ans
KL27::meïssa seck,KL27,Koh-Lanta : Les Chasseurs d'Immunité,Meïssa Seck,19,19,1,1,JURY_FINAL_DECISION,1,Homme,0.0,Profil non physique,26-33,26–33 ans
KL27::léa sahin,KL27,Koh-Lanta : Les Chasseurs d'Immunité,Léa Sahin,1,20,1,0,,0,Femme,0.0,Profil non physique,34-41,34–41 ans
KL27::léa sahin,KL27,Koh-Lanta : Les Chasseurs d'Immunité,Léa Sahin,2,20,1,0,,0,Femme,0.0,Profil non physique,34-41,34–41 ans
KL27::léa sahin,KL27,Koh-Lanta : Les Chasseurs d'Immunité,Léa Sahin,3,20,1,0,,0,Femme,0.0,Profil non physique,34-41,34–41 ans
KL27::léa sahin,KL27,Koh-Lanta : Les Chasseurs d'Immunité,Léa Sahin,4,20,1,0,,0,Femme,0.0,Profil non physique,34-41,34–41 ans
KL27::léa sahin,KL27,Koh-Lanta : Les Chasseurs d'Immunité,Léa Sahin,5,20,1,0,,0,Femme,0.0,Profil non physique,34-41,34–41 ans
KL27::léa sahin,KL27,Koh-Lanta : Les Chasseurs d'Immunité,Léa Sahin,6,20,1,0,,0,Femme,0.0,Profil non physique,34-41,34–41 ans
KL27::léa sahin,KL27,Koh-Lanta : Les Chasseurs d'Immunité,Léa Sahin,7,20,1,0,,0,Femme,0.0,Profil non physique,34-41,34–41 ans
KL27::léa sahin,KL27,Koh-Lanta : Les Chasseurs d'Immunité,Léa Sahin,8,20,1,0,,0,Femme,0.0,Profil non physique,34-41,34–41 ans
KL27::léa sahin,KL27,Koh-Lanta : Les Chasseurs d'Immunité,Léa Sahin,9,20,1,0,,0,Femme,0.0,Profil non physique,34-41,34–41 ans
KL27::léa sahin,KL27,Koh-Lanta : Les Chasseurs d'Immunité,Léa Sahin,10,20,1,0,,0,Femme,0.0,Profil non physique,34-41,34–41 ans
KL27::léa sahin,KL27,Koh-Lanta : Les Chasseurs d'Immunité,Léa Sahin,11,20,1,0,,0,Femme,0.0,Profil non physique,34-41,34–41 ans
KL27::léa sahin,KL27,Koh-Lanta : Les Chasseurs d'Immunité,Léa Sahin,12,20,1,0,,0,Femme,0.0,Profil non physique,34-41,34–41 ans
KL27::léa sahin,KL27,Koh-Lanta : Les Chasseurs d'Immunité,Léa Sahin,13,20,1,0,,0,Femme,0.0,Profil non physique,34-41,34–41 ans
KL27::léa sahin,KL27,Koh-Lanta : Les Chasseurs d'Immunité,Léa Sahin,14,20,1,0,,0,Femme,0.0,Profil non physique,34-41,34–41 ans
KL27::léa sahin,KL27,Koh-Lanta : Les Chasseurs d'Immunité,Léa Sahin,15,20,1,0,,0,Femme,0.0,Profil non physique,34-41,34–41 ans
KL27::léa sahin,KL27,Koh-Lanta : Les Chasseurs d'Immunité,Léa Sahin,16,20,1,0,,0,Femme,0.0,Profil non physique,34-41,34–41 ans
KL27::léa sahin,KL27,Koh-Lanta : Les Chasseurs d'Immunité,Léa Sahin,17,20,1,0,,0,Femme,0.0,Profil non physique,34-41,34–41 ans
KL27::léa sahin,KL27,Koh-Lanta : Les Chasseurs d'Immunité,Léa Sahin,18,20,1,0,,0,Femme,0.0,Profil non physique,34-41,34–41 ans
KL27::léa sahin,KL27,Koh-Lanta : Les Chasseurs d'Immunité,Léa Sahin,19,20,1,0,,0,Femme,0.0,Profil non physique,34-41,34–41 ans
KL27::léa sahin,KL27,Koh-Lanta : Les Chasseurs d'Immunité,Léa Sahin,20,20,1,0,,0,Femme,0.0,Profil non physique,34-41,34–41 ans
KL15::mélanie,KL15,Koh-Lanta : Malaisie,Mélanie,1,1,1,1,VOTE_CONSEIL,0,Femme,0.0,Profil non physique,26-33,26–33 ans
KL15::mickaël,KL15,Koh-Lanta : Malaisie,Mickaël,1,2,1,0,,1,Homme,0.0,Profil non physique,42+,42 ans et plus
KL15::mickaël,KL15,Koh-Lanta : Malaisie,Mickaël,2,2,1,1,VOTE_CONSEIL,1,Homme,0.0,Profil non physique,42+,42 ans et plus
KL15::sara [ n 1 ],KL15,Koh-Lanta : Malaisie,Sara [ N 1 ],1,3,1,0,,0,Femme,1.0,Profil physique,42+,42 ans et plus
KL15::sara [ n 1 ],KL15,Koh-Lanta : Malaisie,Sara [ N 1 ],2,3,1,0,,0,Femme,1.0,Profil physique,42+,42 ans et plus
KL15::sara [ n 1 ],KL15,Koh-Lanta : Malaisie,Sara [ N 1 ],3,3,1,1,MEDICAL,0,Femme,1.0,Profil physique,42+,42 ans et plus
KL15::nadine,KL15,Koh-Lanta : Malaisie,Nadine,1,4,1,0,,0,Femme,0.0,Profil non physique,42+,42 ans et plus
KL15::nadine,KL15,Koh-Lanta : Malaisie,Nadine,2,4,1,0,,0,Femme,0.0,Profil non physique,42+,42 ans et plus
KL15::nadine,KL15,Koh-Lanta : Malaisie,Nadine,3,4,1,0,,0,Femme,0.0,Profil non physique,42+,42 ans et plus
KL15::nadine,KL15,Koh-Lanta : Malaisie,Nadine,4,4,1,1,VOTE_CONSEIL,0,Femme,0.0,Profil non physique,42+,42 ans et plus
KL15::élodie,KL15,Koh-Lanta : Malaisie,Élodie,1,5,1,0,,0,Femme,0.0,Profil non physique,34-41,34–41 ans
KL15::élodie,KL15,Koh-Lanta : Malaisie,Élodie,2,5,1,0,,0,Femme,0.0,Profil non physique,34-41,34–41 ans
KL15::élodie,KL15,Koh-Lanta : Malaisie,Élodie,3,5,1,0,,0,Femme,0.0,Profil non physique,34-41,34–41 ans
KL15::élodie,KL15,Koh-Lanta : Malaisie,Élodie,4,5,1,0,,0,Femme,0.0,Profil non physique,34-41,34–41 ans
KL15::élodie,KL15,Koh-Lanta : Malaisie,Élodie,5,5,1,1,VOTE_CONSEIL,0,Femme,0.0,Profil non physique,34-41,34–41 ans
KL15::marie [ n 2 ],KL15,Koh-Lanta : Malaisie,Marie [ N 2 ],1,6,1,0,,0,Femme,0.0,Profil non physique,18-25,18–25 ans
KL15::marie [ n 2 ],KL15,Koh-Lanta : Malaisie,Marie [ N 2 ],2,6,1,0,,0,Femme,0.0,Profil non physique,18-25,18–25 ans
KL15::marie [ n 2 ],KL15,Koh-Lanta : Malaisie,Marie [ N 2 ],3,6,1,0,,0,Femme,0.0,Profil non physique,18-25,18–25 ans
KL15::marie [ n 2 ],KL15,Koh-Lanta : Malaisie,Marie [ N 2 ],4,6,1,0,,0,Femme,0.0,Profil non physique,18-25,18–25 ans
KL15::marie [ n 2 ],KL15,Koh-Lanta : Malaisie,Marie [ N 2 ],5,6,1,0,,0,Femme,0.0,Profil non physique,18-25,18–25 ans
KL15::marie [ n 2 ],KL15,Koh-Lanta : Malaisie,Marie [ N 2 ],6,6,1,1,VOTE_CONSEIL,0,Femme,0.0,Profil non physique,18-25,18–25 ans
KL15::anthony,KL15,Koh-Lanta : Malaisie,Anthony,1,7,1,0,,1,Homme,1.0,Profil physique,18-25,18–25 ans
KL15::anthony,KL15,Koh-Lanta : Malaisie,Anthony,2,7,1,0,,1,Homme,1.0,Profil physique,18-25,18–25 ans
KL15::anthony,KL15,Koh-Lanta : Malaisie,Anthony,3,7,1,0,,1,Homme,1.0,Profil physique,18-25,18–25 ans
KL15::anthony,KL15,Koh-Lanta : Malaisie,Anthony,4,7,1,0,,1,Homme,1.0,Profil physique,18-25,18–25 ans
KL15::anthony,KL15,Koh-Lanta : Malaisie,Anthony,5,7,1,0,,1,Homme,1.0,Profil physique,18-25,18–25 ans
KL15::anthony,KL15,Koh-Lanta : Malaisie,Anthony,6,7,1,0,,1,Homme,1.0,Profil physique,18-25,18–25 ans
KL15::anthony,KL15,Koh-Lanta : Malaisie,Anthony,7,7,1,1,AMBASSADEURS,1,Homme,1.0,Profil physique,18-25,18–25 ans
KL15::javier [ n 3 ],KL15,Koh-Lanta : Malaisie,Javier [ N 3 ],1,8,1,0,,1,Homme,0.0,Profil non physique,34-41,34–41 ans
KL15::javier [ n 3 ],KL15,Koh-Lanta : Malaisie,Javier [ N 3 ],2,8,1,0,,1,Homme,0.0,Profil non physique,34-41,34–41 ans
KL15::javier [ n 3 ],KL15,Koh-Lanta : Malaisie,Javier [ N 3 ],3,8,1,0,,1,Homme,0.0,Profil non physique,34-41,34–41 ans
KL15::javier [ n 3 ],KL15,Koh-Lanta : Malaisie,Javier [ N 3 ],4,8,1,0,,1,Homme,0.0,Profil non physique,34-41,34–41 ans
KL15::javier [ n 3 ],KL15,Koh-Lanta : Malaisie,Javier [ N 3 ],5,8,1,0,,1,Homme,0.0,Profil non physique,34-41,34–41 ans
KL15::javier [ n 3 ],KL15,Koh-Lanta : Malaisie,Javier [ N 3 ],6,8,1,0,,1,Homme,0.0,Profil non physique,34-41,34–41 ans
KL15::javier [ n 3 ],KL15,Koh-Lanta : Malaisie,Javier [ N 3 ],7,8,1,0,,1,Homme,0.0,Profil non physique,34-41,34–41 ans
KL15::javier [ n 3 ],KL15,Koh-Lanta : Malaisie,Javier [ N 3 ],8,8,1,1,VOTE_CONSEIL,1,Homme,0.0,Profil non physique,34-41,34–41 ans
KL15::namadia [ n 4 ],KL15,Koh-Lanta : Malaisie,Namadia [ N 4 ],1,9,1,0,,1,Homme,0.0,Profil non physique,26-33,26–33 ans
KL15::namadia [ n 4 ],KL15,Koh-Lanta : Malaisie,Namadia [ N 4 ],2,9,1,0,,1,Homme,0.0,Profil non physique,26-33,26–33 ans
KL15::namadia [ n 4 ],KL15,Koh-Lanta : Malaisie,Namadia [ N 4 ],3,9,1,0,,1,Homme,0.0,Profil non physique,26-33,26–33 ans
KL15::namadia [ n 4 ],KL15,Koh-Lanta : Malaisie,Namadia [ N 4 ],4,9,1,0,,1,Homme,0.0,Profil non physique,26-33,26–33 ans
KL15::namadia [ n 4 ],KL15,Koh-Lanta : Malaisie,Namadia [ N 4 ],5,9,1,0,,1,Homme,0.0,Profil non physique,26-33,26–33 ans
KL15::namadia [ n 4 ],KL15,Koh-Lanta : Malaisie,Namadia [ N 4 ],6,9,1,0,,1,Homme,0.0,Profil non physique,26-33,26–33 ans
KL15::namadia [ n 4 ],KL15,Koh-Lanta : Malaisie,Namadia [ N 4 ],7,9,1,0,,1,Homme,0.0,Profil non physique,26-33,26–33 ans
KL15::namadia [ n 4 ],KL15,Koh-Lanta : Malaisie,Namadia [ N 4 ],8,9,1,0,,1,Homme,0.0,Profil non physique,26-33,26–33 ans
KL15::namadia [ n 4 ],KL15,Koh-Lanta : Malaisie,Namadia [ N 4 ],9,9,1,1,VOTE_CONSEIL,1,Homme,0.0,Profil non physique,26-33,26–33 ans
KL15::marylou,KL15,Koh-Lanta : Malaisie,Marylou,1,10,1,0,,0,Femme,1.0,Profil physique,18-25,18–25 ans
KL15::marylou,KL15,Koh-Lanta : Malaisie,Marylou,2,10,1,0,,0,Femme,1.0,Profil physique,18-25,18–25 ans
KL15::marylou,KL15,Koh-Lanta : Malaisie,Marylou,3,10,1,0,,0,Femme,1.0,Profil physique,18-25,18–25 ans
KL15::marylou,KL15,Koh-Lanta : Malaisie,Marylou,4,10,1,0,,0,Femme,1.0,Profil physique,18-25,18–25 ans
KL15::marylou,KL15,Koh-Lanta : Malaisie,Marylou,5,10,1,0,,0,Femme,1.0,Profil physique,18-25,18–25 ans
KL15::marylou,KL15,Koh-Lanta : Malaisie,Marylou,6,10,1,0,,0,Femme,1.0,Profil physique,18-25,18–25 ans
KL15::marylou,KL15,Koh-Lanta : Malaisie,Marylou,7,10,1,0,,0,Femme,1.0,Profil physique,18-25,18–25 ans
KL15::marylou,KL15,Koh-Lanta : Malaisie,Marylou,8,10,1,0,,0,Femme,1.0,Profil physique,18-25,18–25 ans
KL15::marylou,KL15,Koh-Lanta : Malaisie,Marylou,9,10,1,0,,0,Femme,1.0,Profil physique,18-25,18–25 ans
KL15::marylou,KL15,Koh-Lanta : Malaisie,Marylou,10,10,1,1,VOTE_CONSEIL,0,Femme,1.0,Profil physique,18-25,18–25 ans
KL15::catherine,KL15,Koh-Lanta : Malaisie,Catherine,1,11,1,0,,0,Femme,0.0,Profil non physique,34-41,34–41 ans
KL15::catherine,KL15,Koh-Lanta : Malaisie,Catherine,2,11,1,0,,0,Femme,0.0,Profil non physique,34-41,34–41 ans
KL15::catherine,KL15,Koh-Lanta : Malaisie,Catherine,3,11,1,0,,0,Femme,0.0,Profil non physique,34-41,34–41 ans
KL15::catherine,KL15,Koh-Lanta : Malaisie,Catherine,4,11,1,0,,0,Femme,0.0,Profil non physique,34-41,34–41 ans
KL15::catherine,KL15,Koh-Lanta : Malaisie,Catherine,5,11,1,0,,0,Femme,0.0,Profil non physique,34-41,34–41 ans
KL15::catherine,KL15,Koh-Lanta : Malaisie,Catherine,6,11,1,0,,0,Femme,0.0,Profil non physique,34-41,34–41 ans
KL15::catherine,KL15,Koh-Lanta : Malaisie,Catherine,7,11,1,0,,0,Femme,0.0,Profil non physique,34-41,34–41 ans
KL15::catherine,KL15,Koh-Lanta : Malaisie,Catherine,8,11,1,0,,0,Femme,0.0,Profil non physique,34-41,34–41 ans
KL15::catherine,KL15,Koh-Lanta : Malaisie,Catherine,9,11,1,0,,0,Femme,0.0,Profil non physique,34-41,34–41 ans
KL15::catherine,KL15,Koh-Lanta : Malaisie,Catherine,10,11,1,0,,0,Femme,0.0,Profil non physique,34-41,34–41 ans
KL15::catherine,KL15,Koh-Lanta : Malaisie,Catherine,11,11,1,1,VOTE_CONSEIL,0,Femme,0.0,Profil non physique,34-41,34–41 ans
KL15::camille,KL15,Koh-Lanta : Malaisie,Camille,1,12,1,0,,0,Femme,0.0,Profil non physique,18-25,18–25 ans
KL15::camille,KL15,Koh-Lanta : Malaisie,Camille,2,12,1,0,,0,Femme,0.0,Profil non physique,18-25,18–25 ans
KL15::camille,KL15,Koh-Lanta : Malaisie,Camille,3,12,1,0,,0,Femme,0.0,Profil non physique,18-25,18–25 ans
KL15::camille,KL15,Koh-Lanta : Malaisie,Camille,4,12,1,0,,0,Femme,0.0,Profil non physique,18-25,18–25 ans
KL15::camille,KL15,Koh-Lanta : Malaisie,Camille,5,12,1,0,,0,Femme,0.0,Profil non physique,18-25,18–25 ans
KL15::camille,KL15,Koh-Lanta : Malaisie,Camille,6,12,1,0,,0,Femme,0.0,Profil non physique,18-25,18–25 ans
KL15::camille,KL15,Koh-Lanta : Malaisie,Camille,7,12,1,0,,0,Femme,0.0,Profil non physique,18-25,18–25 ans
KL15::camille,KL15,Koh-Lanta : Malaisie,Camille,8,12,1,0,,0,Femme,0.0,Profil non physique,18-25,18–25 ans
KL15::camille,KL15,Koh-Lanta : Malaisie,Camille,9,12,1,0,,0,Femme,0.0,Profil non physique,18-25,18–25 ans
KL15::camille,KL15,Koh-Lanta : Malaisie,Camille,10,12,1,0,,0,Femme,0.0,Profil non physique,18-25,18–25 ans
KL15::camille,KL15,Koh-Lanta : Malaisie,Camille,11,12,1,0,,0,Femme,0.0,Profil non physique,18-25,18–25 ans
KL15::camille,KL15,Koh-Lanta : Malaisie,Camille,12,12,1,1,VOTE_CONSEIL,0,Femme,0.0,Profil non physique,18-25,18–25 ans
KL15::charles,KL15,Koh-Lanta : Malaisie,Charles,1,13,1,0,,1,Homme,0.0,Profil non physique,18-25,18–25 ans
KL15::charles,KL15,Koh-Lanta : Malaisie,Charles,2,13,1,0,,1,Homme,0.0,Profil non physique,18-25,18–25 ans
KL15::charles,KL15,Koh-Lanta : Malaisie,Charles,3,13,1,0,,1,Homme,0.0,Profil non physique,18-25,18–25 ans
KL15::charles,KL15,Koh-Lanta : Malaisie,Charles,4,13,1,0,,1,Homme,0.0,Profil non physique,18-25,18–25 ans
KL15::charles,KL15,Koh-Lanta : Malaisie,Charles,5,13,1,0,,1,Homme,0.0,Profil non physique,18-25,18–25 ans
KL15::charles,KL15,Koh-Lanta : Malaisie,Charles,6,13,1,0,,1,Homme,0.0,Profil non physique,18-25,18–25 ans
KL15::charles,KL15,Koh-Lanta : Malaisie,Charles,7,13,1,0,,1,Homme,0.0,Profil non physique,18-25,18–25 ans
KL15::charles,KL15,Koh-Lanta : Malaisie,Charles,8,13,1,0,,1,Homme,0.0,Profil non physique,18-25,18–25 ans
KL15::charles,KL15,Koh-Lanta : Malaisie,Charles,9,13,1,0,,1,Homme,0.0,Profil non physique,18-25,18–25 ans
KL15::charles,KL15,Koh-Lanta : Malaisie,Charles,10,13,1,0,,1,Homme,0.0,Profil non physique,18-25,18–25 ans
KL15::charles,KL15,Koh-Lanta : Malaisie,Charles,11,13,1,0,,1,Homme,0.0,Profil non physique,18-25,18–25 ans
KL15::charles,KL15,Koh-Lanta : Malaisie,Charles,12,13,1,0,,1,Homme,0.0,Profil non physique,18-25,18–25 ans
KL15::charles,KL15,Koh-Lanta : Malaisie,Charles,13,13,1,1,MEDICAL,1,Homme,0.0,Profil non physique,18-25,18–25 ans
KL15::thierry,KL15,Koh-Lanta : Malaisie,Thierry,1,14,1,0,,1,Homme,0.0,Profil non physique,42+,42 ans et plus
KL15::thierry,KL15,Koh-Lanta : Malaisie,Thierry,2,14,1,0,,1,Homme,0.0,Profil non physique,42+,42 ans et plus
KL15::thierry,KL15,Koh-Lanta : Malaisie,Thierry,3,14,1,0,,1,Homme,0.0,Profil non physique,42+,42 ans et plus
KL15::thierry,KL15,Koh-Lanta : Malaisie,Thierry,4,14,1,0,,1,Homme,0.0,Profil non physique,42+,42 ans et plus
KL15::thierry,KL15,Koh-Lanta : Malaisie,Thierry,5,14,1,0,,1,Homme,0.0,Profil non physique,42+,42 ans et plus
KL15::thierry,KL15,Koh-Lanta : Malaisie,Thierry,6,14,1,0,,1,Homme,0.0,Profil non physique,42+,42 ans et plus
KL15::thierry,KL15,Koh-Lanta : Malaisie,Thierry,7,14,1,0,,1,Homme,0.0,Profil non physique,42+,42 ans et plus
KL15::thierry,KL15,Koh-Lanta : Malaisie,Thierry,8,14,1,0,,1,Homme,0.0,Profil non physique,42+,42 ans et plus
KL15::thierry,KL15,Koh-Lanta : Malaisie,Thierry,9,14,1,0,,1,Homme,0.0,Profil non physique,42+,42 ans et plus
KL15::thierry,KL15,Koh-Lanta : Malaisie,Thierry,10,14,1,0,,1,Homme,0.0,Profil non physique,42+,42 ans et plus
KL15::thierry,KL15,Koh-Lanta : Malaisie,Thierry,11,14,1,0,,1,Homme,0.0,Profil non physique,42+,42 ans et plus
KL15::thierry,KL15,Koh-Lanta : Malaisie,Thierry,12,14,1,0,,1,Homme,0.0,Profil non physique,42+,42 ans et plus
KL15::thierry,KL15,Koh-Lanta : Malaisie,Thierry,13,14,1,0,,1,Homme,0.0,Profil non physique,42+,42 ans et plus
KL15::thierry,KL15,Koh-Lanta : Malaisie,Thierry,14,14,1,1,VOTE_CONSEIL,1,Homme,0.0,Profil non physique,42+,42 ans et plus
KL15::myriam,KL15,Koh-Lanta : Malaisie,Myriam,1,15,1,0,,0,Femme,0.0,Profil non physique,34-41,34–41 ans
KL15::myriam,KL15,Koh-Lanta : Malaisie,Myriam,2,15,1,0,,0,Femme,0.0,Profil non physique,34-41,34–41 ans
KL15::myriam,KL15,Koh-Lanta : Malaisie,Myriam,3,15,1,0,,0,Femme,0.0,Profil non physique,34-41,34–41 ans
KL15::myriam,KL15,Koh-Lanta : Malaisie,Myriam,4,15,1,0,,0,Femme,0.0,Profil non physique,34-41,34–41 ans
KL15::myriam,KL15,Koh-Lanta : Malaisie,Myriam,5,15,1,0,,0,Femme,0.0,Profil non physique,34-41,34–41 ans
KL15::myriam,KL15,Koh-Lanta : Malaisie,Myriam,6,15,1,0,,0,Femme,0.0,Profil non physique,34-41,34–41 ans
KL15::myriam,KL15,Koh-Lanta : Malaisie,Myriam,7,15,1,0,,0,Femme,0.0,Profil non physique,34-41,34–41 ans
KL15::myriam,KL15,Koh-Lanta : Malaisie,Myriam,8,15,1,0,,0,Femme,0.0,Profil non physique,34-41,34–41 ans
KL15::myriam,KL15,Koh-Lanta : Malaisie,Myriam,9,15,1,0,,0,Femme,0.0,Profil non physique,34-41,34–41 ans
KL15::myriam,KL15,Koh-Lanta : Malaisie,Myriam,10,15,1,0,,0,Femme,0.0,Profil non physique,34-41,34–41 ans
KL15::myriam,KL15,Koh-Lanta : Malaisie,Myriam,11,15,1,0,,0,Femme,0.0,Profil non physique,34-41,34–41 ans
KL15::myriam,KL15,Koh-Lanta : Malaisie,Myriam,12,15,1,0,,0,Femme,0.0,Profil non physique,34-41,34–41 ans
KL15::myriam,KL15,Koh-Lanta : Malaisie,Myriam,13,15,1,0,,0,Femme,0.0,Profil non physique,34-41,34–41 ans
KL15::myriam,KL15,Koh-Lanta : Malaisie,Myriam,14,15,1,0,,0,Femme,0.0,Profil non physique,34-41,34–41 ans
KL15::myriam,KL15,Koh-Lanta : Malaisie,Myriam,15,15,1,1,VOTE_CONSEIL,0,Femme,0.0,Profil non physique,34-41,34–41 ans
KL15::bernard,KL15,Koh-Lanta : Malaisie,Bernard,1,16,1,0,,1,Homme,0.0,Profil non physique,42+,42 ans et plus
KL15::bernard,KL15,Koh-Lanta : Malaisie,Bernard,2,16,1,0,,1,Homme,0.0,Profil non physique,42+,42 ans et plus
KL15::bernard,KL15,Koh-Lanta : Malaisie,Bernard,3,16,1,0,,1,Homme,0.0,Profil non physique,42+,42 ans et plus
KL15::bernard,KL15,Koh-Lanta : Malaisie,Bernard,4,16,1,0,,1,Homme,0.0,Profil non physique,42+,42 ans et plus
KL15::bernard,KL15,Koh-Lanta : Malaisie,Bernard,5,16,1,0,,1,Homme,0.0,Profil non physique,42+,42 ans et plus
KL15::bernard,KL15,Koh-Lanta : Malaisie,Bernard,6,16,1,0,,1,Homme,0.0,Profil non physique,42+,42 ans et plus
KL15::bernard,KL15,Koh-Lanta : Malaisie,Bernard,7,16,1,0,,1,Homme,0.0,Profil non physique,42+,42 ans et plus
KL15::bernard,KL15,Koh-Lanta : Malaisie,Bernard,8,16,1,0,,1,Homme,0.0,Profil non physique,42+,42 ans et plus
KL15::bernard,KL15,Koh-Lanta : Malaisie,Bernard,9,16,1,0,,1,Homme,0.0,Profil non physique,42+,42 ans et plus
KL15::bernard,KL15,Koh-Lanta : Malaisie,Bernard,10,16,1,0,,1,Homme,0.0,Profil non physique,42+,42 ans et plus
KL15::bernard,KL15,Koh-Lanta : Malaisie,Bernard,11,16,1,0,,1,Homme,0.0,Profil non physique,42+,42 ans et plus
KL15::bernard,KL15,Koh-Lanta : Malaisie,Bernard,12,16,1,0,,1,Homme,0.0,Profil non physique,42+,42 ans et plus
KL15::bernard,KL15,Koh-Lanta : Malaisie,Bernard,13,16,1,0,,1,Homme,0.0,Profil non physique,42+,42 ans et plus
KL15::bernard,KL15,Koh-Lanta : Malaisie,Bernard,14,16,1,0,,1,Homme,0.0,Profil non physique,42+,42 ans et plus
KL15::bernard,KL15,Koh-Lanta : Malaisie,Bernard,15,16,1,0,,1,Homme,0.0,Profil non physique,42+,42 ans et plus
KL15::bernard,KL15,Koh-Lanta : Malaisie,Bernard,16,16,1,1,FINALE_ORIENTATION,1,Homme,0.0,Profil non physique,42+,42 ans et plus
KL15::philippe [ n 5 ],KL15,Koh-Lanta : Malaisie,Philippe [ N 5 ],1,17,1,0,,1,Homme,0.0,Profil non physique,34-41,34–41 ans
KL15::philippe [ n 5 ],KL15,Koh-Lanta : Malaisie,Philippe [ N 5 ],2,17,1,0,,1,Homme,0.0,Profil non physique,34-41,34–41 ans
KL15::philippe [ n 5 ],KL15,Koh-Lanta : Malaisie,Philippe [ N 5 ],3,17,1,0,,1,Homme,0.0,Profil non physique,34-41,34–41 ans
KL15::philippe [ n 5 ],KL15,Koh-Lanta : Malaisie,Philippe [ N 5 ],4,17,1,0,,1,Homme,0.0,Profil non physique,34-41,34–41 ans
KL15::philippe [ n 5 ],KL15,Koh-Lanta : Malaisie,Philippe [ N 5 ],5,17,1,0,,1,Homme,0.0,Profil non physique,34-41,34–41 ans
KL15::philippe [ n 5 ],KL15,Koh-Lanta : Malaisie,Philippe [ N 5 ],6,17,1,0,,1,Homme,0.0,Profil non physique,34-41,34–41 ans
KL15::philippe [ n 5 ],KL15,Koh-Lanta : Malaisie,Philippe [ N 5 ],7,17,1,0,,1,Homme,0.0,Profil non physique,34-41,34–41 ans
KL15::philippe [ n 5 ],KL15,Koh-Lanta : Malaisie,Philippe [ N 5 ],8,17,1,0,,1,Homme,0.0,Profil non physique,34-41,34–41 ans
KL15::philippe [ n 5 ],KL15,Koh-Lanta : Malaisie,Philippe [ N 5 ],9,17,1,0,,1,Homme,0.0,Profil non physique,34-41,34–41 ans
KL15::philippe [ n 5 ],KL15,Koh-Lanta : Malaisie,Philippe [ N 5 ],10,17,1,0,,1,Homme,0.0,Profil non physique,34-41,34–41 ans
KL15::philippe [ n 5 ],KL15,Koh-Lanta : Malaisie,Philippe [ N 5 ],11,17,1,0,,1,Homme,0.0,Profil non physique,34-41,34–41 ans
KL15::philippe [ n 5 ],KL15,Koh-Lanta : Malaisie,Philippe [ N 5 ],12,17,1,0,,1,Homme,0.0,Profil non physique,34-41,34–41 ans
KL15::philippe [ n 5 ],KL15,Koh-Lanta : Malaisie,Philippe [ N 5 ],13,17,1,0,,1,Homme,0.0,Profil non physique,34-41,34–41 ans
KL15::philippe [ n 5 ],KL15,Koh-Lanta : Malaisie,Philippe [ N 5 ],14,17,1,0,,1,Homme,0.0,Profil non physique,34-41,34–41 ans
KL15::philippe [ n 5 ],KL15,Koh-Lanta : Malaisie,Philippe [ N 5 ],15,17,1,0,,1,Homme,0.0,Profil non physique,34-41,34–41 ans
KL15::philippe [ n 5 ],KL15,Koh-Lanta : Malaisie,Philippe [ N 5 ],16,17,1,0,,1,Homme,0.0,Profil non physique,34-41,34–41 ans
KL15::philippe [ n 5 ],KL15,Koh-Lanta : Malaisie,Philippe [ N 5 ],17,17,1,1,FINALE_ORIENTATION,1,Homme,0.0,Profil non physique,34-41,34–41 ans
KL15::vanessa,KL15,Koh-Lanta : Malaisie,Vanessa,1,18,1,0,,0,Femme,0.0,Profil non physique,34-41,34–41 ans
KL15::vanessa,KL15,Koh-Lanta : Malaisie,Vanessa,2,18,1,0,,0,Femme,0.0,Profil non physique,34-41,34–41 ans
KL15::vanessa,KL15,Koh-Lanta : Malaisie,Vanessa,3,18,1,0,,0,Femme,0.0,Profil non physique,34-41,34–41 ans
KL15::vanessa,KL15,Koh-Lanta : Malaisie,Vanessa,4,18,1,0,,0,Femme,0.0,Profil non physique,34-41,34–41 ans
KL15::vanessa,KL15,Koh-Lanta : Malaisie,Vanessa,5,18,1,0,,0,Femme,0.0,Profil non physique,34-41,34–41 ans
KL15::vanessa,KL15,Koh-Lanta : Malaisie,Vanessa,6,18,1,0,,0,Femme,0.0,Profil non physique,34-41,34–41 ans
KL15::vanessa,KL15,Koh-Lanta : Malaisie,Vanessa,7,18,1,0,,0,Femme,0.0,Profil non physique,34-41,34–41 ans
KL15::vanessa,KL15,Koh-Lanta : Malaisie,Vanessa,8,18,1,0,,0,Femme,0.0,Profil non physique,34-41,34–41 ans
KL15::vanessa,KL15,Koh-Lanta : Malaisie,Vanessa,9,18,1,0,,0,Femme,0.0,Profil non physique,34-41,34–41 ans
KL15::vanessa,KL15,Koh-Lanta : Malaisie,Vanessa,10,18,1,0,,0,Femme,0.0,Profil non physique,34-41,34–41 ans
KL15::vanessa,KL15,Koh-Lanta : Malaisie,Vanessa,11,18,1,0,,0,Femme,0.0,Profil non physique,34-41,34–41 ans
KL15::vanessa,KL15,Koh-Lanta : Malaisie,Vanessa,12,18,1,0,,0,Femme,0.0,Profil non physique,34-41,34–41 ans
KL15::vanessa,KL15,Koh-Lanta : Malaisie,Vanessa,13,18,1,0,,0,Femme,0.0,Profil non physique,34-41,34–41 ans
KL15::vanessa,KL15,Koh-Lanta : Malaisie,Vanessa,14,18,1,0,,0,Femme,0.0,Profil non physique,34-41,34–41 ans
KL15::vanessa,KL15,Koh-Lanta : Malaisie,Vanessa,15,18,1,0,,0,Femme,0.0,Profil non physique,34-41,34–41 ans
KL15::vanessa,KL15,Koh-Lanta : Malaisie,Vanessa,16,18,1,0,,0,Femme,0.0,Profil non physique,34-41,34–41 ans
KL15::vanessa,KL15,Koh-Lanta : Malaisie,Vanessa,17,18,1,0,,0,Femme,0.0,Profil non physique,34-41,34–41 ans
KL15::vanessa,KL15,Koh-Lanta : Malaisie,Vanessa,18,18,1,1,FINALE_POTEAUX,0,Femme,0.0,Profil non physique,34-41,34–41 ans
KL15::brice [ n 6 ],KL15,Koh-Lanta : Malaisie,Brice [ N 6 ],1,19,1,0,,1,Homme,0.0,Profil non physique,26-33,26–33 ans
KL15::brice [ n 6 ],KL15,Koh-Lanta : Malaisie,Brice [ N 6 ],2,19,1,0,,1,Homme,0.0,Profil non physique,26-33,26–33 ans
KL15::brice [ n 6 ],KL15,Koh-Lanta : Malaisie,Brice [ N 6 ],3,19,1,0,,1,Homme,0.0,Profil non physique,26-33,26–33 ans
KL15::brice [ n 6 ],KL15,Koh-Lanta : Malaisie,Brice [ N 6 ],4,19,1,0,,1,Homme,0.0,Profil non physique,26-33,26–33 ans
KL15::brice [ n 6 ],KL15,Koh-Lanta : Malaisie,Brice [ N 6 ],5,19,1,0,,1,Homme,0.0,Profil non physique,26-33,26–33 ans
KL15::brice [ n 6 ],KL15,Koh-Lanta : Malaisie,Brice [ N 6 ],6,19,1,0,,1,Homme,0.0,Profil non physique,26-33,26–33 ans
KL15::brice [ n 6 ],KL15,Koh-Lanta : Malaisie,Brice [ N 6 ],7,19,1,0,,1,Homme,0.0,Profil non physique,26-33,26–33 ans
KL15::brice [ n 6 ],KL15,Koh-Lanta : Malaisie,Brice [ N 6 ],8,19,1,0,,1,Homme,0.0,Profil non physique,26-33,26–33 ans
KL15::brice [ n 6 ],KL15,Koh-Lanta : Malaisie,Brice [ N 6 ],9,19,1,0,,1,Homme,0.0,Profil non physique,26-33,26–33 ans
KL15::brice [ n 6 ],KL15,Koh-Lanta : Malaisie,Brice [ N 6 ],10,19,1,0,,1,Homme,0.0,Profil non physique,26-33,26–33 ans
KL15::brice [ n 6 ],KL15,Koh-Lanta : Malaisie,Brice [ N 6 ],11,19,1,0,,1,Homme,0.0,Profil non physique,26-33,26–33 ans
KL15::brice [ n 6 ],KL15,Koh-Lanta : Malaisie,Brice [ N 6 ],12,19,1,0,,1,Homme,0.0,Profil non physique,26-33,26–33 ans
KL15::brice [ n 6 ],KL15,Koh-Lanta : Malaisie,Brice [ N 6 ],13,19,1,0,,1,Homme,0.0,Profil non physique,26-33,26–33 ans
KL15::brice [ n 6 ],KL15,Koh-Lanta : Malaisie,Brice [ N 6 ],14,19,1,0,,1,Homme,0.0,Profil non physique,26-33,26–33 ans
KL15::brice [ n 6 ],KL15,Koh-Lanta : Malaisie,Brice [ N 6 ],15,19,1,0,,1,Homme,0.0,Profil non physique,26-33,26–33 ans
KL15::brice [ n 6 ],KL15,Koh-Lanta : Malaisie,Brice [ N 6 ],16,19,1,0,,1,Homme,0.0,Profil non physique,26-33,26–33 ans
KL15::brice [ n 6 ],KL15,Koh-Lanta : Malaisie,Brice [ N 6 ],17,19,1,0,,1,Homme,0.0,Profil non physique,26-33,26–33 ans
KL15::brice [ n 6 ],KL15,Koh-Lanta : Malaisie,Brice [ N 6 ],18,19,1,0,,1,Homme,0.0,Profil non physique,26-33,26–33 ans
KL15::brice [ n 6 ],KL15,Koh-Lanta : Malaisie,Brice [ N 6 ],19,19,1,1,JURY_FINAL_DECISION,1,Homme,0.0,Profil non physique,26-33,26–33 ans
KL15::ugo [ n 7 ],KL15,Koh-Lanta : Malaisie,Ugo [ N 7 ],1,20,1,0,,1,Homme,0.0,Profil non physique,26-33,26–33 ans
KL15::ugo [ n 7 ],KL15,Koh-Lanta : Malaisie,Ugo [ N 7 ],2,20,1,0,,1,Homme,0.0,Profil non physique,26-33,26–33 ans
KL15::ugo [ n 7 ],KL15,Koh-Lanta : Malaisie,Ugo [ N 7 ],3,20,1,0,,1,Homme,0.0,Profil non physique,26-33,26–33 ans
KL15::ugo [ n 7 ],KL15,Koh-Lanta : Malaisie,Ugo [ N 7 ],4,20,1,0,,1,Homme,0.0,Profil non physique,26-33,26–33 ans
KL15::ugo [ n 7 ],KL15,Koh-Lanta : Malaisie,Ugo [ N 7 ],5,20,1,0,,1,Homme,0.0,Profil non physique,26-33,26–33 ans
KL15::ugo [ n 7 ],KL15,Koh-Lanta : Malaisie,Ugo [ N 7 ],6,20,1,0,,1,Homme,0.0,Profil non physique,26-33,26–33 ans
KL15::ugo [ n 7 ],KL15,Koh-Lanta : Malaisie,Ugo [ N 7 ],7,20,1,0,,1,Homme,0.0,Profil non physique,26-33,26–33 ans
KL15::ugo [ n 7 ],KL15,Koh-Lanta : Malaisie,Ugo [ N 7 ],8,20,1,0,,1,Homme,0.0,Profil non physique,26-33,26–33 ans
KL15::ugo [ n 7 ],KL15,Koh-Lanta : Malaisie,Ugo [ N 7 ],9,20,1,0,,1,Homme,0.0,Profil non physique,26-33,26–33 ans
KL15::ugo [ n 7 ],KL15,Koh-Lanta : Malaisie,Ugo [ N 7 ],10,20,1,0,,1,Homme,0.0,Profil non physique,26-33,26–33 ans
KL15::ugo [ n 7 ],KL15,Koh-Lanta : Malaisie,Ugo [ N 7 ],11,20,1,0,,1,Homme,0.0,Profil non physique,26-33,26–33 ans
KL15::ugo [ n 7 ],KL15,Koh-Lanta : Malaisie,Ugo [ N 7 ],12,20,1,0,,1,Homme,0.0,Profil non physique,26-33,26–33 ans
KL15::ugo [ n 7 ],KL15,Koh-Lanta : Malaisie,Ugo [ N 7 ],13,20,1,0,,1,Homme,0.0,Profil non physique,26-33,26–33 ans
KL15::ugo [ n 7 ],KL15,Koh-Lanta : Malaisie,Ugo [ N 7 ],14,20,1,0,,1,Homme,0.0,Profil non physique,26-33,26–33 ans
KL15::ugo [ n 7 ],KL15,Koh-Lanta : Malaisie,Ugo [ N 7 ],15,20,1,0,,1,Homme,0.0,Profil non physique,26-33,26–33 ans
KL15::ugo [ n 7 ],KL15,Koh-Lanta : Malaisie,Ugo [ N 7 ],16,20,1,0,,1,Homme,0.0,Profil non physique,26-33,26–33 ans
KL15::ugo [ n 7 ],KL15,Koh-Lanta : Malaisie,Ugo [ N 7 ],17,20,1,0,,1,Homme,0.0,Profil non physique,26-33,26–33 ans
KL15::ugo [ n 7 ],KL15,Koh-Lanta : Malaisie,Ugo [ N 7 ],18,20,1,0,,1,Homme,0.0,Profil non physique,26-33,26–33 ans
KL15::ugo [ n 7 ],KL15,Koh-Lanta : Malaisie,Ugo [ N 7 ],19,20,1,0,,1,Homme,0.0,Profil non physique,26-33,26–33 ans
KL15::ugo [ n 7 ],KL15,Koh-Lanta : Malaisie,Ugo [ N 7 ],20,20,1,0,,1,Homme,0.0,Profil non physique,26-33,26–33 ans
KL02::xavier,KL02,KL KL02,Xavier,1,1,1,1,MEDICAL,1,Homme,0.0,Profil non physique,26-33,26–33 ans
KL02::caroline mercier,KL02,KL KL02,Caroline Mercier,1,2,1,0,,0,Femme,0.0,Profil non physique,26-33,26–33 ans
KL02::caroline mercier,KL02,KL KL02,Caroline Mercier,2,2,1,1,VOTE_CONSEIL,0,Femme,0.0,Profil non physique,26-33,26–33 ans
KL02::céline genty,KL02,KL KL02,Céline Genty,1,4,1,0,,0,Femme,0.0,Profil non physique,26-33,26–33 ans
KL02::céline genty,KL02,KL KL02,Céline Genty,2,4,1,0,,0,Femme,0.0,Profil non physique,26-33,26–33 ans
KL02::céline genty,KL02,KL KL02,Céline Genty,3,4,1,0,,0,Femme,0.0,Profil non physique,26-33,26–33 ans
KL02::céline genty,KL02,KL KL02,Céline Genty,4,4,1,1,VOTE_CONSEIL,0,Femme,0.0,Profil non physique,26-33,26–33 ans
KL02::nelly,KL02,KL KL02,Nelly,1,5,1,0,,0,Femme,0.0,Profil non physique,18-25,18–25 ans
KL02::nelly,KL02,KL KL02,Nelly,2,5,1,0,,0,Femme,0.0,Profil non physique,18-25,18–25 ans
KL02::nelly,KL02,KL KL02,Nelly,3,5,1,0,,0,Femme,0.0,Profil non physique,18-25,18–25 ans
KL02::nelly,KL02,KL KL02,Nelly,4,5,1,0,,0,Femme,0.0,Profil non physique,18-25,18–25 ans
KL02::nelly,KL02,KL KL02,Nelly,5,5,1,1,VOTE_CONSEIL,0,Femme,0.0,Profil non physique,18-25,18–25 ans
KL02::pierre,KL02,KL KL02,Pierre,1,6,1,0,,1,Homme,0.0,Profil non physique,18-25,18–25 ans
KL02::pierre,KL02,KL KL02,Pierre,2,6,1,0,,1,Homme,0.0,Profil non physique,18-25,18–25 ans
KL02::pierre,KL02,KL KL02,Pierre,3,6,1,0,,1,Homme,0.0,Profil non physique,18-25,18–25 ans
KL02::pierre,KL02,KL KL02,Pierre,4,6,1,0,,1,Homme,0.0,Profil non physique,18-25,18–25 ans
KL02::pierre,KL02,KL KL02,Pierre,5,6,1,0,,1,Homme,0.0,Profil non physique,18-25,18–25 ans
KL02::pierre,KL02,KL KL02,Pierre,6,6,1,1,VOTE_CONSEIL,1,Homme,0.0,Profil non physique,18-25,18–25 ans
KL02::jacky,KL02,KL KL02,Jacky,1,7,1,0,,1,Homme,0.0,Profil non physique,42+,42 ans et plus
KL02::jacky,KL02,KL KL02,Jacky,2,7,1,0,,1,Homme,0.0,Profil non physique,42+,42 ans et plus
KL02::jacky,KL02,KL KL02,Jacky,3,7,1,0,,1,Homme,0.0,Profil non physique,42+,42 ans et plus
KL02::jacky,KL02,KL KL02,Jacky,4,7,1,0,,1,Homme,0.0,Profil non physique,42+,42 ans et plus
KL02::jacky,KL02,KL KL02,Jacky,5,7,1,0,,1,Homme,0.0,Profil non physique,42+,42 ans et plus
KL02::jacky,KL02,KL KL02,Jacky,6,7,1,0,,1,Homme,0.0,Profil non physique,42+,42 ans et plus
KL02::jacky,KL02,KL KL02,Jacky,7,7,1,1,VOTE_CONSEIL,1,Homme,0.0,Profil non physique,42+,42 ans et plus
KL02::adonis,KL02,KL KL02,Adonis,1,9,1,0,,1,Homme,0.0,Profil non physique,26-33,26–33 ans
KL02::adonis,KL02,KL KL02,Adonis,2,9,1,0,,1,Homme,0.0,Profil non physique,26-33,26–33 ans
KL02::adonis,KL02,KL KL02,Adonis,3,9,1,0,,1,Homme,0.0,Profil non physique,26-33,26–33 ans
KL02::adonis,KL02,KL KL02,Adonis,4,9,1,0,,1,Homme,0.0,Profil non physique,26-33,26–33 ans
KL02::adonis,KL02,KL KL02,Adonis,5,9,1,0,,1,Homme,0.0,Profil non physique,26-33,26–33 ans
KL02::adonis,KL02,KL KL02,Adonis,6,9,1,0,,1,Homme,0.0,Profil non physique,26-33,26–33 ans
KL02::adonis,KL02,KL KL02,Adonis,7,9,1,0,,1,Homme,0.0,Profil non physique,26-33,26–33 ans
KL02::adonis,KL02,KL KL02,Adonis,8,9,1,0,,1,Homme,0.0,Profil non physique,26-33,26–33 ans
KL02::adonis,KL02,KL KL02,Adonis,9,9,1,1,VOTE_CONSEIL,1,Homme,0.0,Profil non physique,26-33,26–33 ans
KL02::jimmy,KL02,KL KL02,Jimmy,1,10,1,0,,1,Homme,0.0,Profil non physique,26-33,26–33 ans
KL02::jimmy,KL02,KL KL02,Jimmy,2,10,1,0,,1,Homme,0.0,Profil non physique,26-33,26–33 ans
KL02::jimmy,KL02,KL KL02,Jimmy,3,10,1,0,,1,Homme,0.0,Profil non physique,26-33,26–33 ans
KL02::jimmy,KL02,KL KL02,Jimmy,4,10,1,0,,1,Homme,0.0,Profil non physique,26-33,26–33 ans
KL02::jimmy,KL02,KL KL02,Jimmy,5,10,1,0,,1,Homme,0.0,Profil non physique,26-33,26–33 ans
KL02::jimmy,KL02,KL KL02,Jimmy,6,10,1,0,,1,Homme,0.0,Profil non physique,26-33,26–33 ans
KL02::jimmy,KL02,KL KL02,Jimmy,7,10,1,0,,1,Homme,0.0,Profil non physique,26-33,26–33 ans
KL02::jimmy,KL02,KL KL02,Jimmy,8,10,1,0,,1,Homme,0.0,Profil non physique,26-33,26–33 ans
KL02::jimmy,KL02,KL KL02,Jimmy,9,10,1,0,,1,Homme,0.0,Profil non physique,26-33,26–33 ans
KL02::jimmy,KL02,KL KL02,Jimmy,10,10,1,1,VOTE_CONSEIL,1,Homme,0.0,Profil non physique,26-33,26–33 ans
KL02::béatrice,KL02,KL KL02,Béatrice,1,11,1,0,,0,Femme,0.0,Profil non physique,18-25,18–25 ans
KL02::béatrice,KL02,KL KL02,Béatrice,2,11,1,0,,0,Femme,0.0,Profil non physique,18-25,18–25 ans
KL02::béatrice,KL02,KL KL02,Béatrice,3,11,1,0,,0,Femme,0.0,Profil non physique,18-25,18–25 ans
KL02::béatrice,KL02,KL KL02,Béatrice,4,11,1,0,,0,Femme,0.0,Profil non physique,18-25,18–25 ans
KL02::béatrice,KL02,KL KL02,Béatrice,5,11,1,0,,0,Femme,0.0,Profil non physique,18-25,18–25 ans
KL02::béatrice,KL02,KL KL02,Béatrice,6,11,1,0,,0,Femme,0.0,Profil non physique,18-25,18–25 ans
KL02::béatrice,KL02,KL KL02,Béatrice,7,11,1,0,,0,Femme,0.0,Profil non physique,18-25,18–25 ans
KL02::béatrice,KL02,KL KL02,Béatrice,8,11,1,0,,0,Femme,0.0,Profil non physique,18-25,18–25 ans
KL02::béatrice,KL02,KL KL02,Béatrice,9,11,1,0,,0,Femme,0.0,Profil non physique,18-25,18–25 ans
KL02::béatrice,KL02,KL KL02,Béatrice,10,11,1,0,,0,Femme,0.0,Profil non physique,18-25,18–25 ans
KL02::béatrice,KL02,KL KL02,Béatrice,11,11,1,1,VOTE_CONSEIL,0,Femme,0.0,Profil non physique,18-25,18–25 ans
KL02::françois-xavier,KL02,KL KL02,François-Xavier,1,12,1,0,,1,Homme,0.0,Profil non physique,34-41,34–41 ans
KL02::françois-xavier,KL02,KL KL02,François-Xavier,2,12,1,0,,1,Homme,0.0,Profil non physique,34-41,34–41 ans
KL02::françois-xavier,KL02,KL KL02,François-Xavier,3,12,1,0,,1,Homme,0.0,Profil non physique,34-41,34–41 ans
KL02::françois-xavier,KL02,KL KL02,François-Xavier,4,12,1,0,,1,Homme,0.0,Profil non physique,34-41,34–41 ans
KL02::françois-xavier,KL02,KL KL02,François-Xavier,5,12,1,0,,1,Homme,0.0,Profil non physique,34-41,34–41 ans
KL02::françois-xavier,KL02,KL KL02,François-Xavier,6,12,1,0,,1,Homme,0.0,Profil non physique,34-41,34–41 ans
KL02::françois-xavier,KL02,KL KL02,François-Xavier,7,12,1,0,,1,Homme,0.0,Profil non physique,34-41,34–41 ans
KL02::françois-xavier,KL02,KL KL02,François-Xavier,8,12,1,0,,1,Homme,0.0,Profil non physique,34-41,34–41 ans
KL02::françois-xavier,KL02,KL KL02,François-Xavier,9,12,1,0,,1,Homme,0.0,Profil non physique,34-41,34–41 ans
KL02::françois-xavier,KL02,KL KL02,François-Xavier,10,12,1,0,,1,Homme,0.0,Profil non physique,34-41,34–41 ans
KL02::françois-xavier,KL02,KL KL02,François-Xavier,11,12,1,0,,1,Homme,0.0,Profil non physique,34-41,34–41 ans
KL02::françois-xavier,KL02,KL KL02,François-Xavier,12,12,1,1,VOTE_CONSEIL,1,Homme,0.0,Profil non physique,34-41,34–41 ans
KL02::isabelle,KL02,KL KL02,Isabelle,1,14,1,0,,0,Femme,0.0,Profil non physique,18-25,18–25 ans
KL02::isabelle,KL02,KL KL02,Isabelle,2,14,1,0,,0,Femme,0.0,Profil non physique,18-25,18–25 ans
KL02::isabelle,KL02,KL KL02,Isabelle,3,14,1,0,,0,Femme,0.0,Profil non physique,18-25,18–25 ans
KL02::isabelle,KL02,KL KL02,Isabelle,4,14,1,0,,0,Femme,0.0,Profil non physique,18-25,18–25 ans
KL02::isabelle,KL02,KL KL02,Isabelle,5,14,1,0,,0,Femme,0.0,Profil non physique,18-25,18–25 ans
KL02::isabelle,KL02,KL KL02,Isabelle,6,14,1,0,,0,Femme,0.0,Profil non physique,18-25,18–25 ans
KL02::isabelle,KL02,KL KL02,Isabelle,7,14,1,0,,0,Femme,0.0,Profil non physique,18-25,18–25 ans
KL02::isabelle,KL02,KL KL02,Isabelle,8,14,1,0,,0,Femme,0.0,Profil non physique,18-25,18–25 ans
KL02::isabelle,KL02,KL KL02,Isabelle,9,14,1,0,,0,Femme,0.0,Profil non physique,18-25,18–25 ans
KL02::isabelle,KL02,KL KL02,Isabelle,10,14,1,0,,0,Femme,0.0,Profil non physique,18-25,18–25 ans
KL02::isabelle,KL02,KL KL02,Isabelle,11,14,1,0,,0,Femme,0.0,Profil non physique,18-25,18–25 ans
KL02::isabelle,KL02,KL KL02,Isabelle,12,14,1,0,,0,Femme,0.0,Profil non physique,18-25,18–25 ans
KL02::isabelle,KL02,KL KL02,Isabelle,13,14,1,0,,0,Femme,0.0,Profil non physique,18-25,18–25 ans
KL02::isabelle,KL02,KL KL02,Isabelle,14,14,1,1,VOTE_CONSEIL,0,Femme,0.0,Profil non physique,18-25,18–25 ans
KL02::maud,KL02,KL KL02,Maud,1,15,1,0,,0,Femme,0.0,Profil non physique,34-41,34–41 ans
KL02::maud,KL02,KL KL02,Maud,2,15,1,0,,0,Femme,0.0,Profil non physique,34-41,34–41 ans
KL02::maud,KL02,KL KL02,Maud,3,15,1,0,,0,Femme,0.0,Profil non physique,34-41,34–41 ans
KL02::maud,KL02,KL KL02,Maud,4,15,1,0,,0,Femme,0.0,Profil non physique,34-41,34–41 ans
KL02::maud,KL02,KL KL02,Maud,5,15,1,0,,0,Femme,0.0,Profil non physique,34-41,34–41 ans
KL02::maud,KL02,KL KL02,Maud,6,15,1,0,,0,Femme,0.0,Profil non physique,34-41,34–41 ans
KL02::maud,KL02,KL KL02,Maud,7,15,1,0,,0,Femme,0.0,Profil non physique,34-41,34–41 ans
KL02::maud,KL02,KL KL02,Maud,8,15,1,0,,0,Femme,0.0,Profil non physique,34-41,34–41 ans
KL02::maud,KL02,KL KL02,Maud,9,15,1,0,,0,Femme,0.0,Profil non physique,34-41,34–41 ans
KL02::maud,KL02,KL KL02,Maud,10,15,1,0,,0,Femme,0.0,Profil non physique,34-41,34–41 ans
KL02::maud,KL02,KL KL02,Maud,11,15,1,0,,0,Femme,0.0,Profil non physique,34-41,34–41 ans
KL02::maud,KL02,KL KL02,Maud,12,15,1,0,,0,Femme,0.0,Profil non physique,34-41,34–41 ans
KL02::maud,KL02,KL KL02,Maud,13,15,1,0,,0,Femme,0.0,Profil non physique,34-41,34–41 ans
KL02::maud,KL02,KL KL02,Maud,14,15,1,0,,0,Femme,0.0,Profil non physique,34-41,34–41 ans
KL02::maud,KL02,KL KL02,Maud,15,15,1,1,VOTE_CONSEIL,0,Femme,0.0,Profil non physique,34-41,34–41 ans
KL02::marianne,KL02,KL KL02,Marianne,1,16,1,0,,0,Femme,0.0,Profil non physique,18-25,18–25 ans
KL02::marianne,KL02,KL KL02,Marianne,2,16,1,0,,0,Femme,0.0,Profil non physique,18-25,18–25 ans
KL02::marianne,KL02,KL KL02,Marianne,3,16,1,0,,0,Femme,0.0,Profil non physique,18-25,18–25 ans
KL02::marianne,KL02,KL KL02,Marianne,4,16,1,0,,0,Femme,0.0,Profil non physique,18-25,18–25 ans
KL02::marianne,KL02,KL KL02,Marianne,5,16,1,0,,0,Femme,0.0,Profil non physique,18-25,18–25 ans
KL02::marianne,KL02,KL KL02,Marianne,6,16,1,0,,0,Femme,0.0,Profil non physique,18-25,18–25 ans
KL02::marianne,KL02,KL KL02,Marianne,7,16,1,0,,0,Femme,0.0,Profil non physique,18-25,18–25 ans
KL02::marianne,KL02,KL KL02,Marianne,8,16,1,0,,0,Femme,0.0,Profil non physique,18-25,18–25 ans
KL02::marianne,KL02,KL KL02,Marianne,9,16,1,0,,0,Femme,0.0,Profil non physique,18-25,18–25 ans
KL02::marianne,KL02,KL KL02,Marianne,10,16,1,0,,0,Femme,0.0,Profil non physique,18-25,18–25 ans
KL02::marianne,KL02,KL KL02,Marianne,11,16,1,0,,0,Femme,0.0,Profil non physique,18-25,18–25 ans
KL02::marianne,KL02,KL KL02,Marianne,12,16,1,0,,0,Femme,0.0,Profil non physique,18-25,18–25 ans
KL02::marianne,KL02,KL KL02,Marianne,13,16,1,0,,0,Femme,0.0,Profil non physique,18-25,18–25 ans
KL02::marianne,KL02,KL KL02,Marianne,14,16,1,0,,0,Femme,0.0,Profil non physique,18-25,18–25 ans
KL02::marianne,KL02,KL KL02,Marianne,15,16,1,0,,0,Femme,0.0,Profil non physique,18-25,18–25 ans
KL02::marianne,KL02,KL KL02,Marianne,16,16,1,1,ELIMINATION_CHALLENGE,0,Femme,0.0,Profil non physique,18-25,18–25 ans
KL02::bernard,KL02,KL KL02,Bernard,1,17,1,0,,1,Homme,0.0,Profil non physique,34-41,34–41 ans
KL02::bernard,KL02,KL KL02,Bernard,2,17,1,0,,1,Homme,0.0,Profil non physique,34-41,34–41 ans
KL02::bernard,KL02,KL KL02,Bernard,3,17,1,0,,1,Homme,0.0,Profil non physique,34-41,34–41 ans
KL02::bernard,KL02,KL KL02,Bernard,4,17,1,0,,1,Homme,0.0,Profil non physique,34-41,34–41 ans
KL02::bernard,KL02,KL KL02,Bernard,5,17,1,0,,1,Homme,0.0,Profil non physique,34-41,34–41 ans
KL02::bernard,KL02,KL KL02,Bernard,6,17,1,0,,1,Homme,0.0,Profil non physique,34-41,34–41 ans
KL02::bernard,KL02,KL KL02,Bernard,7,17,1,0,,1,Homme,0.0,Profil non physique,34-41,34–41 ans
KL02::bernard,KL02,KL KL02,Bernard,8,17,1,0,,1,Homme,0.0,Profil non physique,34-41,34–41 ans
KL02::bernard,KL02,KL KL02,Bernard,9,17,1,0,,1,Homme,0.0,Profil non physique,34-41,34–41 ans
KL02::bernard,KL02,KL KL02,Bernard,10,17,1,0,,1,Homme,0.0,Profil non physique,34-41,34–41 ans
KL02::bernard,KL02,KL KL02,Bernard,11,17,1,0,,1,Homme,0.0,Profil non physique,34-41,34–41 ans
KL02::bernard,KL02,KL KL02,Bernard,12,17,1,0,,1,Homme,0.0,Profil non physique,34-41,34–41 ans
KL02::bernard,KL02,KL KL02,Bernard,13,17,1,0,,1,Homme,0.0,Profil non physique,34-41,34–41 ans
KL02::bernard,KL02,KL KL02,Bernard,14,17,1,0,,1,Homme,0.0,Profil non physique,34-41,34–41 ans
KL02::bernard,KL02,KL KL02,Bernard,15,17,1,0,,1,Homme,0.0,Profil non physique,34-41,34–41 ans
KL02::bernard,KL02,KL KL02,Bernard,16,17,1,0,,1,Homme,0.0,Profil non physique,34-41,34–41 ans
KL02::bernard,KL02,KL KL02,Bernard,17,17,1,1,FINALE_POTEAUX,1,Homme,0.0,Profil non physique,34-41,34–41 ans
KL02::nicolas roy,KL02,KL KL02,Nicolas Roy,1,19,1,0,,1,Homme,0.0,Profil non physique,42+,42 ans et plus
KL02::nicolas roy,KL02,KL KL02,Nicolas Roy,2,19,1,0,,1,Homme,0.0,Profil non physique,42+,42 ans et plus
KL02::nicolas roy,KL02,KL KL02,Nicolas Roy,3,19,1,0,,1,Homme,0.0,Profil non physique,42+,42 ans et plus
KL02::nicolas roy,KL02,KL KL02,Nicolas Roy,4,19,1,0,,1,Homme,0.0,Profil non physique,42+,42 ans et plus
KL02::nicolas roy,KL02,KL KL02,Nicolas Roy,5,19,1,0,,1,Homme,0.0,Profil non physique,42+,42 ans et plus
KL02::nicolas roy,KL02,KL KL02,Nicolas Roy,6,19,1,0,,1,Homme,0.0,Profil non physique,42+,42 ans et plus
KL02::nicolas roy,KL02,KL KL02,Nicolas Roy,7,19,1,0,,1,Homme,0.0,Profil non physique,42+,42 ans et plus
KL02::nicolas roy,KL02,KL KL02,Nicolas Roy,8,19,1,0,,1,Homme,0.0,Profil non physique,42+,42 ans et plus
KL02::nicolas roy,KL02,KL KL02,Nicolas Roy,9,19,1,0,,1,Homme,0.0,Profil non physique,42+,42 ans et plus
KL02::nicolas roy,KL02,KL KL02,Nicolas Roy,10,19,1,0,,1,Homme,0.0,Profil non physique,42+,42 ans et plus
KL02::nicolas roy,KL02,KL KL02,Nicolas Roy,11,19,1,0,,1,Homme,0.0,Profil non physique,42+,42 ans et plus
KL02::nicolas roy,KL02,KL KL02,Nicolas Roy,12,19,1,0,,1,Homme,0.0,Profil non physique,42+,42 ans et plus
KL02::nicolas roy,KL02,KL KL02,Nicolas Roy,13,19,1,0,,1,Homme,0.0,Profil non physique,42+,42 ans et plus
KL02::nicolas roy,KL02,KL KL02,Nicolas Roy,14,19,1,0,,1,Homme,0.0,Profil non physique,42+,42 ans et plus
KL02::nicolas roy,KL02,KL KL02,Nicolas Roy,15,19,1,0,,1,Homme,0.0,Profil non physique,42+,42 ans et plus
KL02::nicolas roy,KL02,KL KL02,Nicolas Roy,16,19,1,0,,1,Homme,0.0,Profil non physique,42+,42 ans et plus
KL02::nicolas roy,KL02,KL KL02,Nicolas Roy,17,19,1,0,,1,Homme,0.0,Profil non physique,42+,42 ans et plus
KL02::nicolas roy,KL02,KL KL02,Nicolas Roy,18,19,1,0,,1,Homme,0.0,Profil non physique,42+,42 ans et plus
KL02::nicolas roy,KL02,KL KL02,Nicolas Roy,19,19,1,1,JURY_FINAL_DECISION,1,Homme,0.0,Profil non physique,42+,42 ans et plus
KL02::amel fatnassi,KL02,KL KL02,Amel Fatnassi,1,20,1,0,,0,Femme,0.0,Profil non physique,26-33,26–33 ans
KL02::amel fatnassi,KL02,KL KL02,Amel Fatnassi,2,20,1,0,,0,Femme,0.0,Profil non physique,26-33,26–33 ans
KL02::amel fatnassi,KL02,KL KL02,Amel Fatnassi,3,20,1,0,,0,Femme,0.0,Profil non physique,26-33,26–33 ans
KL02::amel fatnassi,KL02,KL KL02,Amel Fatnassi,4,20,1,0,,0,Femme,0.0,Profil non physique,26-33,26–33 ans
KL02::amel fatnassi,KL02,KL KL02,Amel Fatnassi,5,20,1,0,,0,Femme,0.0,Profil non physique,26-33,26–33 ans
KL02::amel fatnassi,KL02,KL KL02,Amel Fatnassi,6,20,1,0,,0,Femme,0.0,Profil non physique,26-33,26–33 ans
KL02::amel fatnassi,KL02,KL KL02,Amel Fatnassi,7,20,1,0,,0,Femme,0.0,Profil non physique,26-33,26–33 ans
KL02::amel fatnassi,KL02,KL KL02,Amel Fatnassi,8,20,1,0,,0,Femme,0.0,Profil non physique,26-33,26–33 ans
KL02::amel fatnassi,KL02,KL KL02,Amel Fatnassi,9,20,1,0,,0,Femme,0.0,Profil non physique,26-33,26–33 ans
KL02::amel fatnassi,KL02,KL KL02,Amel Fatnassi,10,20,1,0,,0,Femme,0.0,Profil non physique,26-33,26–33 ans
KL02::amel fatnassi,KL02,KL KL02,Amel Fatnassi,11,20,1,0,,0,Femme,0.0,Profil non physique,26-33,26–33 ans
KL02::amel fatnassi,KL02,KL KL02,Amel Fatnassi,12,20,1,0,,0,Femme,0.0,Profil non physique,26-33,26–33 ans
KL02::amel fatnassi,KL02,KL KL02,Amel Fatnassi,13,20,1,0,,0,Femme,0.0,Profil non physique,26-33,26–33 ans
KL02::amel fatnassi,KL02,KL KL02,Amel Fatnassi,14,20,1,0,,0,Femme,0.0,Profil non physique,26-33,26–33 ans
KL02::amel fatnassi,KL02,KL KL02,Amel Fatnassi,15,20,1,0,,0,Femme,0.0,Profil non physique,26-33,26–33 ans
KL02::amel fatnassi,KL02,KL KL02,Amel Fatnassi,16,20,1,0,,0,Femme,0.0,Profil non physique,26-33,26–33 ans
KL02::amel fatnassi,KL02,KL KL02,Amel Fatnassi,17,20,1,0,,0,Femme,0.0,Profil non physique,26-33,26–33 ans
KL02::amel fatnassi,KL02,KL KL02,Amel Fatnassi,18,20,1,0,,0,Femme,0.0,Profil non physique,26-33,26–33 ans
KL02::amel fatnassi,KL02,KL KL02,Amel Fatnassi,19,20,1,0,,0,Femme,0.0,Profil non physique,26-33,26–33 ans
KL02::amel fatnassi,KL02,KL KL02,Amel Fatnassi,20,20,1,0,,0,Femme,0.0,Profil non physique,26-33,26–33 ans
KL07::ali,KL07,KL KL07,Ali,1,1,1,1,VOLUNTARY,1,Homme,0.0,Profil non physique,34-41,34–41 ans
KL07::pascale,KL07,KL KL07,Pascale,1,2,1,0,,0,Femme,0.0,Profil non physique,34-41,34–41 ans
KL07::pascale,KL07,KL KL07,Pascale,2,2,1,1,VOTE_CONSEIL,0,Femme,0.0,Profil non physique,34-41,34–41 ans
KL07::marie-laure,KL07,KL KL07,Marie-Laure,1,4,1,0,,0,Femme,0.0,Profil non physique,34-41,34–41 ans
KL07::marie-laure,KL07,KL KL07,Marie-Laure,2,4,1,0,,0,Femme,0.0,Profil non physique,34-41,34–41 ans
KL07::marie-laure,KL07,KL KL07,Marie-Laure,3,4,1,0,,0,Femme,0.0,Profil non physique,34-41,34–41 ans
KL07::marie-laure,KL07,KL KL07,Marie-Laure,4,4,1,1,VOTE_CONSEIL,0,Femme,0.0,Profil non physique,34-41,34–41 ans
KL07::mélanie,KL07,KL KL07,Mélanie,1,5,1,0,,0,Femme,0.0,Profil non physique,18-25,18–25 ans
KL07::mélanie,KL07,KL KL07,Mélanie,2,5,1,0,,0,Femme,0.0,Profil non physique,18-25,18–25 ans
KL07::mélanie,KL07,KL KL07,Mélanie,3,5,1,0,,0,Femme,0.0,Profil non physique,18-25,18–25 ans
KL07::mélanie,KL07,KL KL07,Mélanie,4,5,1,0,,0,Femme,0.0,Profil non physique,18-25,18–25 ans
KL07::mélanie,KL07,KL KL07,Mélanie,5,5,1,1,VOTE_CONSEIL,0,Femme,0.0,Profil non physique,18-25,18–25 ans
KL07::véronique barriol,KL07,KL KL07,Véronique Barriol,1,6,1,0,,0,Femme,0.0,Profil non physique,18-25,18–25 ans
KL07::véronique barriol,KL07,KL KL07,Véronique Barriol,2,6,1,0,,0,Femme,0.0,Profil non physique,18-25,18–25 ans
KL07::véronique barriol,KL07,KL KL07,Véronique Barriol,3,6,1,0,,0,Femme,0.0,Profil non physique,18-25,18–25 ans
KL07::véronique barriol,KL07,KL KL07,Véronique Barriol,4,6,1,0,,0,Femme,0.0,Profil non physique,18-25,18–25 ans
KL07::véronique barriol,KL07,KL KL07,Véronique Barriol,5,6,1,0,,0,Femme,0.0,Profil non physique,18-25,18–25 ans
KL07::véronique barriol,KL07,KL KL07,Véronique Barriol,6,6,1,1,VOTE_CONSEIL,0,Femme,0.0,Profil non physique,18-25,18–25 ans
KL07::chloé,KL07,KL KL07,Chloé,1,7,1,0,,0,Femme,0.0,Profil non physique,42+,42 ans et plus
KL07::chloé,KL07,KL KL07,Chloé,2,7,1,0,,0,Femme,0.0,Profil non physique,42+,42 ans et plus
KL07::chloé,KL07,KL KL07,Chloé,3,7,1,0,,0,Femme,0.0,Profil non physique,42+,42 ans et plus
KL07::chloé,KL07,KL KL07,Chloé,4,7,1,0,,0,Femme,0.0,Profil non physique,42+,42 ans et plus
KL07::chloé,KL07,KL KL07,Chloé,5,7,1,0,,0,Femme,0.0,Profil non physique,42+,42 ans et plus
KL07::chloé,KL07,KL KL07,Chloé,6,7,1,0,,0,Femme,0.0,Profil non physique,42+,42 ans et plus
KL07::chloé,KL07,KL KL07,Chloé,7,7,1,1,VOTE_CONSEIL,0,Femme,0.0,Profil non physique,42+,42 ans et plus
KL07::érick,KL07,KL KL07,Érick,1,9,1,0,,1,Homme,0.0,Profil non physique,18-25,18–25 ans
KL07::érick,KL07,KL KL07,Érick,2,9,1,0,,1,Homme,0.0,Profil non physique,18-25,18–25 ans
KL07::érick,KL07,KL KL07,Érick,3,9,1,0,,1,Homme,0.0,Profil non physique,18-25,18–25 ans
KL07::érick,KL07,KL KL07,Érick,4,9,1,0,,1,Homme,0.0,Profil non physique,18-25,18–25 ans
KL07::érick,KL07,KL KL07,Érick,5,9,1,0,,1,Homme,0.0,Profil non physique,18-25,18–25 ans
KL07::érick,KL07,KL KL07,Érick,6,9,1,0,,1,Homme,0.0,Profil non physique,18-25,18–25 ans
KL07::érick,KL07,KL KL07,Érick,7,9,1,0,,1,Homme,0.0,Profil non physique,18-25,18–25 ans
KL07::érick,KL07,KL KL07,Érick,8,9,1,0,,1,Homme,0.0,Profil non physique,18-25,18–25 ans
KL07::érick,KL07,KL KL07,Érick,9,9,1,1,VOTE_CONSEIL,1,Homme,0.0,Profil non physique,18-25,18–25 ans
KL07::filomène,KL07,KL KL07,Filomène,1,10,1,0,,0,Femme,0.0,Profil non physique,26-33,26–33 ans
KL07::filomène,KL07,KL KL07,Filomène,2,10,1,0,,0,Femme,0.0,Profil non physique,26-33,26–33 ans
KL07::filomène,KL07,KL KL07,Filomène,3,10,1,0,,0,Femme,0.0,Profil non physique,26-33,26–33 ans
KL07::filomène,KL07,KL KL07,Filomène,4,10,1,0,,0,Femme,0.0,Profil non physique,26-33,26–33 ans
KL07::filomène,KL07,KL KL07,Filomène,5,10,1,0,,0,Femme,0.0,Profil non physique,26-33,26–33 ans
KL07::filomène,KL07,KL KL07,Filomène,6,10,1,0,,0,Femme,0.0,Profil non physique,26-33,26–33 ans
KL07::filomène,KL07,KL KL07,Filomène,7,10,1,0,,0,Femme,0.0,Profil non physique,26-33,26–33 ans
KL07::filomène,KL07,KL KL07,Filomène,8,10,1,0,,0,Femme,0.0,Profil non physique,26-33,26–33 ans
KL07::filomène,KL07,KL KL07,Filomène,9,10,1,0,,0,Femme,0.0,Profil non physique,26-33,26–33 ans
KL07::filomène,KL07,KL KL07,Filomène,10,10,1,1,VOTE_CONSEIL,0,Femme,0.0,Profil non physique,26-33,26–33 ans
KL07::adrien,KL07,KL KL07,Adrien,1,11,1,0,,1,Homme,0.0,Profil non physique,34-41,34–41 ans
KL07::adrien,KL07,KL KL07,Adrien,2,11,1,0,,1,Homme,0.0,Profil non physique,34-41,34–41 ans
KL07::adrien,KL07,KL KL07,Adrien,3,11,1,0,,1,Homme,0.0,Profil non physique,34-41,34–41 ans
KL07::adrien,KL07,KL KL07,Adrien,4,11,1,0,,1,Homme,0.0,Profil non physique,34-41,34–41 ans
KL07::adrien,KL07,KL KL07,Adrien,5,11,1,0,,1,Homme,0.0,Profil non physique,34-41,34–41 ans
KL07::adrien,KL07,KL KL07,Adrien,6,11,1,0,,1,Homme,0.0,Profil non physique,34-41,34–41 ans
KL07::adrien,KL07,KL KL07,Adrien,7,11,1,0,,1,Homme,0.0,Profil non physique,34-41,34–41 ans
KL07::adrien,KL07,KL KL07,Adrien,8,11,1,0,,1,Homme,0.0,Profil non physique,34-41,34–41 ans
KL07::adrien,KL07,KL KL07,Adrien,9,11,1,0,,1,Homme,0.0,Profil non physique,34-41,34–41 ans
KL07::adrien,KL07,KL KL07,Adrien,10,11,1,0,,1,Homme,0.0,Profil non physique,34-41,34–41 ans
KL07::adrien,KL07,KL KL07,Adrien,11,11,1,1,VOLUNTARY,1,Homme,0.0,Profil non physique,34-41,34–41 ans
KL07::grégoire,KL07,KL KL07,Grégoire,1,12,1,0,,1,Homme,0.0,Profil non physique,18-25,18–25 ans
KL07::grégoire,KL07,KL KL07,Grégoire,2,12,1,0,,1,Homme,0.0,Profil non physique,18-25,18–25 ans
KL07::grégoire,KL07,KL KL07,Grégoire,3,12,1,0,,1,Homme,0.0,Profil non physique,18-25,18–25 ans
KL07::grégoire,KL07,KL KL07,Grégoire,4,12,1,0,,1,Homme,0.0,Profil non physique,18-25,18–25 ans
KL07::grégoire,KL07,KL KL07,Grégoire,5,12,1,0,,1,Homme,0.0,Profil non physique,18-25,18–25 ans
KL07::grégoire,KL07,KL KL07,Grégoire,6,12,1,0,,1,Homme,0.0,Profil non physique,18-25,18–25 ans
KL07::grégoire,KL07,KL KL07,Grégoire,7,12,1,0,,1,Homme,0.0,Profil non physique,18-25,18–25 ans
KL07::grégoire,KL07,KL KL07,Grégoire,8,12,1,0,,1,Homme,0.0,Profil non physique,18-25,18–25 ans
KL07::grégoire,KL07,KL KL07,Grégoire,9,12,1,0,,1,Homme,0.0,Profil non physique,18-25,18–25 ans
KL07::grégoire,KL07,KL KL07,Grégoire,10,12,1,0,,1,Homme,0.0,Profil non physique,18-25,18–25 ans
KL07::grégoire,KL07,KL KL07,Grégoire,11,12,1,0,,1,Homme,0.0,Profil non physique,18-25,18–25 ans
KL07::grégoire,KL07,KL KL07,Grégoire,12,12,1,1,VOTE_CONSEIL,1,Homme,0.0,Profil non physique,18-25,18–25 ans
KL07::laurent,KL07,KL KL07,Laurent,1,14,1,0,,1,Homme,0.0,Profil non physique,42+,42 ans et plus
KL07::laurent,KL07,KL KL07,Laurent,2,14,1,0,,1,Homme,0.0,Profil non physique,42+,42 ans et plus
KL07::laurent,KL07,KL KL07,Laurent,3,14,1,0,,1,Homme,0.0,Profil non physique,42+,42 ans et plus
KL07::laurent,KL07,KL KL07,Laurent,4,14,1,0,,1,Homme,0.0,Profil non physique,42+,42 ans et plus
KL07::laurent,KL07,KL KL07,Laurent,5,14,1,0,,1,Homme,0.0,Profil non physique,42+,42 ans et plus
KL07::laurent,KL07,KL KL07,Laurent,6,14,1,0,,1,Homme,0.0,Profil non physique,42+,42 ans et plus
KL07::laurent,KL07,KL KL07,Laurent,7,14,1,0,,1,Homme,0.0,Profil non physique,42+,42 ans et plus
KL07::laurent,KL07,KL KL07,Laurent,8,14,1,0,,1,Homme,0.0,Profil non physique,42+,42 ans et plus
KL07::laurent,KL07,KL KL07,Laurent,9,14,1,0,,1,Homme,0.0,Profil non physique,42+,42 ans et plus
KL07::laurent,KL07,KL KL07,Laurent,10,14,1,0,,1,Homme,0.0,Profil non physique,42+,42 ans et plus
KL07::laurent,KL07,KL KL07,Laurent,11,14,1,0,,1,Homme,0.0,Profil non physique,42+,42 ans et plus
KL07::laurent,KL07,KL KL07,Laurent,12,14,1,0,,1,Homme,0.0,Profil non physique,42+,42 ans et plus
KL07::laurent,KL07,KL KL07,Laurent,13,14,1,0,,1,Homme,0.0,Profil non physique,42+,42 ans et plus
KL07::laurent,KL07,KL KL07,Laurent,14,14,1,1,VOTE_CONSEIL,1,Homme,0.0,Profil non physique,42+,42 ans et plus
KL07::patrick,KL07,KL KL07,Patrick,1,15,1,0,,1,Homme,0.0,Profil non physique,18-25,18–25 ans
KL07::patrick,KL07,KL KL07,Patrick,2,15,1,0,,1,Homme,0.0,Profil non physique,18-25,18–25 ans
KL07::patrick,KL07,KL KL07,Patrick,3,15,1,0,,1,Homme,0.0,Profil non physique,18-25,18–25 ans
KL07::patrick,KL07,KL KL07,Patrick,4,15,1,0,,1,Homme,0.0,Profil non physique,18-25,18–25 ans
KL07::patrick,KL07,KL KL07,Patrick,5,15,1,0,,1,Homme,0.0,Profil non physique,18-25,18–25 ans
KL07::patrick,KL07,KL KL07,Patrick,6,15,1,0,,1,Homme,0.0,Profil non physique,18-25,18–25 ans
KL07::patrick,KL07,KL KL07,Patrick,7,15,1,0,,1,Homme,0.0,Profil non physique,18-25,18–25 ans
KL07::patrick,KL07,KL KL07,Patrick,8,15,1,0,,1,Homme,0.0,Profil non physique,18-25,18–25 ans
KL07::patrick,KL07,KL KL07,Patrick,9,15,1,0,,1,Homme,0.0,Profil non physique,18-25,18–25 ans
KL07::patrick,KL07,KL KL07,Patrick,10,15,1,0,,1,Homme,0.0,Profil non physique,18-25,18–25 ans
KL07::patrick,KL07,KL KL07,Patrick,11,15,1,0,,1,Homme,0.0,Profil non physique,18-25,18–25 ans
KL07::patrick,KL07,KL KL07,Patrick,12,15,1,0,,1,Homme,0.0,Profil non physique,18-25,18–25 ans
KL07::patrick,KL07,KL KL07,Patrick,13,15,1,0,,1,Homme,0.0,Profil non physique,18-25,18–25 ans
KL07::patrick,KL07,KL KL07,Patrick,14,15,1,0,,1,Homme,0.0,Profil non physique,18-25,18–25 ans
KL07::patrick,KL07,KL KL07,Patrick,15,15,1,1,VOTE_CONSEIL,1,Homme,0.0,Profil non physique,18-25,18–25 ans
KL07::simon,KL07,KL KL07,Simon,1,16,1,0,,1,Homme,0.0,Profil non physique,34-41,34–41 ans
KL07::simon,KL07,KL KL07,Simon,2,16,1,0,,1,Homme,0.0,Profil non physique,34-41,34–41 ans
KL07::simon,KL07,KL KL07,Simon,3,16,1,0,,1,Homme,0.0,Profil non physique,34-41,34–41 ans
KL07::simon,KL07,KL KL07,Simon,4,16,1,0,,1,Homme,0.0,Profil non physique,34-41,34–41 ans
KL07::simon,KL07,KL KL07,Simon,5,16,1,0,,1,Homme,0.0,Profil non physique,34-41,34–41 ans
KL07::simon,KL07,KL KL07,Simon,6,16,1,0,,1,Homme,0.0,Profil non physique,34-41,34–41 ans
KL07::simon,KL07,KL KL07,Simon,7,16,1,0,,1,Homme,0.0,Profil non physique,34-41,34–41 ans
KL07::simon,KL07,KL KL07,Simon,8,16,1,0,,1,Homme,0.0,Profil non physique,34-41,34–41 ans
KL07::simon,KL07,KL KL07,Simon,9,16,1,0,,1,Homme,0.0,Profil non physique,34-41,34–41 ans
KL07::simon,KL07,KL KL07,Simon,10,16,1,0,,1,Homme,0.0,Profil non physique,34-41,34–41 ans
KL07::simon,KL07,KL KL07,Simon,11,16,1,0,,1,Homme,0.0,Profil non physique,34-41,34–41 ans
KL07::simon,KL07,KL KL07,Simon,12,16,1,0,,1,Homme,0.0,Profil non physique,34-41,34–41 ans
KL07::simon,KL07,KL KL07,Simon,13,16,1,0,,1,Homme,0.0,Profil non physique,34-41,34–41 ans
KL07::simon,KL07,KL KL07,Simon,14,16,1,0,,1,Homme,0.0,Profil non physique,34-41,34–41 ans
KL07::simon,KL07,KL KL07,Simon,15,16,1,0,,1,Homme,0.0,Profil non physique,34-41,34–41 ans
KL07::simon,KL07,KL KL07,Simon,16,16,1,1,FINALE_ORIENTATION,1,Homme,0.0,Profil non physique,34-41,34–41 ans
KL07::maryline,KL07,KL KL07,Maryline,1,17,1,0,,0,Femme,0.0,Profil non physique,34-41,34–41 ans
KL07::maryline,KL07,KL KL07,Maryline,2,17,1,0,,0,Femme,0.0,Profil non physique,34-41,34–41 ans
KL07::maryline,KL07,KL KL07,Maryline,3,17,1,0,,0,Femme,0.0,Profil non physique,34-41,34–41 ans
KL07::maryline,KL07,KL KL07,Maryline,4,17,1,0,,0,Femme,0.0,Profil non physique,34-41,34–41 ans
KL07::maryline,KL07,KL KL07,Maryline,5,17,1,0,,0,Femme,0.0,Profil non physique,34-41,34–41 ans
KL07::maryline,KL07,KL KL07,Maryline,6,17,1,0,,0,Femme,0.0,Profil non physique,34-41,34–41 ans
KL07::maryline,KL07,KL KL07,Maryline,7,17,1,0,,0,Femme,0.0,Profil non physique,34-41,34–41 ans
KL07::maryline,KL07,KL KL07,Maryline,8,17,1,0,,0,Femme,0.0,Profil non physique,34-41,34–41 ans
KL07::maryline,KL07,KL KL07,Maryline,9,17,1,0,,0,Femme,0.0,Profil non physique,34-41,34–41 ans
KL07::maryline,KL07,KL KL07,Maryline,10,17,1,0,,0,Femme,0.0,Profil non physique,34-41,34–41 ans
KL07::maryline,KL07,KL KL07,Maryline,11,17,1,0,,0,Femme,0.0,Profil non physique,34-41,34–41 ans
KL07::maryline,KL07,KL KL07,Maryline,12,17,1,0,,0,Femme,0.0,Profil non physique,34-41,34–41 ans
KL07::maryline,KL07,KL KL07,Maryline,13,17,1,0,,0,Femme,0.0,Profil non physique,34-41,34–41 ans
KL07::maryline,KL07,KL KL07,Maryline,14,17,1,0,,0,Femme,0.0,Profil non physique,34-41,34–41 ans
KL07::maryline,KL07,KL KL07,Maryline,15,17,1,0,,0,Femme,0.0,Profil non physique,34-41,34–41 ans
KL07::maryline,KL07,KL KL07,Maryline,16,17,1,0,,0,Femme,0.0,Profil non physique,34-41,34–41 ans
KL07::maryline,KL07,KL KL07,Maryline,17,17,1,1,FINALE_POTEAUX,0,Femme,0.0,Profil non physique,34-41,34–41 ans
KL07::kévin cuoco,KL07,KL KL07,Kévin Cuoco,1,19,1,0,,1,Homme,0.0,Profil non physique,26-33,26–33 ans
KL07::kévin cuoco,KL07,KL KL07,Kévin Cuoco,2,19,1,0,,1,Homme,0.0,Profil non physique,26-33,26–33 ans
KL07::kévin cuoco,KL07,KL KL07,Kévin Cuoco,3,19,1,0,,1,Homme,0.0,Profil non physique,26-33,26–33 ans
KL07::kévin cuoco,KL07,KL KL07,Kévin Cuoco,4,19,1,0,,1,Homme,0.0,Profil non physique,26-33,26–33 ans
KL07::kévin cuoco,KL07,KL KL07,Kévin Cuoco,5,19,1,0,,1,Homme,0.0,Profil non physique,26-33,26–33 ans
KL07::kévin cuoco,KL07,KL KL07,Kévin Cuoco,6,19,1,0,,1,Homme,0.0,Profil non physique,26-33,26–33 ans
KL07::kévin cuoco,KL07,KL KL07,Kévin Cuoco,7,19,1,0,,1,Homme,0.0,Profil non physique,26-33,26–33 ans
KL07::kévin cuoco,KL07,KL KL07,Kévin Cuoco,8,19,1,0,,1,Homme,0.0,Profil non physique,26-33,26–33 ans
KL07::kévin cuoco,KL07,KL KL07,Kévin Cuoco,9,19,1,0,,1,Homme,0.0,Profil non physique,26-33,26–33 ans
KL07::kévin cuoco,KL07,KL KL07,Kévin Cuoco,10,19,1,0,,1,Homme,0.0,Profil non physique,26-33,26–33 ans
KL07::kévin cuoco,KL07,KL KL07,Kévin Cuoco,11,19,1,0,,1,Homme,0.0,Profil non physique,26-33,26–33 ans
KL07::kévin cuoco,KL07,KL KL07,Kévin Cuoco,12,19,1,0,,1,Homme,0.0,Profil non physique,26-33,26–33 ans
KL07::kévin cuoco,KL07,KL KL07,Kévin Cuoco,13,19,1,0,,1,Homme,0.0,Profil non physique,26-33,26–33 ans
KL07::kévin cuoco,KL07,KL KL07,Kévin Cuoco,14,19,1,0,,1,Homme,0.0,Profil non physique,26-33,26–33 ans
KL07::kévin cuoco,KL07,KL KL07,Kévin Cuoco,15,19,1,0,,1,Homme,0.0,Profil non physique,26-33,26–33 ans
KL07::kévin cuoco,KL07,KL KL07,Kévin Cuoco,16,19,1,0,,1,Homme,0.0,Profil non physique,26-33,26–33 ans
KL07::kévin cuoco,KL07,KL KL07,Kévin Cuoco,17,19,1,0,,1,Homme,0.0,Profil non physique,26-33,26–33 ans
KL07::kévin cuoco,KL07,KL KL07,Kévin Cuoco,18,19,1,0,,1,Homme,0.0,Profil non physique,26-33,26–33 ans
KL07::kévin cuoco,KL07,KL KL07,Kévin Cuoco,19,19,1,0,,1,Homme,0.0,Profil non physique,26-33,26–33 ans
KL07::jade handi,KL07,KL KL07,Jade Handi,1,20,1,0,,0,Femme,0.0,Profil non physique,34-41,34–41 ans
KL07::jade handi,KL07,KL KL07,Jade Handi,2,20,1,0,,0,Femme,0.0,Profil non physique,34-41,34–41 ans
KL07::jade handi,KL07,KL KL07,Jade Handi,3,20,1,0,,0,Femme,0.0,Profil non physique,34-41,34–41 ans
KL07::jade handi,KL07,KL KL07,Jade Handi,4,20,1,0,,0,Femme,0.0,Profil non physique,34-41,34–41 ans
KL07::jade handi,KL07,KL KL07,Jade Handi,5,20,1,0,,0,Femme,0.0,Profil non physique,34-41,34–41 ans
KL07::jade handi,KL07,KL KL07,Jade Handi,6,20,1,0,,0,Femme,0.0,Profil non physique,34-41,34–41 ans
KL07::jade handi,KL07,KL KL07,Jade Handi,7,20,1,0,,0,Femme,0.0,Profil non physique,34-41,34–41 ans
KL07::jade handi,KL07,KL KL07,Jade Handi,8,20,1,0,,0,Femme,0.0,Profil non physique,34-41,34–41 ans
KL07::jade handi,KL07,KL KL07,Jade Handi,9,20,1,0,,0,Femme,0.0,Profil non physique,34-41,34–41 ans
KL07::jade handi,KL07,KL KL07,Jade Handi,10,20,1,0,,0,Femme,0.0,Profil non physique,34-41,34–41 ans
KL07::jade handi,KL07,KL KL07,Jade Handi,11,20,1,0,,0,Femme,0.0,Profil non physique,34-41,34–41 ans
KL07::jade handi,KL07,KL KL07,Jade Handi,12,20,1,0,,0,Femme,0.0,Profil non physique,34-41,34–41 ans
KL07::jade handi,KL07,KL KL07,Jade Handi,13,20,1,0,,0,Femme,0.0,Profil non physique,34-41,34–41 ans
KL07::jade handi,KL07,KL KL07,Jade Handi,14,20,1,0,,0,Femme,0.0,Profil non physique,34-41,34–41 ans
KL07::jade handi,KL07,KL KL07,Jade Handi,15,20,1,0,,0,Femme,0.0,Profil non physique,34-41,34–41 ans
KL07::jade handi,KL07,KL KL07,Jade Handi,16,20,1,0,,0,Femme,0.0,Profil non physique,34-41,34–41 ans
KL07::jade handi,KL07,KL KL07,Jade Handi,17,20,1,0,,0,Femme,0.0,Profil non physique,34-41,34–41 ans
KL07::jade handi,KL07,KL KL07,Jade Handi,18,20,1,0,,0,Femme,0.0,Profil non physique,34-41,34–41 ans
KL07::jade handi,KL07,KL KL07,Jade Handi,19,20,1,0,,0,Femme,0.0,Profil non physique,34-41,34–41 ans
KL07::jade handi,KL07,KL KL07,Jade Handi,20,20,1,0,,0,Femme,0.0,Profil non physique,34-41,34–41 ans
KL13::lisa legouverneur,KL13,Koh-Lanta : Raja Ampat,Lisa Legouverneur,1,1,1,1,VOTE_CONSEIL,0,Femme,0.0,Profil non physique,18-25,18–25 ans
KL13::catherine diard,KL13,Koh-Lanta : Raja Ampat,Catherine Diard,1,2,1,0,,0,Femme,1.0,Profil physique,42+,42 ans et plus
KL13::catherine diard,KL13,Koh-Lanta : Raja Ampat,Catherine Diard,2,2,1,1,VOTE_CONSEIL,0,Femme,1.0,Profil physique,42+,42 ans et plus
KL13::steve lemercier,KL13,Koh-Lanta : Raja Ampat,Steve Lemercier,1,3,1,0,,1,Homme,0.0,Profil non physique,18-25,18–25 ans
KL13::steve lemercier,KL13,Koh-Lanta : Raja Ampat,Steve Lemercier,2,3,1,0,,1,Homme,0.0,Profil non physique,18-25,18–25 ans
KL13::steve lemercier,KL13,Koh-Lanta : Raja Ampat,Steve Lemercier,3,3,1,1,VOLUNTARY,1,Homme,0.0,Profil non physique,18-25,18–25 ans
"KL13::gérard ""gégé"" icardi",KL13,Koh-Lanta : Raja Ampat,"Gérard ""Gégé"" Icardi",1,4,1,0,,1,Homme,0.0,Profil non physique,42+,42 ans et plus
"KL13::gérard ""gégé"" icardi",KL13,Koh-Lanta : Raja Ampat,"Gérard ""Gégé"" Icardi",2,4,1,0,,1,Homme,0.0,Profil non physique,42+,42 ans et plus
"KL13::gérard ""gégé"" icardi",KL13,Koh-Lanta : Raja Ampat,"Gérard ""Gégé"" Icardi",3,4,1,0,,1,Homme,0.0,Profil non physique,42+,42 ans et plus
"KL13::gérard ""gégé"" icardi",KL13,Koh-Lanta : Raja Ampat,"Gérard ""Gégé"" Icardi",4,4,1,1,VOTE_CONSEIL,1,Homme,0.0,Profil non physique,42+,42 ans et plus
"KL13::nawal ""naouel"" hadjaf",KL13,Koh-Lanta : Raja Ampat,"Nawal ""Naouel"" Hadjaf",1,5,1,0,,0,Femme,1.0,Profil physique,18-25,18–25 ans
"KL13::nawal ""naouel"" hadjaf",KL13,Koh-Lanta : Raja Ampat,"Nawal ""Naouel"" Hadjaf",2,5,1,0,,0,Femme,1.0,Profil physique,18-25,18–25 ans
"KL13::nawal ""naouel"" hadjaf",KL13,Koh-Lanta : Raja Ampat,"Nawal ""Naouel"" Hadjaf",3,5,1,0,,0,Femme,1.0,Profil physique,18-25,18–25 ans
"KL13::nawal ""naouel"" hadjaf",KL13,Koh-Lanta : Raja Ampat,"Nawal ""Naouel"" Hadjaf",4,5,1,0,,0,Femme,1.0,Profil physique,18-25,18–25 ans
"KL13::nawal ""naouel"" hadjaf",KL13,Koh-Lanta : Raja Ampat,"Nawal ""Naouel"" Hadjaf",5,5,1,1,VOLUNTARY,0,Femme,1.0,Profil physique,18-25,18–25 ans
KL13::benoît mahieux,KL13,Koh-Lanta : Raja Ampat,Benoît Mahieux,1,6,1,0,,1,Homme,1.0,Profil physique,26-33,26–33 ans
KL13::benoît mahieux,KL13,Koh-Lanta : Raja Ampat,Benoît Mahieux,2,6,1,0,,1,Homme,1.0,Profil physique,26-33,26–33 ans
KL13::benoît mahieux,KL13,Koh-Lanta : Raja Ampat,Benoît Mahieux,3,6,1,0,,1,Homme,1.0,Profil physique,26-33,26–33 ans
KL13::benoît mahieux,KL13,Koh-Lanta : Raja Ampat,Benoît Mahieux,4,6,1,0,,1,Homme,1.0,Profil physique,26-33,26–33 ans
KL13::benoît mahieux,KL13,Koh-Lanta : Raja Ampat,Benoît Mahieux,5,6,1,0,,1,Homme,1.0,Profil physique,26-33,26–33 ans
KL13::benoît mahieux,KL13,Koh-Lanta : Raja Ampat,Benoît Mahieux,6,6,1,1,VOTE_CONSEIL,1,Homme,1.0,Profil physique,26-33,26–33 ans
KL13::délisia fettache,KL13,Koh-Lanta : Raja Ampat,Délisia Fettache,1,7,1,0,,0,Femme,0.0,Profil non physique,18-25,18–25 ans
KL13::délisia fettache,KL13,Koh-Lanta : Raja Ampat,Délisia Fettache,2,7,1,0,,0,Femme,0.0,Profil non physique,18-25,18–25 ans
KL13::délisia fettache,KL13,Koh-Lanta : Raja Ampat,Délisia Fettache,3,7,1,0,,0,Femme,0.0,Profil non physique,18-25,18–25 ans
KL13::délisia fettache,KL13,Koh-Lanta : Raja Ampat,Délisia Fettache,4,7,1,0,,0,Femme,0.0,Profil non physique,18-25,18–25 ans
KL13::délisia fettache,KL13,Koh-Lanta : Raja Ampat,Délisia Fettache,5,7,1,0,,0,Femme,0.0,Profil non physique,18-25,18–25 ans
KL13::délisia fettache,KL13,Koh-Lanta : Raja Ampat,Délisia Fettache,6,7,1,0,,0,Femme,0.0,Profil non physique,18-25,18–25 ans
KL13::délisia fettache,KL13,Koh-Lanta : Raja Ampat,Délisia Fettache,7,7,1,1,VOTE_CONSEIL,0,Femme,0.0,Profil non physique,18-25,18–25 ans
KL13::caroline matteucci,KL13,Koh-Lanta : Raja Ampat,Caroline Matteucci,1,8,1,0,,0,Femme,0.0,Profil non physique,34-41,34–41 ans
KL13::caroline matteucci,KL13,Koh-Lanta : Raja Ampat,Caroline Matteucci,2,8,1,0,,0,Femme,0.0,Profil non physique,34-41,34–41 ans
KL13::caroline matteucci,KL13,Koh-Lanta : Raja Ampat,Caroline Matteucci,3,8,1,0,,0,Femme,0.0,Profil non physique,34-41,34–41 ans
KL13::caroline matteucci,KL13,Koh-Lanta : Raja Ampat,Caroline Matteucci,4,8,1,0,,0,Femme,0.0,Profil non physique,34-41,34–41 ans
KL13::caroline matteucci,KL13,Koh-Lanta : Raja Ampat,Caroline Matteucci,5,8,1,0,,0,Femme,0.0,Profil non physique,34-41,34–41 ans
KL13::caroline matteucci,KL13,Koh-Lanta : Raja Ampat,Caroline Matteucci,6,8,1,0,,0,Femme,0.0,Profil non physique,34-41,34–41 ans
KL13::caroline matteucci,KL13,Koh-Lanta : Raja Ampat,Caroline Matteucci,7,8,1,0,,0,Femme,0.0,Profil non physique,34-41,34–41 ans
KL13::caroline matteucci,KL13,Koh-Lanta : Raja Ampat,Caroline Matteucci,8,8,1,1,VOTE_CONSEIL,0,Femme,0.0,Profil non physique,34-41,34–41 ans
KL13::maxime boulet,KL13,Koh-Lanta : Raja Ampat,Maxime Boulet,1,9,1,0,,1,Homme,0.0,Profil non physique,18-25,18–25 ans
KL13::maxime boulet,KL13,Koh-Lanta : Raja Ampat,Maxime Boulet,2,9,1,0,,1,Homme,0.0,Profil non physique,18-25,18–25 ans
KL13::maxime boulet,KL13,Koh-Lanta : Raja Ampat,Maxime Boulet,3,9,1,0,,1,Homme,0.0,Profil non physique,18-25,18–25 ans
KL13::maxime boulet,KL13,Koh-Lanta : Raja Ampat,Maxime Boulet,4,9,1,0,,1,Homme,0.0,Profil non physique,18-25,18–25 ans
KL13::maxime boulet,KL13,Koh-Lanta : Raja Ampat,Maxime Boulet,5,9,1,0,,1,Homme,0.0,Profil non physique,18-25,18–25 ans
KL13::maxime boulet,KL13,Koh-Lanta : Raja Ampat,Maxime Boulet,6,9,1,0,,1,Homme,0.0,Profil non physique,18-25,18–25 ans
KL13::maxime boulet,KL13,Koh-Lanta : Raja Ampat,Maxime Boulet,7,9,1,0,,1,Homme,0.0,Profil non physique,18-25,18–25 ans
KL13::maxime boulet,KL13,Koh-Lanta : Raja Ampat,Maxime Boulet,8,9,1,0,,1,Homme,0.0,Profil non physique,18-25,18–25 ans
KL13::maxime boulet,KL13,Koh-Lanta : Raja Ampat,Maxime Boulet,9,9,1,1,AMBASSADEURS,1,Homme,0.0,Profil non physique,18-25,18–25 ans
KL13::anthony amar,KL13,Koh-Lanta : Raja Ampat,Anthony Amar,1,10,1,0,,1,Homme,1.0,Profil physique,18-25,18–25 ans
KL13::anthony amar,KL13,Koh-Lanta : Raja Ampat,Anthony Amar,2,10,1,0,,1,Homme,1.0,Profil physique,18-25,18–25 ans
KL13::anthony amar,KL13,Koh-Lanta : Raja Ampat,Anthony Amar,3,10,1,0,,1,Homme,1.0,Profil physique,18-25,18–25 ans
KL13::anthony amar,KL13,Koh-Lanta : Raja Ampat,Anthony Amar,4,10,1,0,,1,Homme,1.0,Profil physique,18-25,18–25 ans
KL13::anthony amar,KL13,Koh-Lanta : Raja Ampat,Anthony Amar,5,10,1,0,,1,Homme,1.0,Profil physique,18-25,18–25 ans
KL13::anthony amar,KL13,Koh-Lanta : Raja Ampat,Anthony Amar,6,10,1,0,,1,Homme,1.0,Profil physique,18-25,18–25 ans
KL13::anthony amar,KL13,Koh-Lanta : Raja Ampat,Anthony Amar,7,10,1,0,,1,Homme,1.0,Profil physique,18-25,18–25 ans
KL13::anthony amar,KL13,Koh-Lanta : Raja Ampat,Anthony Amar,8,10,1,0,,1,Homme,1.0,Profil physique,18-25,18–25 ans
KL13::anthony amar,KL13,Koh-Lanta : Raja Ampat,Anthony Amar,9,10,1,0,,1,Homme,1.0,Profil physique,18-25,18–25 ans
KL13::anthony amar,KL13,Koh-Lanta : Raja Ampat,Anthony Amar,10,10,1,1,VOTE_CONSEIL,1,Homme,1.0,Profil physique,18-25,18–25 ans
KL13::olivier moenaert,KL13,Koh-Lanta : Raja Ampat,Olivier Moenaert,1,11,1,0,,1,Homme,0.0,Profil non physique,42+,42 ans et plus
KL13::olivier moenaert,KL13,Koh-Lanta : Raja Ampat,Olivier Moenaert,2,11,1,0,,1,Homme,0.0,Profil non physique,42+,42 ans et plus
KL13::olivier moenaert,KL13,Koh-Lanta : Raja Ampat,Olivier Moenaert,3,11,1,0,,1,Homme,0.0,Profil non physique,42+,42 ans et plus
KL13::olivier moenaert,KL13,Koh-Lanta : Raja Ampat,Olivier Moenaert,4,11,1,0,,1,Homme,0.0,Profil non physique,42+,42 ans et plus
KL13::olivier moenaert,KL13,Koh-Lanta : Raja Ampat,Olivier Moenaert,5,11,1,0,,1,Homme,0.0,Profil non physique,42+,42 ans et plus
KL13::olivier moenaert,KL13,Koh-Lanta : Raja Ampat,Olivier Moenaert,6,11,1,0,,1,Homme,0.0,Profil non physique,42+,42 ans et plus
KL13::olivier moenaert,KL13,Koh-Lanta : Raja Ampat,Olivier Moenaert,7,11,1,0,,1,Homme,0.0,Profil non physique,42+,42 ans et plus
KL13::olivier moenaert,KL13,Koh-Lanta : Raja Ampat,Olivier Moenaert,8,11,1,0,,1,Homme,0.0,Profil non physique,42+,42 ans et plus
KL13::olivier moenaert,KL13,Koh-Lanta : Raja Ampat,Olivier Moenaert,9,11,1,0,,1,Homme,0.0,Profil non physique,42+,42 ans et plus
KL13::olivier moenaert,KL13,Koh-Lanta : Raja Ampat,Olivier Moenaert,10,11,1,0,,1,Homme,0.0,Profil non physique,42+,42 ans et plus
KL13::olivier moenaert,KL13,Koh-Lanta : Raja Ampat,Olivier Moenaert,11,11,1,1,VOTE_CONSEIL,1,Homme,0.0,Profil non physique,42+,42 ans et plus
KL13::florence delbarre reuter,KL13,Koh-Lanta : Raja Ampat,Florence Delbarre Reuter,1,12,1,0,,0,Femme,0.0,Profil non physique,34-41,34–41 ans
KL13::florence delbarre reuter,KL13,Koh-Lanta : Raja Ampat,Florence Delbarre Reuter,2,12,1,0,,0,Femme,0.0,Profil non physique,34-41,34–41 ans
KL13::florence delbarre reuter,KL13,Koh-Lanta : Raja Ampat,Florence Delbarre Reuter,3,12,1,0,,0,Femme,0.0,Profil non physique,34-41,34–41 ans
KL13::florence delbarre reuter,KL13,Koh-Lanta : Raja Ampat,Florence Delbarre Reuter,4,12,1,0,,0,Femme,0.0,Profil non physique,34-41,34–41 ans
KL13::florence delbarre reuter,KL13,Koh-Lanta : Raja Ampat,Florence Delbarre Reuter,5,12,1,0,,0,Femme,0.0,Profil non physique,34-41,34–41 ans
KL13::florence delbarre reuter,KL13,Koh-Lanta : Raja Ampat,Florence Delbarre Reuter,6,12,1,0,,0,Femme,0.0,Profil non physique,34-41,34–41 ans
KL13::florence delbarre reuter,KL13,Koh-Lanta : Raja Ampat,Florence Delbarre Reuter,7,12,1,0,,0,Femme,0.0,Profil non physique,34-41,34–41 ans
KL13::florence delbarre reuter,KL13,Koh-Lanta : Raja Ampat,Florence Delbarre Reuter,8,12,1,0,,0,Femme,0.0,Profil non physique,34-41,34–41 ans
KL13::florence delbarre reuter,KL13,Koh-Lanta : Raja Ampat,Florence Delbarre Reuter,9,12,1,0,,0,Femme,0.0,Profil non physique,34-41,34–41 ans
KL13::florence delbarre reuter,KL13,Koh-Lanta : Raja Ampat,Florence Delbarre Reuter,10,12,1,0,,0,Femme,0.0,Profil non physique,34-41,34–41 ans
KL13::florence delbarre reuter,KL13,Koh-Lanta : Raja Ampat,Florence Delbarre Reuter,11,12,1,0,,0,Femme,0.0,Profil non physique,34-41,34–41 ans
KL13::florence delbarre reuter,KL13,Koh-Lanta : Raja Ampat,Florence Delbarre Reuter,12,12,1,1,VOTE_CONSEIL,0,Femme,0.0,Profil non physique,34-41,34–41 ans
KL13::virginie jarry,KL13,Koh-Lanta : Raja Ampat,Virginie Jarry,1,13,1,0,,0,Femme,0.0,Profil non physique,26-33,26–33 ans
KL13::virginie jarry,KL13,Koh-Lanta : Raja Ampat,Virginie Jarry,2,13,1,0,,0,Femme,0.0,Profil non physique,26-33,26–33 ans
KL13::virginie jarry,KL13,Koh-Lanta : Raja Ampat,Virginie Jarry,3,13,1,0,,0,Femme,0.0,Profil non physique,26-33,26–33 ans
KL13::virginie jarry,KL13,Koh-Lanta : Raja Ampat,Virginie Jarry,4,13,1,0,,0,Femme,0.0,Profil non physique,26-33,26–33 ans
KL13::virginie jarry,KL13,Koh-Lanta : Raja Ampat,Virginie Jarry,5,13,1,0,,0,Femme,0.0,Profil non physique,26-33,26–33 ans
KL13::virginie jarry,KL13,Koh-Lanta : Raja Ampat,Virginie Jarry,6,13,1,0,,0,Femme,0.0,Profil non physique,26-33,26–33 ans
KL13::virginie jarry,KL13,Koh-Lanta : Raja Ampat,Virginie Jarry,7,13,1,0,,0,Femme,0.0,Profil non physique,26-33,26–33 ans
KL13::virginie jarry,KL13,Koh-Lanta : Raja Ampat,Virginie Jarry,8,13,1,0,,0,Femme,0.0,Profil non physique,26-33,26–33 ans
KL13::virginie jarry,KL13,Koh-Lanta : Raja Ampat,Virginie Jarry,9,13,1,0,,0,Femme,0.0,Profil non physique,26-33,26–33 ans
KL13::virginie jarry,KL13,Koh-Lanta : Raja Ampat,Virginie Jarry,10,13,1,0,,0,Femme,0.0,Profil non physique,26-33,26–33 ans
KL13::virginie jarry,KL13,Koh-Lanta : Raja Ampat,Virginie Jarry,11,13,1,0,,0,Femme,0.0,Profil non physique,26-33,26–33 ans
KL13::virginie jarry,KL13,Koh-Lanta : Raja Ampat,Virginie Jarry,12,13,1,0,,0,Femme,0.0,Profil non physique,26-33,26–33 ans
KL13::virginie jarry,KL13,Koh-Lanta : Raja Ampat,Virginie Jarry,13,13,1,1,MEDICAL,0,Femme,0.0,Profil non physique,26-33,26–33 ans
KL13::patricia morel,KL13,Koh-Lanta : Raja Ampat,Patricia Morel,1,14,1,0,,0,Femme,0.0,Profil non physique,34-41,34–41 ans
KL13::patricia morel,KL13,Koh-Lanta : Raja Ampat,Patricia Morel,2,14,1,0,,0,Femme,0.0,Profil non physique,34-41,34–41 ans
KL13::patricia morel,KL13,Koh-Lanta : Raja Ampat,Patricia Morel,3,14,1,0,,0,Femme,0.0,Profil non physique,34-41,34–41 ans
KL13::patricia morel,KL13,Koh-Lanta : Raja Ampat,Patricia Morel,4,14,1,0,,0,Femme,0.0,Profil non physique,34-41,34–41 ans
KL13::patricia morel,KL13,Koh-Lanta : Raja Ampat,Patricia Morel,5,14,1,0,,0,Femme,0.0,Profil non physique,34-41,34–41 ans
KL13::patricia morel,KL13,Koh-Lanta : Raja Ampat,Patricia Morel,6,14,1,0,,0,Femme,0.0,Profil non physique,34-41,34–41 ans
KL13::patricia morel,KL13,Koh-Lanta : Raja Ampat,Patricia Morel,7,14,1,0,,0,Femme,0.0,Profil non physique,34-41,34–41 ans
KL13::patricia morel,KL13,Koh-Lanta : Raja Ampat,Patricia Morel,8,14,1,0,,0,Femme,0.0,Profil non physique,34-41,34–41 ans
KL13::patricia morel,KL13,Koh-Lanta : Raja Ampat,Patricia Morel,9,14,1,0,,0,Femme,0.0,Profil non physique,34-41,34–41 ans
KL13::patricia morel,KL13,Koh-Lanta : Raja Ampat,Patricia Morel,10,14,1,0,,0,Femme,0.0,Profil non physique,34-41,34–41 ans
KL13::patricia morel,KL13,Koh-Lanta : Raja Ampat,Patricia Morel,11,14,1,0,,0,Femme,0.0,Profil non physique,34-41,34–41 ans
KL13::patricia morel,KL13,Koh-Lanta : Raja Ampat,Patricia Morel,12,14,1,0,,0,Femme,0.0,Profil non physique,34-41,34–41 ans
KL13::patricia morel,KL13,Koh-Lanta : Raja Ampat,Patricia Morel,13,14,1,0,,0,Femme,0.0,Profil non physique,34-41,34–41 ans
KL13::patricia morel,KL13,Koh-Lanta : Raja Ampat,Patricia Morel,14,14,1,1,VOTE_CONSEIL,0,Femme,0.0,Profil non physique,34-41,34–41 ans
KL13::alexandra pouillon,KL13,Koh-Lanta : Raja Ampat,Alexandra Pouillon,1,15,1,0,,0,Femme,0.0,Profil non physique,26-33,26–33 ans
KL13::alexandra pouillon,KL13,Koh-Lanta : Raja Ampat,Alexandra Pouillon,2,15,1,0,,0,Femme,0.0,Profil non physique,26-33,26–33 ans
KL13::alexandra pouillon,KL13,Koh-Lanta : Raja Ampat,Alexandra Pouillon,3,15,1,0,,0,Femme,0.0,Profil non physique,26-33,26–33 ans
KL13::alexandra pouillon,KL13,Koh-Lanta : Raja Ampat,Alexandra Pouillon,4,15,1,0,,0,Femme,0.0,Profil non physique,26-33,26–33 ans
KL13::alexandra pouillon,KL13,Koh-Lanta : Raja Ampat,Alexandra Pouillon,5,15,1,0,,0,Femme,0.0,Profil non physique,26-33,26–33 ans
KL13::alexandra pouillon,KL13,Koh-Lanta : Raja Ampat,Alexandra Pouillon,6,15,1,0,,0,Femme,0.0,Profil non physique,26-33,26–33 ans
KL13::alexandra pouillon,KL13,Koh-Lanta : Raja Ampat,Alexandra Pouillon,7,15,1,0,,0,Femme,0.0,Profil non physique,26-33,26–33 ans
KL13::alexandra pouillon,KL13,Koh-Lanta : Raja Ampat,Alexandra Pouillon,8,15,1,0,,0,Femme,0.0,Profil non physique,26-33,26–33 ans
KL13::alexandra pouillon,KL13,Koh-Lanta : Raja Ampat,Alexandra Pouillon,9,15,1,0,,0,Femme,0.0,Profil non physique,26-33,26–33 ans
KL13::alexandra pouillon,KL13,Koh-Lanta : Raja Ampat,Alexandra Pouillon,10,15,1,0,,0,Femme,0.0,Profil non physique,26-33,26–33 ans
KL13::alexandra pouillon,KL13,Koh-Lanta : Raja Ampat,Alexandra Pouillon,11,15,1,0,,0,Femme,0.0,Profil non physique,26-33,26–33 ans
KL13::alexandra pouillon,KL13,Koh-Lanta : Raja Ampat,Alexandra Pouillon,12,15,1,0,,0,Femme,0.0,Profil non physique,26-33,26–33 ans
KL13::alexandra pouillon,KL13,Koh-Lanta : Raja Ampat,Alexandra Pouillon,13,15,1,0,,0,Femme,0.0,Profil non physique,26-33,26–33 ans
KL13::alexandra pouillon,KL13,Koh-Lanta : Raja Ampat,Alexandra Pouillon,14,15,1,0,,0,Femme,0.0,Profil non physique,26-33,26–33 ans
KL13::alexandra pouillon,KL13,Koh-Lanta : Raja Ampat,Alexandra Pouillon,15,15,1,1,VOTE_CONSEIL,0,Femme,0.0,Profil non physique,26-33,26–33 ans
KL13::martin bazin,KL13,Koh-Lanta : Raja Ampat,Martin Bazin,1,16,1,0,,1,Homme,0.0,Profil non physique,18-25,18–25 ans
KL13::martin bazin,KL13,Koh-Lanta : Raja Ampat,Martin Bazin,2,16,1,0,,1,Homme,0.0,Profil non physique,18-25,18–25 ans
KL13::martin bazin,KL13,Koh-Lanta : Raja Ampat,Martin Bazin,3,16,1,0,,1,Homme,0.0,Profil non physique,18-25,18–25 ans
KL13::martin bazin,KL13,Koh-Lanta : Raja Ampat,Martin Bazin,4,16,1,0,,1,Homme,0.0,Profil non physique,18-25,18–25 ans
KL13::martin bazin,KL13,Koh-Lanta : Raja Ampat,Martin Bazin,5,16,1,0,,1,Homme,0.0,Profil non physique,18-25,18–25 ans
KL13::martin bazin,KL13,Koh-Lanta : Raja Ampat,Martin Bazin,6,16,1,0,,1,Homme,0.0,Profil non physique,18-25,18–25 ans
KL13::martin bazin,KL13,Koh-Lanta : Raja Ampat,Martin Bazin,7,16,1,0,,1,Homme,0.0,Profil non physique,18-25,18–25 ans
KL13::martin bazin,KL13,Koh-Lanta : Raja Ampat,Martin Bazin,8,16,1,0,,1,Homme,0.0,Profil non physique,18-25,18–25 ans
KL13::martin bazin,KL13,Koh-Lanta : Raja Ampat,Martin Bazin,9,16,1,0,,1,Homme,0.0,Profil non physique,18-25,18–25 ans
KL13::martin bazin,KL13,Koh-Lanta : Raja Ampat,Martin Bazin,10,16,1,0,,1,Homme,0.0,Profil non physique,18-25,18–25 ans
KL13::martin bazin,KL13,Koh-Lanta : Raja Ampat,Martin Bazin,11,16,1,0,,1,Homme,0.0,Profil non physique,18-25,18–25 ans
KL13::martin bazin,KL13,Koh-Lanta : Raja Ampat,Martin Bazin,12,16,1,0,,1,Homme,0.0,Profil non physique,18-25,18–25 ans
KL13::martin bazin,KL13,Koh-Lanta : Raja Ampat,Martin Bazin,13,16,1,0,,1,Homme,0.0,Profil non physique,18-25,18–25 ans
KL13::martin bazin,KL13,Koh-Lanta : Raja Ampat,Martin Bazin,14,16,1,0,,1,Homme,0.0,Profil non physique,18-25,18–25 ans
KL13::martin bazin,KL13,Koh-Lanta : Raja Ampat,Martin Bazin,15,16,1,0,,1,Homme,0.0,Profil non physique,18-25,18–25 ans
KL13::martin bazin,KL13,Koh-Lanta : Raja Ampat,Martin Bazin,16,16,1,1,VOTE_CONSEIL,1,Homme,0.0,Profil non physique,18-25,18–25 ans
KL13::ella gbezan,KL13,Koh-Lanta : Raja Ampat,Ella Gbezan,1,17,1,0,,0,Femme,0.0,Profil non physique,18-25,18–25 ans
KL13::ella gbezan,KL13,Koh-Lanta : Raja Ampat,Ella Gbezan,2,17,1,0,,0,Femme,0.0,Profil non physique,18-25,18–25 ans
KL13::ella gbezan,KL13,Koh-Lanta : Raja Ampat,Ella Gbezan,3,17,1,0,,0,Femme,0.0,Profil non physique,18-25,18–25 ans
KL13::ella gbezan,KL13,Koh-Lanta : Raja Ampat,Ella Gbezan,4,17,1,0,,0,Femme,0.0,Profil non physique,18-25,18–25 ans
KL13::ella gbezan,KL13,Koh-Lanta : Raja Ampat,Ella Gbezan,5,17,1,0,,0,Femme,0.0,Profil non physique,18-25,18–25 ans
KL13::ella gbezan,KL13,Koh-Lanta : Raja Ampat,Ella Gbezan,6,17,1,0,,0,Femme,0.0,Profil non physique,18-25,18–25 ans
KL13::ella gbezan,KL13,Koh-Lanta : Raja Ampat,Ella Gbezan,7,17,1,0,,0,Femme,0.0,Profil non physique,18-25,18–25 ans
KL13::ella gbezan,KL13,Koh-Lanta : Raja Ampat,Ella Gbezan,8,17,1,0,,0,Femme,0.0,Profil non physique,18-25,18–25 ans
KL13::ella gbezan,KL13,Koh-Lanta : Raja Ampat,Ella Gbezan,9,17,1,0,,0,Femme,0.0,Profil non physique,18-25,18–25 ans
KL13::ella gbezan,KL13,Koh-Lanta : Raja Ampat,Ella Gbezan,10,17,1,0,,0,Femme,0.0,Profil non physique,18-25,18–25 ans
KL13::ella gbezan,KL13,Koh-Lanta : Raja Ampat,Ella Gbezan,11,17,1,0,,0,Femme,0.0,Profil non physique,18-25,18–25 ans
KL13::ella gbezan,KL13,Koh-Lanta : Raja Ampat,Ella Gbezan,12,17,1,0,,0,Femme,0.0,Profil non physique,18-25,18–25 ans
KL13::ella gbezan,KL13,Koh-Lanta : Raja Ampat,Ella Gbezan,13,17,1,0,,0,Femme,0.0,Profil non physique,18-25,18–25 ans
KL13::ella gbezan,KL13,Koh-Lanta : Raja Ampat,Ella Gbezan,14,17,1,0,,0,Femme,0.0,Profil non physique,18-25,18–25 ans
KL13::ella gbezan,KL13,Koh-Lanta : Raja Ampat,Ella Gbezan,15,17,1,0,,0,Femme,0.0,Profil non physique,18-25,18–25 ans
KL13::ella gbezan,KL13,Koh-Lanta : Raja Ampat,Ella Gbezan,16,17,1,0,,0,Femme,0.0,Profil non physique,18-25,18–25 ans
KL13::ella gbezan,KL13,Koh-Lanta : Raja Ampat,Ella Gbezan,17,17,1,1,FINALE_ORIENTATION,0,Femme,0.0,Profil non physique,18-25,18–25 ans
KL13::laurent maistret,KL13,Koh-Lanta : Raja Ampat,Laurent Maistret,1,18,1,0,,1,Homme,1.0,Profil physique,26-33,26–33 ans
KL13::laurent maistret,KL13,Koh-Lanta : Raja Ampat,Laurent Maistret,2,18,1,0,,1,Homme,1.0,Profil physique,26-33,26–33 ans
KL13::laurent maistret,KL13,Koh-Lanta : Raja Ampat,Laurent Maistret,3,18,1,0,,1,Homme,1.0,Profil physique,26-33,26–33 ans
KL13::laurent maistret,KL13,Koh-Lanta : Raja Ampat,Laurent Maistret,4,18,1,0,,1,Homme,1.0,Profil physique,26-33,26–33 ans
KL13::laurent maistret,KL13,Koh-Lanta : Raja Ampat,Laurent Maistret,5,18,1,0,,1,Homme,1.0,Profil physique,26-33,26–33 ans
KL13::laurent maistret,KL13,Koh-Lanta : Raja Ampat,Laurent Maistret,6,18,1,0,,1,Homme,1.0,Profil physique,26-33,26–33 ans
KL13::laurent maistret,KL13,Koh-Lanta : Raja Ampat,Laurent Maistret,7,18,1,0,,1,Homme,1.0,Profil physique,26-33,26–33 ans
KL13::laurent maistret,KL13,Koh-Lanta : Raja Ampat,Laurent Maistret,8,18,1,0,,1,Homme,1.0,Profil physique,26-33,26–33 ans
KL13::laurent maistret,KL13,Koh-Lanta : Raja Ampat,Laurent Maistret,9,18,1,0,,1,Homme,1.0,Profil physique,26-33,26–33 ans
KL13::laurent maistret,KL13,Koh-Lanta : Raja Ampat,Laurent Maistret,10,18,1,0,,1,Homme,1.0,Profil physique,26-33,26–33 ans
KL13::laurent maistret,KL13,Koh-Lanta : Raja Ampat,Laurent Maistret,11,18,1,0,,1,Homme,1.0,Profil physique,26-33,26–33 ans
KL13::laurent maistret,KL13,Koh-Lanta : Raja Ampat,Laurent Maistret,12,18,1,0,,1,Homme,1.0,Profil physique,26-33,26–33 ans
KL13::laurent maistret,KL13,Koh-Lanta : Raja Ampat,Laurent Maistret,13,18,1,0,,1,Homme,1.0,Profil physique,26-33,26–33 ans
KL13::laurent maistret,KL13,Koh-Lanta : Raja Ampat,Laurent Maistret,14,18,1,0,,1,Homme,1.0,Profil physique,26-33,26–33 ans
KL13::laurent maistret,KL13,Koh-Lanta : Raja Ampat,Laurent Maistret,15,18,1,0,,1,Homme,1.0,Profil physique,26-33,26–33 ans
KL13::laurent maistret,KL13,Koh-Lanta : Raja Ampat,Laurent Maistret,16,18,1,0,,1,Homme,1.0,Profil physique,26-33,26–33 ans
KL13::laurent maistret,KL13,Koh-Lanta : Raja Ampat,Laurent Maistret,17,18,1,0,,1,Homme,1.0,Profil physique,26-33,26–33 ans
KL13::laurent maistret,KL13,Koh-Lanta : Raja Ampat,Laurent Maistret,18,18,1,1,FINALE_POTEAUX,1,Homme,1.0,Profil physique,26-33,26–33 ans
KL13::teheiura teahui,KL13,Koh-Lanta : Raja Ampat,Teheiura Teahui,1,19,1,0,,1,Homme,0.0,Profil non physique,26-33,26–33 ans
KL13::teheiura teahui,KL13,Koh-Lanta : Raja Ampat,Teheiura Teahui,2,19,1,0,,1,Homme,0.0,Profil non physique,26-33,26–33 ans
KL13::teheiura teahui,KL13,Koh-Lanta : Raja Ampat,Teheiura Teahui,3,19,1,0,,1,Homme,0.0,Profil non physique,26-33,26–33 ans
KL13::teheiura teahui,KL13,Koh-Lanta : Raja Ampat,Teheiura Teahui,4,19,1,0,,1,Homme,0.0,Profil non physique,26-33,26–33 ans
KL13::teheiura teahui,KL13,Koh-Lanta : Raja Ampat,Teheiura Teahui,5,19,1,0,,1,Homme,0.0,Profil non physique,26-33,26–33 ans
KL13::teheiura teahui,KL13,Koh-Lanta : Raja Ampat,Teheiura Teahui,6,19,1,0,,1,Homme,0.0,Profil non physique,26-33,26–33 ans
KL13::teheiura teahui,KL13,Koh-Lanta : Raja Ampat,Teheiura Teahui,7,19,1,0,,1,Homme,0.0,Profil non physique,26-33,26–33 ans
KL13::teheiura teahui,KL13,Koh-Lanta : Raja Ampat,Teheiura Teahui,8,19,1,0,,1,Homme,0.0,Profil non physique,26-33,26–33 ans
KL13::teheiura teahui,KL13,Koh-Lanta : Raja Ampat,Teheiura Teahui,9,19,1,0,,1,Homme,0.0,Profil non physique,26-33,26–33 ans
KL13::teheiura teahui,KL13,Koh-Lanta : Raja Ampat,Teheiura Teahui,10,19,1,0,,1,Homme,0.0,Profil non physique,26-33,26–33 ans
KL13::teheiura teahui,KL13,Koh-Lanta : Raja Ampat,Teheiura Teahui,11,19,1,0,,1,Homme,0.0,Profil non physique,26-33,26–33 ans
KL13::teheiura teahui,KL13,Koh-Lanta : Raja Ampat,Teheiura Teahui,12,19,1,0,,1,Homme,0.0,Profil non physique,26-33,26–33 ans
KL13::teheiura teahui,KL13,Koh-Lanta : Raja Ampat,Teheiura Teahui,13,19,1,0,,1,Homme,0.0,Profil non physique,26-33,26–33 ans
KL13::teheiura teahui,KL13,Koh-Lanta : Raja Ampat,Teheiura Teahui,14,19,1,0,,1,Homme,0.0,Profil non physique,26-33,26–33 ans
KL13::teheiura teahui,KL13,Koh-Lanta : Raja Ampat,Teheiura Teahui,15,19,1,0,,1,Homme,0.0,Profil non physique,26-33,26–33 ans
KL13::teheiura teahui,KL13,Koh-Lanta : Raja Ampat,Teheiura Teahui,16,19,1,0,,1,Homme,0.0,Profil non physique,26-33,26–33 ans
KL13::teheiura teahui,KL13,Koh-Lanta : Raja Ampat,Teheiura Teahui,17,19,1,0,,1,Homme,0.0,Profil non physique,26-33,26–33 ans
KL13::teheiura teahui,KL13,Koh-Lanta : Raja Ampat,Teheiura Teahui,18,19,1,0,,1,Homme,0.0,Profil non physique,26-33,26–33 ans
KL13::teheiura teahui,KL13,Koh-Lanta : Raja Ampat,Teheiura Teahui,19,19,1,1,JURY_FINAL_DECISION,1,Homme,0.0,Profil non physique,26-33,26–33 ans
KL13::gérard urdampilleta,KL13,Koh-Lanta : Raja Ampat,Gérard Urdampilleta,1,20,1,0,,1,Homme,0.0,Profil non physique,34-41,34–41 ans
KL13::gérard urdampilleta,KL13,Koh-Lanta : Raja Ampat,Gérard Urdampilleta,2,20,1,0,,1,Homme,0.0,Profil non physique,34-41,34–41 ans
KL13::gérard urdampilleta,KL13,Koh-Lanta : Raja Ampat,Gérard Urdampilleta,3,20,1,0,,1,Homme,0.0,Profil non physique,34-41,34–41 ans
KL13::gérard urdampilleta,KL13,Koh-Lanta : Raja Ampat,Gérard Urdampilleta,4,20,1,0,,1,Homme,0.0,Profil non physique,34-41,34–41 ans
KL13::gérard urdampilleta,KL13,Koh-Lanta : Raja Ampat,Gérard Urdampilleta,5,20,1,0,,1,Homme,0.0,Profil non physique,34-41,34–41 ans
KL13::gérard urdampilleta,KL13,Koh-Lanta : Raja Ampat,Gérard Urdampilleta,6,20,1,0,,1,Homme,0.0,Profil non physique,34-41,34–41 ans
KL13::gérard urdampilleta,KL13,Koh-Lanta : Raja Ampat,Gérard Urdampilleta,7,20,1,0,,1,Homme,0.0,Profil non physique,34-41,34–41 ans
KL13::gérard urdampilleta,KL13,Koh-Lanta : Raja Ampat,Gérard Urdampilleta,8,20,1,0,,1,Homme,0.0,Profil non physique,34-41,34–41 ans
KL13::gérard urdampilleta,KL13,Koh-Lanta : Raja Ampat,Gérard Urdampilleta,9,20,1,0,,1,Homme,0.0,Profil non physique,34-41,34–41 ans
KL13::gérard urdampilleta,KL13,Koh-Lanta : Raja Ampat,Gérard Urdampilleta,10,20,1,0,,1,Homme,0.0,Profil non physique,34-41,34–41 ans
KL13::gérard urdampilleta,KL13,Koh-Lanta : Raja Ampat,Gérard Urdampilleta,11,20,1,0,,1,Homme,0.0,Profil non physique,34-41,34–41 ans
KL13::gérard urdampilleta,KL13,Koh-Lanta : Raja Ampat,Gérard Urdampilleta,12,20,1,0,,1,Homme,0.0,Profil non physique,34-41,34–41 ans
KL13::gérard urdampilleta,KL13,Koh-Lanta : Raja Ampat,Gérard Urdampilleta,13,20,1,0,,1,Homme,0.0,Profil non physique,34-41,34–41 ans
KL13::gérard urdampilleta,KL13,Koh-Lanta : Raja Ampat,Gérard Urdampilleta,14,20,1,0,,1,Homme,0.0,Profil non physique,34-41,34–41 ans
KL13::gérard urdampilleta,KL13,Koh-Lanta : Raja Ampat,Gérard Urdampilleta,15,20,1,0,,1,Homme,0.0,Profil non physique,34-41,34–41 ans
KL13::gérard urdampilleta,KL13,Koh-Lanta : Raja Ampat,Gérard Urdampilleta,16,20,1,0,,1,Homme,0.0,Profil non physique,34-41,34–41 ans
KL13::gérard urdampilleta,KL13,Koh-Lanta : Raja Ampat,Gérard Urdampilleta,17,20,1,0,,1,Homme,0.0,Profil non physique,34-41,34–41 ans
KL13::gérard urdampilleta,KL13,Koh-Lanta : Raja Ampat,Gérard Urdampilleta,18,20,1,0,,1,Homme,0.0,Profil non physique,34-41,34–41 ans
KL13::gérard urdampilleta,KL13,Koh-Lanta : Raja Ampat,Gérard Urdampilleta,19,20,1,0,,1,Homme,0.0,Profil non physique,34-41,34–41 ans
KL13::gérard urdampilleta,KL13,Koh-Lanta : Raja Ampat,Gérard Urdampilleta,20,20,1,0,,1,Homme,0.0,Profil non physique,34-41,34–41 ans
KL18::charlie vincent-mussard,KL18,Koh-Lanta : Thaïlande,Charlie Vincent-Mussard,1,1,1,1,VOLUNTARY,0,Femme,0.0,Profil non physique,26-33,26–33 ans
KL18::laurence corbellotti,KL18,Koh-Lanta : Thaïlande,Laurence Corbellotti,1,2,1,0,,0,Femme,0.0,Profil non physique,34-41,34–41 ans
KL18::laurence corbellotti,KL18,Koh-Lanta : Thaïlande,Laurence Corbellotti,2,2,1,1,VOTE_CONSEIL,0,Femme,0.0,Profil non physique,34-41,34–41 ans
KL18::marius torterat,KL18,Koh-Lanta : Thaïlande,Marius Torterat,1,3,1,0,,1,Homme,0.0,Profil non physique,18-25,18–25 ans
KL18::marius torterat,KL18,Koh-Lanta : Thaïlande,Marius Torterat,2,3,1,0,,1,Homme,0.0,Profil non physique,18-25,18–25 ans
KL18::marius torterat,KL18,Koh-Lanta : Thaïlande,Marius Torterat,3,3,1,1,VOLUNTARY,1,Homme,0.0,Profil non physique,18-25,18–25 ans
KL18::céline parat-yeghiayan,KL18,Koh-Lanta : Thaïlande,Céline Parat-Yeghiayan,1,4,1,0,,0,Femme,1.0,Profil physique,42+,42 ans et plus
KL18::céline parat-yeghiayan,KL18,Koh-Lanta : Thaïlande,Céline Parat-Yeghiayan,2,4,1,0,,0,Femme,1.0,Profil physique,42+,42 ans et plus
KL18::céline parat-yeghiayan,KL18,Koh-Lanta : Thaïlande,Céline Parat-Yeghiayan,3,4,1,0,,0,Femme,1.0,Profil physique,42+,42 ans et plus
KL18::céline parat-yeghiayan,KL18,Koh-Lanta : Thaïlande,Céline Parat-Yeghiayan,4,4,1,1,VOTE_CONSEIL,0,Femme,1.0,Profil physique,42+,42 ans et plus
KL18::huw francis,KL18,Koh-Lanta : Thaïlande,Huw Francis,1,5,1,0,,1,Homme,1.0,Profil physique,34-41,34–41 ans
KL18::huw francis,KL18,Koh-Lanta : Thaïlande,Huw Francis,2,5,1,0,,1,Homme,1.0,Profil physique,34-41,34–41 ans
KL18::huw francis,KL18,Koh-Lanta : Thaïlande,Huw Francis,3,5,1,0,,1,Homme,1.0,Profil physique,34-41,34–41 ans
KL18::huw francis,KL18,Koh-Lanta : Thaïlande,Huw Francis,4,5,1,0,,1,Homme,1.0,Profil physique,34-41,34–41 ans
KL18::huw francis,KL18,Koh-Lanta : Thaïlande,Huw Francis,5,5,1,1,VOTE_CONSEIL,1,Homme,1.0,Profil physique,34-41,34–41 ans
KL18::carole poncelet,KL18,Koh-Lanta : Thaïlande,Carole Poncelet,1,6,1,0,,0,Femme,1.0,Profil physique,42+,42 ans et plus
KL18::carole poncelet,KL18,Koh-Lanta : Thaïlande,Carole Poncelet,2,6,1,0,,0,Femme,1.0,Profil physique,42+,42 ans et plus
KL18::carole poncelet,KL18,Koh-Lanta : Thaïlande,Carole Poncelet,3,6,1,0,,0,Femme,1.0,Profil physique,42+,42 ans et plus
KL18::carole poncelet,KL18,Koh-Lanta : Thaïlande,Carole Poncelet,4,6,1,0,,0,Femme,1.0,Profil physique,42+,42 ans et plus
KL18::carole poncelet,KL18,Koh-Lanta : Thaïlande,Carole Poncelet,5,6,1,0,,0,Femme,1.0,Profil physique,42+,42 ans et plus
KL18::carole poncelet,KL18,Koh-Lanta : Thaïlande,Carole Poncelet,6,6,1,1,VOTE_CONSEIL,0,Femme,1.0,Profil physique,42+,42 ans et plus
"KL18::laurence ""lolo"" facione",KL18,Koh-Lanta : Thaïlande,"Laurence ""Lolo"" Facione",1,7,1,0,,0,Femme,1.0,Profil physique,42+,42 ans et plus
"KL18::laurence ""lolo"" facione",KL18,Koh-Lanta : Thaïlande,"Laurence ""Lolo"" Facione",2,7,1,0,,0,Femme,1.0,Profil physique,42+,42 ans et plus
"KL18::laurence ""lolo"" facione",KL18,Koh-Lanta : Thaïlande,"Laurence ""Lolo"" Facione",3,7,1,0,,0,Femme,1.0,Profil physique,42+,42 ans et plus
"KL18::laurence ""lolo"" facione",KL18,Koh-Lanta : Thaïlande,"Laurence ""Lolo"" Facione",4,7,1,0,,0,Femme,1.0,Profil physique,42+,42 ans et plus
"KL18::laurence ""lolo"" facione",KL18,Koh-Lanta : Thaïlande,"Laurence ""Lolo"" Facione",5,7,1,0,,0,Femme,1.0,Profil physique,42+,42 ans et plus
"KL18::laurence ""lolo"" facione",KL18,Koh-Lanta : Thaïlande,"Laurence ""Lolo"" Facione",6,7,1,0,,0,Femme,1.0,Profil physique,42+,42 ans et plus
"KL18::laurence ""lolo"" facione",KL18,Koh-Lanta : Thaïlande,"Laurence ""Lolo"" Facione",7,7,1,1,VOTE_CONSEIL,0,Femme,1.0,Profil physique,42+,42 ans et plus
KL18::amir doukhan,KL18,Koh-Lanta : Thaïlande,Amir Doukhan,1,8,1,0,,1,Homme,0.0,Profil non physique,42+,42 ans et plus
KL18::amir doukhan,KL18,Koh-Lanta : Thaïlande,Amir Doukhan,2,8,1,0,,1,Homme,0.0,Profil non physique,42+,42 ans et plus
KL18::amir doukhan,KL18,Koh-Lanta : Thaïlande,Amir Doukhan,3,8,1,0,,1,Homme,0.0,Profil non physique,42+,42 ans et plus
KL18::amir doukhan,KL18,Koh-Lanta : Thaïlande,Amir Doukhan,4,8,1,0,,1,Homme,0.0,Profil non physique,42+,42 ans et plus
KL18::amir doukhan,KL18,Koh-Lanta : Thaïlande,Amir Doukhan,5,8,1,0,,1,Homme,0.0,Profil non physique,42+,42 ans et plus
KL18::amir doukhan,KL18,Koh-Lanta : Thaïlande,Amir Doukhan,6,8,1,0,,1,Homme,0.0,Profil non physique,42+,42 ans et plus
KL18::amir doukhan,KL18,Koh-Lanta : Thaïlande,Amir Doukhan,7,8,1,0,,1,Homme,0.0,Profil non physique,42+,42 ans et plus
KL18::amir doukhan,KL18,Koh-Lanta : Thaïlande,Amir Doukhan,8,8,1,1,VOTE_CONSEIL,1,Homme,0.0,Profil non physique,42+,42 ans et plus
KL18::cassandre girard,KL18,Koh-Lanta : Thaïlande,Cassandre Girard,1,9,1,0,,0,Femme,0.0,Profil non physique,18-25,18–25 ans
KL18::cassandre girard,KL18,Koh-Lanta : Thaïlande,Cassandre Girard,2,9,1,0,,0,Femme,0.0,Profil non physique,18-25,18–25 ans
KL18::cassandre girard,KL18,Koh-Lanta : Thaïlande,Cassandre Girard,3,9,1,0,,0,Femme,0.0,Profil non physique,18-25,18–25 ans
KL18::cassandre girard,KL18,Koh-Lanta : Thaïlande,Cassandre Girard,4,9,1,0,,0,Femme,0.0,Profil non physique,18-25,18–25 ans
KL18::cassandre girard,KL18,Koh-Lanta : Thaïlande,Cassandre Girard,5,9,1,0,,0,Femme,0.0,Profil non physique,18-25,18–25 ans
KL18::cassandre girard,KL18,Koh-Lanta : Thaïlande,Cassandre Girard,6,9,1,0,,0,Femme,0.0,Profil non physique,18-25,18–25 ans
KL18::cassandre girard,KL18,Koh-Lanta : Thaïlande,Cassandre Girard,7,9,1,0,,0,Femme,0.0,Profil non physique,18-25,18–25 ans
KL18::cassandre girard,KL18,Koh-Lanta : Thaïlande,Cassandre Girard,8,9,1,0,,0,Femme,0.0,Profil non physique,18-25,18–25 ans
KL18::cassandre girard,KL18,Koh-Lanta : Thaïlande,Cassandre Girard,9,9,1,1,AMBASSADEURS,0,Femme,0.0,Profil non physique,18-25,18–25 ans
KL18::romain palazzetti,KL18,Koh-Lanta : Thaïlande,Romain Palazzetti,1,10,1,0,,1,Homme,1.0,Profil physique,26-33,26–33 ans
KL18::romain palazzetti,KL18,Koh-Lanta : Thaïlande,Romain Palazzetti,2,10,1,0,,1,Homme,1.0,Profil physique,26-33,26–33 ans
KL18::romain palazzetti,KL18,Koh-Lanta : Thaïlande,Romain Palazzetti,3,10,1,0,,1,Homme,1.0,Profil physique,26-33,26–33 ans
KL18::romain palazzetti,KL18,Koh-Lanta : Thaïlande,Romain Palazzetti,4,10,1,0,,1,Homme,1.0,Profil physique,26-33,26–33 ans
KL18::romain palazzetti,KL18,Koh-Lanta : Thaïlande,Romain Palazzetti,5,10,1,0,,1,Homme,1.0,Profil physique,26-33,26–33 ans
KL18::romain palazzetti,KL18,Koh-Lanta : Thaïlande,Romain Palazzetti,6,10,1,0,,1,Homme,1.0,Profil physique,26-33,26–33 ans
KL18::romain palazzetti,KL18,Koh-Lanta : Thaïlande,Romain Palazzetti,7,10,1,0,,1,Homme,1.0,Profil physique,26-33,26–33 ans
KL18::romain palazzetti,KL18,Koh-Lanta : Thaïlande,Romain Palazzetti,8,10,1,0,,1,Homme,1.0,Profil physique,26-33,26–33 ans
KL18::romain palazzetti,KL18,Koh-Lanta : Thaïlande,Romain Palazzetti,9,10,1,0,,1,Homme,1.0,Profil physique,26-33,26–33 ans
KL18::romain palazzetti,KL18,Koh-Lanta : Thaïlande,Romain Palazzetti,10,10,1,1,VOTE_CONSEIL,1,Homme,1.0,Profil physique,26-33,26–33 ans
KL18::julien castro,KL18,Koh-Lanta : Thaïlande,Julien Castro,1,11,1,0,,1,Homme,0.0,Profil non physique,26-33,26–33 ans
KL18::julien castro,KL18,Koh-Lanta : Thaïlande,Julien Castro,2,11,1,0,,1,Homme,0.0,Profil non physique,26-33,26–33 ans
KL18::julien castro,KL18,Koh-Lanta : Thaïlande,Julien Castro,3,11,1,0,,1,Homme,0.0,Profil non physique,26-33,26–33 ans
KL18::julien castro,KL18,Koh-Lanta : Thaïlande,Julien Castro,4,11,1,0,,1,Homme,0.0,Profil non physique,26-33,26–33 ans
KL18::julien castro,KL18,Koh-Lanta : Thaïlande,Julien Castro,5,11,1,0,,1,Homme,0.0,Profil non physique,26-33,26–33 ans
KL18::julien castro,KL18,Koh-Lanta : Thaïlande,Julien Castro,6,11,1,0,,1,Homme,0.0,Profil non physique,26-33,26–33 ans
KL18::julien castro,KL18,Koh-Lanta : Thaïlande,Julien Castro,7,11,1,0,,1,Homme,0.0,Profil non physique,26-33,26–33 ans
KL18::julien castro,KL18,Koh-Lanta : Thaïlande,Julien Castro,8,11,1,0,,1,Homme,0.0,Profil non physique,26-33,26–33 ans
KL18::julien castro,KL18,Koh-Lanta : Thaïlande,Julien Castro,9,11,1,0,,1,Homme,0.0,Profil non physique,26-33,26–33 ans
KL18::julien castro,KL18,Koh-Lanta : Thaïlande,Julien Castro,10,11,1,0,,1,Homme,0.0,Profil non physique,26-33,26–33 ans
KL18::julien castro,KL18,Koh-Lanta : Thaïlande,Julien Castro,11,11,1,1,VOTE_CONSEIL,1,Homme,0.0,Profil non physique,26-33,26–33 ans
KL18::laureen hugel,KL18,Koh-Lanta : Thaïlande,Laureen Hugel,1,11,1,0,,0,Femme,0.0,Profil non physique,26-33,26–33 ans
KL18::laureen hugel,KL18,Koh-Lanta : Thaïlande,Laureen Hugel,2,11,1,0,,0,Femme,0.0,Profil non physique,26-33,26–33 ans
KL18::laureen hugel,KL18,Koh-Lanta : Thaïlande,Laureen Hugel,3,11,1,0,,0,Femme,0.0,Profil non physique,26-33,26–33 ans
KL18::laureen hugel,KL18,Koh-Lanta : Thaïlande,Laureen Hugel,4,11,1,0,,0,Femme,0.0,Profil non physique,26-33,26–33 ans
KL18::laureen hugel,KL18,Koh-Lanta : Thaïlande,Laureen Hugel,5,11,1,0,,0,Femme,0.0,Profil non physique,26-33,26–33 ans
KL18::laureen hugel,KL18,Koh-Lanta : Thaïlande,Laureen Hugel,6,11,1,0,,0,Femme,0.0,Profil non physique,26-33,26–33 ans
KL18::laureen hugel,KL18,Koh-Lanta : Thaïlande,Laureen Hugel,7,11,1,0,,0,Femme,0.0,Profil non physique,26-33,26–33 ans
KL18::laureen hugel,KL18,Koh-Lanta : Thaïlande,Laureen Hugel,8,11,1,0,,0,Femme,0.0,Profil non physique,26-33,26–33 ans
KL18::laureen hugel,KL18,Koh-Lanta : Thaïlande,Laureen Hugel,9,11,1,0,,0,Femme,0.0,Profil non physique,26-33,26–33 ans
KL18::laureen hugel,KL18,Koh-Lanta : Thaïlande,Laureen Hugel,10,11,1,0,,0,Femme,0.0,Profil non physique,26-33,26–33 ans
KL18::laureen hugel,KL18,Koh-Lanta : Thaïlande,Laureen Hugel,11,11,1,1,VOTE_CONSEIL,0,Femme,0.0,Profil non physique,26-33,26–33 ans
KL18::steve best,KL18,Koh-Lanta : Thaïlande,Steve Best,1,12,1,0,,1,Homme,0.0,Profil non physique,26-33,26–33 ans
KL18::steve best,KL18,Koh-Lanta : Thaïlande,Steve Best,2,12,1,0,,1,Homme,0.0,Profil non physique,26-33,26–33 ans
KL18::steve best,KL18,Koh-Lanta : Thaïlande,Steve Best,3,12,1,0,,1,Homme,0.0,Profil non physique,26-33,26–33 ans
KL18::steve best,KL18,Koh-Lanta : Thaïlande,Steve Best,4,12,1,0,,1,Homme,0.0,Profil non physique,26-33,26–33 ans
KL18::steve best,KL18,Koh-Lanta : Thaïlande,Steve Best,5,12,1,0,,1,Homme,0.0,Profil non physique,26-33,26–33 ans
KL18::steve best,KL18,Koh-Lanta : Thaïlande,Steve Best,6,12,1,0,,1,Homme,0.0,Profil non physique,26-33,26–33 ans
KL18::steve best,KL18,Koh-Lanta : Thaïlande,Steve Best,7,12,1,0,,1,Homme,0.0,Profil non physique,26-33,26–33 ans
KL18::steve best,KL18,Koh-Lanta : Thaïlande,Steve Best,8,12,1,0,,1,Homme,0.0,Profil non physique,26-33,26–33 ans
KL18::steve best,KL18,Koh-Lanta : Thaïlande,Steve Best,9,12,1,0,,1,Homme,0.0,Profil non physique,26-33,26–33 ans
KL18::steve best,KL18,Koh-Lanta : Thaïlande,Steve Best,10,12,1,0,,1,Homme,0.0,Profil non physique,26-33,26–33 ans
KL18::steve best,KL18,Koh-Lanta : Thaïlande,Steve Best,11,12,1,0,,1,Homme,0.0,Profil non physique,26-33,26–33 ans
KL18::steve best,KL18,Koh-Lanta : Thaïlande,Steve Best,12,12,1,1,VOTE_CONSEIL,1,Homme,0.0,Profil non physique,26-33,26–33 ans
KL18::carine cazals,KL18,Koh-Lanta : Thaïlande,Carine Cazals,1,13,1,0,,0,Femme,1.0,Profil physique,34-41,34–41 ans
KL18::carine cazals,KL18,Koh-Lanta : Thaïlande,Carine Cazals,2,13,1,0,,0,Femme,1.0,Profil physique,34-41,34–41 ans
KL18::carine cazals,KL18,Koh-Lanta : Thaïlande,Carine Cazals,3,13,1,0,,0,Femme,1.0,Profil physique,34-41,34–41 ans
KL18::carine cazals,KL18,Koh-Lanta : Thaïlande,Carine Cazals,4,13,1,0,,0,Femme,1.0,Profil physique,34-41,34–41 ans
KL18::carine cazals,KL18,Koh-Lanta : Thaïlande,Carine Cazals,5,13,1,0,,0,Femme,1.0,Profil physique,34-41,34–41 ans
KL18::carine cazals,KL18,Koh-Lanta : Thaïlande,Carine Cazals,6,13,1,0,,0,Femme,1.0,Profil physique,34-41,34–41 ans
KL18::carine cazals,KL18,Koh-Lanta : Thaïlande,Carine Cazals,7,13,1,0,,0,Femme,1.0,Profil physique,34-41,34–41 ans
KL18::carine cazals,KL18,Koh-Lanta : Thaïlande,Carine Cazals,8,13,1,0,,0,Femme,1.0,Profil physique,34-41,34–41 ans
KL18::carine cazals,KL18,Koh-Lanta : Thaïlande,Carine Cazals,9,13,1,0,,0,Femme,1.0,Profil physique,34-41,34–41 ans
KL18::carine cazals,KL18,Koh-Lanta : Thaïlande,Carine Cazals,10,13,1,0,,0,Femme,1.0,Profil physique,34-41,34–41 ans
KL18::carine cazals,KL18,Koh-Lanta : Thaïlande,Carine Cazals,11,13,1,0,,0,Femme,1.0,Profil physique,34-41,34–41 ans
KL18::carine cazals,KL18,Koh-Lanta : Thaïlande,Carine Cazals,12,13,1,0,,0,Femme,1.0,Profil physique,34-41,34–41 ans
KL18::carine cazals,KL18,Koh-Lanta : Thaïlande,Carine Cazals,13,13,1,1,VOTE_CONSEIL,0,Femme,1.0,Profil physique,34-41,34–41 ans
KL18::karima neggaz,KL18,Koh-Lanta : Thaïlande,Karima Neggaz,1,14,1,0,,0,Femme,1.0,Profil physique,26-33,26–33 ans
KL18::karima neggaz,KL18,Koh-Lanta : Thaïlande,Karima Neggaz,2,14,1,0,,0,Femme,1.0,Profil physique,26-33,26–33 ans
KL18::karima neggaz,KL18,Koh-Lanta : Thaïlande,Karima Neggaz,3,14,1,0,,0,Femme,1.0,Profil physique,26-33,26–33 ans
KL18::karima neggaz,KL18,Koh-Lanta : Thaïlande,Karima Neggaz,4,14,1,0,,0,Femme,1.0,Profil physique,26-33,26–33 ans
KL18::karima neggaz,KL18,Koh-Lanta : Thaïlande,Karima Neggaz,5,14,1,0,,0,Femme,1.0,Profil physique,26-33,26–33 ans
KL18::karima neggaz,KL18,Koh-Lanta : Thaïlande,Karima Neggaz,6,14,1,0,,0,Femme,1.0,Profil physique,26-33,26–33 ans
KL18::karima neggaz,KL18,Koh-Lanta : Thaïlande,Karima Neggaz,7,14,1,0,,0,Femme,1.0,Profil physique,26-33,26–33 ans
KL18::karima neggaz,KL18,Koh-Lanta : Thaïlande,Karima Neggaz,8,14,1,0,,0,Femme,1.0,Profil physique,26-33,26–33 ans
KL18::karima neggaz,KL18,Koh-Lanta : Thaïlande,Karima Neggaz,9,14,1,0,,0,Femme,1.0,Profil physique,26-33,26–33 ans
KL18::karima neggaz,KL18,Koh-Lanta : Thaïlande,Karima Neggaz,10,14,1,0,,0,Femme,1.0,Profil physique,26-33,26–33 ans
KL18::karima neggaz,KL18,Koh-Lanta : Thaïlande,Karima Neggaz,11,14,1,0,,0,Femme,1.0,Profil physique,26-33,26–33 ans
KL18::karima neggaz,KL18,Koh-Lanta : Thaïlande,Karima Neggaz,12,14,1,0,,0,Femme,1.0,Profil physique,26-33,26–33 ans
KL18::karima neggaz,KL18,Koh-Lanta : Thaïlande,Karima Neggaz,13,14,1,0,,0,Femme,1.0,Profil physique,26-33,26–33 ans
KL18::karima neggaz,KL18,Koh-Lanta : Thaïlande,Karima Neggaz,14,14,1,1,VOTE_CONSEIL,0,Femme,1.0,Profil physique,26-33,26–33 ans
KL18::nicolas rouyé,KL18,Koh-Lanta : Thaïlande,Nicolas Rouyé,1,15,1,0,,1,Homme,1.0,Profil physique,26-33,26–33 ans
KL18::nicolas rouyé,KL18,Koh-Lanta : Thaïlande,Nicolas Rouyé,2,15,1,0,,1,Homme,1.0,Profil physique,26-33,26–33 ans
KL18::nicolas rouyé,KL18,Koh-Lanta : Thaïlande,Nicolas Rouyé,3,15,1,0,,1,Homme,1.0,Profil physique,26-33,26–33 ans
KL18::nicolas rouyé,KL18,Koh-Lanta : Thaïlande,Nicolas Rouyé,4,15,1,0,,1,Homme,1.0,Profil physique,26-33,26–33 ans
KL18::nicolas rouyé,KL18,Koh-Lanta : Thaïlande,Nicolas Rouyé,5,15,1,0,,1,Homme,1.0,Profil physique,26-33,26–33 ans
KL18::nicolas rouyé,KL18,Koh-Lanta : Thaïlande,Nicolas Rouyé,6,15,1,0,,1,Homme,1.0,Profil physique,26-33,26–33 ans
KL18::nicolas rouyé,KL18,Koh-Lanta : Thaïlande,Nicolas Rouyé,7,15,1,0,,1,Homme,1.0,Profil physique,26-33,26–33 ans
KL18::nicolas rouyé,KL18,Koh-Lanta : Thaïlande,Nicolas Rouyé,8,15,1,0,,1,Homme,1.0,Profil physique,26-33,26–33 ans
KL18::nicolas rouyé,KL18,Koh-Lanta : Thaïlande,Nicolas Rouyé,9,15,1,0,,1,Homme,1.0,Profil physique,26-33,26–33 ans
KL18::nicolas rouyé,KL18,Koh-Lanta : Thaïlande,Nicolas Rouyé,10,15,1,0,,1,Homme,1.0,Profil physique,26-33,26–33 ans
KL18::nicolas rouyé,KL18,Koh-Lanta : Thaïlande,Nicolas Rouyé,11,15,1,0,,1,Homme,1.0,Profil physique,26-33,26–33 ans
KL18::nicolas rouyé,KL18,Koh-Lanta : Thaïlande,Nicolas Rouyé,12,15,1,0,,1,Homme,1.0,Profil physique,26-33,26–33 ans
KL18::nicolas rouyé,KL18,Koh-Lanta : Thaïlande,Nicolas Rouyé,13,15,1,0,,1,Homme,1.0,Profil physique,26-33,26–33 ans
KL18::nicolas rouyé,KL18,Koh-Lanta : Thaïlande,Nicolas Rouyé,14,15,1,0,,1,Homme,1.0,Profil physique,26-33,26–33 ans
KL18::nicolas rouyé,KL18,Koh-Lanta : Thaïlande,Nicolas Rouyé,15,15,1,1,VOTE_CONSEIL,1,Homme,1.0,Profil physique,26-33,26–33 ans
KL18::alain chrisostome,KL18,Koh-Lanta : Thaïlande,Alain Chrisostome,1,16,1,0,,1,Homme,1.0,Profil physique,42+,42 ans et plus
KL18::alain chrisostome,KL18,Koh-Lanta : Thaïlande,Alain Chrisostome,2,16,1,0,,1,Homme,1.0,Profil physique,42+,42 ans et plus
KL18::alain chrisostome,KL18,Koh-Lanta : Thaïlande,Alain Chrisostome,3,16,1,0,,1,Homme,1.0,Profil physique,42+,42 ans et plus
KL18::alain chrisostome,KL18,Koh-Lanta : Thaïlande,Alain Chrisostome,4,16,1,0,,1,Homme,1.0,Profil physique,42+,42 ans et plus
KL18::alain chrisostome,KL18,Koh-Lanta : Thaïlande,Alain Chrisostome,5,16,1,0,,1,Homme,1.0,Profil physique,42+,42 ans et plus
KL18::alain chrisostome,KL18,Koh-Lanta : Thaïlande,Alain Chrisostome,6,16,1,0,,1,Homme,1.0,Profil physique,42+,42 ans et plus
KL18::alain chrisostome,KL18,Koh-Lanta : Thaïlande,Alain Chrisostome,7,16,1,0,,1,Homme,1.0,Profil physique,42+,42 ans et plus
KL18::alain chrisostome,KL18,Koh-Lanta : Thaïlande,Alain Chrisostome,8,16,1,0,,1,Homme,1.0,Profil physique,42+,42 ans et plus
KL18::alain chrisostome,KL18,Koh-Lanta : Thaïlande,Alain Chrisostome,9,16,1,0,,1,Homme,1.0,Profil physique,42+,42 ans et plus
KL18::alain chrisostome,KL18,Koh-Lanta : Thaïlande,Alain Chrisostome,10,16,1,0,,1,Homme,1.0,Profil physique,42+,42 ans et plus
KL18::alain chrisostome,KL18,Koh-Lanta : Thaïlande,Alain Chrisostome,11,16,1,0,,1,Homme,1.0,Profil physique,42+,42 ans et plus
KL18::alain chrisostome,KL18,Koh-Lanta : Thaïlande,Alain Chrisostome,12,16,1,0,,1,Homme,1.0,Profil physique,42+,42 ans et plus
KL18::alain chrisostome,KL18,Koh-Lanta : Thaïlande,Alain Chrisostome,13,16,1,0,,1,Homme,1.0,Profil physique,42+,42 ans et plus
KL18::alain chrisostome,KL18,Koh-Lanta : Thaïlande,Alain Chrisostome,14,16,1,0,,1,Homme,1.0,Profil physique,42+,42 ans et plus
KL18::alain chrisostome,KL18,Koh-Lanta : Thaïlande,Alain Chrisostome,15,16,1,0,,1,Homme,1.0,Profil physique,42+,42 ans et plus
KL18::alain chrisostome,KL18,Koh-Lanta : Thaïlande,Alain Chrisostome,16,16,1,1,VOTE_CONSEIL,1,Homme,1.0,Profil physique,42+,42 ans et plus
KL18::cécilia siharaj,KL18,Koh-Lanta : Thaïlande,Cécilia Siharaj,1,17,1,0,,0,Femme,1.0,Profil physique,26-33,26–33 ans
KL18::cécilia siharaj,KL18,Koh-Lanta : Thaïlande,Cécilia Siharaj,2,17,1,0,,0,Femme,1.0,Profil physique,26-33,26–33 ans
KL18::cécilia siharaj,KL18,Koh-Lanta : Thaïlande,Cécilia Siharaj,3,17,1,0,,0,Femme,1.0,Profil physique,26-33,26–33 ans
KL18::cécilia siharaj,KL18,Koh-Lanta : Thaïlande,Cécilia Siharaj,4,17,1,0,,0,Femme,1.0,Profil physique,26-33,26–33 ans
KL18::cécilia siharaj,KL18,Koh-Lanta : Thaïlande,Cécilia Siharaj,5,17,1,0,,0,Femme,1.0,Profil physique,26-33,26–33 ans
KL18::cécilia siharaj,KL18,Koh-Lanta : Thaïlande,Cécilia Siharaj,6,17,1,0,,0,Femme,1.0,Profil physique,26-33,26–33 ans
KL18::cécilia siharaj,KL18,Koh-Lanta : Thaïlande,Cécilia Siharaj,7,17,1,0,,0,Femme,1.0,Profil physique,26-33,26–33 ans
KL18::cécilia siharaj,KL18,Koh-Lanta : Thaïlande,Cécilia Siharaj,8,17,1,0,,0,Femme,1.0,Profil physique,26-33,26–33 ans
KL18::cécilia siharaj,KL18,Koh-Lanta : Thaïlande,Cécilia Siharaj,9,17,1,0,,0,Femme,1.0,Profil physique,26-33,26–33 ans
KL18::cécilia siharaj,KL18,Koh-Lanta : Thaïlande,Cécilia Siharaj,10,17,1,0,,0,Femme,1.0,Profil physique,26-33,26–33 ans
KL18::cécilia siharaj,KL18,Koh-Lanta : Thaïlande,Cécilia Siharaj,11,17,1,0,,0,Femme,1.0,Profil physique,26-33,26–33 ans
KL18::cécilia siharaj,KL18,Koh-Lanta : Thaïlande,Cécilia Siharaj,12,17,1,0,,0,Femme,1.0,Profil physique,26-33,26–33 ans
KL18::cécilia siharaj,KL18,Koh-Lanta : Thaïlande,Cécilia Siharaj,13,17,1,0,,0,Femme,1.0,Profil physique,26-33,26–33 ans
KL18::cécilia siharaj,KL18,Koh-Lanta : Thaïlande,Cécilia Siharaj,14,17,1,0,,0,Femme,1.0,Profil physique,26-33,26–33 ans
KL18::cécilia siharaj,KL18,Koh-Lanta : Thaïlande,Cécilia Siharaj,15,17,1,0,,0,Femme,1.0,Profil physique,26-33,26–33 ans
KL18::cécilia siharaj,KL18,Koh-Lanta : Thaïlande,Cécilia Siharaj,16,17,1,0,,0,Femme,1.0,Profil physique,26-33,26–33 ans
KL18::cécilia siharaj,KL18,Koh-Lanta : Thaïlande,Cécilia Siharaj,17,17,1,1,FINALE_ORIENTATION,0,Femme,1.0,Profil physique,26-33,26–33 ans
KL18::gabriel gubbels,KL18,Koh-Lanta : Thaïlande,Gabriel Gubbels,1,18,1,0,,1,Homme,0.0,Profil non physique,34-41,34–41 ans
KL18::gabriel gubbels,KL18,Koh-Lanta : Thaïlande,Gabriel Gubbels,2,18,1,0,,1,Homme,0.0,Profil non physique,34-41,34–41 ans
KL18::gabriel gubbels,KL18,Koh-Lanta : Thaïlande,Gabriel Gubbels,3,18,1,0,,1,Homme,0.0,Profil non physique,34-41,34–41 ans
KL18::gabriel gubbels,KL18,Koh-Lanta : Thaïlande,Gabriel Gubbels,4,18,1,0,,1,Homme,0.0,Profil non physique,34-41,34–41 ans
KL18::gabriel gubbels,KL18,Koh-Lanta : Thaïlande,Gabriel Gubbels,5,18,1,0,,1,Homme,0.0,Profil non physique,34-41,34–41 ans
KL18::gabriel gubbels,KL18,Koh-Lanta : Thaïlande,Gabriel Gubbels,6,18,1,0,,1,Homme,0.0,Profil non physique,34-41,34–41 ans
KL18::gabriel gubbels,KL18,Koh-Lanta : Thaïlande,Gabriel Gubbels,7,18,1,0,,1,Homme,0.0,Profil non physique,34-41,34–41 ans
KL18::gabriel gubbels,KL18,Koh-Lanta : Thaïlande,Gabriel Gubbels,8,18,1,0,,1,Homme,0.0,Profil non physique,34-41,34–41 ans
KL18::gabriel gubbels,KL18,Koh-Lanta : Thaïlande,Gabriel Gubbels,9,18,1,0,,1,Homme,0.0,Profil non physique,34-41,34–41 ans
KL18::gabriel gubbels,KL18,Koh-Lanta : Thaïlande,Gabriel Gubbels,10,18,1,0,,1,Homme,0.0,Profil non physique,34-41,34–41 ans
KL18::gabriel gubbels,KL18,Koh-Lanta : Thaïlande,Gabriel Gubbels,11,18,1,0,,1,Homme,0.0,Profil non physique,34-41,34–41 ans
KL18::gabriel gubbels,KL18,Koh-Lanta : Thaïlande,Gabriel Gubbels,12,18,1,0,,1,Homme,0.0,Profil non physique,34-41,34–41 ans
KL18::gabriel gubbels,KL18,Koh-Lanta : Thaïlande,Gabriel Gubbels,13,18,1,0,,1,Homme,0.0,Profil non physique,34-41,34–41 ans
KL18::gabriel gubbels,KL18,Koh-Lanta : Thaïlande,Gabriel Gubbels,14,18,1,0,,1,Homme,0.0,Profil non physique,34-41,34–41 ans
KL18::gabriel gubbels,KL18,Koh-Lanta : Thaïlande,Gabriel Gubbels,15,18,1,0,,1,Homme,0.0,Profil non physique,34-41,34–41 ans
KL18::gabriel gubbels,KL18,Koh-Lanta : Thaïlande,Gabriel Gubbels,16,18,1,0,,1,Homme,0.0,Profil non physique,34-41,34–41 ans
KL18::gabriel gubbels,KL18,Koh-Lanta : Thaïlande,Gabriel Gubbels,17,18,1,0,,1,Homme,0.0,Profil non physique,34-41,34–41 ans
KL18::gabriel gubbels,KL18,Koh-Lanta : Thaïlande,Gabriel Gubbels,18,18,1,1,FINALE_POTEAUX,1,Homme,0.0,Profil non physique,34-41,34–41 ans
KL18::pascal salviani,KL18,Koh-Lanta : Thaïlande,Pascal Salviani,1,19,1,0,,1,Homme,0.0,Profil non physique,42+,42 ans et plus
KL18::pascal salviani,KL18,Koh-Lanta : Thaïlande,Pascal Salviani,2,19,1,0,,1,Homme,0.0,Profil non physique,42+,42 ans et plus
KL18::pascal salviani,KL18,Koh-Lanta : Thaïlande,Pascal Salviani,3,19,1,0,,1,Homme,0.0,Profil non physique,42+,42 ans et plus
KL18::pascal salviani,KL18,Koh-Lanta : Thaïlande,Pascal Salviani,4,19,1,0,,1,Homme,0.0,Profil non physique,42+,42 ans et plus
KL18::pascal salviani,KL18,Koh-Lanta : Thaïlande,Pascal Salviani,5,19,1,0,,1,Homme,0.0,Profil non physique,42+,42 ans et plus
KL18::pascal salviani,KL18,Koh-Lanta : Thaïlande,Pascal Salviani,6,19,1,0,,1,Homme,0.0,Profil non physique,42+,42 ans et plus
KL18::pascal salviani,KL18,Koh-Lanta : Thaïlande,Pascal Salviani,7,19,1,0,,1,Homme,0.0,Profil non physique,42+,42 ans et plus
KL18::pascal salviani,KL18,Koh-Lanta : Thaïlande,Pascal Salviani,8,19,1,0,,1,Homme,0.0,Profil non physique,42+,42 ans et plus
KL18::pascal salviani,KL18,Koh-Lanta : Thaïlande,Pascal Salviani,9,19,1,0,,1,Homme,0.0,Profil non physique,42+,42 ans et plus
KL18::pascal salviani,KL18,Koh-Lanta : Thaïlande,Pascal Salviani,10,19,1,0,,1,Homme,0.0,Profil non physique,42+,42 ans et plus
KL18::pascal salviani,KL18,Koh-Lanta : Thaïlande,Pascal Salviani,11,19,1,0,,1,Homme,0.0,Profil non physique,42+,42 ans et plus
KL18::pascal salviani,KL18,Koh-Lanta : Thaïlande,Pascal Salviani,12,19,1,0,,1,Homme,0.0,Profil non physique,42+,42 ans et plus
KL18::pascal salviani,KL18,Koh-Lanta : Thaïlande,Pascal Salviani,13,19,1,0,,1,Homme,0.0,Profil non physique,42+,42 ans et plus
KL18::pascal salviani,KL18,Koh-Lanta : Thaïlande,Pascal Salviani,14,19,1,0,,1,Homme,0.0,Profil non physique,42+,42 ans et plus
KL18::pascal salviani,KL18,Koh-Lanta : Thaïlande,Pascal Salviani,15,19,1,0,,1,Homme,0.0,Profil non physique,42+,42 ans et plus
KL18::pascal salviani,KL18,Koh-Lanta : Thaïlande,Pascal Salviani,16,19,1,0,,1,Homme,0.0,Profil non physique,42+,42 ans et plus
KL18::pascal salviani,KL18,Koh-Lanta : Thaïlande,Pascal Salviani,17,19,1,0,,1,Homme,0.0,Profil non physique,42+,42 ans et plus
KL18::pascal salviani,KL18,Koh-Lanta : Thaïlande,Pascal Salviani,18,19,1,0,,1,Homme,0.0,Profil non physique,42+,42 ans et plus
KL18::pascal salviani,KL18,Koh-Lanta : Thaïlande,Pascal Salviani,19,19,1,1,JURY_FINAL_DECISION,1,Homme,0.0,Profil non physique,42+,42 ans et plus
KL18::wendy gervois,KL18,Koh-Lanta : Thaïlande,Wendy Gervois,1,20,1,0,,0,Femme,1.0,Profil physique,26-33,26–33 ans
KL18::wendy gervois,KL18,Koh-Lanta : Thaïlande,Wendy Gervois,2,20,1,0,,0,Femme,1.0,Profil physique,26-33,26–33 ans
KL18::wendy gervois,KL18,Koh-Lanta : Thaïlande,Wendy Gervois,3,20,1,0,,0,Femme,1.0,Profil physique,26-33,26–33 ans
KL18::wendy gervois,KL18,Koh-Lanta : Thaïlande,Wendy Gervois,4,20,1,0,,0,Femme,1.0,Profil physique,26-33,26–33 ans
KL18::wendy gervois,KL18,Koh-Lanta : Thaïlande,Wendy Gervois,5,20,1,0,,0,Femme,1.0,Profil physique,26-33,26–33 ans
KL18::wendy gervois,KL18,Koh-Lanta : Thaïlande,Wendy Gervois,6,20,1,0,,0,Femme,1.0,Profil physique,26-33,26–33 ans
KL18::wendy gervois,KL18,Koh-Lanta : Thaïlande,Wendy Gervois,7,20,1,0,,0,Femme,1.0,Profil physique,26-33,26–33 ans
KL18::wendy gervois,KL18,Koh-Lanta : Thaïlande,Wendy Gervois,8,20,1,0,,0,Femme,1.0,Profil physique,26-33,26–33 ans
KL18::wendy gervois,KL18,Koh-Lanta : Thaïlande,Wendy Gervois,9,20,1,0,,0,Femme,1.0,Profil physique,26-33,26–33 ans
KL18::wendy gervois,KL18,Koh-Lanta : Thaïlande,Wendy Gervois,10,20,1,0,,0,Femme,1.0,Profil physique,26-33,26–33 ans
KL18::wendy gervois,KL18,Koh-Lanta : Thaïlande,Wendy Gervois,11,20,1,0,,0,Femme,1.0,Profil physique,26-33,26–33 ans
KL18::wendy gervois,KL18,Koh-Lanta : Thaïlande,Wendy Gervois,12,20,1,0,,0,Femme,1.0,Profil physique,26-33,26–33 ans
KL18::wendy gervois,KL18,Koh-Lanta : Thaïlande,Wendy Gervois,13,20,1,0,,0,Femme,1.0,Profil physique,26-33,26–33 ans
KL18::wendy gervois,KL18,Koh-Lanta : Thaïlande,Wendy Gervois,14,20,1,0,,0,Femme,1.0,Profil physique,26-33,26–33 ans
KL18::wendy gervois,KL18,Koh-Lanta : Thaïlande,Wendy Gervois,15,20,1,0,,0,Femme,1.0,Profil physique,26-33,26–33 ans
KL18::wendy gervois,KL18,Koh-Lanta : Thaïlande,Wendy Gervois,16,20,1,0,,0,Femme,1.0,Profil physique,26-33,26–33 ans
KL18::wendy gervois,KL18,Koh-Lanta : Thaïlande,Wendy Gervois,17,20,1,0,,0,Femme,1.0,Profil physique,26-33,26–33 ans
KL18::wendy gervois,KL18,Koh-Lanta : Thaïlande,Wendy Gervois,18,20,1,0,,0,Femme,1.0,Profil physique,26-33,26–33 ans
KL18::wendy gervois,KL18,Koh-Lanta : Thaïlande,Wendy Gervois,19,20,1,0,,0,Femme,1.0,Profil physique,26-33,26–33 ans
KL18::wendy gervois,KL18,Koh-Lanta : Thaïlande,Wendy Gervois,20,20,1,0,,0,Femme,1.0,Profil physique,26-33,26–33 ans
KL01::marie,KL01,KL KL01,Marie,1,1,1,1,VOTE_CONSEIL,0,Femme,0.0,Profil non physique,18-25,18–25 ans
KL01::guillaume noël,KL01,KL KL01,Guillaume Noël,1,2,1,0,,1,Homme,0.0,Profil non physique,18-25,18–25 ans
KL01::guillaume noël,KL01,KL KL01,Guillaume Noël,2,2,1,1,VOTE_CONSEIL,1,Homme,0.0,Profil non physique,18-25,18–25 ans
KL01::jean-luc,KL01,KL KL01,Jean-Luc,1,4,1,0,,1,Homme,0.0,Profil non physique,42+,42 ans et plus
KL01::jean-luc,KL01,KL KL01,Jean-Luc,2,4,1,0,,1,Homme,0.0,Profil non physique,42+,42 ans et plus
KL01::jean-luc,KL01,KL KL01,Jean-Luc,3,4,1,0,,1,Homme,0.0,Profil non physique,42+,42 ans et plus
KL01::jean-luc,KL01,KL KL01,Jean-Luc,4,4,1,1,VOTE_CONSEIL,1,Homme,0.0,Profil non physique,42+,42 ans et plus
KL01::gaël,KL01,KL KL01,Gaël,1,5,1,0,,0,Femme,0.0,Profil non physique,18-25,18–25 ans
KL01::gaël,KL01,KL KL01,Gaël,2,5,1,0,,0,Femme,0.0,Profil non physique,18-25,18–25 ans
KL01::gaël,KL01,KL KL01,Gaël,3,5,1,0,,0,Femme,0.0,Profil non physique,18-25,18–25 ans
KL01::gaël,KL01,KL KL01,Gaël,4,5,1,0,,0,Femme,0.0,Profil non physique,18-25,18–25 ans
KL01::gaël,KL01,KL KL01,Gaël,5,5,1,1,VOTE_CONSEIL,0,Femme,0.0,Profil non physique,18-25,18–25 ans
KL01::harry,KL01,KL KL01,Harry,1,6,1,0,,1,Homme,0.0,Profil non physique,42+,42 ans et plus
KL01::harry,KL01,KL KL01,Harry,2,6,1,0,,1,Homme,0.0,Profil non physique,42+,42 ans et plus
KL01::harry,KL01,KL KL01,Harry,3,6,1,0,,1,Homme,0.0,Profil non physique,42+,42 ans et plus
KL01::harry,KL01,KL KL01,Harry,4,6,1,0,,1,Homme,0.0,Profil non physique,42+,42 ans et plus
KL01::harry,KL01,KL KL01,Harry,5,6,1,0,,1,Homme,0.0,Profil non physique,42+,42 ans et plus
KL01::harry,KL01,KL KL01,Harry,6,6,1,1,VOTE_CONSEIL,1,Homme,0.0,Profil non physique,42+,42 ans et plus
KL01::sandra,KL01,KL KL01,Sandra,1,7,1,0,,0,Femme,0.0,Profil non physique,18-25,18–25 ans
KL01::sandra,KL01,KL KL01,Sandra,2,7,1,0,,0,Femme,0.0,Profil non physique,18-25,18–25 ans
KL01::sandra,KL01,KL KL01,Sandra,3,7,1,0,,0,Femme,0.0,Profil non physique,18-25,18–25 ans
KL01::sandra,KL01,KL KL01,Sandra,4,7,1,0,,0,Femme,0.0,Profil non physique,18-25,18–25 ans
KL01::sandra,KL01,KL KL01,Sandra,5,7,1,0,,0,Femme,0.0,Profil non physique,18-25,18–25 ans
KL01::sandra,KL01,KL KL01,Sandra,6,7,1,0,,0,Femme,0.0,Profil non physique,18-25,18–25 ans
KL01::sandra,KL01,KL KL01,Sandra,7,7,1,1,VOTE_CONSEIL,0,Femme,0.0,Profil non physique,18-25,18–25 ans
KL01::david,KL01,KL KL01,David,1,9,1,0,,1,Homme,0.0,Profil non physique,18-25,18–25 ans
KL01::david,KL01,KL KL01,David,2,9,1,0,,1,Homme,0.0,Profil non physique,18-25,18–25 ans
KL01::david,KL01,KL KL01,David,3,9,1,0,,1,Homme,0.0,Profil non physique,18-25,18–25 ans
KL01::david,KL01,KL KL01,David,4,9,1,0,,1,Homme,0.0,Profil non physique,18-25,18–25 ans
KL01::david,KL01,KL KL01,David,5,9,1,0,,1,Homme,0.0,Profil non physique,18-25,18–25 ans
KL01::david,KL01,KL KL01,David,6,9,1,0,,1,Homme,0.0,Profil non physique,18-25,18–25 ans
KL01::david,KL01,KL KL01,David,7,9,1,0,,1,Homme,0.0,Profil non physique,18-25,18–25 ans
KL01::david,KL01,KL KL01,David,8,9,1,0,,1,Homme,0.0,Profil non physique,18-25,18–25 ans
KL01::david,KL01,KL KL01,David,9,9,1,1,VOTE_CONSEIL,1,Homme,0.0,Profil non physique,18-25,18–25 ans
KL01::stéphane,KL01,KL KL01,Stéphane,1,10,1,0,,1,Homme,0.0,Profil non physique,18-25,18–25 ans
KL01::stéphane,KL01,KL KL01,Stéphane,2,10,1,0,,1,Homme,0.0,Profil non physique,18-25,18–25 ans
KL01::stéphane,KL01,KL KL01,Stéphane,3,10,1,0,,1,Homme,0.0,Profil non physique,18-25,18–25 ans
KL01::stéphane,KL01,KL KL01,Stéphane,4,10,1,0,,1,Homme,0.0,Profil non physique,18-25,18–25 ans
KL01::stéphane,KL01,KL KL01,Stéphane,5,10,1,0,,1,Homme,0.0,Profil non physique,18-25,18–25 ans
KL01::stéphane,KL01,KL KL01,Stéphane,6,10,1,0,,1,Homme,0.0,Profil non physique,18-25,18–25 ans
KL01::stéphane,KL01,KL KL01,Stéphane,7,10,1,0,,1,Homme,0.0,Profil non physique,18-25,18–25 ans
KL01::stéphane,KL01,KL KL01,Stéphane,8,10,1,0,,1,Homme,0.0,Profil non physique,18-25,18–25 ans
KL01::stéphane,KL01,KL KL01,Stéphane,9,10,1,0,,1,Homme,0.0,Profil non physique,18-25,18–25 ans
KL01::stéphane,KL01,KL KL01,Stéphane,10,10,1,1,VOTE_CONSEIL,1,Homme,0.0,Profil non physique,18-25,18–25 ans
KL01::géraldine drouhet,KL01,KL KL01,Géraldine Drouhet,1,11,1,0,,0,Femme,0.0,Profil non physique,26-33,26–33 ans
KL01::géraldine drouhet,KL01,KL KL01,Géraldine Drouhet,2,11,1,0,,0,Femme,0.0,Profil non physique,26-33,26–33 ans
KL01::géraldine drouhet,KL01,KL KL01,Géraldine Drouhet,3,11,1,0,,0,Femme,0.0,Profil non physique,26-33,26–33 ans
KL01::géraldine drouhet,KL01,KL KL01,Géraldine Drouhet,4,11,1,0,,0,Femme,0.0,Profil non physique,26-33,26–33 ans
KL01::géraldine drouhet,KL01,KL KL01,Géraldine Drouhet,5,11,1,0,,0,Femme,0.0,Profil non physique,26-33,26–33 ans
KL01::géraldine drouhet,KL01,KL KL01,Géraldine Drouhet,6,11,1,0,,0,Femme,0.0,Profil non physique,26-33,26–33 ans
KL01::géraldine drouhet,KL01,KL KL01,Géraldine Drouhet,7,11,1,0,,0,Femme,0.0,Profil non physique,26-33,26–33 ans
KL01::géraldine drouhet,KL01,KL KL01,Géraldine Drouhet,8,11,1,0,,0,Femme,0.0,Profil non physique,26-33,26–33 ans
KL01::géraldine drouhet,KL01,KL KL01,Géraldine Drouhet,9,11,1,0,,0,Femme,0.0,Profil non physique,26-33,26–33 ans
KL01::géraldine drouhet,KL01,KL KL01,Géraldine Drouhet,10,11,1,0,,0,Femme,0.0,Profil non physique,26-33,26–33 ans
KL01::géraldine drouhet,KL01,KL KL01,Géraldine Drouhet,11,11,1,1,VOTE_CONSEIL,0,Femme,0.0,Profil non physique,26-33,26–33 ans
KL01::michèle,KL01,KL KL01,Michèle,1,12,1,0,,0,Femme,0.0,Profil non physique,42+,42 ans et plus
KL01::michèle,KL01,KL KL01,Michèle,2,12,1,0,,0,Femme,0.0,Profil non physique,42+,42 ans et plus
KL01::michèle,KL01,KL KL01,Michèle,3,12,1,0,,0,Femme,0.0,Profil non physique,42+,42 ans et plus
KL01::michèle,KL01,KL KL01,Michèle,4,12,1,0,,0,Femme,0.0,Profil non physique,42+,42 ans et plus
KL01::michèle,KL01,KL KL01,Michèle,5,12,1,0,,0,Femme,0.0,Profil non physique,42+,42 ans et plus
KL01::michèle,KL01,KL KL01,Michèle,6,12,1,0,,0,Femme,0.0,Profil non physique,42+,42 ans et plus
KL01::michèle,KL01,KL KL01,Michèle,7,12,1,0,,0,Femme,0.0,Profil non physique,42+,42 ans et plus
KL01::michèle,KL01,KL KL01,Michèle,8,12,1,0,,0,Femme,0.0,Profil non physique,42+,42 ans et plus
KL01::michèle,KL01,KL KL01,Michèle,9,12,1,0,,0,Femme,0.0,Profil non physique,42+,42 ans et plus
KL01::michèle,KL01,KL KL01,Michèle,10,12,1,0,,0,Femme,0.0,Profil non physique,42+,42 ans et plus
KL01::michèle,KL01,KL KL01,Michèle,11,12,1,0,,0,Femme,0.0,Profil non physique,42+,42 ans et plus
KL01::michèle,KL01,KL KL01,Michèle,12,12,1,1,VOTE_CONSEIL,0,Femme,0.0,Profil non physique,42+,42 ans et plus
KL01::william,KL01,KL KL01,William,1,14,1,0,,1,Homme,0.0,Profil non physique,26-33,26–33 ans
KL01::william,KL01,KL KL01,William,2,14,1,0,,1,Homme,0.0,Profil non physique,26-33,26–33 ans
KL01::william,KL01,KL KL01,William,3,14,1,0,,1,Homme,0.0,Profil non physique,26-33,26–33 ans
KL01::william,KL01,KL KL01,William,4,14,1,0,,1,Homme,0.0,Profil non physique,26-33,26–33 ans
KL01::william,KL01,KL KL01,William,5,14,1,0,,1,Homme,0.0,Profil non physique,26-33,26–33 ans
KL01::william,KL01,KL KL01,William,6,14,1,0,,1,Homme,0.0,Profil non physique,26-33,26–33 ans
KL01::william,KL01,KL KL01,William,7,14,1,0,,1,Homme,0.0,Profil non physique,26-33,26–33 ans
KL01::william,KL01,KL KL01,William,8,14,1,0,,1,Homme,0.0,Profil non physique,26-33,26–33 ans
KL01::william,KL01,KL KL01,William,9,14,1,0,,1,Homme,0.0,Profil non physique,26-33,26–33 ans
KL01::william,KL01,KL KL01,William,10,14,1,0,,1,Homme,0.0,Profil non physique,26-33,26–33 ans
KL01::william,KL01,KL KL01,William,11,14,1,0,,1,Homme,0.0,Profil non physique,26-33,26–33 ans
KL01::william,KL01,KL KL01,William,12,14,1,0,,1,Homme,0.0,Profil non physique,26-33,26–33 ans
KL01::william,KL01,KL KL01,William,13,14,1,0,,1,Homme,0.0,Profil non physique,26-33,26–33 ans
KL01::william,KL01,KL KL01,William,14,14,1,1,VOTE_CONSEIL,1,Homme,0.0,Profil non physique,26-33,26–33 ans
KL01::françoise,KL01,KL KL01,Françoise,1,15,1,0,,0,Femme,0.0,Profil non physique,34-41,34–41 ans
KL01::françoise,KL01,KL KL01,Françoise,2,15,1,0,,0,Femme,0.0,Profil non physique,34-41,34–41 ans
KL01::françoise,KL01,KL KL01,Françoise,3,15,1,0,,0,Femme,0.0,Profil non physique,34-41,34–41 ans
KL01::françoise,KL01,KL KL01,Françoise,4,15,1,0,,0,Femme,0.0,Profil non physique,34-41,34–41 ans
KL01::françoise,KL01,KL KL01,Françoise,5,15,1,0,,0,Femme,0.0,Profil non physique,34-41,34–41 ans
KL01::françoise,KL01,KL KL01,Françoise,6,15,1,0,,0,Femme,0.0,Profil non physique,34-41,34–41 ans
KL01::françoise,KL01,KL KL01,Françoise,7,15,1,0,,0,Femme,0.0,Profil non physique,34-41,34–41 ans
KL01::françoise,KL01,KL KL01,Françoise,8,15,1,0,,0,Femme,0.0,Profil non physique,34-41,34–41 ans
KL01::françoise,KL01,KL KL01,Françoise,9,15,1,0,,0,Femme,0.0,Profil non physique,34-41,34–41 ans
KL01::françoise,KL01,KL KL01,Françoise,10,15,1,0,,0,Femme,0.0,Profil non physique,34-41,34–41 ans
KL01::françoise,KL01,KL KL01,Françoise,11,15,1,0,,0,Femme,0.0,Profil non physique,34-41,34–41 ans
KL01::françoise,KL01,KL KL01,Françoise,12,15,1,0,,0,Femme,0.0,Profil non physique,34-41,34–41 ans
KL01::françoise,KL01,KL KL01,Françoise,13,15,1,0,,0,Femme,0.0,Profil non physique,34-41,34–41 ans
KL01::françoise,KL01,KL KL01,Françoise,14,15,1,0,,0,Femme,0.0,Profil non physique,34-41,34–41 ans
KL01::françoise,KL01,KL KL01,Françoise,15,15,1,1,VOTE_CONSEIL,0,Femme,0.0,Profil non physique,34-41,34–41 ans
KL01::romain,KL01,KL KL01,Romain,1,16,1,0,,1,Homme,0.0,Profil non physique,26-33,26–33 ans
KL01::romain,KL01,KL KL01,Romain,2,16,1,0,,1,Homme,0.0,Profil non physique,26-33,26–33 ans
KL01::romain,KL01,KL KL01,Romain,3,16,1,0,,1,Homme,0.0,Profil non physique,26-33,26–33 ans
KL01::romain,KL01,KL KL01,Romain,4,16,1,0,,1,Homme,0.0,Profil non physique,26-33,26–33 ans
KL01::romain,KL01,KL KL01,Romain,5,16,1,0,,1,Homme,0.0,Profil non physique,26-33,26–33 ans
KL01::romain,KL01,KL KL01,Romain,6,16,1,0,,1,Homme,0.0,Profil non physique,26-33,26–33 ans
KL01::romain,KL01,KL KL01,Romain,7,16,1,0,,1,Homme,0.0,Profil non physique,26-33,26–33 ans
KL01::romain,KL01,KL KL01,Romain,8,16,1,0,,1,Homme,0.0,Profil non physique,26-33,26–33 ans
KL01::romain,KL01,KL KL01,Romain,9,16,1,0,,1,Homme,0.0,Profil non physique,26-33,26–33 ans
KL01::romain,KL01,KL KL01,Romain,10,16,1,0,,1,Homme,0.0,Profil non physique,26-33,26–33 ans
KL01::romain,KL01,KL KL01,Romain,11,16,1,0,,1,Homme,0.0,Profil non physique,26-33,26–33 ans
KL01::romain,KL01,KL KL01,Romain,12,16,1,0,,1,Homme,0.0,Profil non physique,26-33,26–33 ans
KL01::romain,KL01,KL KL01,Romain,13,16,1,0,,1,Homme,0.0,Profil non physique,26-33,26–33 ans
KL01::romain,KL01,KL KL01,Romain,14,16,1,0,,1,Homme,0.0,Profil non physique,26-33,26–33 ans
KL01::romain,KL01,KL KL01,Romain,15,16,1,0,,1,Homme,0.0,Profil non physique,26-33,26–33 ans
KL01::romain,KL01,KL KL01,Romain,16,16,1,1,ELIMINATION_CHALLENGE,1,Homme,0.0,Profil non physique,26-33,26–33 ans
KL01::patricia,KL01,KL KL01,Patricia,1,17,1,0,,0,Femme,0.0,Profil non physique,26-33,26–33 ans
KL01::patricia,KL01,KL KL01,Patricia,2,17,1,0,,0,Femme,0.0,Profil non physique,26-33,26–33 ans
KL01::patricia,KL01,KL KL01,Patricia,3,17,1,0,,0,Femme,0.0,Profil non physique,26-33,26–33 ans
KL01::patricia,KL01,KL KL01,Patricia,4,17,1,0,,0,Femme,0.0,Profil non physique,26-33,26–33 ans
KL01::patricia,KL01,KL KL01,Patricia,5,17,1,0,,0,Femme,0.0,Profil non physique,26-33,26–33 ans
KL01::patricia,KL01,KL KL01,Patricia,6,17,1,0,,0,Femme,0.0,Profil non physique,26-33,26–33 ans
KL01::patricia,KL01,KL KL01,Patricia,7,17,1,0,,0,Femme,0.0,Profil non physique,26-33,26–33 ans
KL01::patricia,KL01,KL KL01,Patricia,8,17,1,0,,0,Femme,0.0,Profil non physique,26-33,26–33 ans
KL01::patricia,KL01,KL KL01,Patricia,9,17,1,0,,0,Femme,0.0,Profil non physique,26-33,26–33 ans
KL01::patricia,KL01,KL KL01,Patricia,10,17,1,0,,0,Femme,0.0,Profil non physique,26-33,26–33 ans
KL01::patricia,KL01,KL KL01,Patricia,11,17,1,0,,0,Femme,0.0,Profil non physique,26-33,26–33 ans
KL01::patricia,KL01,KL KL01,Patricia,12,17,1,0,,0,Femme,0.0,Profil non physique,26-33,26–33 ans
KL01::patricia,KL01,KL KL01,Patricia,13,17,1,0,,0,Femme,0.0,Profil non physique,26-33,26–33 ans
KL01::patricia,KL01,KL KL01,Patricia,14,17,1,0,,0,Femme,0.0,Profil non physique,26-33,26–33 ans
KL01::patricia,KL01,KL KL01,Patricia,15,17,1,0,,0,Femme,0.0,Profil non physique,26-33,26–33 ans
KL01::patricia,KL01,KL KL01,Patricia,16,17,1,0,,0,Femme,0.0,Profil non physique,26-33,26–33 ans
KL01::patricia,KL01,KL KL01,Patricia,17,17,1,1,ELIMINATION_CHALLENGE,0,Femme,0.0,Profil non physique,26-33,26–33 ans
KL01::guénaëlle biras,KL01,KL KL01,Guénaëlle Biras,1,19,1,0,,0,Femme,0.0,Profil non physique,18-25,18–25 ans
KL01::guénaëlle biras,KL01,KL KL01,Guénaëlle Biras,2,19,1,0,,0,Femme,0.0,Profil non physique,18-25,18–25 ans
KL01::guénaëlle biras,KL01,KL KL01,Guénaëlle Biras,3,19,1,0,,0,Femme,0.0,Profil non physique,18-25,18–25 ans
KL01::guénaëlle biras,KL01,KL KL01,Guénaëlle Biras,4,19,1,0,,0,Femme,0.0,Profil non physique,18-25,18–25 ans
KL01::guénaëlle biras,KL01,KL KL01,Guénaëlle Biras,5,19,1,0,,0,Femme,0.0,Profil non physique,18-25,18–25 ans
KL01::guénaëlle biras,KL01,KL KL01,Guénaëlle Biras,6,19,1,0,,0,Femme,0.0,Profil non physique,18-25,18–25 ans
KL01::guénaëlle biras,KL01,KL KL01,Guénaëlle Biras,7,19,1,0,,0,Femme,0.0,Profil non physique,18-25,18–25 ans
KL01::guénaëlle biras,KL01,KL KL01,Guénaëlle Biras,8,19,1,0,,0,Femme,0.0,Profil non physique,18-25,18–25 ans
KL01::guénaëlle biras,KL01,KL KL01,Guénaëlle Biras,9,19,1,0,,0,Femme,0.0,Profil non physique,18-25,18–25 ans
KL01::guénaëlle biras,KL01,KL KL01,Guénaëlle Biras,10,19,1,0,,0,Femme,0.0,Profil non physique,18-25,18–25 ans
KL01::guénaëlle biras,KL01,KL KL01,Guénaëlle Biras,11,19,1,0,,0,Femme,0.0,Profil non physique,18-25,18–25 ans
KL01::guénaëlle biras,KL01,KL KL01,Guénaëlle Biras,12,19,1,0,,0,Femme,0.0,Profil non physique,18-25,18–25 ans
KL01::guénaëlle biras,KL01,KL KL01,Guénaëlle Biras,13,19,1,0,,0,Femme,0.0,Profil non physique,18-25,18–25 ans
KL01::guénaëlle biras,KL01,KL KL01,Guénaëlle Biras,14,19,1,0,,0,Femme,0.0,Profil non physique,18-25,18–25 ans
KL01::guénaëlle biras,KL01,KL KL01,Guénaëlle Biras,15,19,1,0,,0,Femme,0.0,Profil non physique,18-25,18–25 ans
KL01::guénaëlle biras,KL01,KL KL01,Guénaëlle Biras,16,19,1,0,,0,Femme,0.0,Profil non physique,18-25,18–25 ans
KL01::guénaëlle biras,KL01,KL KL01,Guénaëlle Biras,17,19,1,0,,0,Femme,0.0,Profil non physique,18-25,18–25 ans
KL01::guénaëlle biras,KL01,KL KL01,Guénaëlle Biras,18,19,1,0,,0,Femme,0.0,Profil non physique,18-25,18–25 ans
KL01::guénaëlle biras,KL01,KL KL01,Guénaëlle Biras,19,19,1,1,JURY_FINAL_DECISION,0,Femme,0.0,Profil non physique,18-25,18–25 ans
KL01::gilles nicolet,KL01,KL KL01,Gilles Nicolet,1,20,1,0,,1,Homme,0.0,Profil non physique,34-41,34–41 ans
KL01::gilles nicolet,KL01,KL KL01,Gilles Nicolet,2,20,1,0,,1,Homme,0.0,Profil non physique,34-41,34–41 ans
KL01::gilles nicolet,KL01,KL KL01,Gilles Nicolet,3,20,1,0,,1,Homme,0.0,Profil non physique,34-41,34–41 ans
KL01::gilles nicolet,KL01,KL KL01,Gilles Nicolet,4,20,1,0,,1,Homme,0.0,Profil non physique,34-41,34–41 ans
KL01::gilles nicolet,KL01,KL KL01,Gilles Nicolet,5,20,1,0,,1,Homme,0.0,Profil non physique,34-41,34–41 ans
KL01::gilles nicolet,KL01,KL KL01,Gilles Nicolet,6,20,1,0,,1,Homme,0.0,Profil non physique,34-41,34–41 ans
KL01::gilles nicolet,KL01,KL KL01,Gilles Nicolet,7,20,1,0,,1,Homme,0.0,Profil non physique,34-41,34–41 ans
KL01::gilles nicolet,KL01,KL KL01,Gilles Nicolet,8,20,1,0,,1,Homme,0.0,Profil non physique,34-41,34–41 ans
KL01::gilles nicolet,KL01,KL KL01,Gilles Nicolet,9,20,1,0,,1,Homme,0.0,Profil non physique,34-41,34–41 ans
KL01::gilles nicolet,KL01,KL KL01,Gilles Nicolet,10,20,1,0,,1,Homme,0.0,Profil non physique,34-41,34–41 ans
KL01::gilles nicolet,KL01,KL KL01,Gilles Nicolet,11,20,1,0,,1,Homme,0.0,Profil non physique,34-41,34–41 ans
KL01::gilles nicolet,KL01,KL KL01,Gilles Nicolet,12,20,1,0,,1,Homme,0.0,Profil non physique,34-41,34–41 ans
KL01::gilles nicolet,KL01,KL KL01,Gilles Nicolet,13,20,1,0,,1,Homme,0.0,Profil non physique,34-41,34–41 ans
KL01::gilles nicolet,KL01,KL KL01,Gilles Nicolet,14,20,1,0,,1,Homme,0.0,Profil non physique,34-41,34–41 ans
KL01::gilles nicolet,KL01,KL KL01,Gilles Nicolet,15,20,1,0,,1,Homme,0.0,Profil non physique,34-41,34–41 ans
KL01::gilles nicolet,KL01,KL KL01,Gilles Nicolet,16,20,1,0,,1,Homme,0.0,Profil non physique,34-41,34–41 ans
KL01::gilles nicolet,KL01,KL KL01,Gilles Nicolet,17,20,1,0,,1,Homme,0.0,Profil non physique,34-41,34–41 ans
KL01::gilles nicolet,KL01,KL KL01,Gilles Nicolet,18,20,1,0,,1,Homme,0.0,Profil non physique,34-41,34–41 ans
KL01::gilles nicolet,KL01,KL KL01,Gilles Nicolet,19,20,1,0,,1,Homme,0.0,Profil non physique,34-41,34–41 ans
KL01::gilles nicolet,KL01,KL KL01,Gilles Nicolet,20,20,1,0,,1,Homme,0.0,Profil non physique,34-41,34–41 ans
