candidate_season_key,season_id,season_name,season_year,candidate_name,age,gender,physical_score_previous,survival_time,event,censored,final_position_raw,departure_type_normalized,departure_category,departure_model_category,returned_to_game,first_exit_order,final_exit_order,physical_score_confidence,gender_male,physical_score_available,complete_case_main_model,complete_case_physical_model,final_departure_cause,age_band,event_vote_conseil,event_medical,event_finale_orientation,event_finale_poteaux,event_elimination_challenge,event_jury_final_decision,event_voluntary,event_ambassadeurs,event_destins_lies,physical_score,physical_profile,physical_score_source,physical_score_reviewer_status,event_vote_conseil_combined,analysis_departure_cause,season_cast_size,normalized_exit_rank_20,normalized_rank_block_3,reached_orientation,reached_poteaux,reached_jury_final,jury_final_win,final_phase_reached,prefinal_exit_event,prefinal_exit_order,prefinal_exit_count_season,prefinal_rank_15,prefinal_block_3,prefinal_block_5
KL03::alexandra denikine,KL03,Koh-Lanta : Bocas del Toro,2003,Alexandra Denikine,27.0,FEMALE,0.0,1.0,1,False,ABANDON_MEDICAL,CO_VAINQUEUR,FIN_DE_JEU,AUTRE_SORTIE,False,1,1,MANUAL_FINAL,0,1,1,1,MEDICAL,26-33,0,1,0,0,0,0,0,0,0,0,Profil non physique,MANUAL_USER_VALIDATION,USER_VALIDATED,0,MEDICAL,18,1,1–3,0,0,0,0,0,1,1.0,14.0,1.0,1–3,1–5
KL03::candice cohen,KL03,Koh-Lanta : Bocas del Toro,2003,Candice Cohen,23.0,FEMALE,0.0,2.0,1,False,ABANDON_VOLONTAIRE,CO_VAINQUEUR,FIN_DE_JEU,AUTRE_SORTIE,False,2,2,MANUAL_FINAL,0,1,1,1,VOLUNTARY,18-25,0,0,0,0,0,0,1,0,0,0,Profil non physique,MANUAL_USER_VALIDATION,USER_VALIDATED,0,VOLUNTARY,18,2,1–3,0,0,0,0,0,1,2.0,14.0,2.0,1–3,1–5
KL03::michel jeandel,KL03,Koh-Lanta : Bocas del Toro,2003,Michel Jeandel,41.0,MALE,1.0,3.0,1,False,INDETERMINE,INDETERMINE,INDETERMINE,INDETERMINE,False,3,3,MANUAL_FINAL,1,1,1,1,MEDICAL,34-41,0,1,0,0,0,0,0,0,0,0,Profil non physique,MANUAL_USER_VALIDATION,USER_VALIDATED,0,MEDICAL,18,3,1–3,0,0,0,0,0,1,3.0,14.0,3.0,1–3,1–5
KL03::sophie guilloix,KL03,Koh-Lanta : Bocas del Toro,2003,Sophie Guilloix,40.0,FEMALE,0.0,4.0,1,False,INDETERMINE,INDETERMINE,INDETERMINE,INDETERMINE,False,4,4,MANUAL_FINAL,0,1,1,1,VOTE_CONSEIL,34-41,1,0,0,0,0,0,0,0,0,0,Profil non physique,MANUAL_USER_VALIDATION,USER_VALIDATED,1,VOTE_CONSEIL,18,4,4–6,0,0,0,0,0,1,4.0,14.0,4.0,4–6,1–5
KL03::julie bourdon,KL03,Koh-Lanta : Bocas del Toro,2003,Julie Bourdon,22.0,FEMALE,0.0,5.0,1,False,INDETERMINE,INDETERMINE,INDETERMINE,INDETERMINE,False,5,5,MANUAL_FINAL,0,1,1,1,MEDICAL,18-25,0,1,0,0,0,0,0,0,0,0,Profil non physique,MANUAL_USER_VALIDATION,USER_VALIDATED,0,MEDICAL,18,5,4–6,0,0,0,0,0,1,5.0,14.0,5.0,4–6,1–5
KL03::linda delamarre,KL03,Koh-Lanta : Bocas del Toro,2003,Linda Delamarre,25.0,FEMALE,0.0,6.0,1,False,INDETERMINE,INDETERMINE,INDETERMINE,INDETERMINE,False,6,6,MANUAL_FINAL,0,1,1,1,VOTE_CONSEIL,18-25,1,0,0,0,0,0,0,0,0,0,Profil non physique,MANUAL_USER_VALIDATION,USER_VALIDATED,1,VOTE_CONSEIL,18,6,4–6,0,0,0,0,0,1,6.0,14.0,6.0,4–6,6–10
KL03::philippe huquet,KL03,Koh-Lanta : Bocas del Toro,2003,Philippe Huquet,43.0,MALE,0.0,7.0,1,False,INDETERMINE,INDETERMINE,INDETERMINE,INDETERMINE,False,7,7,MANUAL_FINAL,1,1,1,1,MEDICAL,42+,0,1,0,0,0,0,0,0,0,0,Profil non physique,MANUAL_USER_VALIDATION,USER_VALIDATED,0,MEDICAL,18,7,7–9,0,0,0,0,0,1,7.0,14.0,7.0,7–9,6–10
KL03::alexandre bérard,KL03,Koh-Lanta : Bocas del Toro,2003,Alexandre Bérard,22.0,MALE,0.0,8.0,1,False,INDETERMINE,INDETERMINE,INDETERMINE,INDETERMINE,False,8,8,MANUAL_FINAL,1,1,1,1,VOTE_CONSEIL,18-25,1,0,0,0,0,0,0,0,0,0,Profil non physique,MANUAL_USER_VALIDATION,USER_VALIDATED,1,VOTE_CONSEIL,18,8,7–9,0,0,0,0,0,1,8.0,14.0,8.0,7–9,6–10
KL03::richard lecourt,KL03,Koh-Lanta : Bocas del Toro,2003,Richard Lecourt,32.0,MALE,0.0,9.0,1,False,INDETERMINE,INDETERMINE,INDETERMINE,INDETERMINE,False,9,9,MANUAL_FINAL,1,1,1,1,VOTE_CONSEIL,26-33,1,0,0,0,0,0,0,0,0,0,Profil non physique,MANUAL_USER_VALIDATION,USER_VALIDATED,1,VOTE_CONSEIL,18,9,7–9,0,0,0,0,0,1,9.0,14.0,9.0,7–9,6–10
KL03::sylvie rivoal,KL03,Koh-Lanta : Bocas del Toro,2003,Sylvie Rivoal,26.0,FEMALE,0.0,10.0,1,False,INDETERMINE,INDETERMINE,INDETERMINE,INDETERMINE,False,10,10,MANUAL_FINAL,0,1,1,1,VOTE_CONSEIL,26-33,1,0,0,0,0,0,0,0,0,0,Profil non physique,MANUAL_USER_VALIDATION,USER_VALIDATED,1,VOTE_CONSEIL,18,11,10–12,0,0,0,0,0,1,10.0,14.0,10.0,10–12,6–10
KL03::sébastien loew,KL03,Koh-Lanta : Bocas del Toro,2003,Sébastien Loew,29.0,MALE,0.0,11.0,1,False,INDETERMINE,INDETERMINE,INDETERMINE,INDETERMINE,False,11,11,MANUAL_FINAL,1,1,1,1,VOTE_CONSEIL,26-33,1,0,0,0,0,0,0,0,0,0,Profil non physique,MANUAL_USER_VALIDATION,USER_VALIDATED,1,VOTE_CONSEIL,18,12,10–12,0,0,0,0,0,1,11.0,14.0,11.0,10–12,11–15
KL03::valérie dot,KL03,Koh-Lanta : Bocas del Toro,2003,Valérie Dot,31.0,FEMALE,0.0,12.0,1,False,INDETERMINE,INDETERMINE,INDETERMINE,INDETERMINE,False,12,12,MANUAL_FINAL,0,1,1,1,VOTE_CONSEIL,26-33,1,0,0,0,0,0,0,0,0,0,Profil non physique,MANUAL_USER_VALIDATION,USER_VALIDATED,1,VOTE_CONSEIL,18,13,13–15,0,0,0,0,0,1,12.0,14.0,12.0,10–12,11–15
KL03::hélène patry,KL03,Koh-Lanta : Bocas del Toro,2003,Hélène Patry,27.0,FEMALE,0.0,13.0,1,False,INDETERMINE,INDETERMINE,INDETERMINE,INDETERMINE,False,13,13,MANUAL_FINAL,0,1,1,1,VOTE_CONSEIL,26-33,1,0,0,0,0,0,0,0,0,0,Profil non physique,MANUAL_USER_VALIDATION,USER_VALIDATED,1,VOTE_CONSEIL,18,14,13–15,0,0,0,0,0,1,13.0,14.0,13.0,13–15,11–15
KL03::moundir zoughari,KL03,Koh-Lanta : Bocas del Toro,2003,Moundir Zoughari,29.0,MALE,1.0,14.0,1,False,INDETERMINE,INDETERMINE,INDETERMINE,INDETERMINE,False,14,14,MANUAL_FINAL,1,1,1,1,VOTE_CONSEIL,26-33,1,0,0,0,0,0,0,0,0,1,Profil physique,MANUAL_USER_VALIDATION,USER_VALIDATED,1,VOTE_CONSEIL,18,15,13–15,0,0,0,0,0,1,14.0,14.0,15.0,13–15,11–15
KL03::antoine sanchez,KL03,Koh-Lanta : Bocas del Toro,2003,Antoine Sanchez,58.0,MALE,1.0,15.0,1,False,INDETERMINE,INDETERMINE,INDETERMINE,INDETERMINE,False,15,15,MANUAL_FINAL,1,1,1,1,FINALE_ORIENTATION,42+,0,0,1,0,0,0,0,0,0,0,Profil non physique,MANUAL_USER_VALIDATION,USER_VALIDATED,0,FINALE_ORIENTATION,18,16,16–18,1,0,0,0,1,0,,14.0,,Phase finale atteinte,Phase finale atteinte
KL03::moussa niangane,KL03,Koh-Lanta : Bocas del Toro,2003,Moussa Niangane,22.0,MALE,1.0,16.0,1,False,INDETERMINE,INDETERMINE,INDETERMINE,INDETERMINE,False,16,16,MANUAL_FINAL,1,1,1,1,FINALE_POTEAUX,18-25,0,0,0,1,0,0,0,0,0,1,Profil physique,MANUAL_USER_VALIDATION,USER_VALIDATED,0,FINALE_POTEAUX,18,17,16–18,1,1,0,0,1,0,,14.0,,Phase finale atteinte,Phase finale atteinte
KL03::delphine bano,KL03,Koh-Lanta : Bocas del Toro,2003,Delphine Bano,32.0,FEMALE,0.0,18.0,0,True,CO_VAINQUEUR,INDETERMINE,INDETERMINE,INDETERMINE,False,17,17,MANUAL_FINAL,0,1,1,1,CENSORED_WINNER,26-33,0,0,0,0,0,0,0,0,0,0,Profil non physique,MANUAL_USER_VALIDATION,USER_VALIDATED,0,CENSORED_WINNER,18,18,16–18,1,1,1,1,1,0,,14.0,,Phase finale atteinte,Phase finale atteinte
KL03::isabelle seguin,KL03,Koh-Lanta : Bocas del Toro,2003,Isabelle Seguin,40.0,FEMALE,0.0,18.0,0,True,CO_VAINQUEUR,INDETERMINE,INDETERMINE,INDETERMINE,False,18,18,MANUAL_FINAL,0,1,1,1,CENSORED_WINNER,34-41,0,0,0,0,0,0,0,0,0,0,Profil non physique,MANUAL_USER_VALIDATION,USER_VALIDATED,0,CENSORED_WINNER,18,20,19–20,1,1,1,1,1,0,,14.0,,Phase finale atteinte,Phase finale atteinte
KL08::valérie,KL08,KL KL08,2008,Valérie,41.0,FEMALE,0.0,1.0,1,False,INDETERMINE,INDETERMINE,INDETERMINE,INDETERMINE,False,1,1,MANUAL_FINAL,0,1,1,1,VOLUNTARY,34-41,0,0,0,0,0,0,1,0,0,0,Profil non physique,MANUAL_USER_VALIDATION,USER_VALIDATED,0,VOLUNTARY,17,1,1–3,0,0,0,0,0,1,1.0,13.0,1.0,1–3,1–5
KL08::céga,KL08,KL KL08,2008,Céga,43.0,MALE,0.0,2.0,1,False,INDETERMINE,INDETERMINE,INDETERMINE,INDETERMINE,False,2,2,MANUAL_FINAL,1,1,1,1,MEDICAL,42+,0,1,0,0,0,0,0,0,0,0,Profil non physique,MANUAL_USER_VALIDATION,USER_VALIDATED,0,MEDICAL,17,2,1–3,0,0,0,0,0,1,2.0,13.0,2.0,1–3,1–5
KL08::irya,KL08,KL KL08,2008,Irya,24.0,FEMALE,0.0,3.0,1,False,INDETERMINE,INDETERMINE,INDETERMINE,INDETERMINE,False,3,3,MANUAL_FINAL,0,1,1,1,VOTE_CONSEIL,18-25,1,0,0,0,0,0,0,0,0,0,Profil non physique,MANUAL_USER_VALIDATION,USER_VALIDATED,1,VOTE_CONSEIL,17,3,1–3,0,0,0,0,0,1,3.0,13.0,3.0,1–3,1–5
KL08::morgane,KL08,KL KL08,2008,Morgane,23.0,FEMALE,0.0,4.0,1,False,INDETERMINE,INDETERMINE,INDETERMINE,INDETERMINE,False,4,4,MANUAL_FINAL,0,1,1,1,VOTE_CONSEIL,18-25,1,0,0,0,0,0,0,0,0,0,Profil non physique,MANUAL_USER_VALIDATION,USER_VALIDATED,1,VOTE_CONSEIL,17,4,4–6,0,0,0,0,0,1,4.0,13.0,4.0,4–6,1–5
KL08::jessica,KL08,KL KL08,2008,Jessica,33.0,FEMALE,0.0,5.0,1,False,INDETERMINE,INDETERMINE,INDETERMINE,INDETERMINE,False,5,5,MANUAL_FINAL,0,1,1,1,VOTE_CONSEIL,26-33,1,0,0,0,0,0,0,0,0,0,Profil non physique,MANUAL_USER_VALIDATION,USER_VALIDATED,1,VOTE_CONSEIL,17,5,4–6,0,0,0,0,0,1,5.0,13.0,5.0,4–6,1–5
KL08::alain,KL08,KL KL08,2008,Alain,21.0,MALE,0.0,6.0,1,False,INDETERMINE,INDETERMINE,INDETERMINE,INDETERMINE,False,6,6,MANUAL_FINAL,1,1,1,1,VOTE_CONSEIL,18-25,1,0,0,0,0,0,0,0,0,1,Profil physique,MANUAL_USER_VALIDATION,USER_VALIDATED,1,VOTE_CONSEIL,17,6,4–6,0,0,0,0,0,1,6.0,13.0,6.0,4–6,6–10
KL08::jean-bernard,KL08,KL KL08,2008,Jean-Bernard,41.0,MALE,0.0,7.0,1,False,INDETERMINE,INDETERMINE,INDETERMINE,INDETERMINE,False,7,7,MANUAL_FINAL,1,1,1,1,VOTE_CONSEIL,34-41,1,0,0,0,0,0,0,0,0,0,Profil non physique,MANUAL_USER_VALIDATION,USER_VALIDATED,1,VOTE_CONSEIL,17,8,7–9,0,0,0,0,0,1,7.0,13.0,8.0,7–9,6–10
KL08::christopher,KL08,KL KL08,2008,Christopher,40.0,MALE,0.0,8.0,1,False,INDETERMINE,INDETERMINE,INDETERMINE,INDETERMINE,False,8,8,MANUAL_FINAL,1,1,1,1,MEDICAL,34-41,0,1,0,0,0,0,0,0,0,1,Profil physique,MANUAL_USER_VALIDATION,USER_VALIDATED,0,MEDICAL,17,9,7–9,0,0,0,0,0,1,8.0,13.0,9.0,7–9,6–10
KL08::christophe,KL08,KL KL08,2008,Christophe,39.0,MALE,1.0,9.0,1,False,INDETERMINE,INDETERMINE,INDETERMINE,INDETERMINE,False,9,9,MANUAL_FINAL,1,1,1,1,VOTE_CONSEIL,34-41,1,0,0,0,0,0,0,0,0,1,Profil physique,MANUAL_USER_VALIDATION,USER_VALIDATED,1,VOTE_CONSEIL,17,10,10–12,0,0,0,0,0,1,9.0,13.0,10.0,10–12,6–10
KL08::charlène,KL08,KL KL08,2008,Charlène,25.0,FEMALE,0.0,10.0,1,False,INDETERMINE,INDETERMINE,INDETERMINE,INDETERMINE,False,10,10,MANUAL_FINAL,0,1,1,1,VOTE_CONSEIL,18-25,1,0,0,0,0,0,0,0,0,0,Profil non physique,MANUAL_USER_VALIDATION,USER_VALIDATED,1,VOTE_CONSEIL,17,11,10–12,0,0,0,0,0,1,10.0,13.0,11.0,10–12,11–15
KL08::hakim,KL08,KL KL08,2008,Hakim,39.0,MALE,0.0,11.0,1,False,INDETERMINE,INDETERMINE,INDETERMINE,INDETERMINE,False,11,11,MANUAL_FINAL,1,1,1,1,VOTE_CONSEIL,34-41,1,0,0,0,0,0,0,0,0,0,Profil non physique,MANUAL_USER_VALIDATION,USER_VALIDATED,1,VOTE_CONSEIL,17,12,10–12,0,0,0,0,0,1,11.0,13.0,12.0,10–12,11–15
KL08::régis,KL08,KL KL08,2008,Régis,20.0,MALE,0.0,12.0,1,False,INDETERMINE,INDETERMINE,INDETERMINE,INDETERMINE,False,12,12,MANUAL_FINAL,1,1,1,1,VOTE_CONSEIL,18-25,1,0,0,0,0,0,0,0,0,0,Profil non physique,MANUAL_USER_VALIDATION,USER_VALIDATED,1,VOTE_CONSEIL,17,14,13–15,0,0,0,0,0,1,12.0,13.0,13.0,13–15,11–15
KL08::carole,KL08,KL KL08,2008,Carole,38.0,FEMALE,0.0,13.0,1,False,INDETERMINE,INDETERMINE,INDETERMINE,INDETERMINE,False,13,13,MANUAL_FINAL,0,1,1,1,VOTE_CONSEIL,34-41,1,0,0,0,0,0,0,0,0,0,Profil non physique,MANUAL_USER_VALIDATION,USER_VALIDATED,1,VOTE_CONSEIL,17,15,13–15,0,0,0,0,0,1,13.0,13.0,15.0,13–15,11–15
KL08::nathalie,KL08,KL KL08,2008,Nathalie,56.0,FEMALE,0.0,14.0,1,False,INDETERMINE,INDETERMINE,INDETERMINE,INDETERMINE,False,14,14,MANUAL_FINAL,0,1,1,1,FINALE_ORIENTATION,42+,0,0,1,0,0,0,0,0,0,0,Profil non physique,MANUAL_USER_VALIDATION,USER_VALIDATED,0,FINALE_ORIENTATION,17,16,16–18,1,0,0,0,1,0,,13.0,,Phase finale atteinte,Phase finale atteinte
KL08::bertrand,KL08,KL KL08,2008,Bertrand,41.0,MALE,0.0,15.0,1,False,INDETERMINE,INDETERMINE,INDETERMINE,INDETERMINE,False,15,15,MANUAL_FINAL,1,1,1,1,FINALE_POTEAUX,34-41,0,0,0,1,0,0,0,0,0,1,Profil physique,MANUAL_USER_VALIDATION,USER_VALIDATED,0,FINALE_POTEAUX,17,17,16–18,1,1,0,0,1,0,,13.0,,Phase finale atteinte,Phase finale atteinte
KL08::frédéric favier,KL08,KL KL08,2008,Frédéric Favier,29.0,MALE,0.0,16.0,1,False,FINALISTE,FINALISTE,FIN_DE_JEU,AUTRE_SORTIE,False,16,16,MANUAL_FINAL,1,1,1,1,JURY_FINAL_DECISION,26-33,0,0,0,0,0,1,0,0,0,0,Profil non physique,MANUAL_USER_VALIDATION,USER_VALIDATED,0,JURY_FINAL_DECISION,17,18,16–18,1,1,1,0,1,0,,13.0,,Phase finale atteinte,Phase finale atteinte
KL08::christelle gauzet,KL08,KL KL08,2008,Christelle Gauzet,32.0,FEMALE,0.0,17.0,0,True,VAINQUEUR,VAINQUEUR,FIN_DE_JEU,AUTRE_SORTIE,False,17,17,MANUAL_FINAL,0,1,1,1,CENSORED_WINNER,26-33,0,0,0,0,0,0,0,0,0,1,Profil physique,MANUAL_USER_VALIDATION,USER_VALIDATED,0,CENSORED_WINNER,17,20,19–20,1,1,1,1,1,0,,13.0,,Phase finale atteinte,Phase finale atteinte
KL17::babeth delettre,KL17,Koh-Lanta : Johor,2015,Babeth Delettre,52.0,FEMALE,0.0,1.0,1,False,1st Voted Out Day 3,CONSEIL,INDETERMINE,DECISION_AVENTURIERS,False,1,1,MANUAL_FINAL,0,1,1,1,VOTE_CONSEIL,42+,1,0,0,0,0,0,0,0,0,0,Profil non physique,MANUAL_USER_VALIDATION,USER_VALIDATED,1,VOTE_CONSEIL,20,1,1–3,0,0,0,0,0,1,1.0,16.0,1.0,1–3,1–5
KL17::marie-anne queniart,KL17,Koh-Lanta : Johor,2015,Marie-Anne Queniart,38.0,FEMALE,0.0,2.0,1,False,2nd Voted Out Day 6,CONSEIL,INDETERMINE,DECISION_AVENTURIERS,False,2,2,MANUAL_FINAL,0,1,1,1,VOTE_CONSEIL,34-41,1,0,0,0,0,0,0,0,0,0,Profil non physique,MANUAL_USER_VALIDATION,USER_VALIDATED,1,VOTE_CONSEIL,20,2,1–3,0,0,0,0,0,1,2.0,16.0,1.0,1–3,1–5
KL17::benoît jorion-fahy,KL17,Koh-Lanta : Johor,2015,Benoît Jorion-Fahy,27.0,MALE,0.0,3.0,1,False,3rd Voted Out Day 9,CONSEIL,INDETERMINE,DECISION_AVENTURIERS,False,3,3,MANUAL_FINAL,1,1,1,1,VOTE_CONSEIL,26-33,1,0,0,0,0,0,0,0,0,0,Profil non physique,MANUAL_USER_VALIDATION,USER_VALIDATED,1,VOTE_CONSEIL,20,3,1–3,0,0,0,0,0,1,3.0,16.0,2.0,1–3,1–5
KL17::manon allender,KL17,Koh-Lanta : Johor,2015,Manon Allender,24.0,FEMALE,0.0,4.0,1,False,Left Competition Day 12,INDETERMINE,INDETERMINE,AUTRE_SORTIE,False,4,4,MANUAL_FINAL,0,1,1,1,VOLUNTARY,18-25,0,0,0,0,0,0,1,0,0,0,Profil non physique,MANUAL_USER_VALIDATION,USER_VALIDATED,0,VOLUNTARY,20,4,4–6,0,0,0,0,0,1,4.0,16.0,3.0,1–3,1–5
KL17::loïc crespin,KL17,Koh-Lanta : Johor,2015,Loïc Crespin,20.0,MALE,0.0,5.0,1,False,Medically evacuated Day 13,ABANDON_MEDICAL,INDETERMINE,AUTRE_SORTIE,False,5,5,MANUAL_FINAL,1,1,1,1,MEDICAL,18-25,0,1,0,0,0,0,0,0,0,0,Profil non physique,MANUAL_USER_VALIDATION,USER_VALIDATED,0,MEDICAL,20,5,4–6,0,0,0,0,0,1,5.0,16.0,4.0,4–6,1–5
KL17::isabelle haouzi,KL17,Koh-Lanta : Johor,2015,Isabelle Haouzi,54.0,FEMALE,1.0,6.0,1,False,5th Voted Out Day 15,CONSEIL,INDETERMINE,DECISION_AVENTURIERS,False,6,6,MANUAL_FINAL,0,1,1,1,VOTE_CONSEIL,42+,1,0,0,0,0,0,0,0,0,0,Profil non physique,MANUAL_USER_VALIDATION,USER_VALIDATED,1,VOTE_CONSEIL,20,6,4–6,0,0,0,0,0,1,6.0,16.0,5.0,4–6,1–5
KL17::margot perrot houwaer,KL17,Koh-Lanta : Johor,2015,Margot Perrot Houwaer,22.0,FEMALE,0.0,7.0,1,False,Medically evacuated Day 19,ABANDON_MEDICAL,INDETERMINE,AUTRE_SORTIE,False,7,7,MANUAL_FINAL,0,1,1,1,MEDICAL,18-25,0,1,0,0,0,0,0,0,0,0,Profil non physique,MANUAL_USER_VALIDATION,USER_VALIDATED,0,MEDICAL,20,7,7–9,0,0,0,0,0,1,7.0,16.0,6.0,4–6,6–10
KL17::alban pellegrin,KL17,Koh-Lanta : Johor,2015,Alban Pellegrin,28.0,MALE,0.0,8.0,1,False,7th Voted Out 1st jury member Day 19,CONSEIL,INDETERMINE,DECISION_AVENTURIERS,False,8,8,MANUAL_FINAL,1,1,1,1,AMBASSADEURS,26-33,0,0,0,0,0,0,0,1,0,0,Profil non physique,MANUAL_USER_VALIDATION,USER_VALIDATED,0,AMBASSADEURS,20,8,7–9,0,0,0,0,0,1,8.0,16.0,7.0,7–9,6–10
KL17::corinne bargoin samuelian,KL17,Koh-Lanta : Johor,2015,Corinne Bargoin Samuelian,45.0,FEMALE,0.0,9.0,1,False,Medically evacuated 2nd jury member Day 21,ABANDON_MEDICAL,INDETERMINE,AUTRE_SORTIE,False,9,9,MANUAL_FINAL,0,1,1,1,MEDICAL,42+,0,1,0,0,0,0,0,0,0,0,Profil non physique,MANUAL_USER_VALIDATION,USER_VALIDATED,0,MEDICAL,20,9,7–9,0,0,0,0,0,1,9.0,16.0,8.0,7–9,6–10
KL17::cédric giosserand-lucas,KL17,Koh-Lanta : Johor,2015,Cédric Giosserand-Lucas,36.0,MALE,0.0,10.0,1,False,9th Voted Out 3rd jury member Day 23,CONSEIL,INDETERMINE,DECISION_AVENTURIERS,False,10,10,MANUAL_FINAL,1,1,1,1,VOTE_CONSEIL,34-41,1,0,0,0,0,0,0,0,0,0,Profil non physique,MANUAL_USER_VALIDATION,USER_VALIDATED,1,VOTE_CONSEIL,20,10,10–12,0,0,0,0,0,1,10.0,16.0,9.0,7–9,6–10
KL17::charlaine cuny,KL17,Koh-Lanta : Johor,2015,Charlaine Cuny,21.0,FEMALE,0.0,11.0,1,False,10th Voted Out 4th jury member Day 26,CONSEIL,INDETERMINE,DECISION_AVENTURIERS,False,11,11,MANUAL_FINAL,0,1,1,1,VOTE_CONSEIL,18-25,1,0,0,0,0,0,0,0,0,0,Profil non physique,MANUAL_USER_VALIDATION,USER_VALIDATED,1,VOTE_CONSEIL,20,11,10–12,0,0,0,0,0,1,11.0,16.0,10.0,10–12,6–10
KL17::nessim kouachi,KL17,Koh-Lanta : Johor,2015,Nessim Kouachi,26.0,MALE,0.0,12.0,1,False,11th Voted Out 5th jury member Day 26,CONSEIL,INDETERMINE,DECISION_AVENTURIERS,False,12,12,MANUAL_FINAL,1,1,1,1,VOTE_CONSEIL,26-33,1,0,0,0,0,0,0,0,0,0,Profil non physique,MANUAL_USER_VALIDATION,USER_VALIDATED,1,VOTE_CONSEIL,20,12,10–12,0,0,0,0,0,1,12.0,16.0,11.0,10–12,11–15
KL17::jeff santiago,KL17,Koh-Lanta : Johor,2015,Jeff Santiago,32.0,MALE,0.0,13.0,1,False,12th Voted Out 6th jury member Day 29,CONSEIL,INDETERMINE,DECISION_AVENTURIERS,False,13,13,MANUAL_FINAL,1,1,1,1,VOTE_CONSEIL,26-33,1,0,0,0,0,0,0,0,0,0,Profil non physique,MANUAL_USER_VALIDATION,USER_VALIDATED,1,VOTE_CONSEIL,20,13,13–15,0,0,0,0,0,1,13.0,16.0,12.0,10–12,11–15
KL17::christophe pendon,KL17,Koh-Lanta : Johor,2015,Christophe Pendon,30.0,MALE,0.0,14.0,1,False,13th Voted Out 7th jury member Day 32,CONSEIL,INDETERMINE,DECISION_AVENTURIERS,False,14,14,MANUAL_FINAL,1,1,1,1,VOTE_CONSEIL,26-33,1,0,0,0,0,0,0,0,0,0,Profil non physique,MANUAL_USER_VALIDATION,USER_VALIDATED,1,VOTE_CONSEIL,20,14,13–15,0,0,0,0,0,1,14.0,16.0,13.0,13–15,11–15
KL17::jessica potel,KL17,Koh-Lanta : Johor,2015,Jessica Potel,31.0,FEMALE,0.0,15.0,1,False,14th Voted Out 8th jury member Day 34,CONSEIL,INDETERMINE,DECISION_AVENTURIERS,False,15,15,MANUAL_FINAL,0,1,1,1,VOTE_CONSEIL,26-33,1,0,0,0,0,0,0,0,0,0,Profil non physique,MANUAL_USER_VALIDATION,USER_VALIDATED,1,VOTE_CONSEIL,20,15,13–15,0,0,0,0,0,1,15.0,16.0,14.0,13–15,11–15
KL17::sébastien ballesteros,KL17,Koh-Lanta : Johor,2015,Sébastien Ballesteros,25.0,MALE,1.0,16.0,1,False,15th Voted Out 9th jury member Day 37,CONSEIL,INDETERMINE,DECISION_AVENTURIERS,False,16,16,MANUAL_FINAL,1,1,1,1,VOTE_CONSEIL,18-25,1,0,0,0,0,0,0,0,0,0,Profil non physique,MANUAL_USER_VALIDATION,USER_VALIDATED,1,VOTE_CONSEIL,20,16,16–18,0,0,0,0,0,1,16.0,16.0,15.0,13–15,11–15
KL17::bruno peisey,KL17,Koh-Lanta : Johor,2015,Bruno Peisey,52.0,MALE,0.0,17.0,1,False,Lost Challenge 10th jury member Day 38,EPREUVE_ELIMINATOIRE,INDETERMINE,EPREUVE,False,17,17,MANUAL_FINAL,1,1,1,1,FINALE_ORIENTATION,42+,0,0,1,0,0,0,0,0,0,0,Profil non physique,MANUAL_USER_VALIDATION,USER_VALIDATED,0,FINALE_ORIENTATION,20,17,16–18,1,0,0,0,1,0,,16.0,,Phase finale atteinte,Phase finale atteinte
KL17::mélissa bastin,KL17,Koh-Lanta : Johor,2015,Mélissa Bastin,28.0,FEMALE,1.0,18.0,1,False,15th Voted Out 11th jury member Day 39,CONSEIL,INDETERMINE,DECISION_AVENTURIERS,False,18,18,MANUAL_FINAL,0,1,1,1,FINALE_POTEAUX,26-33,0,0,0,1,0,0,0,0,0,0,Profil non physique,MANUAL_USER_VALIDATION,USER_VALIDATED,0,FINALE_POTEAUX,20,18,16–18,1,1,0,0,1,0,,16.0,,Phase finale atteinte,Phase finale atteinte
KL17::chantel ménard,KL17,Koh-Lanta : Johor,2015,Chantel Ménard,45.0,FEMALE,1.0,19.0,1,False,Runner-up Day 40,FINALISTE,FIN_DE_JEU,AUTRE_SORTIE,False,19,19,MANUAL_FINAL,0,1,1,1,JURY_FINAL_DECISION,42+,0,0,0,0,0,1,0,0,0,1,Profil physique,MANUAL_USER_VALIDATION,USER_VALIDATED,0,JURY_FINAL_DECISION,20,19,19–20,1,1,1,0,1,0,,16.0,,Phase finale atteinte,Phase finale atteinte
KL17::marc rambaud,KL17,Koh-Lanta : Johor,2015,Marc Rambaud,43.0,MALE,0.0,20.0,0,True,Sole Survivor Day 40,VAINQUEUR,FIN_DE_JEU,AUTRE_SORTIE,False,20,20,MANUAL_FINAL,1,1,1,1,CENSORED_WINNER,42+,0,0,0,0,0,0,0,0,0,0,Profil non physique,MANUAL_USER_VALIDATION,USER_VALIDATED,0,CENSORED_WINNER,20,20,19–20,1,1,1,1,1,0,,16.0,,Phase finale atteinte,Phase finale atteinte
KL31::myriam zenasni,KL31,Koh-Lanta : L'Île au trésor,2016,Myriam Zenasni,36.0,FEMALE,0.0,1.0,1,False,1st Voted Out Day 3,CONSEIL,DECISION_AVENTURIERS,DECISION_AVENTURIERS,False,1,1,MANUAL_FINAL,0,1,1,1,VOTE_CONSEIL,34-41,1,0,0,0,0,0,0,0,0,0,Profil non physique,MANUAL_USER_VALIDATION,USER_VALIDATED,1,VOTE_CONSEIL,20,1,1–3,0,0,0,0,0,1,1.0,16.0,1.0,1–3,1–5
KL31::amandine schmitt,KL31,Koh-Lanta : L'Île au trésor,2016,Amandine Schmitt,33.0,FEMALE,0.0,2.0,1,False,2nd Voted Out Day 6,CONSEIL,DECISION_AVENTURIERS,DECISION_AVENTURIERS,False,2,2,MANUAL_FINAL,0,1,1,1,VOTE_CONSEIL,26-33,1,0,0,0,0,0,0,0,0,0,Profil non physique,MANUAL_USER_VALIDATION,USER_VALIDATED,1,VOTE_CONSEIL,20,2,1–3,0,0,0,0,0,1,2.0,16.0,1.0,1–3,1–5
KL31::sophie le nestic sabattier,KL31,Koh-Lanta : L'Île au trésor,2016,Sophie Le Nestic Sabattier,48.0,FEMALE,0.0,3.0,1,False,3rd Voted Out Day 9,CONSEIL,DECISION_AVENTURIERS,DECISION_AVENTURIERS,False,3,3,MANUAL_FINAL,0,1,1,1,VOTE_CONSEIL,42+,1,0,0,0,0,0,0,0,0,0,Profil non physique,MANUAL_USER_VALIDATION,USER_VALIDATED,1,VOTE_CONSEIL,20,3,1–3,0,0,0,0,0,1,3.0,16.0,2.0,1–3,1–5
KL31::sandrine bouzekri,KL31,Koh-Lanta : L'Île au trésor,2016,Sandrine Bouzekri,33.0,FEMALE,0.0,4.0,1,False,4th Voted Out Day 12,CONSEIL,DECISION_AVENTURIERS,DECISION_AVENTURIERS,False,4,4,MANUAL_FINAL,0,1,1,1,VOTE_CONSEIL,26-33,1,0,0,0,0,0,0,0,0,0,Profil non physique,MANUAL_USER_VALIDATION,USER_VALIDATED,1,VOTE_CONSEIL,20,4,4–6,0,0,0,0,0,1,4.0,16.0,3.0,1–3,1–5
KL31::laurent mischkind,KL31,Koh-Lanta : L'Île au trésor,2016,Laurent Mischkind,36.0,MALE,0.0,5.0,1,False,5th Voted Out Day 15,CONSEIL,DECISION_AVENTURIERS,DECISION_AVENTURIERS,False,5,5,MANUAL_FINAL,1,1,1,1,VOTE_CONSEIL,34-41,1,0,0,0,0,0,0,0,0,0,Profil non physique,MANUAL_USER_VALIDATION,USER_VALIDATED,1,VOTE_CONSEIL,20,5,4–6,0,0,0,0,0,1,5.0,16.0,4.0,4–6,1–5
KL31::jean-luc duboscq,KL31,Koh-Lanta : L'Île au trésor,2016,Jean-Luc Duboscq,50.0,MALE,0.0,6.0,1,False,6th Voted Out Day 18,CONSEIL,DECISION_AVENTURIERS,DECISION_AVENTURIERS,False,6,6,MANUAL_FINAL,1,1,1,1,VOTE_CONSEIL,42+,1,0,0,0,0,0,0,0,0,0,Profil non physique,MANUAL_USER_VALIDATION,USER_VALIDATED,1,VOTE_CONSEIL,20,6,4–6,0,0,0,0,0,1,6.0,16.0,5.0,4–6,1–5
KL31::jérôme merlier,KL31,Koh-Lanta : L'Île au trésor,2016,Jérôme Merlier,44.0,MALE,0.0,7.0,1,False,Lost Duel Day 20,EPREUVE_ELIMINATOIRE,EPREUVE,EPREUVE,False,7,7,MANUAL_FINAL,1,1,1,1,AMBASSADEURS,42+,0,0,0,0,0,0,0,1,0,1,Profil physique,MANUAL_USER_VALIDATION,USER_VALIDATED,0,AMBASSADEURS,20,7,7–9,0,0,0,0,0,1,7.0,16.0,6.0,4–6,6–10
"KL31::laurent ""lau"" émilien",KL31,Koh-Lanta : L'Île au trésor,2016,"Laurent ""Lau"" Émilien",30.0,MALE,0.0,8.0,1,False,7th Voted Out 1st jury member Day 21,CONSEIL,DECISION_AVENTURIERS,DECISION_AVENTURIERS,False,8,8,MANUAL_FINAL,1,1,1,1,VOTE_CONSEIL,26-33,1,0,0,0,0,0,0,0,0,1,Profil physique,MANUAL_USER_VALIDATION,USER_VALIDATED,1,VOTE_CONSEIL,20,8,7–9,0,0,0,0,0,1,8.0,16.0,7.0,7–9,6–10
KL31::béryl libault de la chevasnerie,KL31,Koh-Lanta : L'Île au trésor,2016,Béryl Libault de la Chevasnerie,30.0,FEMALE,0.0,9.0,1,False,8th Voted Out 2nd jury member Day 24,CONSEIL,DECISION_AVENTURIERS,DECISION_AVENTURIERS,False,9,9,MANUAL_FINAL,0,1,1,1,VOTE_CONSEIL,26-33,1,0,0,0,0,0,0,0,0,0,Profil non physique,MANUAL_USER_VALIDATION,USER_VALIDATED,1,VOTE_CONSEIL,20,9,7–9,0,0,0,0,0,1,9.0,16.0,8.0,7–9,6–10
KL31::alexandra pharisien,KL31,Koh-Lanta : L'Île au trésor,2016,Alexandra Pharisien,40.0,FEMALE,0.0,10.0,1,False,9th Voted Out 3rd jury member Day 27,CONSEIL,DECISION_AVENTURIERS,DECISION_AVENTURIERS,False,10,10,MANUAL_FINAL,0,1,1,1,VOTE_CONSEIL,34-41,1,0,0,0,0,0,0,0,0,0,Profil non physique,MANUAL_USER_VALIDATION,USER_VALIDATED,1,VOTE_CONSEIL,20,10,10–12,0,0,0,0,0,1,10.0,16.0,9.0,7–9,6–10
KL31::yannick delalleau,KL31,Koh-Lanta : L'Île au trésor,2016,Yannick Delalleau,41.0,MALE,1.0,11.0,1,False,10th Voted Out Evacuated from jury Day 30 [ a ],CONSEIL,DECISION_AVENTURIERS,DECISION_AVENTURIERS,False,11,11,MANUAL_FINAL,1,1,1,1,VOTE_CONSEIL,34-41,1,0,0,0,0,0,0,0,0,0,Profil non physique,MANUAL_USER_VALIDATION,USER_VALIDATED,1,VOTE_CONSEIL,20,11,10–12,0,0,0,0,0,1,11.0,16.0,10.0,10–12,6–10
KL31::julie navarro-camilleri,KL31,Koh-Lanta : L'Île au trésor,2016,Julie Navarro-Camilleri,38.0,FEMALE,0.0,12.0,1,False,Lost Challenge 4th jury member Day 32,EPREUVE_ELIMINATOIRE,EPREUVE,EPREUVE,False,12,12,MANUAL_FINAL,0,1,1,1,ELIMINATION_CHALLENGE,34-41,0,0,0,0,1,0,0,0,0,0,Profil non physique,MANUAL_USER_VALIDATION,USER_VALIDATED,0,ELIMINATION_CHALLENGE,20,12,10–12,0,0,0,0,0,1,12.0,16.0,11.0,10–12,11–15
KL31::jérémy raffin,KL31,Koh-Lanta : L'Île au trésor,2016,Jérémy Raffin,26.0,MALE,0.0,13.0,1,False,11th Voted Out 5th jury member Day 33,CONSEIL,DECISION_AVENTURIERS,DECISION_AVENTURIERS,False,13,13,MANUAL_FINAL,1,1,1,1,VOTE_CONSEIL,26-33,1,0,0,0,0,0,0,0,0,0,Profil non physique,MANUAL_USER_VALIDATION,USER_VALIDATED,1,VOTE_CONSEIL,20,13,13–15,0,0,0,0,0,1,13.0,16.0,12.0,10–12,11–15
KL31::stéphane cipolla,KL31,Koh-Lanta : L'Île au trésor,2016,Stéphane Cipolla,45.0,MALE,0.0,14.0,1,False,12th Voted Out 6th jury member Day 36,CONSEIL,DECISION_AVENTURIERS,DECISION_AVENTURIERS,False,14,14,MANUAL_FINAL,1,1,1,1,VOTE_CONSEIL,42+,1,0,0,0,0,0,0,0,0,0,Profil non physique,MANUAL_USER_VALIDATION,USER_VALIDATED,1,VOTE_CONSEIL,20,14,13–15,0,0,0,0,0,1,14.0,16.0,13.0,13–15,11–15
KL31::ludivine wiart,KL31,Koh-Lanta : L'Île au trésor,2016,Ludivine Wiart,31.0,FEMALE,1.0,15.0,1,False,13th Voted Out 7th jury member Day 39,CONSEIL,DECISION_AVENTURIERS,DECISION_AVENTURIERS,False,15,15,MANUAL_FINAL,0,1,1,1,VOTE_CONSEIL,26-33,1,0,0,0,0,0,0,0,0,0,Profil non physique,MANUAL_USER_VALIDATION,USER_VALIDATED,1,VOTE_CONSEIL,20,15,13–15,0,0,0,0,0,1,15.0,16.0,14.0,13–15,11–15
KL31::candice boisson,KL31,Koh-Lanta : L'Île au trésor,2016,Candice Boisson,19.0,FEMALE,1.0,16.0,1,False,Lost Challenge 8th jury member Day 40,EPREUVE_ELIMINATOIRE,EPREUVE,EPREUVE,False,16,16,MANUAL_FINAL,0,1,1,1,ELIMINATION_CHALLENGE,18-25,0,0,0,0,1,0,0,0,0,0,Profil non physique,MANUAL_USER_VALIDATION,USER_VALIDATED,0,ELIMINATION_CHALLENGE,20,16,16–18,0,0,0,0,0,1,16.0,16.0,15.0,13–15,11–15
KL31::bruno troester,KL31,Koh-Lanta : L'Île au trésor,2016,Bruno Troester,56.0,MALE,0.0,17.0,1,False,Lost Challenge 9th jury member Day 40,EPREUVE_ELIMINATOIRE,EPREUVE,EPREUVE,False,17,17,MANUAL_FINAL,1,1,1,1,FINALE_ORIENTATION,42+,0,0,1,0,0,0,0,0,0,0,Profil non physique,MANUAL_USER_VALIDATION,USER_VALIDATED,0,FINALE_ORIENTATION,20,17,16–18,1,0,0,0,1,0,,16.0,,Phase finale atteinte,Phase finale atteinte
KL31::freddy bolzer,KL31,Koh-Lanta : L'Île au trésor,2016,Freddy Bolzer,28.0,MALE,0.0,18.0,1,False,14th Voted Out 10th jury member Day 41,CONSEIL,DECISION_AVENTURIERS,DECISION_AVENTURIERS,False,18,18,MANUAL_FINAL,1,1,1,1,FINALE_POTEAUX,26-33,0,0,0,1,0,0,0,0,0,1,Profil physique,MANUAL_USER_VALIDATION,USER_VALIDATED,0,FINALE_POTEAUX,20,18,16–18,1,1,0,0,1,0,,16.0,,Phase finale atteinte,Phase finale atteinte
KL31::jesta hillmann,KL31,Koh-Lanta : L'Île au trésor,2016,Jesta Hillmann,24.0,FEMALE,0.0,19.0,1,False,Runner-up Day 42,FINALISTE,FIN_DE_JEU,AUTRE_SORTIE,False,19,19,MANUAL_FINAL,0,1,1,1,JURY_FINAL_DECISION,18-25,0,0,0,0,0,1,0,0,0,0,Profil non physique,MANUAL_USER_VALIDATION,USER_VALIDATED,0,JURY_FINAL_DECISION,20,19,19–20,1,1,1,0,1,0,,16.0,,Phase finale atteinte,Phase finale atteinte
KL31::benoît assadi,KL31,Koh-Lanta : L'Île au trésor,2016,Benoît Assadi,22.0,MALE,1.0,20.0,0,True,Sole Survivor Day 42,VAINQUEUR,FIN_DE_JEU,AUTRE_SORTIE,False,20,20,MANUAL_FINAL,1,1,1,1,CENSORED_WINNER,18-25,0,0,0,0,0,0,0,0,0,1,Profil physique,MANUAL_USER_VALIDATION,USER_VALIDATED,0,CENSORED_WINNER,20,20,19–20,1,1,1,1,1,0,,16.0,,Phase finale atteinte,Phase finale atteinte
KL22::aliséa,KL22,Koh-Lanta : La Guerre des Chefs,2019,Aliséa,20.0,FEMALE,1.0,1.0,1,False,"Abandon médical [ 5 ] , [ 6 ]",ABANDON_MEDICAL,INDETERMINE,AUTRE_SORTIE,False,1,1,MANUAL_FINAL,0,1,1,1,MEDICAL,18-25,0,1,0,0,0,0,0,0,0,0,Profil non physique,MANUAL_USER_VALIDATION,USER_VALIDATED,0,MEDICAL,21,1,1–3,0,0,0,0,0,1,1.0,16.0,1.0,1–3,1–5
KL22::carinne,KL22,Koh-Lanta : La Guerre des Chefs,2019,Carinne,45.0,FEMALE,0.0,2.0,1,False,Abandon médical [ 7 ] [source secondaire souhaitée],ABANDON_MEDICAL,INDETERMINE,AUTRE_SORTIE,False,2,2,MANUAL_FINAL,0,1,1,1,MEDICAL,42+,0,1,0,0,0,0,0,0,0,0,Profil non physique,MANUAL_USER_VALIDATION,USER_VALIDATED,0,MEDICAL,21,1,1–3,0,0,0,0,0,1,2.0,16.0,1.0,1–3,1–5
KL22::émilie,KL22,Koh-Lanta : La Guerre des Chefs,2019,Émilie,35.0,FEMALE,0.0,3.0,1,False,"Éliminée [ 8 ] , [ 9 ] [source secondaire souhaitée] , [ 10 ] [source secondaire souhaitée]",INDETERMINE,INDETERMINE,INDETERMINE,False,3,3,MANUAL_FINAL,0,1,1,1,VOTE_CONSEIL,34-41,1,0,0,0,0,0,0,0,0,0,Profil non physique,MANUAL_USER_VALIDATION,USER_VALIDATED,1,VOTE_CONSEIL,21,2,1–3,0,0,0,0,0,1,3.0,16.0,2.0,1–3,1–5
KL22::victor,KL22,Koh-Lanta : La Guerre des Chefs,2019,Victor,25.0,MALE,1.0,4.0,1,False,"Éliminé [ 11 ] , [ 12 ] [source secondaire souhaitée] , [ 13 ] [source secondaire souhaitée]",INDETERMINE,INDETERMINE,INDETERMINE,False,4,4,MANUAL_FINAL,1,1,1,1,VOTE_CONSEIL,18-25,1,0,0,0,0,0,0,0,0,0,Profil non physique,MANUAL_USER_VALIDATION,USER_VALIDATED,1,VOTE_CONSEIL,21,3,1–3,0,0,0,0,0,1,4.0,16.0,3.0,1–3,1–5
KL22::chloé,KL22,Koh-Lanta : La Guerre des Chefs,2019,Chloé,32.0,FEMALE,0.0,5.0,1,False,"Éliminée [ 14 ] , [ 15 ] [source secondaire souhaitée]",INDETERMINE,INDETERMINE,INDETERMINE,False,5,5,MANUAL_FINAL,0,1,1,1,VOTE_CONSEIL,26-33,1,0,0,0,0,0,0,0,0,0,Profil non physique,MANUAL_USER_VALIDATION,USER_VALIDATED,1,VOTE_CONSEIL,21,4,4–6,0,0,0,0,0,1,5.0,16.0,4.0,4–6,1–5
KL22::xavier,KL22,Koh-Lanta : La Guerre des Chefs,2019,Xavier,53.0,MALE,1.0,6.0,1,False,Éliminé [ 16 ] [source secondaire souhaitée],INDETERMINE,INDETERMINE,INDETERMINE,False,6,6,MANUAL_FINAL,1,1,1,1,VOTE_CONSEIL,42+,1,0,0,0,0,0,0,0,0,0,Profil non physique,MANUAL_USER_VALIDATION,USER_VALIDATED,1,VOTE_CONSEIL,21,5,4–6,0,0,0,0,0,1,6.0,16.0,5.0,4–6,1–5
KL22::frédéric,KL22,Koh-Lanta : La Guerre des Chefs,2019,Frédéric,52.0,MALE,0.0,7.0,1,False,"Éliminé [ 17 ] , [ 18 ] [source secondaire souhaitée]",INDETERMINE,INDETERMINE,INDETERMINE,False,7,7,MANUAL_FINAL,1,1,1,1,AMBASSADEURS,42+,0,0,0,0,0,0,0,1,0,0,Profil non physique,MANUAL_USER_VALIDATION,USER_VALIDATED,0,AMBASSADEURS,21,6,4–6,0,0,0,0,0,1,7.0,16.0,6.0,4–6,6–10
KL22::alexandre,KL22,Koh-Lanta : La Guerre des Chefs,2019,Alexandre,28.0,MALE,0.0,8.0,1,False,"Éliminé [ 17 ] , [ 19 ] [source secondaire souhaitée]",INDETERMINE,INDETERMINE,INDETERMINE,False,8,8,MANUAL_FINAL,1,1,1,1,VOTE_CONSEIL,26-33,1,0,0,0,0,0,0,0,0,0,Profil non physique,MANUAL_USER_VALIDATION,USER_VALIDATED,1,VOTE_CONSEIL,21,7,7–9,0,0,0,0,0,1,8.0,16.0,7.0,7–9,6–10
KL22::béatrice,KL22,Koh-Lanta : La Guerre des Chefs,2019,Béatrice,28.0,FEMALE,1.0,9.0,1,False,"Éliminée [ 20 ] , [ 21 ] [source secondaire souhaitée]",INDETERMINE,INDETERMINE,INDETERMINE,False,9,9,MANUAL_FINAL,0,1,1,1,VOTE_CONSEIL,26-33,1,0,0,0,0,0,0,0,0,1,Profil physique,MANUAL_USER_VALIDATION,USER_VALIDATED,1,VOTE_CONSEIL,21,8,7–9,0,0,0,0,0,1,9.0,16.0,8.0,7–9,6–10
KL22::brice,KL22,Koh-Lanta : La Guerre des Chefs,2019,Brice,24.0,MALE,0.0,10.0,1,False,"Éliminé [ 22 ] , [ 23 ] [source secondaire souhaitée] , [ 24 ] [source secondaire souhaitée]",INDETERMINE,INDETERMINE,INDETERMINE,False,10,10,MANUAL_FINAL,1,1,1,1,VOTE_CONSEIL,18-25,1,0,0,0,0,0,0,0,0,0,Profil non physique,MANUAL_USER_VALIDATION,USER_VALIDATED,1,VOTE_CONSEIL,21,9,7–9,0,0,0,0,0,1,10.0,16.0,9.0,7–9,6–10
KL22::sophie,KL22,Koh-Lanta : La Guerre des Chefs,2019,Sophie,34.0,FEMALE,1.0,11.0,1,False,Éliminée [ 25 ] [source secondaire souhaitée],INDETERMINE,INDETERMINE,INDETERMINE,False,11,11,MANUAL_FINAL,0,1,1,1,VOTE_CONSEIL,34-41,0,0,0,0,0,0,0,0,1,0,Profil non physique,MANUAL_USER_VALIDATION,USER_VALIDATED,1,VOTE_CONSEIL,21,10,10–12,0,0,0,0,0,1,11.0,16.0,10.0,10–12,6–10
KL22::angélique,KL22,Koh-Lanta : La Guerre des Chefs,2019,Angélique,24.0,FEMALE,0.0,12.0,1,False,Éliminée [ 26 ] [source secondaire souhaitée],INDETERMINE,INDETERMINE,INDETERMINE,False,12,12,MANUAL_FINAL,0,1,1,1,VOTE_CONSEIL,18-25,1,0,0,0,0,0,0,0,0,0,Profil non physique,MANUAL_USER_VALIDATION,USER_VALIDATED,1,VOTE_CONSEIL,21,11,10–12,0,0,0,0,0,1,12.0,16.0,11.0,10–12,11–15
KL22::mohamed,KL22,Koh-Lanta : La Guerre des Chefs,2019,Mohamed,37.0,MALE,0.0,13.0,1,False,Éliminé [ 27 ] [source secondaire souhaitée],INDETERMINE,INDETERMINE,INDETERMINE,False,13,13,MANUAL_FINAL,1,1,1,1,VOTE_CONSEIL,34-41,1,0,0,0,0,0,0,0,0,1,Profil physique,MANUAL_USER_VALIDATION,USER_VALIDATED,1,VOTE_CONSEIL,21,12,10–12,0,0,0,0,0,1,13.0,16.0,12.0,10–12,11–15
KL22::nicolas,KL22,Koh-Lanta : La Guerre des Chefs,2019,Nicolas,35.0,MALE,0.0,14.0,1,False,Éliminé [ 28 ] [source secondaire souhaitée],INDETERMINE,INDETERMINE,INDETERMINE,False,14,14,MANUAL_FINAL,1,1,1,1,ELIMINATION_CHALLENGE,34-41,0,0,0,0,1,0,0,0,0,1,Profil physique,MANUAL_USER_VALIDATION,USER_VALIDATED,0,ELIMINATION_CHALLENGE,21,13,13–15,0,0,0,0,0,1,14.0,16.0,13.0,13–15,11–15
KL22::maxime,KL22,Koh-Lanta : La Guerre des Chefs,2019,Maxime,32.0,MALE,0.0,15.0,1,False,Éliminé [ 29 ] [source secondaire souhaitée],INDETERMINE,INDETERMINE,INDETERMINE,False,15,15,MANUAL_FINAL,1,1,1,1,VOTE_CONSEIL,26-33,1,0,0,0,0,0,0,0,0,0,Profil non physique,MANUAL_USER_VALIDATION,USER_VALIDATED,1,VOTE_CONSEIL,21,14,13–15,0,0,0,0,0,1,15.0,16.0,14.0,13–15,11–15
KL22::cyril,KL22,Koh-Lanta : La Guerre des Chefs,2019,Cyril,37.0,MALE,0.0,16.0,1,False,"Éliminé [ 30 ] [source secondaire souhaitée] , [ 31 ]",INDETERMINE,INDETERMINE,INDETERMINE,False,16,16,MANUAL_FINAL,1,1,1,1,VOTE_CONSEIL,34-41,1,0,0,0,0,0,0,0,0,0,Profil non physique,MANUAL_USER_VALIDATION,USER_VALIDATED,1,VOTE_CONSEIL,21,15,13–15,0,0,0,0,0,1,16.0,16.0,15.0,13–15,11–15
KL22::clo,KL22,Koh-Lanta : La Guerre des Chefs,2019,Clo,28.0,FEMALE,1.0,17.0,1,False,Éliminée,INDETERMINE,INDETERMINE,INDETERMINE,False,17,17,MANUAL_FINAL,0,1,1,1,FINALE_ORIENTATION,26-33,0,0,1,0,0,0,0,0,0,0,Profil non physique,MANUAL_USER_VALIDATION,USER_VALIDATED,0,FINALE_ORIENTATION,21,16,16–18,1,0,0,0,1,0,,16.0,,Phase finale atteinte,Phase finale atteinte
KL22::aurélien,KL22,Koh-Lanta : La Guerre des Chefs,2019,Aurélien,23.0,MALE,1.0,18.0,1,False,Éliminé,INDETERMINE,INDETERMINE,INDETERMINE,False,18,18,MANUAL_FINAL,1,1,1,1,FINALE_ORIENTATION,18-25,0,0,1,0,0,0,0,0,0,0,Profil non physique,MANUAL_USER_VALIDATION,USER_VALIDATED,0,FINALE_ORIENTATION,21,17,16–18,1,0,0,0,1,0,,16.0,,Phase finale atteinte,Phase finale atteinte
KL22::steeve,KL22,Koh-Lanta : La Guerre des Chefs,2019,Steeve,46.0,MALE,0.0,19.0,1,False,Éliminé,INDETERMINE,INDETERMINE,INDETERMINE,False,19,19,MANUAL_FINAL,1,1,1,1,FINALE_POTEAUX,42+,0,0,0,1,0,0,0,0,0,0,Profil non physique,MANUAL_USER_VALIDATION,USER_VALIDATED,0,FINALE_POTEAUX,21,18,16–18,1,1,0,0,1,0,,16.0,,Phase finale atteinte,Phase finale atteinte
KL22::cindy,KL22,Koh-Lanta : La Guerre des Chefs,2019,Cindy,31.0,FEMALE,0.0,20.0,1,False,Finaliste [ 32 ] [source secondaire souhaitée],FINALISTE,FIN_DE_JEU,AUTRE_SORTIE,False,20,20,MANUAL_FINAL,0,1,1,1,JURY_FINAL_DECISION,26-33,0,0,0,0,0,1,0,0,0,0,Profil non physique,MANUAL_USER_VALIDATION,USER_VALIDATED,0,JURY_FINAL_DECISION,21,19,19–20,1,1,1,0,1,0,,16.0,,Phase finale atteinte,Phase finale atteinte
KL22::maud,KL22,Koh-Lanta : La Guerre des Chefs,2019,Maud,50.0,FEMALE,0.0,21.0,0,True,Gagnante [ 33 ] [source secondaire souhaitée],VAINQUEUR,FIN_DE_JEU,AUTRE_SORTIE,False,21,21,MANUAL_FINAL,0,1,1,1,CENSORED_WINNER,42+,0,0,0,0,0,0,0,0,0,0,Profil non physique,MANUAL_USER_VALIDATION,USER_VALIDATED,0,CENSORED_WINNER,21,20,19–20,1,1,1,1,1,0,,16.0,,Phase finale atteinte,Phase finale atteinte
KL29::cynthiana,KL29,Koh-Lanta : La Revanche des 4 Terres,2025,Cynthiana,39.0,FEMALE,0.0,1.0,1,False,"Éliminée [ 6 ] , [ 7 ] , [ 8 ]",INDETERMINE,INDETERMINE,AUTRE_SORTIE,False,1,1,MANUAL_FINAL,0,1,1,1,VOTE_CONSEIL,34-41,1,0,0,0,0,0,0,0,0,0,Profil non physique,MANUAL_USER_VALIDATION,USER_VALIDATED,1,VOTE_CONSEIL,24,1,1–3,0,0,0,0,0,1,1.0,19.0,1.0,1–3,1–5
KL29::allan,KL29,Koh-Lanta : La Revanche des 4 Terres,2025,Allan,25.0,MALE,0.0,2.0,1,False,"Abandon médical [ 9 ] , [ 10 ] , [ 11 ]",ABANDON_MEDICAL,SANTE_ABANDON,AUTRE_SORTIE,False,2,2,MANUAL_FINAL,1,1,1,1,MEDICAL,18-25,0,1,0,0,0,0,0,0,0,0,Profil non physique,MANUAL_USER_VALIDATION,USER_VALIDATED,0,MEDICAL,24,1,1–3,0,0,0,0,0,1,2.0,19.0,1.0,1–3,1–5
KL29::christian,KL29,Koh-Lanta : La Revanche des 4 Terres,2025,Christian,63.0,MALE,0.0,3.0,1,False,"Éliminé [ 12 ] , [ 13 ] , [ 14 ]",INDETERMINE,INDETERMINE,AUTRE_SORTIE,False,3,3,MANUAL_FINAL,1,1,1,1,VOTE_CONSEIL,42+,1,0,0,0,0,0,0,0,0,0,Profil non physique,MANUAL_USER_VALIDATION,USER_VALIDATED,1,VOTE_CONSEIL,24,2,1–3,0,0,0,0,0,1,3.0,19.0,2.0,1–3,1–5
KL29::romane,KL29,Koh-Lanta : La Revanche des 4 Terres,2025,Romane,20.0,FEMALE,0.0,4.0,1,False,"Éliminée [ 15 ] , [ 16 ] , [ 17 ]",INDETERMINE,INDETERMINE,AUTRE_SORTIE,False,4,4,MANUAL_FINAL,0,1,1,1,VOTE_CONSEIL,18-25,1,0,0,0,0,0,0,0,0,1,Profil physique,MANUAL_USER_VALIDATION,USER_VALIDATED,1,VOTE_CONSEIL,24,3,1–3,0,0,0,0,0,1,4.0,19.0,3.0,1–3,1–5
KL29::mehdi,KL29,Koh-Lanta : La Revanche des 4 Terres,2025,Mehdi,27.0,MALE,0.0,5.0,1,False,"Abandon volontaire [ 18 ] , [ 19 ] , [ 20 ]",ABANDON_VOLONTAIRE,SANTE_ABANDON,AUTRE_SORTIE,False,5,5,MANUAL_FINAL,1,1,1,1,VOLUNTARY,26-33,0,0,0,0,0,0,1,0,0,1,Profil physique,MANUAL_USER_VALIDATION,USER_VALIDATED,0,VOLUNTARY,24,4,4–6,0,0,0,0,0,1,5.0,19.0,4.0,4–6,1–5
KL29::benoît,KL29,Koh-Lanta : La Revanche des 4 Terres,2025,Benoît,24.0,MALE,0.0,6.0,1,False,"Éliminé [ 21 ] , [ 22 ] , [ 23 ]",INDETERMINE,INDETERMINE,AUTRE_SORTIE,False,6,6,MANUAL_FINAL,1,1,1,1,VOTE_CONSEIL,18-25,1,0,0,0,0,0,0,0,0,1,Profil physique,MANUAL_USER_VALIDATION,USER_VALIDATED,1,VOTE_CONSEIL,24,5,4–6,0,0,0,0,0,1,6.0,19.0,4.0,4–6,1–5
KL29::mohamed,KL29,Koh-Lanta : La Revanche des 4 Terres,2025,Mohamed,30.0,MALE,0.0,7.0,1,False,"Éliminé [ 24 ] , [ 25 ] , [ 26 ]",INDETERMINE,INDETERMINE,AUTRE_SORTIE,False,7,7,MANUAL_FINAL,1,1,1,1,VOTE_CONSEIL,26-33,1,0,0,0,0,0,0,0,0,1,Profil physique,MANUAL_USER_VALIDATION,USER_VALIDATED,1,VOTE_CONSEIL,24,5,4–6,0,0,0,0,0,1,7.0,19.0,5.0,4–6,1–5
KL29::pauline,KL29,Koh-Lanta : La Revanche des 4 Terres,2025,Pauline,39.0,FEMALE,0.0,8.0,1,False,"Éliminée [ 27 ] , [ 28 ] , [ 29 ]",INDETERMINE,INDETERMINE,AUTRE_SORTIE,False,8,8,MANUAL_FINAL,0,1,1,1,VOTE_CONSEIL,34-41,1,0,0,0,0,0,0,0,0,1,Profil physique,MANUAL_USER_VALIDATION,USER_VALIDATED,1,VOTE_CONSEIL,24,6,4–6,0,0,0,0,0,1,8.0,19.0,6.0,4–6,6–10
KL29::andréa,KL29,Koh-Lanta : La Revanche des 4 Terres,2025,Andréa,24.0,FEMALE,0.0,9.0,1,False,"Éliminée [ 30 ] , [ 31 ] , [ 32 ]",INDETERMINE,INDETERMINE,AUTRE_SORTIE,False,9,9,MANUAL_FINAL,0,1,1,1,VOTE_CONSEIL,18-25,1,0,0,0,0,0,0,0,0,0,Profil non physique,MANUAL_USER_VALIDATION,USER_VALIDATED,1,VOTE_CONSEIL,24,7,7–9,0,0,0,0,0,1,9.0,19.0,7.0,7–9,6–10
KL29::adrien,KL29,Koh-Lanta : La Revanche des 4 Terres,2025,Adrien,23.0,MALE,0.0,10.0,1,False,"Éliminé [ 33 ] , [ 34 ] , [ 35 ]",INDETERMINE,INDETERMINE,AUTRE_SORTIE,False,10,10,MANUAL_FINAL,1,1,1,1,VOTE_CONSEIL,18-25,1,0,0,0,0,0,0,0,0,0,Profil non physique,MANUAL_USER_VALIDATION,USER_VALIDATED,1,VOTE_CONSEIL,24,8,7–9,0,0,0,0,0,1,10.0,19.0,8.0,7–9,6–10
KL29::frédéric,KL29,Koh-Lanta : La Revanche des 4 Terres,2025,Frédéric,56.0,MALE,0.0,11.0,1,False,"Abandon médical [ 36 ] , [ 37 ] , [ 38 ]",ABANDON_MEDICAL,SANTE_ABANDON,AUTRE_SORTIE,False,11,11,MANUAL_FINAL,1,1,1,1,MEDICAL,42+,0,1,0,0,0,0,0,0,0,0,Profil non physique,MANUAL_USER_VALIDATION,USER_VALIDATED,0,MEDICAL,24,9,7–9,0,0,0,0,0,1,11.0,19.0,8.0,7–9,6–10
KL29::jessica,KL29,Koh-Lanta : La Revanche des 4 Terres,2025,Jessica,38.0,FEMALE,0.0,12.0,1,False,"Éliminée [ 39 ] , [ 40 ] , [ 41 ]",INDETERMINE,INDETERMINE,AUTRE_SORTIE,False,12,12,MANUAL_FINAL,0,1,1,1,ELIMINATION_CHALLENGE,34-41,0,0,0,0,1,0,0,0,0,0,Profil non physique,MANUAL_USER_VALIDATION,USER_VALIDATED,0,ELIMINATION_CHALLENGE,24,10,10–12,0,0,0,0,0,1,12.0,19.0,9.0,7–9,6–10
KL29::louise,KL29,Koh-Lanta : La Revanche des 4 Terres,2025,Louise,24.0,FEMALE,0.0,13.0,1,False,"Éliminée [ 42 ] , [ 43 ] , [ 44 ]",INDETERMINE,INDETERMINE,AUTRE_SORTIE,False,13,13,MANUAL_FINAL,0,1,1,1,VOTE_CONSEIL,18-25,1,0,0,0,0,0,0,0,0,0,Profil non physique,MANUAL_USER_VALIDATION,USER_VALIDATED,1,VOTE_CONSEIL,24,10,10–12,0,0,0,0,0,1,13.0,19.0,10.0,10–12,6–10
KL29::joana,KL29,Koh-Lanta : La Revanche des 4 Terres,2025,Joana,32.0,FEMALE,0.0,14.0,1,False,"Éliminée [ 45 ] , [ 46 ] , [ 47 ]",INDETERMINE,INDETERMINE,AUTRE_SORTIE,False,14,14,MANUAL_FINAL,0,1,1,1,VOTE_CONSEIL,26-33,1,0,0,0,0,0,0,0,0,0,Profil non physique,MANUAL_USER_VALIDATION,USER_VALIDATED,1,VOTE_CONSEIL,24,11,10–12,0,0,0,0,0,1,14.0,19.0,11.0,10–12,11–15
KL29::naïs,KL29,Koh-Lanta : La Revanche des 4 Terres,2025,Naïs,25.0,FEMALE,0.0,15.0,1,False,"Éliminée [ 48 ] , [ 49 ] , [ 50 ]",INDETERMINE,INDETERMINE,AUTRE_SORTIE,False,15,15,MANUAL_FINAL,0,1,1,1,VOTE_CONSEIL,18-25,1,0,0,0,0,0,0,0,0,0,Profil non physique,MANUAL_USER_VALIDATION,USER_VALIDATED,1,VOTE_CONSEIL,24,12,10–12,0,0,0,0,0,1,15.0,19.0,11.0,10–12,11–15
KL29::pierre-marie,KL29,Koh-Lanta : La Revanche des 4 Terres,2025,Pierre-Marie,39.0,MALE,0.0,16.0,1,False,"Éliminé [ 51 ] , [ 52 ] , [ 53 ]",INDETERMINE,INDETERMINE,AUTRE_SORTIE,False,16,16,MANUAL_FINAL,1,1,1,1,VOTE_CONSEIL,34-41,1,0,0,0,0,0,0,0,0,0,Profil non physique,MANUAL_USER_VALIDATION,USER_VALIDATED,1,VOTE_CONSEIL,24,13,13–15,0,0,0,0,0,1,16.0,19.0,12.0,10–12,11–15
KL29::maxime,KL29,Koh-Lanta : La Revanche des 4 Terres,2025,Maxime,33.0,MALE,0.0,17.0,1,False,"Éliminé [ 54 ] , [ 55 ] , [ 56 ]",INDETERMINE,INDETERMINE,AUTRE_SORTIE,False,17,17,MANUAL_FINAL,1,1,1,1,AMBASSADEURS,26-33,0,0,0,0,0,0,0,1,0,0,Profil non physique,MANUAL_USER_VALIDATION,USER_VALIDATED,0,AMBASSADEURS,24,14,13–15,0,0,0,0,0,1,17.0,19.0,13.0,13–15,11–15
KL29::noémie,KL29,Koh-Lanta : La Revanche des 4 Terres,2025,Noémie,32.0,FEMALE,0.0,18.0,1,False,"Éliminée [ 57 ] , [ 58 ] , [ 59 ]",INDETERMINE,INDETERMINE,AUTRE_SORTIE,False,18,18,MANUAL_FINAL,0,1,1,1,VOTE_CONSEIL,26-33,1,0,0,0,0,0,0,0,0,0,Profil non physique,MANUAL_USER_VALIDATION,USER_VALIDATED,1,VOTE_CONSEIL,24,15,13–15,0,0,0,0,0,1,18.0,19.0,14.0,13–15,11–15
KL29::céline,KL29,Koh-Lanta : La Revanche des 4 Terres,2025,Céline,39.0,FEMALE,0.0,19.0,1,False,"Éliminée [ 60 ] , [ 61 ] , [ 62 ]",INDETERMINE,INDETERMINE,AUTRE_SORTIE,False,19,19,MANUAL_FINAL,0,1,1,1,VOTE_CONSEIL,34-41,1,0,0,0,0,0,0,0,0,0,Profil non physique,MANUAL_USER_VALIDATION,USER_VALIDATED,1,VOTE_CONSEIL,24,15,13–15,0,0,0,0,0,1,19.0,19.0,15.0,13–15,11–15
KL29::jérôme#row20,KL29,Koh-Lanta : La Revanche des 4 Terres,2025,Jérôme,52.0,MALE,0.0,20.0,1,False,"Éliminé [ 63 ] , [ 64 ] , [ 65 ]",INDETERMINE,INDETERMINE,AUTRE_SORTIE,False,20,20,MANUAL_FINAL,1,1,1,1,FINALE_ORIENTATION,42+,0,0,1,0,0,0,0,0,0,0,Profil non physique,MANUAL_USER_VALIDATION,USER_VALIDATED,0,FINALE_ORIENTATION,24,16,16–18,1,0,0,0,1,0,,19.0,,Phase finale atteinte,Phase finale atteinte
KL29::claire,KL29,Koh-Lanta : La Revanche des 4 Terres,2025,Claire,37.0,FEMALE,0.0,21.0,1,False,"Éliminée [ 66 ] , [ 67 ] , [ 68 ]",INDETERMINE,INDETERMINE,AUTRE_SORTIE,False,21,21,MANUAL_FINAL,0,1,1,1,FINALE_ORIENTATION,34-41,0,0,1,0,0,0,0,0,0,0,Profil non physique,MANUAL_USER_VALIDATION,USER_VALIDATED,0,FINALE_ORIENTATION,24,17,16–18,1,0,0,0,1,0,,19.0,,Phase finale atteinte,Phase finale atteinte
KL29::jérôme#row22,KL29,Koh-Lanta : La Revanche des 4 Terres,2025,Jérôme,43.0,MALE,0.0,22.0,1,False,"Éliminé [ 69 ] , [ 70 ] , [ 71 ]",INDETERMINE,INDETERMINE,AUTRE_SORTIE,False,22,22,MANUAL_FINAL,1,1,1,1,FINALE_POTEAUX,42+,0,0,0,1,0,0,0,0,0,0,Profil non physique,MANUAL_USER_VALIDATION,USER_VALIDATED,0,FINALE_POTEAUX,24,18,16–18,1,1,0,0,1,0,,19.0,,Phase finale atteinte,Phase finale atteinte
KL29::maël,KL29,Koh-Lanta : La Revanche des 4 Terres,2025,Maël,27.0,MALE,0.0,23.0,1,False,"Finaliste [ 72 ] , [ 73 ] , [ 74 ]",FINALISTE,FIN_DE_JEU,AUTRE_SORTIE,False,23,23,MANUAL_FINAL,1,1,1,1,JURY_FINAL_DECISION,26-33,0,0,0,0,0,1,0,0,0,0,Profil non physique,MANUAL_USER_VALIDATION,USER_VALIDATED,0,JURY_FINAL_DECISION,24,19,19–20,1,1,1,0,1,0,,19.0,,Phase finale atteinte,Phase finale atteinte
KL29::gaëlle,KL29,Koh-Lanta : La Revanche des 4 Terres,2025,Gaëlle,34.0,FEMALE,0.0,24.0,0,True,"Vainqueur [ 75 ] , [ 76 ] , [ 77 ]",VAINQUEUR,FIN_DE_JEU,AUTRE_SORTIE,False,24,24,MANUAL_FINAL,0,1,1,1,CENSORED_WINNER,34-41,0,0,0,0,0,0,0,0,0,1,Profil physique,MANUAL_USER_VALIDATION,USER_VALIDATED,0,CENSORED_WINNER,24,20,19–20,1,1,1,1,1,0,,19.0,,Phase finale atteinte,Phase finale atteinte
KL26::célia,KL26,Koh-Lanta : Le Feu Sacré,2023,Célia,49.0,FEMALE,0.0,1.0,1,False,Éliminée [ 11 ],INDETERMINE,INDETERMINE,AUTRE_SORTIE,False,1,1,MANUAL_FINAL,0,1,1,1,VOTE_CONSEIL,42+,1,0,0,0,0,0,0,0,0,0,Profil non physique,MANUAL_USER_VALIDATION,USER_VALIDATED,1,VOTE_CONSEIL,20,1,1–3,0,0,0,0,0,1,1.0,16.0,1.0,1–3,1–5
KL26::emin,KL26,Koh-Lanta : Le Feu Sacré,2023,Emin,56.0,MALE,0.0,2.0,1,False,Éliminé [ 12 ],INDETERMINE,INDETERMINE,AUTRE_SORTIE,False,2,2,MANUAL_FINAL,1,1,1,1,VOTE_CONSEIL,42+,1,0,0,0,0,0,0,0,0,0,Profil non physique,MANUAL_USER_VALIDATION,USER_VALIDATED,1,VOTE_CONSEIL,20,2,1–3,0,0,0,0,0,1,2.0,16.0,1.0,1–3,1–5
KL26::alexandre,KL26,Koh-Lanta : Le Feu Sacré,2023,Alexandre,34.0,MALE,0.0,3.0,1,False,Éliminé [ 13 ],INDETERMINE,INDETERMINE,AUTRE_SORTIE,False,3,3,MANUAL_FINAL,1,1,1,1,VOTE_CONSEIL,34-41,1,0,0,0,0,0,0,0,0,0,Profil non physique,MANUAL_USER_VALIDATION,USER_VALIDATED,1,VOTE_CONSEIL,20,3,1–3,0,0,0,0,0,1,3.0,16.0,2.0,1–3,1–5
KL26::élodie,KL26,Koh-Lanta : Le Feu Sacré,2023,Élodie,35.0,FEMALE,0.0,4.0,1,False,Éliminée [ 14 ],INDETERMINE,INDETERMINE,AUTRE_SORTIE,False,4,4,MANUAL_FINAL,0,1,1,1,ELIMINATION_CHALLENGE,34-41,0,0,0,0,1,0,0,0,0,0,Profil non physique,MANUAL_USER_VALIDATION,USER_VALIDATED,0,ELIMINATION_CHALLENGE,20,4,4–6,0,0,0,0,0,1,4.0,16.0,3.0,1–3,1–5
KL26::benjamin,KL26,Koh-Lanta : Le Feu Sacré,2023,Benjamin,23.0,MALE,0.0,5.0,1,False,Abandon volontaire [ 15 ],ABANDON_VOLONTAIRE,SANTE_ABANDON,AUTRE_SORTIE,False,5,5,MANUAL_FINAL,1,1,1,1,VOLUNTARY,18-25,0,0,0,0,0,0,1,0,0,0,Profil non physique,MANUAL_USER_VALIDATION,USER_VALIDATED,0,VOLUNTARY,20,5,4–6,0,0,0,0,0,1,5.0,16.0,4.0,4–6,1–5
KL26::martin,KL26,Koh-Lanta : Le Feu Sacré,2023,Martin,30.0,MALE,0.0,6.0,1,False,Abandon médical [ 16 ],ABANDON_MEDICAL,SANTE_ABANDON,AUTRE_SORTIE,False,6,6,MANUAL_FINAL,1,1,1,1,MEDICAL,26-33,0,1,0,0,0,0,0,0,0,0,Profil non physique,MANUAL_USER_VALIDATION,USER_VALIDATED,0,MEDICAL,20,6,4–6,0,0,0,0,0,1,6.0,16.0,5.0,4–6,1–5
KL26::christine,KL26,Koh-Lanta : Le Feu Sacré,2023,Christine,49.0,FEMALE,0.0,7.0,1,False,Éliminée [ 17 ],INDETERMINE,INDETERMINE,AUTRE_SORTIE,False,7,7,MANUAL_FINAL,0,1,1,1,VOTE_CONSEIL,42+,1,0,0,0,0,0,0,0,0,0,Profil non physique,MANUAL_USER_VALIDATION,USER_VALIDATED,1,VOTE_CONSEIL,20,7,7–9,0,0,0,0,0,1,7.0,16.0,6.0,4–6,6–10
KL26::rudy,KL26,Koh-Lanta : Le Feu Sacré,2023,Rudy,41.0,MALE,0.0,8.0,1,False,Éliminé [ 18 ],INDETERMINE,INDETERMINE,AUTRE_SORTIE,False,8,8,MANUAL_FINAL,1,1,1,1,VOTE_CONSEIL,34-41,1,0,0,0,0,0,0,0,0,0,Profil non physique,MANUAL_USER_VALIDATION,USER_VALIDATED,1,VOTE_CONSEIL,20,8,7–9,0,0,0,0,0,1,8.0,16.0,7.0,7–9,6–10
KL26::grâce,KL26,Koh-Lanta : Le Feu Sacré,2023,Grâce,39.0,FEMALE,0.0,9.0,1,False,"Abandon volontaire [ 19 ] , [ n 1 ]",ABANDON_VOLONTAIRE,SANTE_ABANDON,AUTRE_SORTIE,False,9,9,MANUAL_FINAL,0,1,1,1,VOLUNTARY,34-41,0,0,0,0,0,0,1,0,0,1,Profil physique,MANUAL_USER_VALIDATION,USER_VALIDATED,0,VOLUNTARY,20,9,7–9,0,0,0,0,0,1,9.0,16.0,8.0,7–9,6–10
KL26::anne-sophie,KL26,Koh-Lanta : Le Feu Sacré,2023,Anne-Sophie,35.0,FEMALE,0.0,10.0,1,False,Éliminée [ 20 ],INDETERMINE,INDETERMINE,AUTRE_SORTIE,False,10,10,MANUAL_FINAL,0,1,1,1,VOTE_CONSEIL,34-41,1,0,0,0,0,0,0,0,0,0,Profil non physique,MANUAL_USER_VALIDATION,USER_VALIDATED,1,VOTE_CONSEIL,20,10,10–12,0,0,0,0,0,1,10.0,16.0,9.0,7–9,6–10
KL26::helena,KL26,Koh-Lanta : Le Feu Sacré,2023,Helena,27.0,FEMALE,0.0,11.0,1,False,Éliminée [ 21 ],INDETERMINE,INDETERMINE,AUTRE_SORTIE,False,11,11,MANUAL_FINAL,0,1,1,1,VOTE_CONSEIL,26-33,1,0,0,0,0,0,0,0,0,1,Profil physique,MANUAL_USER_VALIDATION,USER_VALIDATED,1,VOTE_CONSEIL,20,11,10–12,0,0,0,0,0,1,11.0,16.0,10.0,10–12,6–10
KL26::gilles,KL26,Koh-Lanta : Le Feu Sacré,2023,Gilles,31.0,MALE,0.0,12.0,1,False,Éliminé [ 22 ],INDETERMINE,INDETERMINE,AUTRE_SORTIE,False,12,12,MANUAL_FINAL,1,1,1,1,VOTE_CONSEIL,26-33,1,0,0,0,0,0,0,0,0,0,Profil non physique,MANUAL_USER_VALIDATION,USER_VALIDATED,1,VOTE_CONSEIL,20,12,10–12,0,0,0,0,0,1,12.0,16.0,11.0,10–12,11–15
KL26::clémence,KL26,Koh-Lanta : Le Feu Sacré,2023,Clémence,27.0,FEMALE,0.0,13.0,1,False,Éliminée [ 23 ],INDETERMINE,INDETERMINE,AUTRE_SORTIE,False,13,13,MANUAL_FINAL,0,1,1,1,VOTE_CONSEIL,26-33,0,0,0,0,0,0,0,0,1,0,Profil non physique,MANUAL_USER_VALIDATION,USER_VALIDATED,1,VOTE_CONSEIL,20,13,13–15,0,0,0,0,0,1,13.0,16.0,12.0,10–12,11–15
KL26::esteban,KL26,Koh-Lanta : Le Feu Sacré,2023,Esteban,40.0,MALE,0.0,14.0,1,False,Éliminé [ 24 ],INDETERMINE,INDETERMINE,AUTRE_SORTIE,False,14,14,MANUAL_FINAL,1,1,1,1,VOTE_CONSEIL,34-41,1,0,0,0,0,0,0,0,0,1,Profil physique,MANUAL_USER_VALIDATION,USER_VALIDATED,1,VOTE_CONSEIL,20,14,13–15,0,0,0,0,0,1,14.0,16.0,13.0,13–15,11–15
KL26::laura,KL26,Koh-Lanta : Le Feu Sacré,2023,Laura,32.0,FEMALE,0.0,15.0,1,False,Éliminée [ 25 ],INDETERMINE,INDETERMINE,AUTRE_SORTIE,False,15,15,MANUAL_FINAL,0,1,1,1,VOTE_CONSEIL,26-33,1,0,0,0,0,0,0,0,0,0,Profil non physique,MANUAL_USER_VALIDATION,USER_VALIDATED,1,VOTE_CONSEIL,20,15,13–15,0,0,0,0,0,1,15.0,16.0,14.0,13–15,11–15
KL26::quentin,KL26,Koh-Lanta : Le Feu Sacré,2023,Quentin,26.0,MALE,0.0,16.0,1,False,Éliminé [ 26 ],INDETERMINE,INDETERMINE,AUTRE_SORTIE,False,16,16,MANUAL_FINAL,1,1,1,1,AMBASSADEURS,26-33,0,0,0,0,0,0,0,1,0,0,Profil non physique,MANUAL_USER_VALIDATION,USER_VALIDATED,0,AMBASSADEURS,20,16,16–18,0,0,0,0,0,1,16.0,16.0,15.0,13–15,11–15
KL26::julie,KL26,Koh-Lanta : Le Feu Sacré,2023,Julie,33.0,FEMALE,1.0,17.0,1,False,Éliminée [ 27 ],INDETERMINE,INDETERMINE,AUTRE_SORTIE,False,17,17,MANUAL_FINAL,0,1,1,1,FINALE_ORIENTATION,26-33,0,0,1,0,0,0,0,0,0,0,Profil non physique,MANUAL_USER_VALIDATION,USER_VALIDATED,0,FINALE_ORIENTATION,20,17,16–18,1,0,0,0,1,0,,16.0,,Phase finale atteinte,Phase finale atteinte
KL26::nicolas,KL26,Koh-Lanta : Le Feu Sacré,2023,Nicolas,43.0,MALE,0.0,18.0,1,False,Éliminé [ 28 ],INDETERMINE,INDETERMINE,AUTRE_SORTIE,False,18,18,MANUAL_FINAL,1,1,1,1,FINALE_POTEAUX,42+,0,0,0,1,0,0,0,0,0,1,Profil physique,MANUAL_USER_VALIDATION,USER_VALIDATED,0,FINALE_POTEAUX,20,18,16–18,1,1,0,0,1,0,,16.0,,Phase finale atteinte,Phase finale atteinte
KL26::tania,KL26,Koh-Lanta : Le Feu Sacré,2023,Tania,22.0,FEMALE,0.0,19.0,1,False,Finaliste [ 28 ],FINALISTE,FIN_DE_JEU,AUTRE_SORTIE,False,19,19,MANUAL_FINAL,0,1,1,1,JURY_FINAL_DECISION,18-25,0,0,0,0,0,1,0,0,0,0,Profil non physique,MANUAL_USER_VALIDATION,USER_VALIDATED,0,JURY_FINAL_DECISION,20,19,19–20,1,1,1,0,1,0,,16.0,,Phase finale atteinte,Phase finale atteinte
KL26::frédéric,KL26,Koh-Lanta : Le Feu Sacré,2023,Frédéric,33.0,MALE,0.0,20.0,0,True,Vainqueur [ 28 ],VAINQUEUR,FIN_DE_JEU,AUTRE_SORTIE,False,20,20,MANUAL_FINAL,1,1,1,1,CENSORED_WINNER,26-33,0,0,0,0,0,0,0,0,0,1,Profil physique,MANUAL_USER_VALIDATION,USER_VALIDATED,0,CENSORED_WINNER,20,20,19–20,1,1,1,1,1,0,,16.0,,Phase finale atteinte,Phase finale atteinte
"KL25::céline ""lili"" gasnier",KL25,Koh-Lanta : Le Totem Maudit,2022,"Céline ""Lili"" Gasnier",40.0,FEMALE,0.0,1.0,1,False,1st Voted Out Day 2,CONSEIL,INDETERMINE,INDETERMINE,False,1,1,MANUAL_FINAL,0,1,1,1,VOTE_CONSEIL,34-41,1,0,0,0,0,0,0,0,0,0,Profil non physique,MANUAL_USER_VALIDATION,USER_VALIDATED,1,VOTE_CONSEIL,24,1,1–3,0,0,0,0,0,1,1.0,19.0,1.0,1–3,1–5
KL25::céline dufrenoy,KL25,Koh-Lanta : Le Totem Maudit,2022,Céline Dufrenoy,41.0,FEMALE,0.0,2.0,1,False,2nd Voted Out Day 3,CONSEIL,INDETERMINE,INDETERMINE,False,2,2,MANUAL_FINAL,0,1,1,1,VOTE_CONSEIL,34-41,1,0,0,0,0,0,0,0,0,0,Profil non physique,MANUAL_USER_VALIDATION,USER_VALIDATED,1,VOTE_CONSEIL,24,1,1–3,0,0,0,0,0,1,2.0,19.0,1.0,1–3,1–5
KL25::franck macia,KL25,Koh-Lanta : Le Totem Maudit,2022,Franck Macia,52.0,MALE,1.0,3.0,1,False,Left Competition Day 4,INDETERMINE,INDETERMINE,INDETERMINE,False,3,3,MANUAL_FINAL,1,1,1,1,VOLUNTARY,42+,0,0,0,0,0,0,1,0,0,0,Profil non physique,MANUAL_USER_VALIDATION,USER_VALIDATED,0,VOLUNTARY,24,2,1–3,0,0,0,0,0,1,3.0,19.0,2.0,1–3,1–5
KL25::mattéo real,KL25,Koh-Lanta : Le Totem Maudit,2022,Mattéo Real,20.0,MALE,1.0,4.0,1,False,3rd Voted Out Day 6,CONSEIL,INDETERMINE,INDETERMINE,False,4,4,MANUAL_FINAL,1,1,1,1,VOTE_CONSEIL,18-25,1,0,0,0,0,0,0,0,0,0,Profil non physique,MANUAL_USER_VALIDATION,USER_VALIDATED,1,VOTE_CONSEIL,24,3,1–3,0,0,0,0,0,1,4.0,19.0,3.0,1–3,1–5
KL25::samira aït-brahim,KL25,Koh-Lanta : Le Totem Maudit,2022,Samira Aït-Brahim,34.0,FEMALE,1.0,5.0,1,False,4th Voted Out Day 9,CONSEIL,INDETERMINE,INDETERMINE,False,5,5,MANUAL_FINAL,0,1,1,1,VOTE_CONSEIL,34-41,1,0,0,0,0,0,0,0,0,1,Profil physique,MANUAL_USER_VALIDATION,USER_VALIDATED,1,VOTE_CONSEIL,24,4,4–6,0,0,0,0,0,1,5.0,19.0,4.0,4–6,1–5
KL25::benjamin breerette,KL25,Koh-Lanta : Le Totem Maudit,2022,Benjamin Breerette,24.0,MALE,0.0,6.0,1,False,5th Voted Out Day 11,CONSEIL,INDETERMINE,INDETERMINE,False,6,6,MANUAL_FINAL,1,1,1,1,VOTE_CONSEIL,18-25,1,0,0,0,0,0,0,0,0,0,Profil non physique,MANUAL_USER_VALIDATION,USER_VALIDATED,1,VOTE_CONSEIL,24,5,4–6,0,0,0,0,0,1,6.0,19.0,4.0,4–6,1–5
KL25::stéphanie tribot,KL25,Koh-Lanta : Le Totem Maudit,2022,Stéphanie Tribot,35.0,FEMALE,0.0,7.0,1,False,7th Voted Out Day 17,CONSEIL,INDETERMINE,INDETERMINE,True,7,7,MANUAL_FINAL,0,1,1,1,VOTE_CONSEIL,34-41,1,0,0,0,0,0,0,0,0,0,Profil non physique,MANUAL_USER_VALIDATION,USER_VALIDATED,1,VOTE_CONSEIL,24,5,4–6,0,0,0,0,0,1,7.0,19.0,5.0,4–6,1–5
KL25::jean-philippe masy,KL25,Koh-Lanta : Le Totem Maudit,2022,Jean-Philippe Masy,36.0,MALE,0.0,8.0,1,False,Medically Evacuated Day 16,ABANDON_MEDICAL,INDETERMINE,AUTRE_SORTIE,False,8,8,MANUAL_FINAL,1,1,1,1,MEDICAL,34-41,0,1,0,0,0,0,0,0,0,0,Profil non physique,MANUAL_USER_VALIDATION,USER_VALIDATED,0,MEDICAL,24,6,4–6,0,0,0,0,0,1,8.0,19.0,6.0,4–6,6–10
KL25::alexandra élizé,KL25,Koh-Lanta : Le Totem Maudit,2022,Alexandra Élizé,35.0,FEMALE,0.0,9.0,1,False,8th Voted Out Day 20,CONSEIL,INDETERMINE,INDETERMINE,False,9,9,MANUAL_FINAL,0,1,1,1,VOTE_CONSEIL,34-41,1,0,0,0,0,0,0,0,0,0,Profil non physique,MANUAL_USER_VALIDATION,USER_VALIDATED,1,VOTE_CONSEIL,24,7,7–9,0,0,0,0,0,1,9.0,19.0,7.0,7–9,6–10
KL25::setha el hajjami,KL25,Koh-Lanta : Le Totem Maudit,2022,Setha El Hajjami,35.0,FEMALE,0.0,10.0,1,False,9th Voted Out Day 22,CONSEIL,INDETERMINE,INDETERMINE,False,10,10,MANUAL_FINAL,0,1,1,1,AMBASSADEURS,34-41,0,0,0,0,0,0,0,1,0,0,Profil non physique,MANUAL_USER_VALIDATION,USER_VALIDATED,0,AMBASSADEURS,24,8,7–9,0,0,0,0,0,1,10.0,19.0,8.0,7–9,6–10
KL25::colin mottas,KL25,Koh-Lanta : Le Totem Maudit,2022,Colin Mottas,25.0,MALE,0.0,11.0,1,False,10th Voted Out 1st Jury Member Day 23,CONSEIL,INDETERMINE,INDETERMINE,False,11,11,MANUAL_FINAL,1,1,1,1,VOTE_CONSEIL,18-25,1,0,0,0,0,0,0,0,0,1,Profil physique,MANUAL_USER_VALIDATION,USER_VALIDATED,1,VOTE_CONSEIL,24,9,7–9,0,0,0,0,0,1,11.0,19.0,8.0,7–9,6–10
KL25::pauline pourchaire,KL25,Koh-Lanta : Le Totem Maudit,2022,Pauline Pourchaire,24.0,FEMALE,0.0,12.0,1,False,Eliminated 2nd Jury Member Day 25,INDETERMINE,INDETERMINE,INDETERMINE,False,12,12,MANUAL_FINAL,0,1,1,1,ELIMINATION_CHALLENGE,18-25,0,0,0,0,1,0,0,0,0,0,Profil non physique,MANUAL_USER_VALIDATION,USER_VALIDATED,0,ELIMINATION_CHALLENGE,24,10,10–12,0,0,0,0,0,1,12.0,19.0,9.0,7–9,6–10
KL25::yannick zachée,KL25,Koh-Lanta : Le Totem Maudit,2022,Yannick Zachée,34.0,MALE,1.0,13.0,1,False,11th Voted Out 3rd Jury Member Day 25,CONSEIL,INDETERMINE,INDETERMINE,False,13,13,MANUAL_FINAL,1,1,1,1,VOTE_CONSEIL,34-41,1,0,0,0,0,0,0,0,0,1,Profil physique,MANUAL_USER_VALIDATION,USER_VALIDATED,1,VOTE_CONSEIL,24,10,10–12,0,0,0,0,0,1,13.0,19.0,10.0,10–12,6–10
KL25::anne-sophie mounier,KL25,Koh-Lanta : Le Totem Maudit,2022,Anne-Sophie Mounier,34.0,FEMALE,1.0,14.0,1,False,12th Voted Out 4th Jury Member Day 28,CONSEIL,INDETERMINE,INDETERMINE,False,14,14,MANUAL_FINAL,0,1,1,1,VOTE_CONSEIL,34-41,1,0,0,0,0,0,0,0,0,1,Profil physique,MANUAL_USER_VALIDATION,USER_VALIDATED,1,VOTE_CONSEIL,24,11,10–12,0,0,0,0,0,1,14.0,19.0,11.0,10–12,11–15
KL25::maxime tournoux,KL25,Koh-Lanta : Le Totem Maudit,2022,Maxime Tournoux,33.0,MALE,0.0,15.0,1,False,13th Voted Out 5th Jury Member Day 31,CONSEIL,INDETERMINE,INDETERMINE,False,15,15,MANUAL_FINAL,1,1,1,1,VOTE_CONSEIL,26-33,1,0,0,0,0,0,0,0,0,1,Profil physique,MANUAL_USER_VALIDATION,USER_VALIDATED,1,VOTE_CONSEIL,24,12,10–12,0,0,0,0,0,1,15.0,19.0,11.0,10–12,11–15
KL25::louana roy,KL25,Koh-Lanta : Le Totem Maudit,2022,Louana Roy,28.0,FEMALE,0.0,16.0,1,False,Eliminated 6th Jury Member Day 31,INDETERMINE,INDETERMINE,INDETERMINE,False,16,16,MANUAL_FINAL,0,1,1,1,VOTE_CONSEIL,26-33,0,0,0,0,0,0,0,0,1,0,Profil non physique,MANUAL_USER_VALIDATION,USER_VALIDATED,1,VOTE_CONSEIL,24,13,13–15,0,0,0,0,0,1,16.0,19.0,12.0,10–12,11–15
KL25::fouzi ould bouamama,KL25,Koh-Lanta : Le Totem Maudit,2022,Fouzi Ould Bouamama,28.0,MALE,0.0,17.0,1,False,Eliminated 7th Jury Member Day 33,INDETERMINE,INDETERMINE,INDETERMINE,False,17,17,MANUAL_FINAL,1,1,1,1,ELIMINATION_CHALLENGE,26-33,0,0,0,0,1,0,0,0,0,1,Profil physique,MANUAL_USER_VALIDATION,USER_VALIDATED,0,ELIMINATION_CHALLENGE,24,14,13–15,0,0,0,0,0,1,17.0,19.0,13.0,13–15,11–15
KL25::nicolas bellon,KL25,Koh-Lanta : Le Totem Maudit,2022,Nicolas Bellon,39.0,MALE,0.0,18.0,1,False,14th Voted Out 8th Jury Member Day 34,CONSEIL,INDETERMINE,INDETERMINE,False,18,18,MANUAL_FINAL,1,1,1,1,VOTE_CONSEIL,34-41,1,0,0,0,0,0,0,0,0,1,Profil physique,MANUAL_USER_VALIDATION,USER_VALIDATED,1,VOTE_CONSEIL,24,15,13–15,0,0,0,0,0,1,18.0,19.0,14.0,13–15,11–15
KL25::olga khokhlova,KL25,Koh-Lanta : Le Totem Maudit,2022,Olga Khokhlova,35.0,FEMALE,1.0,19.0,1,False,15th Voted Out 9th Jury Member Day 37,CONSEIL,INDETERMINE,INDETERMINE,False,19,19,MANUAL_FINAL,0,1,1,1,VOTE_CONSEIL,34-41,1,0,0,0,0,0,0,0,0,0,Profil non physique,MANUAL_USER_VALIDATION,USER_VALIDATED,1,VOTE_CONSEIL,24,15,13–15,0,0,0,0,0,1,19.0,19.0,15.0,13–15,11–15
KL25::ambre daudet,KL25,Koh-Lanta : Le Totem Maudit,2022,Ambre Daudet,27.0,FEMALE,0.0,20.0,1,False,Eliminated 10th Jury Member Day 38,INDETERMINE,INDETERMINE,INDETERMINE,False,20,20,MANUAL_FINAL,0,1,1,1,FINALE_ORIENTATION,26-33,0,0,1,0,0,0,0,0,0,0,Profil non physique,MANUAL_USER_VALIDATION,USER_VALIDATED,0,FINALE_ORIENTATION,24,16,16–18,1,0,0,0,1,0,,19.0,,Phase finale atteinte,Phase finale atteinte
KL25::jean-charles chatelus,KL25,Koh-Lanta : Le Totem Maudit,2022,Jean-Charles Chatelus,40.0,MALE,0.0,21.0,1,False,16th Voted Out 11th Jury Member Day 39,CONSEIL,INDETERMINE,INDETERMINE,False,21,21,MANUAL_FINAL,1,1,1,1,FINALE_POTEAUX,34-41,0,0,0,1,0,0,0,0,0,0,Profil non physique,MANUAL_USER_VALIDATION,USER_VALIDATED,0,FINALE_POTEAUX,24,17,16–18,1,1,0,0,1,0,,19.0,,Phase finale atteinte,Phase finale atteinte
KL25::géraldine nicolle,KL25,Koh-Lanta : Le Totem Maudit,2022,Géraldine Nicolle,47.0,FEMALE,0.0,22.0,1,False,Runner-Up Day 39,FINALISTE,FIN_DE_JEU,AUTRE_SORTIE,False,22,22,MANUAL_FINAL,0,1,1,1,JURY_FINAL_DECISION,42+,0,0,0,0,0,1,0,0,0,0,Profil non physique,MANUAL_USER_VALIDATION,USER_VALIDATED,0,JURY_FINAL_DECISION,24,18,16–18,1,1,1,0,1,0,,19.0,,Phase finale atteinte,Phase finale atteinte
KL25::bastien san pedro,KL25,Koh-Lanta : Le Totem Maudit,2022,Bastien San Pedro,32.0,MALE,0.0,23.0,0,True,Dual Survivors Day 39,CO_VAINQUEUR,FIN_DE_JEU,AUTRE_SORTIE,False,23,23,MANUAL_FINAL,1,1,1,1,CENSORED_WINNER,26-33,0,0,0,0,0,0,0,0,0,0,Profil non physique,MANUAL_USER_VALIDATION,USER_VALIDATED,0,CENSORED_WINNER,24,19,19–20,1,1,1,1,1,0,,19.0,,Phase finale atteinte,Phase finale atteinte
KL25::françois descamp,KL25,Koh-Lanta : Le Totem Maudit,2022,François Descamp,38.0,MALE,1.0,24.0,0,True,Cadlao,CO_VAINQUEUR,FIN_DE_JEU,AUTRE_SORTIE,False,24,24,MANUAL_FINAL,1,1,1,1,CENSORED_WINNER,34-41,0,0,0,0,0,0,0,0,0,1,Profil physique,MANUAL_USER_VALIDATION,USER_VALIDATED,0,CENSORED_WINNER,24,20,19–20,1,1,1,1,1,0,,19.0,,Phase finale atteinte,Phase finale atteinte
KL32::françois,KL32,Koh-Lanta : Les 4 Terres,2020,François,47.0,MALE,0.0,1.0,1,False,"Abandon médical [ 17 ] [source secondaire souhaitée] , [ 18 ] [source secondaire souhaitée] , [ 19 ] [source secondaire souhaitée] , [ 20 ]",ABANDON_MEDICAL,INDETERMINE,AUTRE_SORTIE,False,1,1,MANUAL_FINAL,1,1,1,1,MEDICAL,42+,0,1,0,0,0,0,0,0,0,0,Profil non physique,MANUAL_USER_VALIDATION,USER_VALIDATED,0,MEDICAL,24,1,1–3,0,0,0,0,0,1,1.0,19.0,1.0,1–3,1–5
KL32::carole,KL32,Koh-Lanta : Les 4 Terres,2020,Carole,52.0,FEMALE,0.0,2.0,1,False,"Éliminée [ 21 ] [source secondaire souhaitée] , [ 22 ] [source secondaire souhaitée] , [ 23 ] [source secondaire souhaitée] , [ 20 ]",INDETERMINE,INDETERMINE,INDETERMINE,False,2,2,MANUAL_FINAL,0,1,1,1,VOTE_CONSEIL,42+,1,0,0,0,0,0,0,0,0,0,Profil non physique,MANUAL_USER_VALIDATION,USER_VALIDATED,1,VOTE_CONSEIL,24,1,1–3,0,0,0,0,0,1,2.0,19.0,1.0,1–3,1–5
KL32::samuel,KL32,Koh-Lanta : Les 4 Terres,2020,Samuel,39.0,MALE,0.0,3.0,1,False,"Abandon médical [ 24 ] [source secondaire souhaitée] , [ 25 ] [source secondaire souhaitée] , [ 26 ] [source secondaire souhaitée]",ABANDON_MEDICAL,INDETERMINE,AUTRE_SORTIE,False,3,3,MANUAL_FINAL,1,1,1,1,MEDICAL,34-41,0,1,0,0,0,0,0,0,0,0,Profil non physique,MANUAL_USER_VALIDATION,USER_VALIDATED,0,MEDICAL,24,2,1–3,0,0,0,0,0,1,3.0,19.0,2.0,1–3,1–5
KL32::diane,KL32,Koh-Lanta : Les 4 Terres,2020,Diane,25.0,FEMALE,0.0,4.0,1,False,"Éliminée [ 27 ] [source secondaire souhaitée] , [ 28 ] [source secondaire souhaitée] , [ 29 ] [source secondaire souhaitée] , [ 30 ]",INDETERMINE,INDETERMINE,INDETERMINE,False,4,4,MANUAL_FINAL,0,1,1,1,VOTE_CONSEIL,18-25,1,0,0,0,0,0,0,0,0,0,Profil non physique,MANUAL_USER_VALIDATION,USER_VALIDATED,1,VOTE_CONSEIL,24,3,1–3,0,0,0,0,0,1,4.0,19.0,3.0,1–3,1–5
KL32::estelle,KL32,Koh-Lanta : Les 4 Terres,2020,Estelle,47.0,FEMALE,0.0,5.0,1,False,"Éliminée [ 31 ] [source secondaire souhaitée] , [ 32 ] [source secondaire souhaitée] , [ 33 ] [source secondaire souhaitée] , [ 30 ]",INDETERMINE,INDETERMINE,INDETERMINE,False,5,5,MANUAL_FINAL,0,1,1,1,VOTE_CONSEIL,42+,1,0,0,0,0,0,0,0,0,0,Profil non physique,MANUAL_USER_VALIDATION,USER_VALIDATED,1,VOTE_CONSEIL,24,4,4–6,0,0,0,0,0,1,5.0,19.0,4.0,4–6,1–5
KL32::mathieu,KL32,Koh-Lanta : Les 4 Terres,2020,Mathieu,31.0,MALE,1.0,6.0,1,False,"Éliminé [ 34 ] [source secondaire souhaitée] , [ 35 ] [source secondaire souhaitée] , [ 36 ] [source secondaire souhaitée] , [ 37 ] [source secondaire souhaitée]",INDETERMINE,INDETERMINE,INDETERMINE,False,6,6,MANUAL_FINAL,1,1,1,1,VOTE_CONSEIL,26-33,1,0,0,0,0,0,0,0,0,1,Profil physique,MANUAL_USER_VALIDATION,USER_VALIDATED,1,VOTE_CONSEIL,24,5,4–6,0,0,0,0,0,1,6.0,19.0,4.0,4–6,1–5
KL32::adrien,KL32,Koh-Lanta : Les 4 Terres,2020,Adrien,30.0,MALE,0.0,7.0,1,False,"Éliminé [ 38 ] [source secondaire souhaitée] , [ 39 ] [source secondaire souhaitée] , [ 40 ] [source secondaire souhaitée] , [ 41 ]",INDETERMINE,INDETERMINE,INDETERMINE,False,7,7,MANUAL_FINAL,1,1,1,1,VOTE_CONSEIL,26-33,1,0,0,0,0,0,0,0,0,0,Profil non physique,MANUAL_USER_VALIDATION,USER_VALIDATED,1,VOTE_CONSEIL,24,5,4–6,0,0,0,0,0,1,7.0,19.0,5.0,4–6,1–5
KL32::aubin,KL32,Koh-Lanta : Les 4 Terres,2020,Aubin,23.0,MALE,0.0,8.0,1,False,"Éliminé [ 42 ] [source secondaire souhaitée] , [ 43 ] [source secondaire souhaitée] , [ 44 ] [source secondaire souhaitée] , [ 45 ] [source secondaire souhaitée]",INDETERMINE,INDETERMINE,INDETERMINE,False,8,8,MANUAL_FINAL,1,1,1,1,VOTE_CONSEIL,18-25,1,0,0,0,0,0,0,0,0,0,Profil non physique,MANUAL_USER_VALIDATION,USER_VALIDATED,1,VOTE_CONSEIL,24,6,4–6,0,0,0,0,0,1,8.0,19.0,6.0,4–6,6–10
KL32::sébastien,KL32,Koh-Lanta : Les 4 Terres,2020,Sébastien,37.0,MALE,0.0,9.0,1,False,"Éliminé [ 46 ] [source secondaire souhaitée] , [ 47 ] [source secondaire souhaitée] , [ 48 ] [source secondaire souhaitée] , [ 49 ] [source secondaire souhaitée]",INDETERMINE,INDETERMINE,INDETERMINE,False,9,9,MANUAL_FINAL,1,1,1,1,VOTE_CONSEIL,34-41,1,0,0,0,0,0,0,0,0,0,Profil non physique,MANUAL_USER_VALIDATION,USER_VALIDATED,1,VOTE_CONSEIL,24,7,7–9,0,0,0,0,0,1,9.0,19.0,7.0,7–9,6–10
KL32::marie-france,KL32,Koh-Lanta : Les 4 Terres,2020,Marie-France,49.0,FEMALE,0.0,10.0,1,False,"Éliminée [ 50 ] [source secondaire souhaitée] , [ 51 ] [source secondaire souhaitée] , [ 52 ] [source secondaire souhaitée]",INDETERMINE,INDETERMINE,INDETERMINE,False,10,10,MANUAL_FINAL,0,1,1,1,VOTE_CONSEIL,42+,1,0,0,0,0,0,0,0,0,0,Profil non physique,MANUAL_USER_VALIDATION,USER_VALIDATED,1,VOTE_CONSEIL,24,8,7–9,0,0,0,0,0,1,10.0,19.0,8.0,7–9,6–10
KL32::hadja,KL32,Koh-Lanta : Les 4 Terres,2020,Hadja,28.0,FEMALE,1.0,11.0,1,False,"Éliminée [ 53 ] [source secondaire souhaitée] , [ 54 ] [source secondaire souhaitée] , [ 55 ] [source secondaire souhaitée] , [ 56 ] [source secondaire souhaitée]",INDETERMINE,INDETERMINE,INDETERMINE,False,11,11,MANUAL_FINAL,0,1,1,1,VOTE_CONSEIL,26-33,1,0,0,0,0,0,0,0,0,1,Profil physique,MANUAL_USER_VALIDATION,USER_VALIDATED,1,VOTE_CONSEIL,24,9,7–9,0,0,0,0,0,1,11.0,19.0,8.0,7–9,6–10
KL32::bertrand-kamal († décédé avant la finale),KL32,Koh-Lanta : Les 4 Terres,2020,Bertrand-Kamal († décédé avant la finale),30.0,MALE,1.0,12.0,1,False,"Éliminé [ 57 ] , [ 58 ] , [ 59 ] , [ 60 ]",INDETERMINE,INDETERMINE,INDETERMINE,False,12,12,MANUAL_FINAL,1,1,1,1,ELIMINATION_CHALLENGE,26-33,0,0,0,0,1,0,0,0,0,1,Profil physique,MANUAL_USER_VALIDATION,USER_VALIDATED,0,ELIMINATION_CHALLENGE,24,10,10–12,0,0,0,0,0,1,12.0,19.0,9.0,7–9,6–10
KL32::joaquina,KL32,Koh-Lanta : Les 4 Terres,2020,Joaquina,38.0,FEMALE,0.0,13.0,1,False,"Éliminée [ 61 ] [source secondaire souhaitée] , [ 62 ] [source secondaire souhaitée] , [ 63 ] [source secondaire souhaitée] , [ 64 ]",INDETERMINE,INDETERMINE,INDETERMINE,False,13,13,MANUAL_FINAL,0,1,1,1,VOTE_CONSEIL,34-41,1,0,0,0,0,0,0,0,0,0,Profil non physique,MANUAL_USER_VALIDATION,USER_VALIDATED,1,VOTE_CONSEIL,24,10,10–12,0,0,0,0,0,1,13.0,19.0,10.0,10–12,6–10
KL32::jody,KL32,Koh-Lanta : Les 4 Terres,2020,Jody,32.0,FEMALE,0.0,14.0,1,False,"Éliminée [ 65 ] [source secondaire souhaitée] , [ 66 ] [source secondaire souhaitée] , [ 67 ] [source secondaire souhaitée] , [ 68 ] [source secondaire souhaitée]",INDETERMINE,INDETERMINE,INDETERMINE,False,14,14,MANUAL_FINAL,0,1,1,1,VOTE_CONSEIL,26-33,1,0,0,0,0,0,0,0,0,0,Profil non physique,MANUAL_USER_VALIDATION,USER_VALIDATED,1,VOTE_CONSEIL,24,11,10–12,0,0,0,0,0,1,14.0,19.0,11.0,10–12,11–15
KL32::laurent,KL32,Koh-Lanta : Les 4 Terres,2020,Laurent,48.0,MALE,0.0,15.0,1,False,"Éliminé [ 69 ] [source secondaire souhaitée] , [ 70 ] [source secondaire souhaitée] , [ 71 ] [source secondaire souhaitée] , [ 72 ] [source secondaire souhaitée]",INDETERMINE,INDETERMINE,INDETERMINE,False,15,15,MANUAL_FINAL,1,1,1,1,VOTE_CONSEIL,42+,1,0,0,0,0,0,0,0,0,0,Profil non physique,MANUAL_USER_VALIDATION,USER_VALIDATED,1,VOTE_CONSEIL,24,12,10–12,0,0,0,0,0,1,15.0,19.0,11.0,10–12,11–15
KL32::alix,KL32,Koh-Lanta : Les 4 Terres,2020,Alix,28.0,FEMALE,1.0,16.0,1,False,"Éliminée [ 73 ] [source secondaire souhaitée] , [ 74 ] [source secondaire souhaitée] , [ 75 ] [source secondaire souhaitée] , [ 76 ] [source secondaire souhaitée]",INDETERMINE,INDETERMINE,INDETERMINE,False,16,16,MANUAL_FINAL,0,1,1,1,VOTE_CONSEIL,26-33,0,0,0,0,0,0,0,0,1,1,Profil physique,MANUAL_USER_VALIDATION,USER_VALIDATED,1,VOTE_CONSEIL,24,13,13–15,0,0,0,0,0,1,16.0,19.0,12.0,10–12,11–15
KL32::fabrice,KL32,Koh-Lanta : Les 4 Terres,2020,Fabrice,54.0,MALE,0.0,17.0,1,False,"Éliminé [ 77 ] [source secondaire souhaitée] , [ 78 ] [source secondaire souhaitée] , [ 79 ] [source secondaire souhaitée] , [ 80 ] [source secondaire souhaitée]",INDETERMINE,INDETERMINE,INDETERMINE,False,17,17,MANUAL_FINAL,1,1,1,1,ELIMINATION_CHALLENGE,42+,0,0,0,0,1,0,0,0,0,0,Profil non physique,MANUAL_USER_VALIDATION,USER_VALIDATED,0,ELIMINATION_CHALLENGE,24,14,13–15,0,0,0,0,0,1,17.0,19.0,13.0,13–15,11–15
KL32::ava,KL32,Koh-Lanta : Les 4 Terres,2020,Ava,26.0,FEMALE,0.0,18.0,1,False,"Éliminée [ 81 ] [source secondaire souhaitée] , [ 82 ] [source secondaire souhaitée] , [ 83 ] [source secondaire souhaitée] , [ 84 ] [source secondaire souhaitée]",INDETERMINE,INDETERMINE,INDETERMINE,False,18,18,MANUAL_FINAL,0,1,1,1,VOTE_CONSEIL,26-33,1,0,0,0,0,0,0,0,0,0,Profil non physique,MANUAL_USER_VALIDATION,USER_VALIDATED,1,VOTE_CONSEIL,24,15,13–15,0,0,0,0,0,1,18.0,19.0,14.0,13–15,11–15
KL32::angélique,KL32,Koh-Lanta : Les 4 Terres,2020,Angélique,26.0,FEMALE,0.0,19.0,1,False,"Éliminée [ 85 ] [source secondaire souhaitée] , [ 86 ] [source secondaire souhaitée] , [ 87 ] [source secondaire souhaitée] , [ 88 ] [source secondaire souhaitée]",INDETERMINE,INDETERMINE,INDETERMINE,False,19,19,MANUAL_FINAL,0,1,1,1,VOTE_CONSEIL,26-33,1,0,0,0,0,0,0,0,0,0,Profil non physique,MANUAL_USER_VALIDATION,USER_VALIDATED,1,VOTE_CONSEIL,24,15,13–15,0,0,0,0,0,1,19.0,19.0,15.0,13–15,11–15
KL32::dorian,KL32,Koh-Lanta : Les 4 Terres,2020,Dorian,30.0,MALE,1.0,20.0,1,False,"Éliminé [ 89 ] [source secondaire souhaitée] , [ 90 ] [source secondaire souhaitée] , [ 91 ] [source secondaire souhaitée] , [ 92 ] [source secondaire souhaitée]",INDETERMINE,INDETERMINE,INDETERMINE,False,20,20,MANUAL_FINAL,1,1,1,1,FINALE_ORIENTATION,26-33,0,0,1,0,0,0,0,0,0,1,Profil physique,MANUAL_USER_VALIDATION,USER_VALIDATED,0,FINALE_ORIENTATION,24,16,16–18,1,0,0,0,1,0,,19.0,,Phase finale atteinte,Phase finale atteinte
KL32::lola,KL32,Koh-Lanta : Les 4 Terres,2020,Lola,23.0,FEMALE,0.0,21.0,1,False,"Éliminée [ 93 ] [source secondaire souhaitée] , [ 94 ] [source secondaire souhaitée] , [ 95 ] [source secondaire souhaitée] , [ 96 ] [source secondaire souhaitée]",INDETERMINE,INDETERMINE,INDETERMINE,False,21,21,MANUAL_FINAL,0,1,1,1,FINALE_ORIENTATION,18-25,0,0,1,0,0,0,0,0,0,0,Profil non physique,MANUAL_USER_VALIDATION,USER_VALIDATED,0,FINALE_ORIENTATION,24,17,16–18,1,0,0,0,1,0,,19.0,,Phase finale atteinte,Phase finale atteinte
KL32::loïc,KL32,Koh-Lanta : Les 4 Terres,2020,Loïc,20.0,MALE,1.0,22.0,1,False,"Éliminé [ 97 ] [source secondaire souhaitée] , [ 98 ] [source secondaire souhaitée] , [ 99 ] [source secondaire souhaitée] , [ 100 ] [source secondaire souhaitée]",INDETERMINE,INDETERMINE,INDETERMINE,False,22,22,MANUAL_FINAL,1,1,1,1,FINALE_POTEAUX,18-25,0,0,0,1,0,0,0,0,0,1,Profil physique,MANUAL_USER_VALIDATION,USER_VALIDATED,0,FINALE_POTEAUX,24,18,16–18,1,1,0,0,1,0,,19.0,,Phase finale atteinte,Phase finale atteinte
KL32::brice,KL32,Koh-Lanta : Les 4 Terres,2020,Brice,22.0,MALE,0.0,23.0,1,False,"Finaliste [ 101 ] [source secondaire souhaitée] , [ 102 ] [source secondaire souhaitée] , [ 103 ] [source secondaire souhaitée]",FINALISTE,FIN_DE_JEU,AUTRE_SORTIE,False,23,23,MANUAL_FINAL,1,1,1,1,JURY_FINAL_DECISION,18-25,0,0,0,0,0,1,0,0,0,0,Profil non physique,MANUAL_USER_VALIDATION,USER_VALIDATED,0,JURY_FINAL_DECISION,24,19,19–20,1,1,1,0,1,0,,19.0,,Phase finale atteinte,Phase finale atteinte
KL32::alexandra,KL32,Koh-Lanta : Les 4 Terres,2020,Alexandra,32.0,FEMALE,0.0,24.0,0,True,"Vainqueur [ 104 ] [source secondaire souhaitée] , [ 105 ] [source secondaire souhaitée] , [ 106 ] [source secondaire souhaitée] , [ 107 ] [source secondaire souhaitée]",VAINQUEUR,FIN_DE_JEU,AUTRE_SORTIE,False,24,24,MANUAL_FINAL,0,1,1,1,CENSORED_WINNER,26-33,0,0,0,0,0,0,0,0,0,0,Profil non physique,MANUAL_USER_VALIDATION,USER_VALIDATED,0,CENSORED_WINNER,24,20,19–20,1,1,1,1,1,0,,19.0,,Phase finale atteinte,Phase finale atteinte
KL33::sylviane,KL33,Koh-Lanta : Les Armes secrètes,2021,Sylviane,44.0,FEMALE,1.0,1.0,1,False,"Éliminée [ 17 ] , [ 18 ] , [ 19 ] , [ 20 ]",INDETERMINE,INDETERMINE,AUTRE_SORTIE,False,1,1,MANUAL_FINAL,0,1,1,1,VOTE_CONSEIL,42+,1,0,0,0,0,0,0,0,0,0,Profil non physique,MANUAL_USER_VALIDATION,USER_VALIDATED,1,VOTE_CONSEIL,21,1,1–3,0,0,0,0,0,1,1.0,16.0,1.0,1–3,1–5
KL33::marie,KL33,Koh-Lanta : Les Armes secrètes,2021,Marie,25.0,FEMALE,0.0,2.0,1,False,"Éliminée [ 21 ] , [ 22 ] , [ 23 ] , [ 24 ] , [ 25 ]",INDETERMINE,INDETERMINE,AUTRE_SORTIE,False,2,2,MANUAL_FINAL,0,1,1,1,VOTE_CONSEIL,18-25,1,0,0,0,0,0,0,0,0,0,Profil non physique,MANUAL_USER_VALIDATION,USER_VALIDATED,1,VOTE_CONSEIL,21,1,1–3,0,0,0,0,0,1,2.0,16.0,1.0,1–3,1–5
KL33::élodie,KL33,Koh-Lanta : Les Armes secrètes,2021,Élodie,35.0,FEMALE,0.0,3.0,1,False,"Éliminée [ 26 ] , [ 27 ] , [ 28 ] , [ 29 ] , [ 30 ]",INDETERMINE,INDETERMINE,AUTRE_SORTIE,False,3,3,MANUAL_FINAL,0,1,1,1,VOTE_CONSEIL,34-41,1,0,0,0,0,0,0,0,0,0,Profil non physique,MANUAL_USER_VALIDATION,USER_VALIDATED,1,VOTE_CONSEIL,21,2,1–3,0,0,0,0,0,1,3.0,16.0,2.0,1–3,1–5
KL33::candice,KL33,Koh-Lanta : Les Armes secrètes,2021,Candice,25.0,FEMALE,0.0,4.0,1,False,"Éliminée [ 31 ] , [ 32 ] , [ 33 ] , [ 34 ] , [ 35 ]",INDETERMINE,INDETERMINE,AUTRE_SORTIE,False,4,4,MANUAL_FINAL,0,1,1,1,VOTE_CONSEIL,18-25,1,0,0,0,0,0,0,0,0,0,Profil non physique,MANUAL_USER_VALIDATION,USER_VALIDATED,1,VOTE_CONSEIL,21,3,1–3,0,0,0,0,0,1,4.0,16.0,3.0,1–3,1–5
KL33::gabin,KL33,Koh-Lanta : Les Armes secrètes,2021,Gabin,27.0,MALE,0.0,5.0,1,False,"Abandon médical [ 36 ] , [ 37 ] , [ 38 ] , [ 39 ] , [ 40 ]",ABANDON_MEDICAL,SANTE_ABANDON,AUTRE_SORTIE,False,5,5,MANUAL_FINAL,1,1,1,1,MEDICAL,26-33,0,1,0,0,0,0,0,0,0,1,Profil physique,MANUAL_USER_VALIDATION,USER_VALIDATED,0,MEDICAL,21,4,4–6,0,0,0,0,0,1,5.0,16.0,4.0,4–6,1–5
KL33::aurélien,KL33,Koh-Lanta : Les Armes secrètes,2021,Aurélien,34.0,MALE,0.0,6.0,1,False,"Éliminé [ 41 ] , [ 42 ] , [ 43 ] , [ 44 ] , [ 45 ]",INDETERMINE,INDETERMINE,AUTRE_SORTIE,False,6,6,MANUAL_FINAL,1,1,1,1,VOTE_CONSEIL,34-41,1,0,0,0,0,0,0,0,0,1,Profil physique,MANUAL_USER_VALIDATION,USER_VALIDATED,1,VOTE_CONSEIL,21,5,4–6,0,0,0,0,0,1,6.0,16.0,5.0,4–6,1–5
KL33::frédéric,KL33,Koh-Lanta : Les Armes secrètes,2021,Frédéric,48.0,MALE,0.0,7.0,1,False,"Éliminé [ 46 ] , [ 47 ] , [ 48 ] , [ 49 ] , [ 50 ]",INDETERMINE,INDETERMINE,AUTRE_SORTIE,False,7,7,MANUAL_FINAL,1,1,1,1,AMBASSADEURS,42+,0,0,0,0,0,0,0,1,0,0,Profil non physique,MANUAL_USER_VALIDATION,USER_VALIDATED,0,AMBASSADEURS,21,6,4–6,0,0,0,0,0,1,7.0,16.0,6.0,4–6,6–10
KL33::hervé,KL33,Koh-Lanta : Les Armes secrètes,2021,Hervé,44.0,MALE,0.0,8.0,1,False,"Éliminé [ 51 ] , [ 52 ] , [ 53 ] , [ 54 ] , [ 55 ]",INDETERMINE,INDETERMINE,AUTRE_SORTIE,False,8,8,MANUAL_FINAL,1,1,1,1,VOTE_CONSEIL,42+,1,0,0,0,0,0,0,0,0,0,Profil non physique,MANUAL_USER_VALIDATION,USER_VALIDATED,1,VOTE_CONSEIL,21,7,7–9,0,0,0,0,0,1,8.0,16.0,7.0,7–9,6–10
KL33::mathieu,KL33,Koh-Lanta : Les Armes secrètes,2021,Mathieu,29.0,MALE,0.0,9.0,1,False,"Éliminé [ 56 ] , [ 57 ] , [ 58 ] , [ 59 ] , [ 60 ]",INDETERMINE,INDETERMINE,AUTRE_SORTIE,False,9,9,MANUAL_FINAL,1,1,1,1,ELIMINATION_CHALLENGE,26-33,0,0,0,0,1,0,0,0,0,0,Profil non physique,MANUAL_USER_VALIDATION,USER_VALIDATED,0,ELIMINATION_CHALLENGE,21,8,7–9,0,0,0,0,0,1,9.0,16.0,8.0,7–9,6–10
KL33::shanice,KL33,Koh-Lanta : Les Armes secrètes,2021,Shanice,26.0,FEMALE,0.0,10.0,1,False,"Éliminée [ 61 ] , [ 62 ] , [ 63 ] , [ 64 ] , [ 65 ]",INDETERMINE,INDETERMINE,AUTRE_SORTIE,False,10,10,MANUAL_FINAL,0,1,1,1,VOTE_CONSEIL,26-33,1,0,0,0,0,0,0,0,0,0,Profil non physique,MANUAL_USER_VALIDATION,USER_VALIDATED,1,VOTE_CONSEIL,21,9,7–9,0,0,0,0,0,1,10.0,16.0,9.0,7–9,6–10
KL33::myriam,KL33,Koh-Lanta : Les Armes secrètes,2021,Myriam,36.0,FEMALE,0.0,11.0,1,False,"Éliminée [ 66 ] , [ 67 ] , [ 68 ] , [ 69 ]",INDETERMINE,INDETERMINE,AUTRE_SORTIE,False,11,11,MANUAL_FINAL,0,1,1,1,VOTE_CONSEIL,34-41,1,0,0,0,0,0,0,0,0,0,Profil non physique,MANUAL_USER_VALIDATION,USER_VALIDATED,1,VOTE_CONSEIL,21,10,10–12,0,0,0,0,0,1,11.0,16.0,10.0,10–12,6–10
KL33::vincent,KL33,Koh-Lanta : Les Armes secrètes,2021,Vincent,28.0,MALE,0.0,12.0,1,False,"Éliminé [ 70 ] , [ 71 ] , [ 72 ] , [ 73 ] , [ 74 ]",INDETERMINE,INDETERMINE,AUTRE_SORTIE,False,12,12,MANUAL_FINAL,1,1,1,1,VOTE_CONSEIL,26-33,1,0,0,0,0,0,0,0,0,0,Profil non physique,MANUAL_USER_VALIDATION,USER_VALIDATED,1,VOTE_CONSEIL,21,11,10–12,0,0,0,0,0,1,12.0,16.0,11.0,10–12,11–15
KL33::laëtitia,KL33,Koh-Lanta : Les Armes secrètes,2021,Laëtitia,37.0,FEMALE,0.0,13.0,1,False,"Éliminée [ 75 ] , [ 76 ] , [ 77 ] , [ 78 ] , [ 79 ]",INDETERMINE,INDETERMINE,AUTRE_SORTIE,False,13,13,MANUAL_FINAL,0,1,1,1,VOTE_CONSEIL,34-41,0,0,0,0,0,0,0,0,1,0,Profil non physique,MANUAL_USER_VALIDATION,USER_VALIDATED,1,VOTE_CONSEIL,21,12,10–12,0,0,0,0,0,1,13.0,16.0,12.0,10–12,11–15
KL33::thomas,KL33,Koh-Lanta : Les Armes secrètes,2021,Thomas,37.0,MALE,0.0,14.0,1,False,"Éliminé [ 80 ] , [ 81 ] , [ 82 ] , [ 83 ] , [ 84 ]",INDETERMINE,INDETERMINE,AUTRE_SORTIE,False,14,14,MANUAL_FINAL,1,1,1,1,VOTE_CONSEIL,34-41,1,0,0,0,0,0,0,0,0,1,Profil physique,MANUAL_USER_VALIDATION,USER_VALIDATED,1,VOTE_CONSEIL,21,13,13–15,0,0,0,0,0,1,14.0,16.0,13.0,13–15,11–15
KL33::flavio,KL33,Koh-Lanta : Les Armes secrètes,2021,Flavio,31.0,MALE,0.0,15.0,1,False,"Éliminé [ 85 ] , [ 86 ] , [ 87 ] , [ 88 ] , [ 89 ]",INDETERMINE,INDETERMINE,AUTRE_SORTIE,False,15,15,MANUAL_FINAL,1,1,1,1,ELIMINATION_CHALLENGE,26-33,0,0,0,0,1,0,0,0,0,0,Profil non physique,MANUAL_USER_VALIDATION,USER_VALIDATED,0,ELIMINATION_CHALLENGE,21,14,13–15,0,0,0,0,0,1,15.0,16.0,14.0,13–15,11–15
KL33::magali,KL33,Koh-Lanta : Les Armes secrètes,2021,Magali,47.0,FEMALE,0.0,16.0,1,False,"Éliminée [ 90 ] , [ 91 ] , [ 92 ] , [ 93 ] , [ 94 ]",INDETERMINE,INDETERMINE,AUTRE_SORTIE,True,16,16,MANUAL_FINAL,0,1,1,1,VOTE_CONSEIL,42+,1,0,0,0,0,0,0,0,0,0,Profil non physique,MANUAL_USER_VALIDATION,USER_VALIDATED,1,VOTE_CONSEIL,21,15,13–15,0,0,0,0,0,1,16.0,16.0,15.0,13–15,11–15
KL33::arnaud,KL33,Koh-Lanta : Les Armes secrètes,2021,Arnaud,36.0,MALE,0.0,17.0,1,False,"Éliminé [ 95 ] , [ 96 ] , [ 97 ] , [ 98 ] , [ 99 ]",INDETERMINE,INDETERMINE,AUTRE_SORTIE,False,17,17,MANUAL_FINAL,1,1,1,1,FINALE_ORIENTATION,34-41,0,0,1,0,0,0,0,0,0,0,Profil non physique,MANUAL_USER_VALIDATION,USER_VALIDATED,0,FINALE_ORIENTATION,21,16,16–18,1,0,0,0,1,0,,16.0,,Phase finale atteinte,Phase finale atteinte
KL33::laure,KL33,Koh-Lanta : Les Armes secrètes,2021,Laure,26.0,FEMALE,0.0,18.0,1,False,"Éliminée [ 100 ] , [ 101 ] , [ 102 ] , [ 103 ] , [ 104 ]",INDETERMINE,INDETERMINE,AUTRE_SORTIE,False,18,18,MANUAL_FINAL,0,1,1,1,FINALE_ORIENTATION,26-33,0,0,1,0,0,0,0,0,0,0,Profil non physique,MANUAL_USER_VALIDATION,USER_VALIDATED,0,FINALE_ORIENTATION,21,17,16–18,1,0,0,0,1,0,,16.0,,Phase finale atteinte,Phase finale atteinte
KL33::jonathan,KL33,Koh-Lanta : Les Armes secrètes,2021,Jonathan,31.0,MALE,1.0,19.0,1,False,"Éliminé [ 105 ] , [ 106 ] , [ 107 ] , [ 108 ] , [ 109 ]",INDETERMINE,INDETERMINE,AUTRE_SORTIE,False,19,19,MANUAL_FINAL,1,1,1,1,FINALE_POTEAUX,26-33,0,0,0,1,0,0,0,0,0,0,Profil non physique,MANUAL_USER_VALIDATION,USER_VALIDATED,0,FINALE_POTEAUX,21,18,16–18,1,1,0,0,1,0,,16.0,,Phase finale atteinte,Phase finale atteinte
KL33::lucie,KL33,Koh-Lanta : Les Armes secrètes,2021,Lucie,35.0,FEMALE,1.0,20.0,1,False,"Finaliste [ 110 ] , [ 111 ] , [ 112 ] , [ 113 ] , [ 114 ]",FINALISTE,FIN_DE_JEU,AUTRE_SORTIE,False,20,20,MANUAL_FINAL,0,1,1,1,JURY_FINAL_DECISION,34-41,0,0,0,0,0,1,0,0,0,1,Profil physique,MANUAL_USER_VALIDATION,USER_VALIDATED,0,JURY_FINAL_DECISION,21,19,19–20,1,1,1,0,1,0,,16.0,,Phase finale atteinte,Phase finale atteinte
KL33::maxine,KL33,Koh-Lanta : Les Armes secrètes,2021,Maxine,25.0,FEMALE,0.0,21.0,0,True,"Vainqueur [ 115 ] , [ 116 ] , [ 117 ] , [ 118 ] , [ 119 ]",VAINQUEUR,FIN_DE_JEU,AUTRE_SORTIE,False,21,21,MANUAL_FINAL,0,1,1,1,CENSORED_WINNER,18-25,0,0,0,0,0,0,0,0,0,1,Profil physique,MANUAL_USER_VALIDATION,USER_VALIDATED,0,CENSORED_WINNER,21,20,19–20,1,1,1,1,1,0,,16.0,,Phase finale atteinte,Phase finale atteinte
KL27::steve grenier,KL27,Koh-Lanta : Les Chasseurs d'Immunité,2024,Steve Grenier,34.0,MALE,0.0,1.0,1,False,1st Voted Out Day 3,CONSEIL,DECISION_AVENTURIERS,DECISION_AVENTURIERS,False,1,1,MANUAL_FINAL,1,1,1,1,VOTE_CONSEIL,34-41,1,0,0,0,0,0,0,0,0,0,Profil non physique,MANUAL_USER_VALIDATION,USER_VALIDATED,1,VOTE_CONSEIL,22,1,1–3,0,0,0,0,0,1,1.0,17.0,1.0,1–3,1–5
KL27::alicia bouly,KL27,Koh-Lanta : Les Chasseurs d'Immunité,2024,Alicia Bouly,23.0,FEMALE,0.0,2.0,1,False,2nd Voted Out Day 6,CONSEIL,DECISION_AVENTURIERS,DECISION_AVENTURIERS,False,2,2,MANUAL_FINAL,0,1,1,1,VOTE_CONSEIL,18-25,1,0,0,0,0,0,0,0,0,0,Profil non physique,MANUAL_USER_VALIDATION,USER_VALIDATED,1,VOTE_CONSEIL,22,1,1–3,0,0,0,0,0,1,2.0,17.0,1.0,1–3,1–5
KL27::nathalie suhard,KL27,Koh-Lanta : Les Chasseurs d'Immunité,2024,Nathalie Suhard,55.0,FEMALE,0.0,3.0,1,False,Lost Duel Day 7,EPREUVE_ELIMINATOIRE,EPREUVE,EPREUVE,False,3,3,MANUAL_FINAL,0,1,1,1,ELIMINATION_CHALLENGE,42+,0,0,0,0,1,0,0,0,0,0,Profil non physique,MANUAL_USER_VALIDATION,USER_VALIDATED,0,ELIMINATION_CHALLENGE,22,2,1–3,0,0,0,0,0,1,3.0,17.0,2.0,1–3,1–5
KL27::william plancq,KL27,Koh-Lanta : Les Chasseurs d'Immunité,2024,William Plancq,62.0,MALE,1.0,4.0,1,False,3rd Voted Out Day 9,CONSEIL,DECISION_AVENTURIERS,DECISION_AVENTURIERS,False,4,4,MANUAL_FINAL,1,1,1,1,VOTE_CONSEIL,42+,1,0,0,0,0,0,0,0,0,0,Profil non physique,MANUAL_USER_VALIDATION,USER_VALIDATED,1,VOTE_CONSEIL,22,3,1–3,0,0,0,0,0,1,4.0,17.0,3.0,1–3,1–5
KL27::alexis tchernychev,KL27,Koh-Lanta : Les Chasseurs d'Immunité,2024,Alexis Tchernychev,21.0,MALE,0.0,5.0,1,False,4th Voted Out Day 12,CONSEIL,DECISION_AVENTURIERS,DECISION_AVENTURIERS,False,5,5,MANUAL_FINAL,1,1,1,1,VOTE_CONSEIL,18-25,1,0,0,0,0,0,0,0,0,1,Profil physique,MANUAL_USER_VALIDATION,USER_VALIDATED,1,VOTE_CONSEIL,22,4,4–6,0,0,0,0,0,1,5.0,17.0,4.0,4–6,1–5
KL27::émilie clavis,KL27,Koh-Lanta : Les Chasseurs d'Immunité,2024,Émilie Clavis,45.0,FEMALE,0.0,6.0,1,False,5th Voted Out Day 14,CONSEIL,DECISION_AVENTURIERS,DECISION_AVENTURIERS,False,6,6,MANUAL_FINAL,0,1,1,1,VOTE_CONSEIL,42+,1,0,0,0,0,0,0,0,0,0,Profil non physique,MANUAL_USER_VALIDATION,USER_VALIDATED,1,VOTE_CONSEIL,22,5,4–6,0,0,0,0,0,1,6.0,17.0,5.0,4–6,1–5
KL27::sarah diawara,KL27,Koh-Lanta : Les Chasseurs d'Immunité,2024,Sarah Diawara,34.0,FEMALE,0.0,7.0,1,False,6th Voted Out Day 17,CONSEIL,DECISION_AVENTURIERS,DECISION_AVENTURIERS,False,7,7,MANUAL_FINAL,0,1,1,1,VOTE_CONSEIL,34-41,1,0,0,0,0,0,0,0,0,0,Profil non physique,MANUAL_USER_VALIDATION,USER_VALIDATED,1,VOTE_CONSEIL,22,6,4–6,0,0,0,0,0,1,7.0,17.0,6.0,4–6,6–10
KL27::maxime barbet,KL27,Koh-Lanta : Les Chasseurs d'Immunité,2024,Maxime Barbet,43.0,MALE,0.0,8.0,1,False,7th Voted Out Day 20,CONSEIL,DECISION_AVENTURIERS,DECISION_AVENTURIERS,False,8,8,MANUAL_FINAL,1,1,1,1,VOTE_CONSEIL,42+,1,0,0,0,0,0,0,0,0,0,Profil non physique,MANUAL_USER_VALIDATION,USER_VALIDATED,1,VOTE_CONSEIL,22,7,7–9,0,0,0,0,0,1,8.0,17.0,7.0,7–9,6–10
KL27::ricky poyet,KL27,Koh-Lanta : Les Chasseurs d'Immunité,2024,Ricky Poyet,23.0,MALE,0.0,9.0,1,False,Eliminated Day 22,INDETERMINE,INDETERMINE,AUTRE_SORTIE,False,9,9,MANUAL_FINAL,1,1,1,1,AMBASSADEURS,18-25,0,0,0,0,0,0,0,1,0,0,Profil non physique,MANUAL_USER_VALIDATION,USER_VALIDATED,0,AMBASSADEURS,22,8,7–9,0,0,0,0,0,1,9.0,17.0,8.0,7–9,6–10
KL27::léa notardonato,KL27,Koh-Lanta : Les Chasseurs d'Immunité,2024,Léa Notardonato,22.0,FEMALE,0.0,10.0,1,False,8th Voted Out 1st Jury Member Day 23,CONSEIL,DECISION_AVENTURIERS,DECISION_AVENTURIERS,False,10,10,MANUAL_FINAL,0,1,1,1,VOTE_CONSEIL,18-25,1,0,0,0,0,0,0,0,0,0,Profil non physique,MANUAL_USER_VALIDATION,USER_VALIDATED,1,VOTE_CONSEIL,22,9,7–9,0,0,0,0,0,1,10.0,17.0,8.0,7–9,6–10
KL27::océane montenegro,KL27,Koh-Lanta : Les Chasseurs d'Immunité,2024,Océane Montenegro,35.0,FEMALE,0.0,11.0,1,False,Eliminated 2nd Jury Member Day 26,INDETERMINE,INDETERMINE,AUTRE_SORTIE,False,11,11,MANUAL_FINAL,0,1,1,1,ELIMINATION_CHALLENGE,34-41,0,0,0,0,1,0,0,0,0,0,Profil non physique,MANUAL_USER_VALIDATION,USER_VALIDATED,0,ELIMINATION_CHALLENGE,22,10,10–12,0,0,0,0,0,1,11.0,17.0,9.0,7–9,6–10
KL27::cécile poprawa,KL27,Koh-Lanta : Les Chasseurs d'Immunité,2024,Cécile Poprawa,41.0,FEMALE,0.0,12.0,1,False,9th Voted Out 3rd Jury Member Day 26,CONSEIL,DECISION_AVENTURIERS,DECISION_AVENTURIERS,False,12,12,MANUAL_FINAL,0,1,1,1,VOTE_CONSEIL,34-41,1,0,0,0,0,0,0,0,0,0,Profil non physique,MANUAL_USER_VALIDATION,USER_VALIDATED,1,VOTE_CONSEIL,22,10,10–12,0,0,0,0,0,1,12.0,17.0,10.0,10–12,6–10
KL27::aurélien dulau,KL27,Koh-Lanta : Les Chasseurs d'Immunité,2024,Aurélien Dulau,37.0,MALE,0.0,14.0,1,False,Eliminated 4th Jury Member Day 29,INDETERMINE,INDETERMINE,AUTRE_SORTIE,False,14,14,MANUAL_FINAL,1,1,1,1,VOTE_CONSEIL,34-41,0,0,0,0,0,0,0,0,1,0,Profil non physique,MANUAL_USER_VALIDATION,USER_VALIDATED,1,VOTE_CONSEIL,22,12,10–12,0,0,0,0,0,1,13.0,17.0,11.0,10–12,11–15
KL27::jean belmonte,KL27,Koh-Lanta : Les Chasseurs d'Immunité,2024,Jean Belmonte,26.0,MALE,0.0,15.0,1,False,Medically Evacuated 5th Jury Member Day 32,ABANDON_MEDICAL,SANTE_ABANDON,AUTRE_SORTIE,False,15,15,MANUAL_FINAL,1,1,1,1,MEDICAL,26-33,0,1,0,0,0,0,0,0,0,1,Profil physique,MANUAL_USER_VALIDATION,USER_VALIDATED,0,MEDICAL,22,13,13–15,0,0,0,0,0,1,14.0,17.0,12.0,10–12,11–15
KL27::mégane rouland,KL27,Koh-Lanta : Les Chasseurs d'Immunité,2024,Mégane Rouland,28.0,FEMALE,0.0,16.0,1,False,12th Voted Out 6th Jury Member Day 32,CONSEIL,DECISION_AVENTURIERS,DECISION_AVENTURIERS,False,16,16,MANUAL_FINAL,0,1,1,1,VOTE_CONSEIL,26-33,1,0,0,0,0,0,0,0,0,1,Profil physique,MANUAL_USER_VALIDATION,USER_VALIDATED,1,VOTE_CONSEIL,22,14,13–15,0,0,0,0,0,1,15.0,17.0,13.0,13–15,11–15
KL27::david murail,KL27,Koh-Lanta : Les Chasseurs d'Immunité,2024,David Murail,36.0,MALE,1.0,17.0,1,False,13th Voted Out 7th Jury Member Day 34,CONSEIL,DECISION_AVENTURIERS,DECISION_AVENTURIERS,False,17,17,MANUAL_FINAL,1,1,1,1,VOTE_CONSEIL,34-41,1,0,0,0,0,0,0,0,0,1,Profil physique,MANUAL_USER_VALIDATION,USER_VALIDATED,1,VOTE_CONSEIL,22,15,13–15,0,0,0,0,0,1,16.0,17.0,14.0,13–15,11–15
KL27::sébastien cazaux,KL27,Koh-Lanta : Les Chasseurs d'Immunité,2024,Sébastien Cazaux,30.0,MALE,0.0,18.0,1,False,14th Voted Out 8th Jury Member Day 36,CONSEIL,DECISION_AVENTURIERS,DECISION_AVENTURIERS,False,18,18,MANUAL_FINAL,1,1,1,1,VOTE_CONSEIL,26-33,1,0,0,0,0,0,0,0,0,1,Profil physique,MANUAL_USER_VALIDATION,USER_VALIDATED,1,VOTE_CONSEIL,22,16,16–18,0,0,0,0,0,1,17.0,17.0,15.0,13–15,11–15
KL27::amri madani,KL27,Koh-Lanta : Les Chasseurs d'Immunité,2024,Amri Madani,42.0,MALE,1.0,19.0,1,False,Lost Challenge 9th Jury Member Day 37,EPREUVE_ELIMINATOIRE,EPREUVE,EPREUVE,False,19,19,MANUAL_FINAL,1,1,1,1,FINALE_ORIENTATION,42+,0,0,1,0,0,0,0,0,0,1,Profil physique,MANUAL_USER_VALIDATION,USER_VALIDATED,0,FINALE_ORIENTATION,22,17,16–18,1,0,0,0,1,0,,17.0,,Phase finale atteinte,Phase finale atteinte
KL27::pauline bonneil,KL27,Koh-Lanta : Les Chasseurs d'Immunité,2024,Pauline Bonneil,29.0,FEMALE,0.0,20.0,1,False,Lost Challenge 10th Jury Member Day 37,EPREUVE_ELIMINATOIRE,EPREUVE,EPREUVE,False,20,20,MANUAL_FINAL,0,1,1,1,FINALE_ORIENTATION,26-33,0,0,1,0,0,0,0,0,0,0,Profil non physique,MANUAL_USER_VALIDATION,USER_VALIDATED,0,FINALE_ORIENTATION,22,18,16–18,1,0,0,0,1,0,,17.0,,Phase finale atteinte,Phase finale atteinte
KL27::julie rignault,KL27,Koh-Lanta : Les Chasseurs d'Immunité,2024,Julie Rignault,37.0,FEMALE,0.0,21.0,1,False,15th Voted Out 11th Jury Member Day 38,CONSEIL,DECISION_AVENTURIERS,DECISION_AVENTURIERS,False,21,21,MANUAL_FINAL,0,1,1,1,FINALE_POTEAUX,34-41,0,0,0,1,0,0,0,0,0,0,Profil non physique,MANUAL_USER_VALIDATION,USER_VALIDATED,0,FINALE_POTEAUX,22,19,19–20,1,1,0,0,1,0,,17.0,,Phase finale atteinte,Phase finale atteinte
KL27::meïssa seck,KL27,Koh-Lanta : Les Chasseurs d'Immunité,2024,Meïssa Seck,29.0,MALE,0.0,22.0,1,False,Runner-up Day 38,FINALISTE,FIN_DE_JEU,AUTRE_SORTIE,False,22,22,MANUAL_FINAL,1,1,1,1,JURY_FINAL_DECISION,26-33,0,0,0,0,0,1,0,0,0,1,Profil physique,MANUAL_USER_VALIDATION,USER_VALIDATED,0,JURY_FINAL_DECISION,22,20,19–20,1,1,1,0,1,0,,17.0,,Phase finale atteinte,Phase finale atteinte
KL27::léa sahin,KL27,Koh-Lanta : Les Chasseurs d'Immunité,2024,Léa Sahin,40.0,FEMALE,0.0,23.0,0,True,Sole Survivor Day 38,VAINQUEUR,FIN_DE_JEU,AUTRE_SORTIE,False,23,23,MANUAL_FINAL,0,1,1,1,CENSORED_WINNER,34-41,0,0,0,0,0,0,0,0,0,0,Profil non physique,MANUAL_USER_VALIDATION,USER_VALIDATED,0,CENSORED_WINNER,22,20,19–20,1,1,1,1,1,0,,17.0,,Phase finale atteinte,Phase finale atteinte
KL15::mélanie,KL15,Koh-Lanta : Malaisie,2012,Mélanie,30.0,FEMALE,0.0,1.0,1,False,Éliminée,INDETERMINE,INDETERMINE,AUTRE_SORTIE,False,1,1,MANUAL_FINAL,0,1,1,1,VOTE_CONSEIL,26-33,1,0,0,0,0,0,0,0,0,0,Profil non physique,MANUAL_USER_VALIDATION,USER_VALIDATED,1,VOTE_CONSEIL,20,1,1–3,0,0,0,0,0,1,1.0,15.0,1.0,1–3,1–5
KL15::mickaël,KL15,Koh-Lanta : Malaisie,2012,Mickaël,57.0,MALE,0.0,2.0,1,False,Éliminé,INDETERMINE,INDETERMINE,AUTRE_SORTIE,False,2,2,MANUAL_FINAL,1,1,1,1,VOTE_CONSEIL,42+,1,0,0,0,0,0,0,0,0,0,Profil non physique,MANUAL_USER_VALIDATION,USER_VALIDATED,1,VOTE_CONSEIL,20,2,1–3,0,0,0,0,0,1,2.0,15.0,2.0,1–3,1–5
KL15::sara [ n 1 ],KL15,Koh-Lanta : Malaisie,2012,Sara [ N 1 ],42.0,FEMALE,1.0,3.0,1,False,Abandon médical,ABANDON_MEDICAL,INDETERMINE,AUTRE_SORTIE,False,3,3,MANUAL_FINAL,0,1,1,1,MEDICAL,42+,0,1,0,0,0,0,0,0,0,1,Profil physique,MANUAL_USER_VALIDATION,USER_VALIDATED,0,MEDICAL,20,3,1–3,0,0,0,0,0,1,3.0,15.0,3.0,1–3,1–5
KL15::nadine,KL15,Koh-Lanta : Malaisie,2012,Nadine,57.0,FEMALE,0.0,4.0,1,False,Éliminée,INDETERMINE,INDETERMINE,AUTRE_SORTIE,False,4,4,MANUAL_FINAL,0,1,1,1,VOTE_CONSEIL,42+,1,0,0,0,0,0,0,0,0,0,Profil non physique,MANUAL_USER_VALIDATION,USER_VALIDATED,1,VOTE_CONSEIL,20,4,4–6,0,0,0,0,0,1,4.0,15.0,4.0,4–6,1–5
KL15::élodie,KL15,Koh-Lanta : Malaisie,2012,Élodie,36.0,FEMALE,0.0,5.0,1,False,Éliminée,INDETERMINE,INDETERMINE,AUTRE_SORTIE,False,5,5,MANUAL_FINAL,0,1,1,1,VOTE_CONSEIL,34-41,1,0,0,0,0,0,0,0,0,0,Profil non physique,MANUAL_USER_VALIDATION,USER_VALIDATED,1,VOTE_CONSEIL,20,5,4–6,0,0,0,0,0,1,5.0,15.0,5.0,4–6,1–5
KL15::marie [ n 2 ],KL15,Koh-Lanta : Malaisie,2012,Marie [ N 2 ],23.0,FEMALE,0.0,6.0,1,False,Éliminée,INDETERMINE,INDETERMINE,AUTRE_SORTIE,False,6,6,MANUAL_FINAL,0,1,1,1,VOTE_CONSEIL,18-25,1,0,0,0,0,0,0,0,0,0,Profil non physique,MANUAL_USER_VALIDATION,USER_VALIDATED,1,VOTE_CONSEIL,20,6,4–6,0,0,0,0,0,1,6.0,15.0,6.0,4–6,6–10
KL15::anthony,KL15,Koh-Lanta : Malaisie,2012,Anthony,24.0,MALE,1.0,7.0,1,False,Éliminé,INDETERMINE,INDETERMINE,AUTRE_SORTIE,False,7,7,MANUAL_FINAL,1,1,1,1,AMBASSADEURS,18-25,0,0,0,0,0,0,0,1,0,1,Profil physique,MANUAL_USER_VALIDATION,USER_VALIDATED,0,AMBASSADEURS,20,7,7–9,0,0,0,0,0,1,7.0,15.0,7.0,7–9,6–10
KL15::javier [ n 3 ],KL15,Koh-Lanta : Malaisie,2012,Javier [ N 3 ],39.0,MALE,0.0,8.0,1,False,Éliminé,INDETERMINE,INDETERMINE,AUTRE_SORTIE,False,8,8,MANUAL_FINAL,1,1,1,1,VOTE_CONSEIL,34-41,1,0,0,0,0,0,0,0,0,0,Profil non physique,MANUAL_USER_VALIDATION,USER_VALIDATED,1,VOTE_CONSEIL,20,8,7–9,0,0,0,0,0,1,8.0,15.0,8.0,7–9,6–10
KL15::namadia [ n 4 ],KL15,Koh-Lanta : Malaisie,2012,Namadia [ N 4 ],28.0,MALE,0.0,9.0,1,False,Éliminé,INDETERMINE,INDETERMINE,AUTRE_SORTIE,False,9,9,MANUAL_FINAL,1,1,1,1,VOTE_CONSEIL,26-33,1,0,0,0,0,0,0,0,0,0,Profil non physique,MANUAL_USER_VALIDATION,USER_VALIDATED,1,VOTE_CONSEIL,20,9,7–9,0,0,0,0,0,1,9.0,15.0,9.0,7–9,6–10
KL15::marylou,KL15,Koh-Lanta : Malaisie,2012,Marylou,22.0,FEMALE,1.0,10.0,1,False,Éliminée,INDETERMINE,INDETERMINE,AUTRE_SORTIE,False,10,10,MANUAL_FINAL,0,1,1,1,VOTE_CONSEIL,18-25,1,0,0,0,0,0,0,0,0,1,Profil physique,MANUAL_USER_VALIDATION,USER_VALIDATED,1,VOTE_CONSEIL,20,10,10–12,0,0,0,0,0,1,10.0,15.0,10.0,10–12,6–10
KL15::catherine,KL15,Koh-Lanta : Malaisie,2012,Catherine,41.0,FEMALE,0.0,11.0,1,False,Éliminée,INDETERMINE,INDETERMINE,AUTRE_SORTIE,False,11,11,MANUAL_FINAL,0,1,1,1,VOTE_CONSEIL,34-41,1,0,0,0,0,0,0,0,0,0,Profil non physique,MANUAL_USER_VALIDATION,USER_VALIDATED,1,VOTE_CONSEIL,20,11,10–12,0,0,0,0,0,1,11.0,15.0,11.0,10–12,11–15
KL15::camille,KL15,Koh-Lanta : Malaisie,2012,Camille,18.0,FEMALE,0.0,12.0,1,False,Éliminée,INDETERMINE,INDETERMINE,AUTRE_SORTIE,False,12,12,MANUAL_FINAL,0,1,1,1,VOTE_CONSEIL,18-25,0,0,0,0,0,0,0,0,1,1,Profil physique,MANUAL_USER_VALIDATION,USER_VALIDATED,1,VOTE_CONSEIL,20,12,10–12,0,0,0,0,0,1,12.0,15.0,12.0,10–12,11–15
KL15::charles,KL15,Koh-Lanta : Malaisie,2012,Charles,20.0,MALE,0.0,13.0,1,False,Abandon médical,ABANDON_MEDICAL,INDETERMINE,AUTRE_SORTIE,False,13,13,MANUAL_FINAL,1,1,1,1,MEDICAL,18-25,0,1,0,0,0,0,0,0,0,0,Profil non physique,MANUAL_USER_VALIDATION,USER_VALIDATED,0,MEDICAL,20,13,13–15,0,0,0,0,0,1,13.0,15.0,13.0,13–15,11–15
KL15::thierry,KL15,Koh-Lanta : Malaisie,2012,Thierry,44.0,MALE,0.0,14.0,1,False,Éliminé,INDETERMINE,INDETERMINE,AUTRE_SORTIE,False,14,14,MANUAL_FINAL,1,1,1,1,VOTE_CONSEIL,42+,1,0,0,0,0,0,0,0,0,0,Profil non physique,MANUAL_USER_VALIDATION,USER_VALIDATED,1,VOTE_CONSEIL,20,14,13–15,0,0,0,0,0,1,14.0,15.0,14.0,13–15,11–15
KL15::myriam,KL15,Koh-Lanta : Malaisie,2012,Myriam,34.0,FEMALE,0.0,15.0,1,False,Éliminée,INDETERMINE,INDETERMINE,AUTRE_SORTIE,False,15,15,MANUAL_FINAL,0,1,1,1,VOTE_CONSEIL,34-41,1,0,0,0,0,0,0,0,0,0,Profil non physique,MANUAL_USER_VALIDATION,USER_VALIDATED,1,VOTE_CONSEIL,20,15,13–15,0,0,0,0,0,1,15.0,15.0,15.0,13–15,11–15
KL15::bernard,KL15,Koh-Lanta : Malaisie,2012,Bernard,60.0,MALE,0.0,16.0,1,False,Éliminé,INDETERMINE,INDETERMINE,AUTRE_SORTIE,False,16,16,MANUAL_FINAL,1,1,1,1,FINALE_ORIENTATION,42+,0,0,1,0,0,0,0,0,0,0,Profil non physique,MANUAL_USER_VALIDATION,USER_VALIDATED,0,FINALE_ORIENTATION,20,16,16–18,1,0,0,0,1,0,,15.0,,Phase finale atteinte,Phase finale atteinte
KL15::philippe [ n 5 ],KL15,Koh-Lanta : Malaisie,2012,Philippe [ N 5 ],41.0,MALE,0.0,17.0,1,False,Éliminé,INDETERMINE,INDETERMINE,AUTRE_SORTIE,False,17,17,MANUAL_FINAL,1,1,1,1,FINALE_ORIENTATION,34-41,0,0,1,0,0,0,0,0,0,0,Profil non physique,MANUAL_USER_VALIDATION,USER_VALIDATED,0,FINALE_ORIENTATION,20,17,16–18,1,0,0,0,1,0,,15.0,,Phase finale atteinte,Phase finale atteinte
KL15::vanessa,KL15,Koh-Lanta : Malaisie,2012,Vanessa,37.0,FEMALE,0.0,18.0,1,False,Éliminée,INDETERMINE,INDETERMINE,AUTRE_SORTIE,False,18,18,MANUAL_FINAL,0,1,1,1,FINALE_POTEAUX,34-41,0,0,0,1,0,0,0,0,0,0,Profil non physique,MANUAL_USER_VALIDATION,USER_VALIDATED,0,FINALE_POTEAUX,20,18,16–18,1,1,0,0,1,0,,15.0,,Phase finale atteinte,Phase finale atteinte
KL15::brice [ n 6 ],KL15,Koh-Lanta : Malaisie,2012,Brice [ N 6 ],30.0,MALE,0.0,19.0,1,False,Finaliste,FINALISTE,FIN_DE_JEU,AUTRE_SORTIE,False,19,19,MANUAL_FINAL,1,1,1,1,JURY_FINAL_DECISION,26-33,0,0,0,0,0,1,0,0,0,1,Profil physique,MANUAL_USER_VALIDATION,USER_VALIDATED,0,JURY_FINAL_DECISION,20,19,19–20,1,1,1,0,1,0,,15.0,,Phase finale atteinte,Phase finale atteinte
KL15::ugo [ n 7 ],KL15,Koh-Lanta : Malaisie,2012,Ugo [ N 7 ],30.0,MALE,0.0,20.0,0,True,Gagnant,VAINQUEUR,FIN_DE_JEU,AUTRE_SORTIE,False,20,20,MANUAL_FINAL,1,1,1,1,CENSORED_WINNER,26-33,0,0,0,0,0,0,0,0,0,0,Profil non physique,MANUAL_USER_VALIDATION,USER_VALIDATED,0,CENSORED_WINNER,20,20,19–20,1,1,1,1,1,0,,15.0,,Phase finale atteinte,Phase finale atteinte
KL02::xavier,KL02,KL KL02,2002,Xavier,29.0,MALE,0.0,1.0,1,False,INDETERMINE,INDETERMINE,INDETERMINE,INDETERMINE,False,1,1,MANUAL_FINAL,1,1,1,1,MEDICAL,26-33,0,1,0,0,0,0,0,0,0,0,Profil non physique,MANUAL_USER_VALIDATION,USER_VALIDATED,0,MEDICAL,16,1,1–3,0,0,0,0,0,1,1.0,13.0,1.0,1–3,1–5
KL02::caroline mercier,KL02,KL KL02,2002,Caroline Mercier,29.0,FEMALE,0.0,2.0,1,False,INDETERMINE,INDETERMINE,INDETERMINE,INDETERMINE,False,2,2,MANUAL_FINAL,0,1,1,1,VOTE_CONSEIL,26-33,1,0,0,0,0,0,0,0,0,0,Profil non physique,MANUAL_USER_VALIDATION,USER_VALIDATED,1,VOTE_CONSEIL,16,2,1–3,0,0,0,0,0,1,2.0,13.0,2.0,1–3,1–5
KL02::céline genty,KL02,KL KL02,2002,Céline Genty,28.0,FEMALE,0.0,3.0,1,False,INDETERMINE,INDETERMINE,INDETERMINE,INDETERMINE,False,3,3,MANUAL_FINAL,0,1,1,1,VOTE_CONSEIL,26-33,1,0,0,0,0,0,0,0,0,0,Profil non physique,MANUAL_USER_VALIDATION,USER_VALIDATED,1,VOTE_CONSEIL,16,3,1–3,0,0,0,0,0,1,3.0,13.0,3.0,1–3,1–5
KL02::nelly,KL02,KL KL02,2002,Nelly,22.0,FEMALE,0.0,4.0,1,False,INDETERMINE,INDETERMINE,INDETERMINE,INDETERMINE,False,4,4,MANUAL_FINAL,0,1,1,1,VOTE_CONSEIL,18-25,1,0,0,0,0,0,0,0,0,0,Profil non physique,MANUAL_USER_VALIDATION,USER_VALIDATED,1,VOTE_CONSEIL,16,4,4–6,0,0,0,0,0,1,4.0,13.0,4.0,4–6,1–5
KL02::pierre,KL02,KL KL02,2002,Pierre,24.0,MALE,0.0,5.0,1,False,INDETERMINE,INDETERMINE,INDETERMINE,INDETERMINE,False,5,5,MANUAL_FINAL,1,1,1,1,VOTE_CONSEIL,18-25,1,0,0,0,0,0,0,0,0,0,Profil non physique,MANUAL_USER_VALIDATION,USER_VALIDATED,1,VOTE_CONSEIL,16,6,4–6,0,0,0,0,0,1,5.0,13.0,5.0,4–6,1–5
KL02::jacky,KL02,KL KL02,2002,Jacky,51.0,MALE,0.0,6.0,1,False,INDETERMINE,INDETERMINE,INDETERMINE,INDETERMINE,False,6,6,MANUAL_FINAL,1,1,1,1,VOTE_CONSEIL,42+,1,0,0,0,0,0,0,0,0,0,Profil non physique,MANUAL_USER_VALIDATION,USER_VALIDATED,1,VOTE_CONSEIL,16,7,7–9,0,0,0,0,0,1,6.0,13.0,6.0,4–6,6–10
KL02::adonis,KL02,KL KL02,2002,Adonis,29.0,MALE,0.0,7.0,1,False,INDETERMINE,INDETERMINE,INDETERMINE,INDETERMINE,False,7,7,MANUAL_FINAL,1,1,1,1,VOTE_CONSEIL,26-33,1,0,0,0,0,0,0,0,0,0,Profil non physique,MANUAL_USER_VALIDATION,USER_VALIDATED,1,VOTE_CONSEIL,16,8,7–9,0,0,0,0,0,1,7.0,13.0,8.0,7–9,6–10
KL02::jimmy,KL02,KL KL02,2002,Jimmy,33.0,MALE,0.0,8.0,1,False,INDETERMINE,INDETERMINE,INDETERMINE,INDETERMINE,False,8,8,MANUAL_FINAL,1,1,1,1,VOTE_CONSEIL,26-33,1,0,0,0,0,0,0,0,0,0,Profil non physique,MANUAL_USER_VALIDATION,USER_VALIDATED,1,VOTE_CONSEIL,16,9,7–9,0,0,0,0,0,1,8.0,13.0,9.0,7–9,6–10
KL02::béatrice,KL02,KL KL02,2002,Béatrice,22.0,FEMALE,0.0,9.0,1,False,INDETERMINE,INDETERMINE,INDETERMINE,INDETERMINE,False,9,9,MANUAL_FINAL,0,1,1,1,VOTE_CONSEIL,18-25,1,0,0,0,0,0,0,0,0,0,Profil non physique,MANUAL_USER_VALIDATION,USER_VALIDATED,1,VOTE_CONSEIL,16,11,10–12,0,0,0,0,0,1,9.0,13.0,10.0,10–12,6–10
KL02::françois-xavier,KL02,KL KL02,2002,François-Xavier,35.0,MALE,0.0,10.0,1,False,INDETERMINE,INDETERMINE,INDETERMINE,INDETERMINE,False,10,10,MANUAL_FINAL,1,1,1,1,VOTE_CONSEIL,34-41,1,0,0,0,0,0,0,0,0,0,Profil non physique,MANUAL_USER_VALIDATION,USER_VALIDATED,1,VOTE_CONSEIL,16,12,10–12,0,0,0,0,0,1,10.0,13.0,11.0,10–12,11–15
KL02::isabelle,KL02,KL KL02,2002,Isabelle,25.0,FEMALE,0.0,11.0,1,False,INDETERMINE,INDETERMINE,INDETERMINE,INDETERMINE,False,11,11,MANUAL_FINAL,0,1,1,1,VOTE_CONSEIL,18-25,1,0,0,0,0,0,0,0,0,0,Profil non physique,MANUAL_USER_VALIDATION,USER_VALIDATED,1,VOTE_CONSEIL,16,13,13–15,0,0,0,0,0,1,11.0,13.0,12.0,10–12,11–15
KL02::maud,KL02,KL KL02,2002,Maud,36.0,FEMALE,0.0,12.0,1,False,INDETERMINE,INDETERMINE,INDETERMINE,INDETERMINE,False,12,12,MANUAL_FINAL,0,1,1,1,VOTE_CONSEIL,34-41,1,0,0,0,0,0,0,0,0,0,Profil non physique,MANUAL_USER_VALIDATION,USER_VALIDATED,1,VOTE_CONSEIL,16,14,13–15,0,0,0,0,0,1,12.0,13.0,13.0,13–15,11–15
KL02::marianne,KL02,KL KL02,2002,Marianne,25.0,FEMALE,0.0,13.0,1,False,INDETERMINE,INDETERMINE,INDETERMINE,INDETERMINE,False,13,13,MANUAL_FINAL,0,1,1,1,ELIMINATION_CHALLENGE,18-25,0,0,0,0,1,0,0,0,0,0,Profil non physique,MANUAL_USER_VALIDATION,USER_VALIDATED,0,ELIMINATION_CHALLENGE,16,16,16–18,0,0,0,0,0,1,13.0,13.0,15.0,13–15,11–15
KL02::bernard,KL02,KL KL02,2002,Bernard,34.0,MALE,0.0,14.0,1,False,INDETERMINE,INDETERMINE,INDETERMINE,INDETERMINE,False,14,14,MANUAL_FINAL,1,1,1,1,FINALE_POTEAUX,34-41,0,0,0,1,0,0,0,0,0,0,Profil non physique,MANUAL_USER_VALIDATION,USER_VALIDATED,0,FINALE_POTEAUX,16,17,16–18,1,1,0,0,1,0,,13.0,,Phase finale atteinte,Phase finale atteinte
KL02::nicolas roy,KL02,KL KL02,2002,Nicolas Roy,47.0,MALE,0.0,15.0,1,False,FINALISTE,FINALISTE,FIN_DE_JEU,AUTRE_SORTIE,False,15,15,MANUAL_FINAL,1,1,1,1,JURY_FINAL_DECISION,42+,0,0,0,0,0,1,0,0,0,0,Profil non physique,MANUAL_USER_VALIDATION,USER_VALIDATED,0,JURY_FINAL_DECISION,16,18,16–18,1,1,1,0,1,0,,13.0,,Phase finale atteinte,Phase finale atteinte
KL02::amel fatnassi,KL02,KL KL02,2002,Amel Fatnassi,29.0,FEMALE,0.0,16.0,0,True,VAINQUEUR,VAINQUEUR,FIN_DE_JEU,AUTRE_SORTIE,False,16,16,MANUAL_FINAL,0,1,1,1,CENSORED_WINNER,26-33,0,0,0,0,0,0,0,0,0,0,Profil non physique,MANUAL_USER_VALIDATION,USER_VALIDATED,0,CENSORED_WINNER,16,20,19–20,1,1,1,1,1,0,,13.0,,Phase finale atteinte,Phase finale atteinte
KL07::ali,KL07,KL KL07,2007,Ali,35.0,MALE,0.0,1.0,1,False,INDETERMINE,INDETERMINE,INDETERMINE,INDETERMINE,False,1,1,MANUAL_FINAL,1,1,1,1,VOLUNTARY,34-41,0,0,0,0,0,0,1,0,0,0,Profil non physique,MANUAL_USER_VALIDATION,USER_VALIDATED,0,VOLUNTARY,16,1,1–3,0,0,0,0,0,1,1.0,12.0,1.0,1–3,1–5
KL07::pascale,KL07,KL KL07,2007,Pascale,35.0,FEMALE,0.0,2.0,1,False,INDETERMINE,INDETERMINE,INDETERMINE,INDETERMINE,False,2,2,MANUAL_FINAL,0,1,1,1,VOTE_CONSEIL,34-41,1,0,0,0,0,0,0,0,0,0,Profil non physique,MANUAL_USER_VALIDATION,USER_VALIDATED,1,VOTE_CONSEIL,16,2,1–3,0,0,0,0,0,1,2.0,12.0,2.0,1–3,1–5
KL07::marie-laure,KL07,KL KL07,2007,Marie-Laure,39.0,FEMALE,0.0,3.0,1,False,INDETERMINE,INDETERMINE,INDETERMINE,INDETERMINE,False,3,3,MANUAL_FINAL,0,1,1,1,VOTE_CONSEIL,34-41,1,0,0,0,0,0,0,0,0,0,Profil non physique,MANUAL_USER_VALIDATION,USER_VALIDATED,1,VOTE_CONSEIL,16,3,1–3,0,0,0,0,0,1,3.0,12.0,3.0,1–3,1–5
KL07::mélanie,KL07,KL KL07,2007,Mélanie,23.0,FEMALE,0.0,4.0,1,False,INDETERMINE,INDETERMINE,INDETERMINE,INDETERMINE,False,4,4,MANUAL_FINAL,0,1,1,1,VOTE_CONSEIL,18-25,1,0,0,0,0,0,0,0,0,0,Profil non physique,MANUAL_USER_VALIDATION,USER_VALIDATED,1,VOTE_CONSEIL,16,4,4–6,0,0,0,0,0,1,4.0,12.0,4.0,4–6,1–5
KL07::véronique barriol,KL07,KL KL07,2007,Véronique Barriol,24.0,FEMALE,0.0,5.0,1,False,INDETERMINE,INDETERMINE,INDETERMINE,INDETERMINE,False,5,5,MANUAL_FINAL,0,1,1,1,VOTE_CONSEIL,18-25,1,0,0,0,0,0,0,0,0,0,Profil non physique,MANUAL_USER_VALIDATION,USER_VALIDATED,1,VOTE_CONSEIL,16,6,4–6,0,0,0,0,0,1,5.0,12.0,6.0,4–6,6–10
KL07::chloé,KL07,KL KL07,2007,Chloé,50.0,FEMALE,0.0,6.0,1,False,INDETERMINE,INDETERMINE,INDETERMINE,INDETERMINE,False,6,6,MANUAL_FINAL,0,1,1,1,VOTE_CONSEIL,42+,1,0,0,0,0,0,0,0,0,0,Profil non physique,MANUAL_USER_VALIDATION,USER_VALIDATED,1,VOTE_CONSEIL,16,7,7–9,0,0,0,0,0,1,6.0,12.0,7.0,7–9,6–10
KL07::érick,KL07,KL KL07,2007,Érick,25.0,MALE,0.0,7.0,1,False,INDETERMINE,INDETERMINE,INDETERMINE,INDETERMINE,False,7,7,MANUAL_FINAL,1,1,1,1,VOTE_CONSEIL,18-25,1,0,0,0,0,0,0,0,0,1,Profil physique,MANUAL_USER_VALIDATION,USER_VALIDATED,1,VOTE_CONSEIL,16,8,7–9,0,0,0,0,0,1,7.0,12.0,8.0,7–9,6–10
KL07::filomène,KL07,KL KL07,2007,Filomène,32.0,FEMALE,0.0,8.0,1,False,INDETERMINE,INDETERMINE,INDETERMINE,INDETERMINE,False,8,8,MANUAL_FINAL,0,1,1,1,VOTE_CONSEIL,26-33,1,0,0,0,0,0,0,0,0,0,Profil non physique,MANUAL_USER_VALIDATION,USER_VALIDATED,1,VOTE_CONSEIL,16,9,7–9,0,0,0,0,0,1,8.0,12.0,9.0,7–9,6–10
KL07::adrien,KL07,KL KL07,2007,Adrien,35.0,MALE,0.0,9.0,1,False,INDETERMINE,INDETERMINE,INDETERMINE,INDETERMINE,False,9,9,MANUAL_FINAL,1,1,1,1,VOLUNTARY,34-41,0,0,0,0,0,0,1,0,0,0,Profil non physique,MANUAL_USER_VALIDATION,USER_VALIDATED,0,VOLUNTARY,16,11,10–12,0,0,0,0,0,1,9.0,12.0,11.0,10–12,11–15
KL07::grégoire,KL07,KL KL07,2007,Grégoire,24.0,MALE,0.0,10.0,1,False,INDETERMINE,INDETERMINE,INDETERMINE,INDETERMINE,False,10,10,MANUAL_FINAL,1,1,1,1,VOTE_CONSEIL,18-25,1,0,0,0,0,0,0,0,0,1,Profil physique,MANUAL_USER_VALIDATION,USER_VALIDATED,1,VOTE_CONSEIL,16,12,10–12,0,0,0,0,0,1,10.0,12.0,12.0,10–12,11–15
KL07::laurent,KL07,KL KL07,2007,Laurent,55.0,MALE,0.0,11.0,1,False,INDETERMINE,INDETERMINE,INDETERMINE,INDETERMINE,False,11,11,MANUAL_FINAL,1,1,1,1,VOTE_CONSEIL,42+,1,0,0,0,0,0,0,0,0,0,Profil non physique,MANUAL_USER_VALIDATION,USER_VALIDATED,1,VOTE_CONSEIL,16,13,13–15,0,0,0,0,0,1,11.0,12.0,13.0,13–15,11–15
KL07::patrick,KL07,KL KL07,2007,Patrick,24.0,MALE,0.0,12.0,1,False,INDETERMINE,INDETERMINE,INDETERMINE,INDETERMINE,False,12,12,MANUAL_FINAL,1,1,1,1,VOTE_CONSEIL,18-25,1,0,0,0,0,0,0,0,0,0,Profil non physique,MANUAL_USER_VALIDATION,USER_VALIDATED,1,VOTE_CONSEIL,16,14,13–15,0,0,0,0,0,1,12.0,12.0,15.0,13–15,11–15
KL07::simon,KL07,KL KL07,2007,Simon,34.0,MALE,0.0,13.0,1,False,INDETERMINE,INDETERMINE,INDETERMINE,INDETERMINE,False,13,13,MANUAL_FINAL,1,1,1,1,FINALE_ORIENTATION,34-41,0,0,1,0,0,0,0,0,0,1,Profil physique,MANUAL_USER_VALIDATION,USER_VALIDATED,0,FINALE_ORIENTATION,16,16,16–18,1,0,0,0,1,0,,12.0,,Phase finale atteinte,Phase finale atteinte
KL07::maryline,KL07,KL KL07,2007,Maryline,40.0,FEMALE,0.0,14.0,1,False,INDETERMINE,INDETERMINE,INDETERMINE,INDETERMINE,False,14,14,MANUAL_FINAL,0,1,1,1,FINALE_POTEAUX,34-41,0,0,0,1,0,0,0,0,0,0,Profil non physique,MANUAL_USER_VALIDATION,USER_VALIDATED,0,FINALE_POTEAUX,16,17,16–18,1,1,0,0,1,0,,12.0,,Phase finale atteinte,Phase finale atteinte
KL07::kévin cuoco,KL07,KL KL07,2007,Kévin Cuoco,26.0,MALE,0.0,15.0,0,True,CO_VAINQUEUR,CO_VAINQUEUR,FIN_DE_JEU,AUTRE_SORTIE,False,15,15,MANUAL_FINAL,1,1,1,1,CENSORED_WINNER,26-33,0,0,0,0,0,0,0,0,0,1,Profil physique,MANUAL_USER_VALIDATION,USER_VALIDATED,0,CENSORED_WINNER,16,18,16–18,1,1,1,1,1,0,,12.0,,Phase finale atteinte,Phase finale atteinte
KL07::jade handi,KL07,KL KL07,2007,Jade Handi,36.0,FEMALE,0.0,16.0,0,True,CO_VAINQUEUR,CO_VAINQUEUR,FIN_DE_JEU,AUTRE_SORTIE,False,16,16,MANUAL_FINAL,0,1,1,1,CENSORED_WINNER,34-41,0,0,0,0,0,0,0,0,0,0,Profil non physique,MANUAL_USER_VALIDATION,USER_VALIDATED,0,CENSORED_WINNER,16,20,19–20,1,1,1,1,1,0,,12.0,,Phase finale atteinte,Phase finale atteinte
KL13::lisa legouverneur,KL13,Koh-Lanta : Raja Ampat,2011,Lisa Legouverneur,25.0,FEMALE,0.0,1.0,1,False,1st Voted Out Day 3,CONSEIL,INDETERMINE,DECISION_AVENTURIERS,False,1,1,MANUAL_FINAL,0,1,1,1,VOTE_CONSEIL,18-25,1,0,0,0,0,0,0,0,0,0,Profil non physique,MANUAL_USER_VALIDATION,USER_VALIDATED,1,VOTE_CONSEIL,20,1,1–3,0,0,0,0,0,1,1.0,16.0,1.0,1–3,1–5
KL13::catherine diard,KL13,Koh-Lanta : Raja Ampat,2011,Catherine Diard,53.0,FEMALE,1.0,2.0,1,False,2nd Voted Out Day 6,CONSEIL,INDETERMINE,DECISION_AVENTURIERS,False,2,2,MANUAL_FINAL,0,1,1,1,VOTE_CONSEIL,42+,1,0,0,0,0,0,0,0,0,0,Profil non physique,MANUAL_USER_VALIDATION,USER_VALIDATED,1,VOTE_CONSEIL,20,2,1–3,0,0,0,0,0,1,2.0,16.0,1.0,1–3,1–5
KL13::steve lemercier,KL13,Koh-Lanta : Raja Ampat,2011,Steve Lemercier,24.0,MALE,0.0,3.0,1,False,Left Competition Day 8,INDETERMINE,INDETERMINE,AUTRE_SORTIE,False,3,3,MANUAL_FINAL,1,1,1,1,VOLUNTARY,18-25,0,0,0,0,0,0,1,0,0,0,Profil non physique,MANUAL_USER_VALIDATION,USER_VALIDATED,0,VOLUNTARY,20,3,1–3,0,0,0,0,0,1,3.0,16.0,2.0,1–3,1–5
"KL13::gérard ""gégé"" icardi",KL13,Koh-Lanta : Raja Ampat,2011,"Gérard ""Gégé"" Icardi",65.0,MALE,0.0,4.0,1,False,3rd Voted Out Day 9,CONSEIL,INDETERMINE,DECISION_AVENTURIERS,False,4,4,MANUAL_FINAL,1,1,1,1,VOTE_CONSEIL,42+,1,0,0,0,0,0,0,0,0,0,Profil non physique,MANUAL_USER_VALIDATION,USER_VALIDATED,1,VOTE_CONSEIL,20,4,4–6,0,0,0,0,0,1,4.0,16.0,3.0,1–3,1–5
"KL13::nawal ""naouel"" hadjaf",KL13,Koh-Lanta : Raja Ampat,2011,"Nawal ""Naouel"" Hadjaf",25.0,FEMALE,1.0,5.0,1,False,Left Competition Day 10,INDETERMINE,INDETERMINE,AUTRE_SORTIE,False,5,5,MANUAL_FINAL,0,1,1,1,VOLUNTARY,18-25,0,0,0,0,0,0,1,0,0,0,Profil non physique,MANUAL_USER_VALIDATION,USER_VALIDATED,0,VOLUNTARY,20,5,4–6,0,0,0,0,0,1,5.0,16.0,4.0,4–6,1–5
KL13::benoît mahieux,KL13,Koh-Lanta : Raja Ampat,2011,Benoît Mahieux,31.0,MALE,1.0,6.0,1,False,4th Voted Out Day 12,CONSEIL,INDETERMINE,DECISION_AVENTURIERS,False,6,6,MANUAL_FINAL,1,1,1,1,VOTE_CONSEIL,26-33,1,0,0,0,0,0,0,0,0,0,Profil non physique,MANUAL_USER_VALIDATION,USER_VALIDATED,1,VOTE_CONSEIL,20,6,4–6,0,0,0,0,0,1,6.0,16.0,5.0,4–6,1–5
KL13::délisia fettache,KL13,Koh-Lanta : Raja Ampat,2011,Délisia Fettache,21.0,FEMALE,0.0,7.0,1,False,5th Voted Out Day 15,CONSEIL,INDETERMINE,DECISION_AVENTURIERS,False,7,7,MANUAL_FINAL,0,1,1,1,VOTE_CONSEIL,18-25,1,0,0,0,0,0,0,0,0,0,Profil non physique,MANUAL_USER_VALIDATION,USER_VALIDATED,1,VOTE_CONSEIL,20,7,7–9,0,0,0,0,0,1,7.0,16.0,6.0,4–6,6–10
KL13::caroline matteucci,KL13,Koh-Lanta : Raja Ampat,2011,Caroline Matteucci,40.0,FEMALE,0.0,8.0,1,False,6th Voted Out Day 18,CONSEIL,INDETERMINE,DECISION_AVENTURIERS,False,8,8,MANUAL_FINAL,0,1,1,1,VOTE_CONSEIL,34-41,1,0,0,0,0,0,0,0,0,0,Profil non physique,MANUAL_USER_VALIDATION,USER_VALIDATED,1,VOTE_CONSEIL,20,8,7–9,0,0,0,0,0,1,8.0,16.0,7.0,7–9,6–10
KL13::maxime boulet,KL13,Koh-Lanta : Raja Ampat,2011,Maxime Boulet,20.0,MALE,0.0,9.0,1,False,7th Voted Out Day 20,CONSEIL,INDETERMINE,DECISION_AVENTURIERS,False,9,9,MANUAL_FINAL,1,1,1,1,AMBASSADEURS,18-25,0,0,0,0,0,0,0,1,0,0,Profil non physique,MANUAL_USER_VALIDATION,USER_VALIDATED,0,AMBASSADEURS,20,9,7–9,0,0,0,0,0,1,9.0,16.0,8.0,7–9,6–10
KL13::anthony amar,KL13,Koh-Lanta : Raja Ampat,2011,Anthony Amar,23.0,MALE,1.0,10.0,1,False,8th Voted Out 1st jury member Day 21,CONSEIL,INDETERMINE,DECISION_AVENTURIERS,False,10,10,MANUAL_FINAL,1,1,1,1,VOTE_CONSEIL,18-25,1,0,0,0,0,0,0,0,0,1,Profil physique,MANUAL_USER_VALIDATION,USER_VALIDATED,1,VOTE_CONSEIL,20,10,10–12,0,0,0,0,0,1,10.0,16.0,9.0,7–9,6–10
KL13::olivier moenaert,KL13,Koh-Lanta : Raja Ampat,2011,Olivier Moenaert,43.0,MALE,0.0,11.0,1,False,9th Voted Out 2nd jury member Day 24,CONSEIL,INDETERMINE,DECISION_AVENTURIERS,False,11,11,MANUAL_FINAL,1,1,1,1,VOTE_CONSEIL,42+,1,0,0,0,0,0,0,0,0,1,Profil physique,MANUAL_USER_VALIDATION,USER_VALIDATED,1,VOTE_CONSEIL,20,11,10–12,0,0,0,0,0,1,11.0,16.0,10.0,10–12,6–10
KL13::florence delbarre reuter,KL13,Koh-Lanta : Raja Ampat,2011,Florence Delbarre Reuter,39.0,FEMALE,0.0,12.0,1,False,10th Voted Out 3rd jury member Day 27,CONSEIL,INDETERMINE,DECISION_AVENTURIERS,False,12,12,MANUAL_FINAL,0,1,1,1,VOTE_CONSEIL,34-41,1,0,0,0,0,0,0,0,0,0,Profil non physique,MANUAL_USER_VALIDATION,USER_VALIDATED,1,VOTE_CONSEIL,20,12,10–12,0,0,0,0,0,1,12.0,16.0,11.0,10–12,11–15
KL13::virginie jarry,KL13,Koh-Lanta : Raja Ampat,2011,Virginie Jarry,32.0,FEMALE,0.0,13.0,1,False,Medically evacuated 4th jury member Day 33,ABANDON_MEDICAL,INDETERMINE,AUTRE_SORTIE,False,13,13,MANUAL_FINAL,0,1,1,1,MEDICAL,26-33,0,1,0,0,0,0,0,0,0,0,Profil non physique,MANUAL_USER_VALIDATION,USER_VALIDATED,0,MEDICAL,20,13,13–15,0,0,0,0,0,1,13.0,16.0,12.0,10–12,11–15
KL13::patricia morel,KL13,Koh-Lanta : Raja Ampat,2011,Patricia Morel,36.0,FEMALE,0.0,14.0,1,False,12th Voted Out 5th jury member Day 33,CONSEIL,INDETERMINE,DECISION_AVENTURIERS,False,14,14,MANUAL_FINAL,0,1,1,1,VOTE_CONSEIL,34-41,1,0,0,0,0,0,0,0,0,0,Profil non physique,MANUAL_USER_VALIDATION,USER_VALIDATED,1,VOTE_CONSEIL,20,14,13–15,0,0,0,0,0,1,14.0,16.0,13.0,13–15,11–15
KL13::alexandra pouillon,KL13,Koh-Lanta : Raja Ampat,2011,Alexandra Pouillon,29.0,FEMALE,0.0,15.0,1,False,13th Voted Out 6th jury member Day 36,CONSEIL,INDETERMINE,DECISION_AVENTURIERS,False,15,15,MANUAL_FINAL,0,1,1,1,VOTE_CONSEIL,26-33,1,0,0,0,0,0,0,0,0,0,Profil non physique,MANUAL_USER_VALIDATION,USER_VALIDATED,1,VOTE_CONSEIL,20,15,13–15,0,0,0,0,0,1,15.0,16.0,14.0,13–15,11–15
KL13::martin bazin,KL13,Koh-Lanta : Raja Ampat,2011,Martin Bazin,23.0,MALE,0.0,16.0,1,False,14th Voted Out 7th jury member Day 39,CONSEIL,INDETERMINE,DECISION_AVENTURIERS,False,16,16,MANUAL_FINAL,1,1,1,1,VOTE_CONSEIL,18-25,1,0,0,0,0,0,0,0,0,0,Profil non physique,MANUAL_USER_VALIDATION,USER_VALIDATED,1,VOTE_CONSEIL,20,16,16–18,0,0,0,0,0,1,16.0,16.0,15.0,13–15,11–15
KL13::ella gbezan,KL13,Koh-Lanta : Raja Ampat,2011,Ella Gbezan,25.0,FEMALE,0.0,17.0,1,False,Lost Challenge 8th jury member Day 40,EPREUVE_ELIMINATOIRE,INDETERMINE,EPREUVE,False,17,17,MANUAL_FINAL,0,1,1,1,FINALE_ORIENTATION,18-25,0,0,1,0,0,0,0,0,0,0,Profil non physique,MANUAL_USER_VALIDATION,USER_VALIDATED,0,FINALE_ORIENTATION,20,17,16–18,1,0,0,0,1,0,,16.0,,Phase finale atteinte,Phase finale atteinte
KL13::laurent maistret,KL13,Koh-Lanta : Raja Ampat,2011,Laurent Maistret,29.0,MALE,1.0,18.0,1,False,15th Voted Out 9th jury member Day 41,CONSEIL,INDETERMINE,DECISION_AVENTURIERS,False,18,18,MANUAL_FINAL,1,1,1,1,FINALE_POTEAUX,26-33,0,0,0,1,0,0,0,0,0,1,Profil physique,MANUAL_USER_VALIDATION,USER_VALIDATED,0,FINALE_POTEAUX,20,18,16–18,1,1,0,0,1,0,,16.0,,Phase finale atteinte,Phase finale atteinte
KL13::teheiura teahui,KL13,Koh-Lanta : Raja Ampat,2011,Teheiura Teahui,33.0,MALE,0.0,19.0,1,False,Runner-up Day 41,FINALISTE,FIN_DE_JEU,AUTRE_SORTIE,False,19,19,MANUAL_FINAL,1,1,1,1,JURY_FINAL_DECISION,26-33,0,0,0,0,0,1,0,0,0,1,Profil physique,MANUAL_USER_VALIDATION,USER_VALIDATED,0,JURY_FINAL_DECISION,20,19,19–20,1,1,1,0,1,0,,16.0,,Phase finale atteinte,Phase finale atteinte
KL13::gérard urdampilleta,KL13,Koh-Lanta : Raja Ampat,2011,Gérard Urdampilleta,41.0,MALE,0.0,20.0,0,True,Sole Survivor Day 41,VAINQUEUR,FIN_DE_JEU,AUTRE_SORTIE,False,20,20,MANUAL_FINAL,1,1,1,1,CENSORED_WINNER,34-41,0,0,0,0,0,0,0,0,0,0,Profil non physique,MANUAL_USER_VALIDATION,USER_VALIDATED,0,CENSORED_WINNER,20,20,19–20,1,1,1,1,1,0,,16.0,,Phase finale atteinte,Phase finale atteinte
KL18::charlie vincent-mussard,KL18,Koh-Lanta : Thaïlande,2016,Charlie Vincent-Mussard,28.0,FEMALE,0.0,1.0,1,False,Left Competition Day 3,INDETERMINE,INDETERMINE,AUTRE_SORTIE,False,1,1,MANUAL_FINAL,0,1,1,1,VOLUNTARY,26-33,0,0,0,0,0,0,1,0,0,0,Profil non physique,MANUAL_USER_VALIDATION,USER_VALIDATED,0,VOLUNTARY,21,1,1–3,0,0,0,0,0,1,1.0,17.0,1.0,1–3,1–5
KL18::laurence corbellotti,KL18,Koh-Lanta : Thaïlande,2016,Laurence Corbellotti,37.0,FEMALE,0.0,2.0,1,False,1st Voted Out Day 3,CONSEIL,DECISION_AVENTURIERS,DECISION_AVENTURIERS,False,2,2,MANUAL_FINAL,0,1,1,1,VOTE_CONSEIL,34-41,1,0,0,0,0,0,0,0,0,0,Profil non physique,MANUAL_USER_VALIDATION,USER_VALIDATED,1,VOTE_CONSEIL,21,1,1–3,0,0,0,0,0,1,2.0,17.0,1.0,1–3,1–5
KL18::marius torterat,KL18,Koh-Lanta : Thaïlande,2016,Marius Torterat,21.0,MALE,0.0,3.0,1,False,Left Competition Day 6,INDETERMINE,INDETERMINE,AUTRE_SORTIE,False,3,3,MANUAL_FINAL,1,1,1,1,VOLUNTARY,18-25,0,0,0,0,0,0,1,0,0,0,Profil non physique,MANUAL_USER_VALIDATION,USER_VALIDATED,0,VOLUNTARY,21,2,1–3,0,0,0,0,0,1,3.0,17.0,2.0,1–3,1–5
KL18::céline parat-yeghiayan,KL18,Koh-Lanta : Thaïlande,2016,Céline Parat-Yeghiayan,44.0,FEMALE,1.0,4.0,1,False,2nd Voted Out Day 6,CONSEIL,DECISION_AVENTURIERS,DECISION_AVENTURIERS,False,4,4,MANUAL_FINAL,0,1,1,1,VOTE_CONSEIL,42+,1,0,0,0,0,0,0,0,0,0,Profil non physique,MANUAL_USER_VALIDATION,USER_VALIDATED,1,VOTE_CONSEIL,21,3,1–3,0,0,0,0,0,1,4.0,17.0,3.0,1–3,1–5
KL18::huw francis,KL18,Koh-Lanta : Thaïlande,2016,Huw Francis,38.0,MALE,1.0,5.0,1,False,3rd Voted Out Day 9,CONSEIL,DECISION_AVENTURIERS,DECISION_AVENTURIERS,False,5,5,MANUAL_FINAL,1,1,1,1,VOTE_CONSEIL,34-41,1,0,0,0,0,0,0,0,0,0,Profil non physique,MANUAL_USER_VALIDATION,USER_VALIDATED,1,VOTE_CONSEIL,21,4,4–6,0,0,0,0,0,1,5.0,17.0,4.0,4–6,1–5
KL18::carole poncelet,KL18,Koh-Lanta : Thaïlande,2016,Carole Poncelet,51.0,FEMALE,1.0,6.0,1,False,4th Voted Out Day 12,CONSEIL,DECISION_AVENTURIERS,DECISION_AVENTURIERS,False,6,6,MANUAL_FINAL,0,1,1,1,VOTE_CONSEIL,42+,1,0,0,0,0,0,0,0,0,0,Profil non physique,MANUAL_USER_VALIDATION,USER_VALIDATED,1,VOTE_CONSEIL,21,5,4–6,0,0,0,0,0,1,6.0,17.0,5.0,4–6,1–5
"KL18::laurence ""lolo"" facione",KL18,Koh-Lanta : Thaïlande,2016,"Laurence ""Lolo"" Facione",45.0,FEMALE,1.0,7.0,1,False,5th Voted Out Day 15,CONSEIL,DECISION_AVENTURIERS,DECISION_AVENTURIERS,False,7,7,MANUAL_FINAL,0,1,1,1,VOTE_CONSEIL,42+,1,0,0,0,0,0,0,0,0,0,Profil non physique,MANUAL_USER_VALIDATION,USER_VALIDATED,1,VOTE_CONSEIL,21,6,4–6,0,0,0,0,0,1,7.0,17.0,6.0,4–6,6–10
KL18::amir doukhan,KL18,Koh-Lanta : Thaïlande,2016,Amir Doukhan,46.0,MALE,0.0,8.0,1,False,6th Voted Out Day 17,CONSEIL,DECISION_AVENTURIERS,DECISION_AVENTURIERS,False,8,8,MANUAL_FINAL,1,1,1,1,VOTE_CONSEIL,42+,1,0,0,0,0,0,0,0,0,0,Profil non physique,MANUAL_USER_VALIDATION,USER_VALIDATED,1,VOTE_CONSEIL,21,7,7–9,0,0,0,0,0,1,8.0,17.0,7.0,7–9,6–10
KL18::cassandre girard,KL18,Koh-Lanta : Thaïlande,2016,Cassandre Girard,22.0,FEMALE,0.0,9.0,1,False,Lost Duel 1st jury member Day 19,DUEL_EXIL_PERDU,MECANIQUE_RETOUR,EPREUVE,False,9,9,MANUAL_FINAL,0,1,1,1,AMBASSADEURS,18-25,0,0,0,0,0,0,0,1,0,0,Profil non physique,MANUAL_USER_VALIDATION,USER_VALIDATED,0,AMBASSADEURS,21,8,7–9,0,0,0,0,0,1,9.0,17.0,8.0,7–9,6–10
KL18::romain palazzetti,KL18,Koh-Lanta : Thaïlande,2016,Romain Palazzetti,28.0,MALE,1.0,10.0,1,False,7th Voted Out 2nd jury member Day 20,CONSEIL,DECISION_AVENTURIERS,DECISION_AVENTURIERS,False,10,10,MANUAL_FINAL,1,1,1,1,VOTE_CONSEIL,26-33,1,0,0,0,0,0,0,0,0,1,Profil physique,MANUAL_USER_VALIDATION,USER_VALIDATED,1,VOTE_CONSEIL,21,9,7–9,0,0,0,0,0,1,10.0,17.0,8.0,7–9,6–10
KL18::julien castro,KL18,Koh-Lanta : Thaïlande,2016,Julien Castro,29.0,MALE,0.0,11.0,1,False,8th Voted Out 3rd jury member Day 23,CONSEIL,DECISION_AVENTURIERS,DECISION_AVENTURIERS,False,11,11,MANUAL_FINAL,1,1,1,1,VOTE_CONSEIL,26-33,1,0,0,0,0,0,0,0,0,0,Profil non physique,MANUAL_USER_VALIDATION,USER_VALIDATED,1,VOTE_CONSEIL,21,10,10–12,0,0,0,0,0,1,11.0,17.0,9.0,7–9,6–10
KL18::laureen hugel,KL18,Koh-Lanta : Thaïlande,2016,Laureen Hugel,26.0,FEMALE,0.0,12.0,1,False,9th Voted Out 4th jury member Day 26,CONSEIL,DECISION_AVENTURIERS,DECISION_AVENTURIERS,False,12,12,MANUAL_FINAL,0,1,1,1,VOTE_CONSEIL,26-33,1,0,0,0,0,0,0,0,0,0,Profil non physique,MANUAL_USER_VALIDATION,USER_VALIDATED,1,VOTE_CONSEIL,21,11,10–12,0,0,0,0,0,1,12.0,17.0,10.0,10–12,6–10
KL18::steve best,KL18,Koh-Lanta : Thaïlande,2016,Steve Best,33.0,MALE,0.0,13.0,1,False,10th Voted Out 5th jury member Day 26,CONSEIL,DECISION_AVENTURIERS,DECISION_AVENTURIERS,False,13,13,MANUAL_FINAL,1,1,1,1,VOTE_CONSEIL,26-33,1,0,0,0,0,0,0,0,0,1,Profil physique,MANUAL_USER_VALIDATION,USER_VALIDATED,1,VOTE_CONSEIL,21,12,10–12,0,0,0,0,0,1,13.0,17.0,11.0,10–12,11–15
KL18::carine cazals,KL18,Koh-Lanta : Thaïlande,2016,Carine Cazals,34.0,FEMALE,1.0,14.0,1,False,11th Voted Out 6th jury member Day 29,CONSEIL,DECISION_AVENTURIERS,DECISION_AVENTURIERS,False,14,14,MANUAL_FINAL,0,1,1,1,VOTE_CONSEIL,34-41,1,0,0,0,0,0,0,0,0,0,Profil non physique,MANUAL_USER_VALIDATION,USER_VALIDATED,1,VOTE_CONSEIL,21,13,13–15,0,0,0,0,0,1,14.0,17.0,12.0,10–12,11–15
KL18::karima neggaz,KL18,Koh-Lanta : Thaïlande,2016,Karima Neggaz,26.0,FEMALE,1.0,15.0,1,False,12th Voted Out 7th jury member Day 32,CONSEIL,DECISION_AVENTURIERS,DECISION_AVENTURIERS,False,15,15,MANUAL_FINAL,0,1,1,1,VOTE_CONSEIL,26-33,1,0,0,0,0,0,0,0,0,0,Profil non physique,MANUAL_USER_VALIDATION,USER_VALIDATED,1,VOTE_CONSEIL,21,14,13–15,0,0,0,0,0,1,15.0,17.0,13.0,13–15,11–15
KL18::nicolas rouyé,KL18,Koh-Lanta : Thaïlande,2016,Nicolas Rouyé,32.0,MALE,1.0,16.0,1,False,13th Voted Out 8th jury member Day 34,CONSEIL,DECISION_AVENTURIERS,DECISION_AVENTURIERS,False,16,16,MANUAL_FINAL,1,1,1,1,VOTE_CONSEIL,26-33,1,0,0,0,0,0,0,0,0,1,Profil physique,MANUAL_USER_VALIDATION,USER_VALIDATED,1,VOTE_CONSEIL,21,15,13–15,0,0,0,0,0,1,16.0,17.0,14.0,13–15,11–15
KL18::alain chrisostome,KL18,Koh-Lanta : Thaïlande,2016,Alain Chrisostome,56.0,MALE,1.0,17.0,1,False,14th Voted Out 9th jury member Day 37,CONSEIL,DECISION_AVENTURIERS,DECISION_AVENTURIERS,False,17,17,MANUAL_FINAL,1,1,1,1,VOTE_CONSEIL,42+,1,0,0,0,0,0,0,0,0,0,Profil non physique,MANUAL_USER_VALIDATION,USER_VALIDATED,1,VOTE_CONSEIL,21,16,16–18,0,0,0,0,0,1,17.0,17.0,15.0,13–15,11–15
KL18::cécilia siharaj,KL18,Koh-Lanta : Thaïlande,2016,Cécilia Siharaj,28.0,FEMALE,1.0,18.0,1,False,Lost Challenge 10th jury member Day 38,EPREUVE_ELIMINATOIRE,EPREUVE,EPREUVE,False,18,18,MANUAL_FINAL,0,1,1,1,FINALE_ORIENTATION,26-33,0,0,1,0,0,0,0,0,0,0,Profil non physique,MANUAL_USER_VALIDATION,USER_VALIDATED,0,FINALE_ORIENTATION,21,17,16–18,1,0,0,0,1,0,,17.0,,Phase finale atteinte,Phase finale atteinte
KL18::gabriel gubbels,KL18,Koh-Lanta : Thaïlande,2016,Gabriel Gubbels,40.0,MALE,0.0,19.0,1,False,15th Voted Out 11th jury member Day 39,CONSEIL,DECISION_AVENTURIERS,DECISION_AVENTURIERS,False,19,19,MANUAL_FINAL,1,1,1,1,FINALE_POTEAUX,34-41,0,0,0,1,0,0,0,0,0,0,Profil non physique,MANUAL_USER_VALIDATION,USER_VALIDATED,0,FINALE_POTEAUX,21,18,16–18,1,1,0,0,1,0,,17.0,,Phase finale atteinte,Phase finale atteinte
KL18::pascal salviani,KL18,Koh-Lanta : Thaïlande,2016,Pascal Salviani,48.0,MALE,0.0,20.0,1,False,Runner-up Day 40,FINALISTE,FIN_DE_JEU,AUTRE_SORTIE,False,20,20,MANUAL_FINAL,1,1,1,1,JURY_FINAL_DECISION,42+,0,0,0,0,0,1,0,0,0,0,Profil non physique,MANUAL_USER_VALIDATION,USER_VALIDATED,0,JURY_FINAL_DECISION,21,19,19–20,1,1,1,0,1,0,,17.0,,Phase finale atteinte,Phase finale atteinte
KL18::wendy gervois,KL18,Koh-Lanta : Thaïlande,2016,Wendy Gervois,26.0,FEMALE,1.0,21.0,0,True,Sole Survivor Day 40,VAINQUEUR,FIN_DE_JEU,AUTRE_SORTIE,False,21,21,MANUAL_FINAL,0,1,1,1,CENSORED_WINNER,26-33,0,0,0,0,0,0,0,0,0,0,Profil non physique,MANUAL_USER_VALIDATION,USER_VALIDATED,0,CENSORED_WINNER,21,20,19–20,1,1,1,1,1,0,,17.0,,Phase finale atteinte,Phase finale atteinte
KL01::marie,KL01,KL KL01,2001,Marie,22.0,FEMALE,0.0,1.0,1,False,INDETERMINE,INDETERMINE,INDETERMINE,INDETERMINE,False,1,1,MANUAL_FINAL,0,1,1,1,VOTE_CONSEIL,18-25,1,0,0,0,0,0,0,0,0,0,Profil non physique,MANUAL_USER_VALIDATION,USER_VALIDATED,1,VOTE_CONSEIL,16,1,1–3,0,0,0,0,0,1,1.0,14.0,1.0,1–3,1–5
KL01::guillaume noël,KL01,KL KL01,2001,Guillaume Noël,24.0,MALE,0.0,2.0,1,False,INDETERMINE,INDETERMINE,INDETERMINE,INDETERMINE,False,2,2,MANUAL_FINAL,1,1,1,1,VOTE_CONSEIL,18-25,1,0,0,0,0,0,0,0,0,0,Profil non physique,MANUAL_USER_VALIDATION,USER_VALIDATED,1,VOTE_CONSEIL,16,2,1–3,0,0,0,0,0,1,2.0,14.0,2.0,1–3,1–5
KL01::jean-luc,KL01,KL KL01,2001,Jean-Luc,50.0,MALE,0.0,3.0,1,False,INDETERMINE,INDETERMINE,INDETERMINE,INDETERMINE,False,3,3,MANUAL_FINAL,1,1,1,1,VOTE_CONSEIL,42+,1,0,0,0,0,0,0,0,0,0,Profil non physique,MANUAL_USER_VALIDATION,USER_VALIDATED,1,VOTE_CONSEIL,16,3,1–3,0,0,0,0,0,1,3.0,14.0,3.0,1–3,1–5
KL01::gaël,KL01,KL KL01,2001,Gaël,18.0,FEMALE,0.0,4.0,1,False,INDETERMINE,INDETERMINE,INDETERMINE,INDETERMINE,False,4,4,MANUAL_FINAL,0,1,1,1,VOTE_CONSEIL,18-25,1,0,0,0,0,0,0,0,0,0,Profil non physique,MANUAL_USER_VALIDATION,USER_VALIDATED,1,VOTE_CONSEIL,16,4,4–6,0,0,0,0,0,1,4.0,14.0,4.0,4–6,1–5
KL01::harry,KL01,KL KL01,2001,Harry,44.0,MALE,0.0,5.0,1,False,INDETERMINE,INDETERMINE,INDETERMINE,INDETERMINE,False,5,5,MANUAL_FINAL,1,1,1,1,VOTE_CONSEIL,42+,1,0,0,0,0,0,0,0,0,0,Profil non physique,MANUAL_USER_VALIDATION,USER_VALIDATED,1,VOTE_CONSEIL,16,6,4–6,0,0,0,0,0,1,5.0,14.0,5.0,4–6,1–5
KL01::sandra,KL01,KL KL01,2001,Sandra,19.0,FEMALE,0.0,6.0,1,False,INDETERMINE,INDETERMINE,INDETERMINE,INDETERMINE,False,6,6,MANUAL_FINAL,0,1,1,1,VOTE_CONSEIL,18-25,1,0,0,0,0,0,0,0,0,0,Profil non physique,MANUAL_USER_VALIDATION,USER_VALIDATED,1,VOTE_CONSEIL,16,7,7–9,0,0,0,0,0,1,6.0,14.0,6.0,4–6,6–10
KL01::david,KL01,KL KL01,2001,David,24.0,MALE,0.0,7.0,1,False,INDETERMINE,INDETERMINE,INDETERMINE,INDETERMINE,False,7,7,MANUAL_FINAL,1,1,1,1,VOTE_CONSEIL,18-25,1,0,0,0,0,0,0,0,0,0,Profil non physique,MANUAL_USER_VALIDATION,USER_VALIDATED,1,VOTE_CONSEIL,16,8,7–9,0,0,0,0,0,1,7.0,14.0,7.0,7–9,6–10
KL01::stéphane,KL01,KL KL01,2001,Stéphane,24.0,MALE,0.0,8.0,1,False,INDETERMINE,INDETERMINE,INDETERMINE,INDETERMINE,False,8,8,MANUAL_FINAL,1,1,1,1,VOTE_CONSEIL,18-25,1,0,0,0,0,0,0,0,0,0,Profil non physique,MANUAL_USER_VALIDATION,USER_VALIDATED,1,VOTE_CONSEIL,16,9,7–9,0,0,0,0,0,1,8.0,14.0,8.0,7–9,6–10
KL01::géraldine drouhet,KL01,KL KL01,2001,Géraldine Drouhet,27.0,FEMALE,0.0,9.0,1,False,INDETERMINE,INDETERMINE,INDETERMINE,INDETERMINE,False,9,9,MANUAL_FINAL,0,1,1,1,VOTE_CONSEIL,26-33,1,0,0,0,0,0,0,0,0,0,Profil non physique,MANUAL_USER_VALIDATION,USER_VALIDATED,1,VOTE_CONSEIL,16,11,10–12,0,0,0,0,0,1,9.0,14.0,9.0,7–9,6–10
KL01::michèle,KL01,KL KL01,2001,Michèle,58.0,FEMALE,0.0,10.0,1,False,INDETERMINE,INDETERMINE,INDETERMINE,INDETERMINE,False,10,10,MANUAL_FINAL,0,1,1,1,VOTE_CONSEIL,42+,1,0,0,0,0,0,0,0,0,0,Profil non physique,MANUAL_USER_VALIDATION,USER_VALIDATED,1,VOTE_CONSEIL,16,12,10–12,0,0,0,0,0,1,10.0,14.0,10.0,10–12,6–10
KL01::william,KL01,KL KL01,2001,William,32.0,MALE,0.0,11.0,1,False,INDETERMINE,INDETERMINE,INDETERMINE,INDETERMINE,False,11,11,MANUAL_FINAL,1,1,1,1,VOTE_CONSEIL,26-33,1,0,0,0,0,0,0,0,0,0,Profil non physique,MANUAL_USER_VALIDATION,USER_VALIDATED,1,VOTE_CONSEIL,16,13,13–15,0,0,0,0,0,1,11.0,14.0,11.0,10–12,11–15
KL01::françoise,KL01,KL KL01,2001,Françoise,41.0,FEMALE,0.0,12.0,1,False,INDETERMINE,INDETERMINE,INDETERMINE,INDETERMINE,False,12,12,MANUAL_FINAL,0,1,1,1,VOTE_CONSEIL,34-41,1,0,0,0,0,0,0,0,0,0,Profil non physique,MANUAL_USER_VALIDATION,USER_VALIDATED,1,VOTE_CONSEIL,16,14,13–15,0,0,0,0,0,1,12.0,14.0,12.0,10–12,11–15
KL01::romain,KL01,KL KL01,2001,Romain,27.0,MALE,0.0,13.0,1,False,INDETERMINE,INDETERMINE,INDETERMINE,INDETERMINE,False,13,13,MANUAL_FINAL,1,1,1,1,ELIMINATION_CHALLENGE,26-33,0,0,0,0,1,0,0,0,0,0,Profil non physique,MANUAL_USER_VALIDATION,USER_VALIDATED,0,ELIMINATION_CHALLENGE,16,16,16–18,0,0,0,0,0,1,13.0,14.0,13.0,13–15,11–15
KL01::patricia,KL01,KL KL01,2001,Patricia,31.0,FEMALE,0.0,14.0,1,False,INDETERMINE,INDETERMINE,INDETERMINE,INDETERMINE,False,14,14,MANUAL_FINAL,0,1,1,1,ELIMINATION_CHALLENGE,26-33,0,0,0,0,1,0,0,0,0,0,Profil non physique,MANUAL_USER_VALIDATION,USER_VALIDATED,0,ELIMINATION_CHALLENGE,16,17,16–18,0,0,0,0,0,1,14.0,14.0,15.0,13–15,11–15
KL01::guénaëlle biras,KL01,KL KL01,2001,Guénaëlle Biras,25.0,FEMALE,0.0,15.0,1,False,FINALISTE,FINALISTE,FIN_DE_JEU,AUTRE_SORTIE,False,15,15,MANUAL_FINAL,0,1,1,1,JURY_FINAL_DECISION,18-25,0,0,0,0,0,1,0,0,0,0,Profil non physique,MANUAL_USER_VALIDATION,USER_VALIDATED,0,JURY_FINAL_DECISION,16,18,16–18,1,1,1,0,1,0,,14.0,,Phase finale atteinte,Phase finale atteinte
KL01::gilles nicolet,KL01,KL KL01,2001,Gilles Nicolet,35.0,MALE,0.0,16.0,0,True,VAINQUEUR,VAINQUEUR,FIN_DE_JEU,AUTRE_SORTIE,False,16,16,MANUAL_FINAL,1,1,1,1,CENSORED_WINNER,34-41,0,0,0,0,0,0,0,0,0,0,Profil non physique,MANUAL_USER_VALIDATION,USER_VALIDATED,0,CENSORED_WINNER,16,20,19–20,1,1,1,1,1,0,,14.0,,Phase finale atteinte,Phase finale atteinte
